lecture_id,content,flashcards
Cells 1,"THE FOUNDATIONS OF CELLULAR BIOLOGY AND HISTOLOGY
A Comprehensive Reference Guide for Preclinical Medicine
Based on Monash University School of Medicine Lecture Series (MED1100/1200)
1. Course Overview and Learning Framework
This informative article serves as a complete textbook-style reference compiled from the core medical preclinical lecture notes of Year 1 Medicine Semester 1 (Med 1100), specifically covering Theme 3: Scientific Basis of Medicine. This module establishes the structural, physiological, and biochemical foundations required for clinical practice. The material is presented under the framework authored by Dr. Chantal Hoppe from the Department of Anatomy & Developmental Biology at Monash University.
1.1 Core Block Learning Outcomes
At the conclusion of this block of learning, medical students are expected to have achieved a comprehensive mastery of the following objectives:
 Define a cell and systematically explain the fundamental ultrastructural and evolutionary differences between eukaryotic and prokaryotic cells.
 Explain the complex structural morphology and specialized physiological functions of a cell and the individual membrane-bound and non-membrane-bound organelles contained within it.
 Construct the molecular path of the central dogma of molecular biology, explaining precisely how genetic information encoded in DNA is transcribed into RNA and ultimately translated into functional protein products.
 Understand the distinct types of RNA (including mRNA, tRNA, and rRNA) and delineate the precise biochemical function of each within the cell.
 Describe the biophysical and enzymatic mechanisms underlying DNA replication to ensure genetic continuity.
 Differentiate proteins and enzymes based on their structural, regulatory, and functional characteristics.
 Explain cellular fuels, metabolic substrates, and the core bioenergetic processes that drive cellular operations.
1.2 Cells I Specific Competencies
Specifically, the Cells I lecture delineates five primary technical outcomes. Learners must be capable of describing eukaryotic features and the nucleus, explaining the features and functions of major cellular organelles, identifying structural elements of biological membranes, describing the components of the cytoskeleton, and identifying these structures across light microscopy and electron microscopy modalities.
2. Modern Cell Theory and Evolutionary Classification
2.1 The Tenets of Modern Cell Theory
All life forms, from single-celled protozoa to complex multicellular human organisms, are intrinsically composed of one or more cells. Cell theory serves as the structural bedrock of biological sciences, established upon three unyielding historical tenets:
First Tenet:  All living entities are composed of one or more cells.
Second Tenet:  The cell is the basic and absolute unit of life—it represents the simplest, most elementary collection of matter that can be considered a living entity possessing the characteristics of vitality.
Third Tenet:  All cells arise exclusively from pre-existing cells through specialized mechanisms of cellular division, ensuring the unbroken lineage of genetic transmission.
An illustrative example of a free-living, single-celled eukaryotic organism is the Paramecium, which thrives in pond water. Measuring approximately 40 μm in length, this single cell executes all vital processes—including locomotion, metabolic processing, osmotic regulation, and reproduction—independently, exemplifying how a single collection of matter fulfills the criteria of alive entity.
2.2 Pathological Dimensions: Diseases Caused by Cells
In medical practice, the study of the cell is closely linked to infectious disease and human pathology. Clinical symptoms such as high fever and severe chills are often driven directly by cellular interactions. For instance, malaria is caused by the Plasmodium parasite (specifically organisms like Plasmodium vivax and Plasmodium falciparum), which are protists—microscopic, single-celled eukaryotic organisms. Transmitted via the bite of infected Anopheles mosquitoes, the Plasmodium parasite invades host erythrocytes (red blood cells), replicating inside them and causing cyclic cell lysis. Other pathogenic single-celled eukaryotes include the Amoeba and Trypanosoma brucei (the causative agent of African sleeping sickness). Furthermore, single-celled parasites are frequently transmitted to humans through the ingestion of contaminated water or food, highlighting the public health imperative of understanding cell biology.
2.3 Structural Profile of a Prokaryotic Cell
Prokaryotic organisms encompass two primary evolutionary domains: Bacteria and Archaea. Although the general structural architecture between these two domains is superficially similar, Archaea represent an ancient lineage capable of surviving extreme environments, while Bacteria are incredibly diverse and demonstrate rapid evolutionary adaptation. Bacteria possess an exceptional capacity to adapt quickly to environmental stress and can metabolize an astonishing array of substrates, including carbon, nitrogen, sulfur, and even certain metals.
Prokaryotic cells are structurally distinct from eukaryotes because they lack a true membrane-bound nucleus and completely lack any other internal membrane-enclosed organelles. A thin cross-section through a typical rod-shaped bacterium, such as Corynebacterium diphtheriae (the causative agent of diphtheria), viewed under a colorized Transmission Electron Microscope (TEM) at a scale of 0.5 μm, reveals a tightly compartmentalized yet non-membranous internal structure consisting of the following key anatomical features:
Cell Wall:  Rigid structural layers situated outside the plasma membrane that protect the cell from osmotic lysis and provide shape.
Glycocalyx:  An outer coating present in many prokaryotes that consists of a well-defined polysaccharide capsule or a diffuse slime layer, functioning in protection and host cell adherence.
Fimbriae:  Hair-like attachment structures projecting from the bacterial surface that facilitate adhesion to substrates or host tissues; these structures are notably too small to be visible on conventional TEM.
Flagella:  Long, whip-like surface appendages that act as locomotion organelles, driving bacterial motility through rotational force.
Plasma Membrane:  The selective phospholipid bilayer enclosing the bacterial cytoplasm, regulating molecular trafficking.
Nucleoid:  The specialized, non-membrane-enclosed region within the cytoplasm where the single, circular bacterial chromosome (DNA) is physically located.
Ribosomes:  Macromolecular complexes distributed throughout the cytoplasm responsible for synthesizing bacterial proteins.
3. Eukaryotic Cell Geometry, Scale, and Tissue Organization
3.1 Biophysical Principles of Cell Scale and Geometry
A fundamental physiological question arises regarding the scaling of biological life: Do larger organisms possess larger cells? The clear answer is negative. Larger organisms do not generally possess larger cells than smaller organisms; instead, they simply possess a vastly greater quantity of cells. This phenomenon is strictly governed by the geometric relationship between a cell's surface area and its total volume.
Cellular metabolic processes are fundamentally membrane-based or surface-based. The plasma membrane must accommodate the intake of vital nutrients, oxygen, and metabolic substrates, while simultaneously expelling carbon dioxide and toxic nitrogenous waste products. As a sphere or box increases in size, its volume increases cubically (proportional to x³), whereas its surface area only increases squared (proportional to x²). Consequently, as a cell grows larger, its surface-area-to-volume (S-to-V) ratio drastically drops, creating a severe bottleneck for diffusion and molecular transport.
Consider a mathematical model using arbitrary units of length where cells are represented as cubical boxes:
Single Small Cell (1 x 1 x 1):  Total Surface Area = 6 units²; Total Volume = 1 unit³; Surface-to-Volume Ratio = 6.0. Diffusion distances are minimal, and transport across the membrane easily satisfies the metabolic demands of the internal volume.
Single Large Cell (5 x 5 x 5):  Total Surface Area = 150 units²; Total Volume = 125 units³; Surface-to-Volume Ratio = 1.2. The S-to-V ratio has dropped five-fold, which severely slows the rate of nutrient delivery and waste clearance relative to the massive internal volume.
Divided Micro-Cells (125 small cells clustered into a 5 x 5 x 5 volume):  Total Surface Area = 750 units²; Total Volume = 125 units³; Surface-to-Volume Ratio = 6.0. By subdividing the large volume into 125 individual small cells, the organism maintains the large total volume while restoring the highly efficient S-to-V ratio of 6.0.
This simple example of cell geometry demonstrates why a high surface-to-volume ratio is physiologically mandatory to facilitate the rapid exchange of materials between a cell and its immediate extracellular environment.
3.2 Human Cellular Dimensions and Resolution Limits
The average human cell measures approximately 20 μm or less in diameter, making them entirely invisible to the unaided eye. For perspective, a human erythrocyte (red blood cell) is exceptionally small, measuring roughly 7 μm in diameter. The absolute largest human cells are mature oocytes (egg cells) and megakaryocytes (the bone marrow cells responsible for shedding blood platelets), both reaching up to 80 μm in diameter. In contrast, the macro-environmental ovulatory follicle measures 20 mm. The human eye has a physical resolution limit capable of resolving two separate points only if they are separated by at least 200 μm (where 1 mm = 1000 μm). Because the vast majority of human cells fall well below this 200 μm threshold, advanced microscopy—specifically light microscopy and electron microscopy—is required for their visualization and study.
3.3 The Extracellular Matrix and Tissue Histology
Cells do not exist in isolation; they are embedded within a precise environment known as the extracellular matrix (ECM), which is structurally non-living. For example, circulating blood cells are suspended in a highly specialized fluid matrix called plasma. In dense connective structures such as tendons and ligaments, the tissue consists of relatively few living cells interspersed within a dense, organized network of extracellular protein fibers that grant high tensile strength.
The molecular composition and structure of the animal cell ECM is a sophisticated network containing three primary molecules: collagen, fibronectin, and proteoglycans. Long collagen fibers are embedded in a dense web of proteoglycan complexes. An individual proteoglycan molecule consists of a central core protein decorated with numerous covalently attached carbohydrate chains. Hundreds of these proteoglycan molecules attach noncovalently to a single, immensely long polysaccharide molecule to form a sprawling proteoglycan complex. The ECM is physically coupled to the cell's internal machinery via fibronectin glycoproteins, which attach the ECM components directly to integrins—specialized transmembrane receptor proteins composed of two distinct subunits embedded in the plasma membrane. On the intracellular face, integrins bind to associated anchor proteins attached to actin microfilaments of the cytoskeleton. This structural linkage allows the direct transmission of physical and biochemical signals between the cell's external environment and its interior, inducing rapid modifications in cell behavior and gene expression.
In medical science, the study of these cellular arrangements is known as Histology, derived from the Greek terms 'histo' (meaning web or tissue) and 'logos' (meaning study). Histology is essentially micro-anatomy—the structural study of body tissues and how they combine to form complex organs. Most human organs are constructed via an orderly combination of four recognized fundamental tissue types:
1. Epithelial Tissue:  Sheets of tightly packed cells that line internal cavities, cover external surfaces, and form secretory glands.
2. Connective Tissue:  A highly diverse tissue class characterized by abundant extracellular matrix and sparse cells, providing structural support, physical protection, and metabolic integration (e.g., bone, cartilage, blood, adipose).
3. Muscular Tissue:  Specialized contractile tissues composed of elongated cells designed for force generation and movement (subdivided into skeletal, cardiac, and smooth muscle).
4. Nervous Tissue:  Interconnected cellular networks composed of neurons and supporting glial cells designed for rapid electrochemical signal transmission throughout the nervous system.
4. Internal Architecture of the Eukaryotic Cell
Eukaryotic cells are defined by a complex internal compartmentalization. The space bounded by the plasma membrane is occupied by the cytoplasm, which is systematically divided into three integrated components: the cytosol, the organelles, and the cytoskeleton. The cytosol is the structurally undifferentiated, fluid-like cell matrix, also described as the 'gel of cytoplasm'. It is a crowded, watery environment packed with small ions, metabolic intermediates, and large macromolecules. Distinct from organelles are cellular inclusions, which are metabolically inactive accumulations of metabolites or cell products, such as stored carbohydrates (glycogen granules), proteins, lipid droplets, crystalline structures, or pigment deposits (e.g., melanin). Inclusions may or may not possess a limiting membrane. Eukaryotic organelles, conversely, are highly specialized, metabolically active structures that perform distinct physiological roles.
4.1 The Nucleus: The Genomic Control Center
The nucleus represents the structural hallmark of the eukaryotic cell. While most human cells possess a single nucleus, there is clinical variation: annuclear cells completely lack a nucleus (such as mature erythrocytes, a feature that maximizes space for hemoglobin but prevents cellular repair), while polynuclear cells contain multiple nuclei (such as skeletal muscle cells and osteoclasts, which allows for coordinated protein production over large volumes). The structural architecture of the nucleus includes:
Nuclear Envelope:  A double-membrane barrier composed of an outer and an inner phospholipid bilayer. It is perforated by complex nuclear pores that regulate macromolecular trafficking and is continuous with the membrane of the endoplasmic reticulum.
Chromatin:  The complex of genomic DNA bound to histone and non-histone proteins. Under light microscopy, it appears as dispersed, transcriptionally active euchromatin or highly condensed, transcriptionally silent heterochromatin.
Nucleolus:  A prominent, non-membrane-bound sub-nuclear structure located inside the nucleus that acts as the site for ribosomal RNA (rRNA) synthesis and ribosome assembly.
Nuclear Lamina:  A dense, fibrillar protein meshwork lining the inner surface of the nuclear envelope that provides structural support and anchors chromatin.
Nuclear Matrix:  The internal insoluble fibrillar network that organizes the spatial distribution of chromosomes and transcription machinery.
The core evolutionary advantage of possessing a nucleus is the strict spatial and temporal separation of transcription from translation. This containment protects the genome, allows for sophisticated post-transcriptional RNA modification, permits controlled cellular division, and increases protein production. Notably, the nuclei within living cells are not static; they actively move around and alter their spatial positioning using forces generated by cytoskeletal elements, specifically microtubules and actin microfilaments.
4.2 Organelle Profile: The Endomembrane System and Metabolic Core
The functional division of labor within the eukaryotic cell is executed by distinct organelles. Their structural features and clinical relevance are outlined below.
4.2.1 The Mitochondrion: The Bioenergetic Powerhouse
The mitochondrion is a highly dynamic organelle present in all eukaryotic cells. Its primary physiological function is to transfer chemical energy trapped within metabolic substrates into adenosine triphosphate (ATP), the primary energy currency accessible to the cell. Mitochondria possess an evolutionary origin derived from an ancient aerobic bacterium that entered an ancestral eukaryote via a process known as endosymbiosis. Mirroring their bacterial heritage, mitochondria possess distinct structural features:
Double-Membrane Architecture:  Mitochondria are bounded by two complete lipid bilayers: a smooth outer membrane and an inner membrane folded into numerous shelf-like ridges called cristae, which maximize the surface area for the electron transport chain. The cristae enclose the central fluid matrix.
Independent Genome:  Mitochondria contain their own independent, circular genome (the mito-genome). This small mitochondrial genome allows for the highly efficient, coordinated, and localized synthesis of 13 essential proteins of the respiratory chain. Consequently, humans possess two distinct genomes (nuclear and mitochondrial). Mitochondrial DNA is exclusively maternally inherited.
Mitochondria are exceptionally dynamic; they constantly divide, fuse, travel along cytoskeletal tracks, and communicate with other organelles. They physically accumulate in immense numbers at specific intracellular sites where metabolic activity is most intense, providing immediate ATP for osmotic, mechanical, electrical, or chemical work. Key clinical examples include the base of flagella in the middle piece of spermatozoa to drive motility, immediately beneath the apical cilia of respiratory epithelial cells, and at the basolateral membrane of ion-transporting renal tubular cells to power active transport pumps. Given their role in bioenergetics, mitochondrial dysfunction is linked to a spectrum of human diseases, including Parkinson's disease, Type 2 diabetes, autism, cardiovascular disease, malignant cancer, and the physiological process of systemic ageing. It is referred to as the 'notorious masquerader' in clinical medicine due to its highly variable, multi-system clinical presentations. (Note: In popular culture, such as Star Wars, these are sometimes conflated with 'midi-chlorians'; however, medical instructors explicitly state that mitochondria must never be confused with fictional concepts).
4.2.2 Ribosomes: The Protein Translation Micro-Machines
Ribosomes are small particles measuring approximately 20 x 30 nm, composed of ribosomal RNA (rRNA) and nearly 80 distinct proteins. Because they lack a limiting lipid membrane, they are technically classified as non-membrane-bound macromolecular complexes rather than true organelles. Ribosomes function as micro-machines responsible for translating mRNA transcripts into functional polypeptides. A single mammalian cell can contain up to 10 million ribosomes. Ribosomes are manufactured within the nucleolus and enter the cytoplasm, where they exist in two states: they can float 'free' within the cytosol or become bound directly to the endoplasmic reticulum. Individual ribosomes are frequently held together in a linear strand by a single molecule of messenger RNA (mRNA), which conveys genetic instructions from the nucleus; this arrangement is called a free polyribosome. Proteins destined to remain within the cytosol or for use within the cell are synthesized on free polyribosomes, whereas proteins destined for membrane insertion, lysosomal packaging, or extracellular secretion are translated on membrane-bound ribosomes.
4.2.3 Rough Endoplasmic Reticulum (RER)
The Rough Endoplasmic Reticulum (RER) consists of a complex network of interconnected membranous tubules and flattened sacs termed cisternae. It is bounded by a single membrane that is physically continuous with the outer membrane of the nuclear envelope. The cytosolic surface of the RER membrane is studded with ribosomes, granting it its characteristic 'rough' appearance under electron microscopy. The primary function of the RER is the synthesis, initial folding, and core glycosylation of proteins destined for extracellular secretion, lysosomal enzymatic breakdown, or integration into the plasma membrane. Translated proteins are translocated into the RER lumen and subsequently transported via vesicles to the Golgi apparatus. The RER is highly developed and abundant in cells specialized for high-volume protein secretion, such as pancreatic acinar cells (which secrete digestive enzymes into the small intestine) and fibroblasts (which secrete collagen and components of the extracellular matrix).
4.2.4 Smooth Endoplasmic Reticulum (SER)
The Smooth Endoplasmic Reticulum (SER) is structurally continuous with the RER but displays a distinct three-dimensional network of branching membranous tubules that lack associated ribosomes. The SER contains specialized membrane-bound enzymes that participate in several metabolic pathways:
Lipid and Steroid Synthesis:  Synthesis of lipids, including structural phospholipids, oils, and hydrophobic steroid hormones.
Detoxification:  Direct detoxification of endogenous hormones and exogenous drugs or toxins. In hepatocytes (liver cells), the SER is exceptionally abundant and contains cytochrome P450 enzymes responsible for oxidation, conjugation, and methylation pathways designed to neutralize noxious substances.
Carbohydrate Metabolism:  Carbohydrate metabolism, specifically harboring the enzyme glucose-6-phosphatase to catalyze the final breakdown of glycogen into free glucose.
Calcium Ion Storage:  Sequestration and storage of intracellular calcium ions. In muscular tissue, the SER is highly modified and specialized as the sarcoplasmic reticulum, which sequesters calcium ions via active transport pumps and releases them into the sarcoplasm upon depolarization, triggering muscle contraction.
The SER is highly prominent in the interstitial Leydig cells of the testes and granulosa cells of the ovaries (steroid hormone production), the cortical cells of the adrenal glands, and hepatocytes of the liver.
4.2.5 The Golgi Apparatus: The Cellular Post Office
The Golgi apparatus operates as the core receiving, sorting, processing, and shipping center of the cell, functioning like a post office for manufactured proteins. Structurally, it consists of several flattened, membrane-bound cisternae stacked in a parallel array. The Golgi stack possesses a distinct structural and biochemical polarity, exhibiting a convex cis-face (the receiving side oriented toward the RER) and a concave trans-face (the shipping side oriented toward the plasma membrane). Secretory products synthesized within the RER arrive at the cis-Golgi via transport vesicles. As these products migrate through the parallel cisternae, they are exposed to localized enzymes that concentrate them, chemically modify them (such as trimming and elongating carbohydrate side chains), and sort them based on molecular destination tags. The trans-Golgi network sorts and packages these refined products into specialized transport or secretory vesicles.
4.2.6 Lysosomes: The Intracytoplasmic Digestive System
Lysosomes are single-membrane-bound sacs filled with a mixture of potent hydrolytic enzymes. The structural proteins and hydrolytic enzymes of the lysosome are originally synthesized in the RER, tagged with a mannose-6-phosphate signal, and systematically packaged within the Golgi apparatus. Lysosomes maintain an acidic internal pH and house a diverse range of hydrolytic enzymes, including acid phosphatases, proteases, ribonucleases, and lipases. Their primary function is intracytoplasmic digestion, which includes breaking down macromolecules imported via endocytosis, degrading phagocytosed foreign pathogens, and recycling worn-out cellular organelles (autophagy). Following enzymatic breakdown, useful nutrients diffuse out of the lysosome into the cytosol for metabolic reuse, while indigestible debris remains locked within the membrane, forming a structures known as a residual body. Lysosomes are highly abundant in phagocytic immune cells, such as macrophages and neutrophils. Under electron microscopy, they appear intensely dark because the heavy metal stains react strongly with the dense mixture of internal digestive products.
The clinical significance of this organelle is demonstrated by Lysosomal Storage Diseases. These hereditary pathologies occur when a gene mutation causes a specific lysosomal enzyme to be absent or inactive. Consequently, the specific substrate intended for degradation (such as glycogen, cerebrosides, gangliosides, sphingomyelin, or glycosaminoglycans) cannot be digested. These undegraded substances accumulate inside the cell's lysosomes, swelling the organelle and progressively interfering with normal cellular and tissue functions, often presenting with severe neurological and systemic manifestations.
4.2.7 Secretory Vesicles and Granules
Secretory vesicles or granules are specialized membrane-bound spheres measuring between 0.2 and 2 μm in diameter. They are found in high concentrations within cells specialized for regulated exocytosis, which store synthesized products until an extracellular signal triggers their release. Budding from the trans-Golgi network, these vesicles gradually concentrate their internal protein cargo, reaching concentrations up to 200 times that found within the RER lumen. Secretory vesicles loaded with inactive digestive enzymes are termed zymogen granules. The stored products are often pro-enzymes (zymogens) that remain completely inactive while inside the vesicle to prevent autolysis; they become catalytically active only after they are discharged into the extracellular space.
5. Technical Revision and Educational Resources
5.1 Self-Assessment Framework
To reinforce the clinical concepts covered in this guide, evaluate the following true or false statements derived from the lecture topics:
1. Humans are prokaryotes.  False. Humans are multicellular eukaryotic organisms; their cells contain a membrane-bound nucleus and advanced internal compartmentalization.
2. All bacteria cause disease.  False. The vast majority of bacteria are harmless or beneficial to ecosystems; only a specific subset of pathogenic bacteria cause clinical disease.
3. Eukaryotes contain a nucleus.  True. The presence of a true membrane-bound nucleus containing the genomic DNA is the defining evolutionary feature of all eukaryotic cells.
4. Prokaryotes are structurally simple.  True. Compared to eukaryotes, prokaryotes lack internal membrane-bound organelles and a nuclear envelope, exhibiting a much simpler micro-anatomy.
5. Prokaryotes are biochemically simple.  False. Prokaryotes are highly sophisticated biochemically, possessing the enzymatic capacity to metabolize diverse substrates including sulfur, nitrogen, and metals.
6. Extracellular matrix is generally living tissue.  False. The extracellular matrix is a non-living structural network consisting of secreted proteins and polysaccharides (e.g., collagen, proteoglycans).
7. Smooth endoplasmic reticulum has no polyribosomes.  True. The smooth endoplasmic reticulum lacks ribosomes and therefore cannot bind polyribosomes, which require RER membrane docking proteins.
8. In RER, the cisternae are more tubular and form variable shapes compared to the SER.  False. The cisternae of the RER form parallel, flattened sacs, whereas the SER forms a looping, three-dimensional network of distinct membranous tubules.
9. Smooth endoplasmic reticulum is continuous with the rough endoplasmic reticulum.  True. The membrane of the smooth endoplasmic reticulum is physically continuous with the rough endoplasmic reticulum.
10. Smooth endoplasmic reticulum is abundant in cells specialized for steroid synthesis.  True. The SER contains specialized enzymes required to convert lipid precursors into steroid hormones, making it abundant in cells of the testes, ovaries, and adrenal cortex.
5.2 Recommended Curricular Resources
For ongoing study of medical histology over the preclinical years, students should utilize the primary online textbook resource: Histology-Online, authored by Dr. Geoff Meyer. Monash Medical students can register for free access at https://histology-online.com using their official university credentials by applying the institutional coupon code: KQPNZBPW. Independent study should focus on 'the cell' using this manual and associated practical laboratory guidelines as a reference map.",
Cells 2,"Advanced Cellular Biology and Histology: Lecture Comprehensive Guide
Monash School of Medicine | MED1100 Preclinical Overview
1. Block Learning Outcomes & Scope
This comprehensive educational document compiles and extends the core curricular concepts from the Monash School of Medicine preclinical lecture series (MED1100 Theme 3: Scientific Basis of Medicine). At the conclusion of this foundational cell biology and medical histology block, learners are expected to demonstrate comprehensive mastery over the following domains:
Differentiate fundamentally between prokaryotic and eukaryotic cellular architecture.
Detail the molecular structure, composition, and functional characteristics of the plasma membrane, incorporating the principles of asymmetry and fluid dynamics.
Elucidate the ultrastructure and metabolic roles of primary eukaryotic organelles (mitochondria, ribosomes, RER, SER, Golgi apparatus, lysosomes, and secretory vesicles).
Analyze the structural components of the cytoskeleton—microtubules, microfilaments (actin/myosin), and intermediate filaments—and map their configurations to specialized projections such as cilia, flagella, and microvilli.
Construct the pathways of the Central Dogma, detailing how DNA replicates and encodes functional proteins and enzymes.
Integrate the divisions of anatomical science with developmental biology (embryological germ layers) and microscopic anatomy (the four primary tissue types).
2. The Plasma Membrane: The Molecular Interface of Cellular Life
The plasma membrane serves as the critical interface between life and non-life, establishing a highly regulated physical boundary that segregates the internal metabolically active cytoplasm from the unpredictable extracellular environment. Functioning conceptually as a cellular security guard, it coordinates permeability, metabolic compartmentalization, and information transduction.
2.1 Biochemical Composition
The structural and functional matrix of the biological membrane is constituted by three main biomolecules:
Lipids (~50% of total membrane mass): The basic structural framework is organized as a amphipathic lipid bilayer. Phospholipids consist of polar, hydrophilic heads oriented toward the aqueous environments (both extracellular and intracellular) and nonpolar, hydrophobic fatty acid tails sequestered within the membrane core. This arrangement creates a highly effective, selectively impermeable barrier preventing the unregulated passage of water-soluble molecules. Interspersed within this lipid matrix is cholesterol, a critical sterol molecule that inserts between fatty acid chains to modulate membrane fluidity and provide requisite structural rigidity.
Proteins (~50% of total membrane mass): Membrane proteins are the primary functional workforce. Transmembrane (or integral) proteins fully span the hydrophobic core, exhibiting distinct intracellular, transmembrane, and extracellular domains. These molecules function as highly specific transport channels/pumps, membrane-bound enzymes, physical links anchoring the extracellular matrix to the internal cytoskeleton, and receptors for cellular signal detection and transduction.
Carbohydrates (2% to 10% of total membrane mass): Carbohydrate moieties exist bound covalently to either lipids (glycolipids) or proteins (glycoproteins). Crucially, these sugar groups are located exclusively on the outer leaflet of the plasma membrane, projecting into the extracellular space. They form a dense surface coat that plays a paramount role in cell-cell recognition, immune tissue targeting, and cell-matrix interactions.
2.2 Key Operational Features of Biological Membranes
Biological membranes are defined by two intrinsic physical principles:
Structural Asymmetry: The lipid, protein, and carbohydrate compositions of the inner and outer monolayers differ drastically. This directly reflects their asymmetrical functional requirements; for instance, carbohydrate recognition chains are exclusively external, while specific signaling lipids are sequestered internally.
Dynamic Fluidity: The membrane is a fluid, non-static mosaic. Most constituent lipids and proteins can move laterally, migrating up to 10 µm per minute within their own monolayer. Conversely, transverse movement between monolayers ('flip-flop') is energetically unfavorable and exceptionally rare without specific enzymatic catalysis (flippases). This lateral mobility is highly organized and tightly controlled by the cell to localize or immobilize proteins within specialized functional domains.
3. Cytoplasmic Compartmentalization and the Cytoskeleton
The internal environment of the eukaryotic cell is divided into distinct zones. The cytoplasm includes everything within the plasma membrane boundary excluding the nucleus. It is divided morphologically into:
Ectoplasm: A thin, gelatinous layer located immediately beneath the plasma membrane. It is metabolically less active and heavily enriched with microfilaments to mechanically reinforce the cell boundary and support cellular projections.
Endoplasm: The central, highly fluid, and metabolically active core containing primary organelles and cytoplasmic inclusions.
Cytosol (Hyaloplasm): The pure liquid component of the cytoplasm remaining when all organelles and structural elements are excluded.
3.1 The Cytoskeletal Network
Woven thoroughly through the cytosol is the cytoskeleton, an intricate network of specialized fibers critical for shape maintenance, organelle transport, cell contraction, and division. It is comprised of three highly specialized polymeric components:
3.2 Specialized Structural Configurations and Examples
The cytoskeletal elements organize into distinct anatomical mechanisms:
Cilia and Flagella: Hair-like, membrane-covered projections utilizing a characteristic '9+2' axoneme arrangement of microtubule doublets. Motile cilia line coordinate surfaces like the trachea (sweeping mucus) and fallopian tubes (transporting oocytes). Non-motile primary cilia exist on almost all other human cells to function as chemosensors. Flagella share the axonemal structure but are elongated, solitary structures optimized for driving spermatozoa motility.
Centrioles and Mitotic Spindles: Centrioles exist in pairs positioned at right angles to one another at each cellular pole within the centrosome. They are composed of nine microtubule triplets arranged in a pinwheel configuration. Centrioles coordinate the assembly/disassembly of microtubules to organize the mitotic spindle, which segregates chromosomes during division, before depolymerizing post-mitosis.
Microvilli: Unlike cilia, microvilli are completely non-motile, finger-like extensions of the cell surface that contain an internal core of bundled actin microfilaments anchored to intermediate filaments. Their primary function is to vastly expand cell surface area to maximize nutrient reabsorption, localized prominently in the proximal convoluted tubules of the kidneys and the mucosal lining of the small intestine.
4. Structural Integration: Anatomy, Embryological Germ Layers, and Tissues
Anatomy is the comprehensive study of the structure of the human body and the physical relationships among its parts. Medical structural training integrates multiple overlapping subdivisions:
Topographical Anatomy (Macroscopic): The study of structures accessible via gross dissection without magnification.
Microscopic Anatomy (Histology): The study of tissues sectioned into exceptionally thin transparent slices, stained chemically, and examined via light or electron microscopy.
Developmental Anatomy (Embryology): The study of structural changes and development from a fertilized embryo through gestation.
4.1 Early Embryological Differentiation: Germ Layer Derivatives
During early development, the embryo segregates into three primary embryonic germ layers, each programmed to give rise to highly specific physiological structures:
Ectoderm Derivatives: Forms the surface layer of skin (epidermis), neural structures including nerve cells, peripheral nerve fibers, and the entire central nervous system (brain and spinal cord).
Mesoderm Derivatives: Forms the deeper dermis of the skin, skeletal/smooth/cardiac muscle, connective tissue structures (tendons, ligaments, bone, cartilage), vascular networks (vessels, capillaries), solid viscera (e.g., kidneys), and the supportive fibrous sheaths surrounding nerve tracks.
Endoderm Derivatives: Establishes the internal epithelial surface lining of the gastrointestinal gut and the entire respiratory tract.
4.2 The Four Primary Histological Tissue Types
Microscopic anatomy reveals that despite organic complexity, the human body is organized into exactly four fundamental primary tissue types:
Epithelial Tissue: Composed of closely packed sheets of cells with minimal extracellular matrix. Epithelia form the surface lining of the skin (epidermis), the protective mucosa lining hollow internal viscera (e.g., stomach, bladder), and the functional cellular parenchyma of solid secretory viscera.
Connective Tissue: Characterized by cells widely separated by an abundant extracellular matrix composed of ground substance and structural protein fibers. Examples include the dermis, adipose fat layers, muscle sheaths, tendons, structural bone, cartilage, ligaments, vascular walls, deep fascia, structural septa, and the fibrous nerve outer sheaths.
Muscular Tissue: Highly cellular tissue specialized for active contraction and movement. It is divided into elongated skeletal muscle fibers, smooth muscle walls forming structural coats around hollow organs/vessels, and intrinsic branched cardiac muscle.
Nervous Tissue: Composed of highly excitable nerve cells (neurons) optimized for rapid signal conduction and supportive glial cells (astrocytes, microglia). It forms the brain, spinal cord, and all peripheral nerve complexes throughout the body.
MICROSCOPY NOTE: The plasma membrane is remarkably thin, measuring approximately 7.5 to 10 nm in thickness. Because this is well below the resolution limit of standard light microscopy, the membrane itself cannot be seen directly with a light microscope; it appears only as a defining boundary line where contrasting cellular compartments meet. Definitively resolving the characteristic trilaminar structure requires high-magnification electron microscopy.
Component
Structure & Subunits
Diameter
Primary Functions
Microtubules
Hollow, rigid cylinders composed of α-tubulin and β-tubulin heterodimers arranged in a spiral ring of 13 subunits.
25 nm (with 15 nm lumen)
Cell shape (compression resistance); intracellular transport tracks for vesicles/organelles; formation of mitotic spindle during cell division; structural core of motile cilia and flagella.
Microfilaments (Actin)
Solid, highly flexible fibers structured as a double helix of globular G-actin monomers.
7 nm
Cell motility and migration; endocytosis, exocytosis; structural support of the cell periphery (ectoplasm); microvilli reinforcement; formation of the contractile cleavage furrow in cytokinesis.
Intermediate Filaments
Tough, durable fibrous proteins coiled tightly into rope-like cables (e.g., keratins, vimentin, desmin).
8 – 12 nm
Mechanical strength and tension-bearing element; anchorage of the nucleus and primary organelles; formation of the protective nuclear lamina lining the inner nuclear envelope.",
Cell cycle,"The Lifecycle of the Cell:
An Advanced Reference Article on Proliferation, Regulation, and Death
Monash School of Medicine | MED1100/1200 Cell Basics
Anatomy, Biochemistry, and Developmental Biology Curriculum
Prepared by: Medical Instructional Faculty
Introduction: The Cellular Foundation of Modern Medicine
The core tenet of modern pathology and biology centers upon cell theory: the structural and functional baseline of all living systems. As Rudolf Virchow established centuries after Robert Hooke first identified cork cells under a basic microscope, 'Omnis cellula e cellula'—all living organisms comprise cells, and the only path to cellular generation is the division of pre-existing lineages. Understanding the mechanisms governing cell proliferation and cell death is crucial to mastering tissue regeneration, embryogenesis, immunologic orchestration, and oncogenesis.
Permanent versus Renewable Tissue Systems
Human somatic architecture is broadly categorized into dynamic renewable environments and static permanent structures. In healthy individuals, the rate of physiological cell replacement or functional execution presents striking diversity across physiological regions:
▪  Bone marrow produces millions of active lineages every single second to preserve circulatory cellular populations.
▪  Skin epithelial strata undergo complete structural replacement every 4 weeks.
▪  Gastrointestinal epithelial linings undergo total turnover in a tight 4-to-5-day lifecycle.
▪  Blood vessel wall components fully renew within days.
▪  Hepatic cell populations demonstrate slow maintenance, replacing their mass roughly once per year.
▪  Uterine smooth muscle cells possess immense hyperplastic capacity, multiplying enormously to support gestation.
▪  Germ cells divide continuously to maintain steady spermatogenesis.
▪  Conversely, permanent structures like myocardial tissue and adult neurons are functionally irreplaceable, lacking standard renewal pathways under normal physiological states.
Part I: The Mitotic Cell Cycle — Mechanics and Driver Transitions
The primary objective of the mitotic cell cycle is to preserve structural and functional continuity, yielding two genetically identical daughter cells from a single parent cell. To accomplish this, the cell must seamlessly orchestrate two parallel tasks: content duplication (DNA replication, chromosomal organization, and cell mass doubling) followed by physics-driven division (equal genome distribution and cytoplasmic division) so that daughter cell size does not diminish sequentially across generations.
Temporal Scales and Major Sub-Phases
The duration of a complete cell cycle is highly organism-dependent. Rapidly growing bacteria (e.g., E. coli) can complete a loop in as little as 20 minutes; single-celled yeast cells require approximately 90 to 120 minutes; and mammalian somatic cells demand a minimum of 24 hours to proceed through the sequential phases:
1. Interphase: The Preparatory and Synthetic Framework
Interphase encompasses the absolute majority of a cell's life span, maintaining a state where chromosomes remain decondensed and transcriptionally active. It is split into three standard compartments:
▪  Gap 1 (G1) Phase: Typically the longest phase of the lifecycle, wherein cells execute normal physiological workflows, alongside active protein and organelle synthesis that doubles total cell size. Rapidly dividing embryonic cells may reduce G1 down to mere minutes. Conversely, non-dividing terminal lineages (such as mature nerve cells) leave the active cycle entirely to assume a quiescent, long-term functional state designated as G0.
▪  Synthesis (S) Phase: The precise window where genomic DNA replicates to produce two identical sister chromatid strands, which are wrapped around eukaryotic histones and held together firmly at the centromere. Replication initiates at a multitude of coordinate locations termed origins of replication. Crucially, high-fidelity checking and repair networks run concurrently to avoid propagating mutations.
▪  Gap 2 (G2) Phase: The brief second checkpoint gap where cells synthesize specific components, enzymes, and structural elements needed for successful mitotic spindle orchestration and survival of both prospective daughter cells.
2. Mitosis (M Phase): Morphological Execution of Nuclear Division
Following the 4N genome duplication achieved in S phase, the cell transitions into mitosis, an exquisite physical choreography structured across five tightly defined steps:
▪  Early Prophase: Chromatin undergoes marked structural condensation to form distinct, microscopy-visible chromosomes. Each visible chromosome consists of two sister chromatid strands attached at the centromere.
▪  Late Prophase: The nuclear envelope and internal nucleoli completely break down and disappear. In the cytoplasm, the mitotic spindle apparatus forms to provide the functional scaffolding that will guide separation.
▪  Metaphase: The spindle apparatus grows and achieves physical attachments to chromosomes at their centromeres. Chromosomes align precisely at the equatorial midline (metaphase plate) between polar centers, reaching their maximum condensed structural state. Clinically, metaphase provides the ideal window for diagnostics; karyotype mapping using Giemsa staining permits visual chromosome classification and allows specialists to pinpoint major architectural defects, deletions, or abnormalities (e.g., the complex karyotypic rearrangements typical of human breast cancers).
▪  Anaphase: The unifying centromeres break apart, transforming sister chromatids into independent sister chromosomes. The spindle fibers shorten, drawing the sister chromosomes toward opposite poles of the cell, while the poles themselves are pushed apart as the structural envelope elongates. This results in the flawless distribution of a complete diploid complement of genetic information to each end.
▪  Telophase and Cytokinesis: The nuclear envelope completely reassembles to surround each independent diploid set of daughter chromosomes, and internal nucleoli reappear. A physical cleavage furrow develops along the midline, pinching the parent cell envelope down until it completes cytokinesis, splitting the cytoplasm entirely into two separate cells. The newly insulated chromosomes decondense back into active chromatin, re-entering Interphase.
Biochemical Regulation: The Cyclin-CDK Oscillators
The orderly progression of cells across phase transitions is tightly driven by specific interactions between two regulatory molecular families: Cyclins (regulatory proteins whose levels oscillate dynamically) and Cyclin-Dependent Kinases (CDKs, catalytic kinases that require cyclin binding to become active). The discovery of these vital controllers earned Leland H. Hartwell, R. Timothy Hunt, and Paul M. Nurse the 2001 Nobel Prize in Physiology or Medicine. The transitions are governed by coordinate pairings:
▪  G1 to S Transition: Induced by external mitogenic cues, the cell produces Cyclin D, which binds to CDK4 (or CDK6). This active complex sets off an advanced signaling cascade that drives the transcription of Cyclin E. Cyclical build-up of Cyclin E-CDK2 complexes activates downstream networks, ensuring entry into S phase by increasing transcription factors for S-phase cyclins and critical DNA synthesis enzymes, while targeting entry inhibitors for rapid, controlled degradation.
▪  S-Phase Maintenance: Active S-phase Cyclin-CDK complexes phosphorylate specific proteins at origin pre-replication complexes. This accomplishes a dual regulatory role: it stimulates immediate chromosomal replication while actively preventing the assembly of fresh prereplication complexes, ensuring the genome is duplicated exactly once.
▪  M-Phase Initiation: Mitotic Cyclin-CDK complexes are activated to rapidly phosphorylate and promote chromatin structural condensation, mitotic spindle assembly, structural protein degradation, and programmatic advancement through mitosis.
When Control Fails: Tumor Suppressors and Checkpoint Breakdowns
To halt proliferation in response to internal errors or external constraints, cells rely heavily on negative cell cycle regulators. Two of the most critical checkpoint proteins are Retinoblastoma protein (Rb) and protein 53 (p53):
▪  The Retinoblastoma Protein (Rb): Rb acts as a key molecular brake restricting entry into the synthetic phase. When active and unphosphorylated, Rb binds and suppresses transcription factors required for the G1/S transition. Once Rb is inactivated via planned phosphorylation, it releases those transcription factors, enabling S-phase gene expression. Inherited homozygous recessive mutations in the RB gene cause the pediatric malignancy retinoblastoma; individuals carrying these mutations are six times more likely to develop aggressive secondary cancers later in life.
▪  The p53 Guardian Protein: Named for its apparent molecular mass, p53 acts as a principal negative regulator of cell loop progression. In the event of catastrophic DNA damage or metabolic stress, p53 accumulates and induces the transcription of specific CDK inhibitors, blocking the transition of the cell from G1 to S phase to facilitate DNA repair. If the damage is beyond repair, p53 initiates programmed cell death. If the TP53 gene undergoes deletion or mutation, cells can cycle unchecked. Remarkably, more than 50% of all known human tumors exhibit a documented mutation or complete deletion of the TP53 gene locus.
Part II: The Reductive Cell Cycle — Meiosis and Gametogenesis
While somatic cell lineages depend entirely on mitosis to yield duplicate outputs, sexual reproduction demands a unique, reductive cell division process called meiosis. Meiosis is restricted entirely to specialized germ cells located within the reproductive gonads, forming the definitive link between generations.
The Reductive Process: Meiosis I and Meiosis II
Meiosis involves a single round of DNA replication followed by two successive nuclear divisions, successfully converting a diploid (2N) precursor lineage into four non-identical haploid (1N) gametes:
▪  Meiosis I (The Reductive Phase): Prefaced by standard genomic replication during Interphase I, cells enter Prophase I, where homologous chromosome pairs line up during synapsis and undergo physical exchange of genetic material (crossing over). At Metaphase I, homologous pairs line up randomly along the equatorial plate. During Anaphase I and Telophase I, sister chromatids remain firmly bound together, but homologous chromosome pairs separate, moving to opposite daughter nuclei. This step effectively reduces the ploidy from diploid to haploid.
▪  Meiosis II (The Equational Phase): Without an intervening round of DNA replication, the daughter nuclei immediately proceed through Prophase II, Metaphase II, Anaphase II, and Telophase II. This sequence mirrors a classic mitotic split, separating sister chromatids to generate a total of four distinct haploid outputs.
Mechanisms Governing High Genetic Variation
Meiosis acts as a key driver of evolutionary and individual genetic diversity through three highly coordinated mechanisms:
▪  Crossing Over (Recombination): The physical shuffling of alleles across homologous non-sister chromatid loops during Prophase I creates unique hybrid chromosomal structures.
▪  Independent Assortment: The random orientation and distribution of maternal and paternal homologous chromosome pairs along the Metaphase I equator yields 2^23 (over 8 million) potential chromosomal combinations for human gametes.
▪  Random Fertilization: When an egg matches with a sperm cell, the mathematical combination of their independent variations (8 million x 8 million) yields over 64 trillion potential diploid combinations for a single embryo.
Spermatogenesis versus Oogenesis: Divergent Timelines and Symmetry
The structural layout and timelines of male and female gametogenesis exhibit clear operational contrasts:
▪  Spermatogenesis: Occurs within the seminiferous tubules of the testes from puberty onward. It features perfectly symmetrical meiotic divisions, converting one primary spermatocyte into four equal, functional spermatids that undergo extensive morphological specialization to yield motile spermatozoa. This process is rapid and uninterrupted.
▪  Oogenesis: Follows an asymmetrical division strategy. Meiotic divisions are highly unequal, retaining the vast majority of cytoplasm within a single large oocyte to supply essential proteins, machinery, and maternal mRNA during early embryonic development. The remaining genetic material is discarded into three small, non-functional polar bodies. Furthermore, oogenesis features prolonged, multi-year developmental arrests; meiosis initiates prenatally, arrests in Prophase I until ovulation at puberty, and stalls again at Metaphase II, only completing final equational division upon actual fertilization by a sperm cell.
Clinical Complications: Non-Disjunction and Aneuploidy
When the physical separation of homologous chromosome pairs in Meiosis I or sister chromatids in Meiosis II fails, the error is termed non-disjunction. Non-disjunction results in gametes with an abnormal chromosome number (aneuploidy). While the absolute majority of aneuploidies result in early spontaneous miscarriage, specific chromosomal additions or deletions remain viable through live birth, though they cause severe developmental complications:
▪  Trisomy 21 (Down Syndrome): The most common autosomal aneuploidy seen among live births.
▪  Trisomy 18 (Edwards Syndrome) & Trisomy 13 (Patau Syndrome): Severe autosomal abnormalities where infants rarely survive past one year of life.
▪  Sex Chromosome Aneuploidies: Conditions such as Turner Syndrome (45, X) or Klinefelter Syndrome (47, XXY) are also clinically common, showing distinct phenotypic outcomes.
Part III: Mechanisms of Cell Death — Apoptosis versus Necrosis
Maintaining healthy tissue architecture requires a precise balance between cell birth and cell death. Pathological or physiological context dictates whether cells succumb to passive, damaging necrosis or execute tidy, active apoptosis.
Apoptosis: Programmed Cell Suicide
Apoptosis is a highly regulated, active process requiring energy expenditure. It serves as a vital sculpting tool during embryogenesis and a defense mechanism in adult tissue health. It is triggered by internal signs (e.g., severe DNA damage or high intracellular calcium) or external cues (e.g., the removal of crucial growth factors or exposure to specific cytokines and hormones).
Morphological Stages of Apoptosis
During apoptosis, cells go through a sequence of well-defined structural changes that avoid damaging surrounding cells:
▪  Cell Shrinkage and Rounding: Initiated by active caspase enzymes systematically cutting down the internal proteinaceous cytoskeleton.
▪  Cytoplasmic and Organelle Packing: The cell cytoplasm appears dense, with internal organelles tightly packed together.
▪  Pyknosis: Chromatin condenses into tight, compact patches clustered against the inner nuclear envelope.
▪  Karyorrhexis: The nuclear envelope becomes discontinuous, and the internal DNA is systematically cleaved into fragments.
▪  Blebbing and Apoptotic Body Formation: The plasma membrane forms irregular cellular buds called blebs, and the cell breaks apart into distinct, membrane-bound apoptotic bodies.
▪  Phagocytosis: Macrophages and neighboring cells rapidly identify and engulf these bodies, avoiding any release of toxic contents into the extracellular matrix.
Physiological and Development Roles
Apoptosis is essential for normal development and tissue maintenance:
▪  Digit Sculpting: In embryonic hand and foot development, apoptosis clears the fields of tissue between digits. A failure of cell death here results in syndactyly (webbed digits).
▪  Lumen Formation: During organogenesis, epithelial cells polarize around a midline to create hollow tubes for secretory networks (e.g., salivary glands, mammary structures, and the pancreas); cells occupying the center undergo apoptosis to form a continuous lumen.
▪  Gametogenesis Quality Control: Apoptosis eliminates defective germ cells, maintaining a high rate of cell clearance during spermatogenesis.
▪  Tumor Prevention: Healthy tissue uses apoptosis to eliminate deregulated, damaged, or precancerous cells before they can form a tumor.
Necrosis: Uncontrolled Pathological Cell Death
In sharp contrast to apoptosis, necrosis is an unprogrammed, passive form of cell death caused by external factors such as physical injury, hypoxia, infection, infarction, poisons, or severe inflammation. It is invariably detrimental to the host organism.
Morphological Stages and Inflammatory Cascades
▪  Loss of Plasma Membrane Integrity: The cell can no longer regulate ions, causing water to rush inward down its osmotic gradient.
▪  Cellular Swelling and Lysis: The cell envelope and internal organelles swell heavily until the plasma membrane bursts.
▪  Intracellular Content Release: Lysis spills intracellular enzymes, proteins, and cell debris into the surrounding extracellular matrix.
▪  Inflammation and Secondary Damage: The uncontained release of intracellular contents acts as a potent pro-inflammatory signal, recruiting neutrophils and inducing local inflammation that can damage neighboring healthy cells.
▪  Surgical Intervention Requirements: Because necrosing tissue lacks the specific chemical signals that guide phagocytes to apoptotic bodies, dead cell debris can accumulate. This build-up often requires surgical debridement to clear the necrotic tissue and prevent widespread systemic complications.
Comparative Analysis Summary
To provide a clear overview for medical board review, the table below contrasts the main differences between apoptosis and necrosis:
Conclusion and Clinical Summary
As Robert Blair poetically observed, all elements of the natural world that progress toward maturity eventually verge toward decay. In clinical medicine, the cell cycle represents the ultimate balance between proliferation and death. Mitosis ensures regular somatic maintenance and tissue repair, while meiosis drives individual variation and genetic inheritance. Concurrently, programmed apoptosis refines structural layouts and protects tissues from unchecked tumor growths, whereas unprogrammed necrosis reflects acute cellular damage requiring immediate medical care. Mastering these interconnected mechanisms provides a vital foundation for clinical diagnostics, oncology, and therapeutic innovation.
References & Faculty Bibliography Notes:
1. Monash School of Medicine Lecture Slides: MED1100/1200 Cell Basics (Cell Cycle, Proliferation, and Death).
2. Young, J. PhD. Department of Anatomy and Developmental Biology, Monash University.
3. Alberts, B. Molecular Biology of the Cell - Reference Studies (Cell Death and Digit Development Figures).
4. Hartwell, L. H., Hunt, R. T., Nurse, P. M. Nobel Lectures in Physiology or Medicine (2001).
5. Brenner, S., Horvitz, H. R., Sulston, J. E. Programmed Cell Death Genetics in C. elegans (Nobel Prize 2002).
6. Hogan, B. & Kolodziej, P. Nature Reviews Molecular Cell Biology (2002, 3: 513) - Lumen Coalescence and Epithelial Polarization.
Historical Highlight: The Nobel Prize for Programmed Cell Death
The core molecular pathways controlling apoptosis were first charted in the microscopic nematode C. elegans, where precisely 131 of its 1,090 initial somatic cells are programmatically eliminated during normal development. Mutations in pro-apoptotic genes like ced-3 or ced-4 cause all 1,090 cells to survive. For their ground-breaking discoveries concerning 'genetic regulation of organ development and programmed cell death,' Sydney Brenner, H. Robert Horvitz, and John E. Sulston were awarded the 2002 Nobel Prize in Physiology or Medicine.
Feature / Criterion
Apoptosis (Programmed)
Necrosis (Accidental)
Primary Trigger
Physiological signals, minor stress, DNA mutation, development.
External trauma, extreme hypoxia, toxins, viral lysis, injury.
Energy Requirement
Active process requiring ATP expenditure.
Passive process; independent of active cell energy.
Cellular Volume
Cell shrinkage, rounding, and condensation.
Cellular swelling, organelle hypertrophy, and lysis.
Membrane Integrity
Maintained; contents are held in apoptotic bodies.
Lost completely; cell membrane ruptures and spills contents.
Tissue Impact
No inflammation; tidy phagocytosis by macrophages.
Significant inflammation, swelling, and secondary tissue damage.",
Body fluids,"Medical Physiology Lecture Guide:
Osmolarity and Tonicity in Body Fluids
Based on the Lectures of Dr. Ben Seyer
Compiled for Medical Students
1. Principles of Ionic Balance in Body Fluids
The fundamental physiological function of human cells is strictly dependent on maintaining precise concentrations of specific ions across both intracellular and extracellular compartments. Crucially, these chemical gradients are dynamic rather than static; the physical movement of water across fluid compartments can rapidly and profoundly alter these ionic concentrations, thereby impacting cellular integrity and performance.
Compartmental Comparison of Major Electrolytes
While students are advised not to memorize exact milliequivalent values at this early stage of medical education, it is absolutely essential to understand the asymmetric distribution of major cations and anions between the intracellular fluid (ICF) and extracellular fluid (ECF):
Sodium (Na+): The predominant extracellular cation, maintaining a high concentration in the ECF (~140 mEq/L) and a very low concentration inside the cell (~10 mEq/L).
Potassium (K+): The primary intracellular cation, heavily concentrated inside the cell (~140 mEq/L) with minimal presence in the extracellular space (~4-5 mEq/L).
Calcium (Ca++) & Magnesium (Mg++): Calcium remains extremely low inside the cytoplasm, sequestered primarily in extracellular fluids or intracellular organelles. Magnesium serves as a notable intracellular cation (~20 mEq/L) compared to its low ECF levels.
Chloride (Cl-): The dominant extracellular anion, closely mirroring sodium's distribution pattern with high ECF levels (~110 mEq/L) and low ICF levels.
Phosphate (PO43-) and Organic Anions: These function as the main counter-anions inside the cell (~130 mEq/L), balancing the high concentration of intracellular potassium.
Bicarbonate (HCO3-): An important buffer molecule found predominantly in the extracellular environment (~24-28 mEq/L) to manage systemic pH.
Proteins: Proteins carry a net negative charge at physiological pH and are significantly more concentrated inside the cell (~50 mEq/L) and within blood plasma compared to the interstitial fluid.
2. Osmosis and Osmotic Pressure
Osmosis describes the spontaneous net movement of water molecules across a semipermeable membrane from an area of lower solute concentration to an area of higher solute concentration (or from a region of higher water potential to one of lower water potential).
This movement creates an osmotic force powerful enough to overcome external physical forces, including the downward pull of gravity. Scientifically, osmotic pressure is defined as the precise amount of hydrostatic force or pressure that must be applied to the higher-concentration side of a semipermeable membrane to completely prevent the net inward flow of water. Consequently, larger solute concentrations exert a proportionally greater osmotic pressure.
3. Mechanisms of Water Movement Across Biological Barriers
To understand fluid shifts in a clinical context, one must distinguish how water crosses individual cell membranes versus how it crosses capillary walls:
The Plasma Membrane: The phospholipid bilayer is inherently hydrophobic and largely impermeable to polar water molecules. Direct trans-bilayer diffusion occurs at a negligible rate that is insufficient for cellular needs. Instead, efficient water transport requires specialized transmembrane channel proteins known as Aquaporins, which provide a selective pore allowing water molecules to rapidly stream across down an osmotic gradient.
Capillary Endothelium: Water permeability across capillary walls varies significantly depending on the organ system and capillary architecture. In structural physiology, three primary types of capillaries exist:
Continuous Capillaries: Feature a tightly sealed endothelial layer and a continuous basement membrane, with small intercellular clefts permitting limited fluid exchange.
Fenestrated Capillaries: Contain specialized pores or fenestrations within the endothelial cells, enabling a much higher rate of fluid and small solute exchange.
Sinusoid Capillaries: Characterized by large intercellular gaps and an incomplete basement membrane, allowing free movement of large proteins and cellular elements.
Note: For standard fundamental calculations and fluid shift models, clinical students should assume free, uninhibited movement of water across these endothelial barriers.
4. Molecular Dissociation and Osmolarity
When determining the osmotic effect of a substance, it is critical to evaluate whether a molecule dissociates into multiple individual particles when dissolved in water. Each distinct particle resulting from dissociation exerts its own independent osmotic pressure.
5. Understanding Tonicity
Tonicity is a functional biological term that describes the ability of an extracellular solution to force water into or out of a cell via osmosis. Crucially, tonicity is determined exclusively by the concentration of non-penetrating particles— solutes that cannot cross the semipermeable cell membrane.
In contrast, penetrating particles (solutes capable of passing directly through or being transported across the membrane) will quickly cross until they achieve their own chemical equilibrium. Because their final concentration becomes equal on both sides of the membrane, penetrating solutes do not create a sustained osmotic gradient and therefore do not exert a net osmotic pressure or alter long-term cellular volume.
6. Clinical Importance: Daily Fluid Balance and Pathophysiology
Maintaining physical homeostasis requires a strict equilibrium between average daily fluid intake and average daily fluid output. In a healthy adult, this volume balances precisely at approximately 2,500 mL per day:
Average Intake (2,500 mL/day)
Beverages: 60% of total volume (~1,500 mL)
Foods: 30% of total volume (~750 mL)
Metabolic Water: 10% of total volume (~250 mL synthesized during cellular respiration)
Average Output (2,500 mL/day)
Urine: 60% of total volume (~1,500 mL excreted via kidneys)
Insensible Loss: 28% of total volume (~700 mL evaporated passively via skin and lungs)
Sweat: 8% of total volume (~200 mL excreted via sudoriferous glands)
Feces: 4% of total volume (~100 mL eliminated via GI tract)
Pathological conditions drastically disrupt this baseline equilibrium by augmenting specific output routes:
Severe Diarrhea: Dramatically escalates fecal water loss well beyond the normal 100 mL baseline.
Prolonged Sweating / High Fever: Expedited loss of water and active sodium through the skin.
Severe Burns: Destruction of the epidermal barrier, causing massive, life-threatening insensible fluid weeping and evaporation.
Kidney Failure: Compromises urine production, leading to fluid retention, volume overload, and severe electrolyte derangements.
7. Therapeutic Intervention: Oral Rehydration Salts (ORS)
Many infectious diseases, such as cholera (a waterborne bacterial infection caused by Vibrio cholerae), produce toxins that cause severe vomiting and profound secretory diarrhea. These diseases are rapidly fatal not due to the pathogen itself, but because they induce a catastrophic, acute loss of total body water and critical electrolytes.
In these clinical scenarios, immediate rehydration therapy is the most vital care response—ranking significantly higher in initial importance than the administration of antibiotics.
The World Health Organization (WHO) standard Oral Rehydration Salts (ORS) formulation utilizes a precise combination of compounds designed to exploit sodium-glucose cotransporters (SGLT) in the intestinal lumen, ensuring optimal water absorption even in a severely compromised gut:
Standard Clinical Directions for Preparation:
• Dissolution: Dissolve exactly ONE sachet into exactly ONE LITRE of clean drinking water.
• Safety Warning: CAUTION: DO NOT BOIL THE SOLUTION after mixing, as boiling alters the chemical structure of the glucose and components, neutralizing its optimal physiological efficacy.
• Administration Timelines:
  - Infants: Administer over a full 24-hour period.
  - Children: Administer over an 8 to 24-hour period, according to precise age or as otherwise directed by medical supervision.
Substance
Molecular Weight
Dissociation in Water
Osmotic Yield
Glucose
180.156 g/mol
Does not dissociate (remains 1 intact molecule)
1 Mole = 1 osm/L
Sodium Chloride (NaCl)
58.44 g/mol
Completely dissociates into Na+ and Cl- ions
1 Mole = 2 osm/L
Component Ingredient
Mass per Sachet
Sodium Chloride
3.5 g
Potassium Chloride
1.5 g
Trisodium Citrate, dihydrate
2.9 g
Glucose Anhydrous
20.0 g",
Molecular biology of the cell 1 - transcription and translation,"MED1100: Molecular Biology of the Cell 1
An Instructor's Comprehensive Guide to Transcription and Translation
Institution: Monash University, School of Medicine
Lead Instructor: Dr. Nathan Habila
Assisting Faculty: Dr. Benjamin Seyer
1. The Central Dogma of Life & Flow of Genetic Information
The Central Dogma of Molecular Biology defines the fundamental pathway through which genetic information is expressed in living organisms. According to this principles, information flows strictly from deoxyribonucleic acid (DNA) to ribonucleic acid (RNA), and subsequently to proteins. Critically, information does not flow in the reverse direction (i.e., from polypeptides back to nucleic acids).
Key Paradigm Components: The mechanism can be categorized into three key stages:
•  1. DNA and Replication: DNA contains the definitive, original blueprint and information needed to build and sustain an organism. It is capable of self-replication to ensure continuity across generations.
•  2. Transcription (RNA Synthesis): The process where information coded in the sequence of nucleotide bases in DNA is transcribed into a complementary sequence of nucleotide bases in RNA. RNA acts as the crucial messenger.
•  3. Translation (Protein Synthesis): The process where the messenger RNA (mRNA) sequence is decoded by ribosomes in the cytoplasm to assemble a specific sequence of amino acids, yielding functional polypeptides and proteins.
2. Molecular Architecture: The Building Blocks of Nucleic Acids
Nucleic acids are polymers constructed from individual monomers called nucleotides. Each nucleotide is covalently structured from three distinct chemical components:
•  Pentose Sugar: A pentose (5-carbon) sugar. In RNA, this sugar is Ribose, characterized by a hydroxyl group (-OH) attached to the 2' carbon position. In DNA, the sugar is Deoxyribose, where the 2' hydroxyl group is replaced by a hydrogen atom (-H). This single oxygen deletion dramatically increases the chemical stability of DNA.
•  Phosphate Group: A charged group linked covalently to the 5' carbon of the pentose sugar. Phosphodiester linkages connect the 5' phosphate of one nucleotide to the 3' hydroxyl (-OH) group of the preceding nucleotide, forming the continuous sugar-phosphate backbone.
•  Nitrogenous Bases: Nitrogen-dense rings attached via an N-glycosidic bond to the 1' carbon of the pentose sugar. These bases are categorized into two structural classes:
•  - Purines: Adenine (A) and Guanine (G), which possess a double-ring structure.
•  - Pyrimidines: Cytosine (C), Thymine (T) [exclusively in DNA], and Uracil (U) [exclusively in RNA, replacing Thymine], which possess a single-ring structure.
3. DNA Organization, Helix Structure, and Chromosomal Packaging
Naturally occurring DNA exists as a double-stranded helix composed of two antiparallel strands, meaning they run in opposite directions with distinct polarities indicated by their 5' and 3' ends. The structural stability and fidelity of the molecule are maintained by precise Watson-Crick base-pairing, governed by a strict rule: a Purine must always pair with a Pyrimidine.
•  Thymine (T) pairs with Adenine (A) via two hydrogen bonds (A=T).
•  Cytosine (C) pairs with Guanine (G) via three hydrogen bonds (C≡G), providing a stronger structural bond.
Because of this obligate pairing, the structural sequence of one strand automatically defines the exact sequence of its complementary partner.
Hierarchical Levels of DNA Organization
To fit the vast length of the eukaryotic genome inside the microscopic cell nucleus, DNA undergoes a highly sophisticated four-tier compaction process:
•  1. Double Helix: The base-paired antiparallel polymer strands twist uniformly to form the canonical double helix structure.
•  2. Nucleosomes: The negatively charged DNA double helix wraps tightly around a core of positively charged basic proteins called histones, creating a structure that resembles 'beads on a string'. Each individual bead unit is a nucleosome.
•  3. Chromatin: The nucleosome chain coils and condenses further into thick, ordered fibers known as chromatin.
•  4. Chromosomes: During cell division, chromatin reaches its highest level of condensation, organizing into discrete, macro-structural units called chromosomes. Each chromosome consists of distinct chromatids held together at a central centromere, capped and protected by specialized terminal structures called telomeres.
4. Comparative Analysis: Key Differences Between DNA and RNA
For medical students, mastering the structural and biochemical differences between DNA and RNA is crucial for understanding pharmacology and pathology. Below is a comprehensive comparative reference table:
5. The Mechanics of Transcription (RNA Synthesis)
Transcription is the enzymatically catalyzed process through which a single-stranded RNA molecule is synthesized using a specific region of the DNA template. This process takes place within three sequential, highly regulated mechanical steps:
1. Initiation Step: Initiation requires three critical sub-regions on the DNA locus: a promoter region (the initial regulatory docking sequence), an initiation site (where synthesis begins), and a transcribed region. The principal enzyme, RNA Polymerase, recognizes and binds to the promoter region, unwinding the DNA double helix locally to expose the template. It begins reading the DNA template strand strictly in a 3′-to-5′ direction.
2. Elongation Step: As RNA Polymerase moves down the DNA template strand, the nascent RNA strand grows via the sequential addition of free nucleoside triphosphates (NTPs) to the exposed 3' end of the preceding nucleotide. Consequently, the new RNA transcript grows strictly in the 5′-to-3′ direction. Standard base-pairing rules apply, meaning Uracil (U) is incorporated opposite Adenine (A), and Cytosine (C) opposite Guanine (G). To protect genomic integrity, the DNA double helix is actively rewound behind the passing polymerase bubble—an active, energy-requiring process.
3. Termination Step: When the RNA Polymerase reaches the specific termination site on the DNA template strand, structural changes cause the enzyme to pause. The newly formed single-stranded RNA transcript is fully released from the template, the DNA double helix rewinds completely, and the RNA Polymerase enzyme dissociates from the locus.
Primary Functional Classes of Transcription Products
Transcription yields three major functional classes of RNA molecules required to execute protein assembly:
•  Messenger RNA (mRNA): Carries the exact protein-coding sequences and instructions derived from the master DNA strand.
•  Transfer RNA (tRNA): Functions as an essential molecular physical transporter that binds and delivers individual amino acids to the active ribosome during translation.
•  Ribosomal RNA (rRNA): Forms the structural fabric and catalytic core of the ribosome. It actively facilitates the physical assembly of proteins and ensures proper physical alignment between mRNA codons and tRNA anticodons.
6. Post-Transcriptional RNA Processing
In eukaryotic organisms, the immediate product of transcription is a precursor molecule called pre-mRNA. This pre-mRNA is completely non-functional and must undergo extensive biochemical processing inside the cell nucleus to transform into a mature mRNA transcript capable of surviving nuclear export and cytoplasmic translation. These modifications include:
•  1. 5' Methyl-G Cap: A specialized modified guanine nucleotide is covalently attached to the 5' end of the transcript. This structure serves as a critical ribosome recognition signal and prevents enzymatic breakdown.
•  2. RNA Splicing: Eukaryotic genes contain interspersed non-coding regions called introns and coding regions called exons. A massive multi-protein complex known as the Spliceosome precisely removes the non-coding introns and splices the coding exons back together into a continuous sequence.
•  3. 3' Poly-A Tail: Following a specific consensus signal sequence ('AAUAAA') near the 3' end, a long chain of consecutive adenine bases is added to the tail. This poly-A tail provides long-term stability and regulates the transcript's lifespan.
Clinical Relevance Note: Mastering these post-transcriptional modifications is of extreme importance: they provide the vital structural stability required for the mRNA to successfully bind the cytoplasmic ribosome and shield the delicate transcript from rapid ribonuclease digestion.
7. The Mechanics of Translation (Protein Synthesis)
Translation is the final complex process where the mature mRNA sequence is decoded to construct a functional polypeptide chain. This process takes place exclusively in the cytoplasm and requires four basic components: the mature mRNA template, charged tRNA molecules, a pool of free amino acid building blocks, and an active ribosome.
The Structural Mechanics of Transfer RNA (tRNA)
To ensure absolute fidelity during protein synthesis, tRNA functions as a physical molecular adaptor connecting amino acid chemistry to nucleotide sequences. Structurally, tRNA is a single strand of 75 to 80 nucleotides folded into a complex tri-dimensional shape (conventionally viewed in 2D as a cloverleaf conformation). It possesses two highly specialized regions:
•  The Amino Acid Acceptor Stem: Located at the 3' terminus of the molecule, always ending in the sequence CCA. This is the exact site where a specific amino acid is covalently attached ('charged').
•  The Anticodon Loop: A central, highly exposed three-nucleotide loop that is exactly complementary to a specific mRNA codon sequence. By matching its anticodon to the mRNA codon via standard base-pairing rules, the tRNA ensures that the correct amino acid is delivered.
The Genetic Code: Deciphering the Triplet Language
The genetic code is written as a sequence of three-letter words called codons on the mRNA transcript. With four available bases (G, C, A, U), there are 4³ = 64 possible combinations of codons. This code is governed by two vital principles:
•  1. The Code is Redundant: Multiple distinct codons can code for the exact same amino acid. This safety redundancy shields the cell from minor genetic mutations.
•  2. The Code is Not Ambiquous: Each individual codon specifies exactly one amino acid, and never any other. This ensures absolute precision during protein synthesis.
•  •  Universal Start Codon: AUG, which encodes for the amino acid Methionine and establishes the correct reading frame.
•  •  Universal Stop Codons: UAA, UAG, and UGA. These specific sequences do not code for any amino acid; instead, they signal the absolute end of the translation process.
The Ribosome: The Cellular Assembly Workbench
The ribosome is the multi-subunit molecular workbench where translation takes place. In eukaryotes, it is composed of a 40S Small Ribosomal Subunit (SRS) and a 60S Large Ribosomal Subunit (LRS). Crucially, these two subunits remain entirely separate in the cytoplasm when no translation is occurring, assembling into a functional complex only upon initiating protein synthesis.
Anatomical Binding Sites of the Ribosome:The functional ribosome contains three highly specialized tRNA binding cavities:
•  1. A Site: The Amino Acid site. This is the initial entry point where an incoming charged tRNA carrying its single amino acid docks if its anticodon matches the exposed mRNA codon.
•  2. P Site: The Polypeptide site. This central cavity holds the tRNA that is currently bound to the growing polypeptide chain.
•  3. E Site: The Exit site. This is the final cavity where an uncharged, empty tRNA rests briefly before being physically ejected from the ribosome back into the cytoplasm.
The Three-Step Cycle of Translation Elongation and Termination
Once initiation is complete (characterized by the assembly of the ribosome around the AUG start codon with the initiator Methionine-tRNA stationed in the central P site), translation proceeds via a highly coordinated elongation cycle:
•  Step 1: Entry & Recognition: An incoming charged tRNA molecule exhibiting a perfectly complementary anticodon enters the vacant A site of the large ribosomal subunit.
•  Step 2: Peptide Bond Formation: The large ribosomal subunit catalyzes two sequential biochemical actions: first, it breaks the covalent bond holding the growing peptide chain to the tRNA stationed at the P site; second, it catalyzes the formation of a strong covalent peptide bond between that peptide chain and the new amino acid attached to the tRNA sitting in the A site.
•  Step 3: Translocation: The ribosome translocates (slides forward) by exactly one triplet codon along the mRNA molecule. This physical movement shifts the now empty tRNA from the P site into the E site for ejection, and moves the tRNA carrying the extended polypeptide chain from the A site into the vacated P site, leaving the A site empty and ready to receive the next incoming amino acid.
Translation Termination Mechanics: This elongation cycle repeats continuously until one of the three universal stop codons (UAA, UAG, or UGA) rolls into the A site. Because there are no tRNAs in existence that recognize stop codons, tRNA binding ceases entirely. Instead, a specialized non-tRNA protein called a Release Factor binds directly inside the A site. The binding of the release factor activates the hydrolytic cleavage of the completed polypeptide chain from the final tRNA, releases the finished protein into the cytoplasm, and forces the dissociation of the ribosomal subunits.
8. Post-Translational Events: Protein Folding & Maturation
The emergence of a raw polypeptide chain from the ribosome does not mark the completion of protein synthesis. To become biologically active, the newly formed protein must undergo three crucial post-translational maturation events:
•  1. 3D Molecular Folding: The linear chain must fold into a highly specific, complex three-dimensional shape. This process is actively guided and monitored by specialized protective proteins known as molecular chaperones, which ensure the protein folds correctly and does not aggregate pathologically.
•  2. Intracellular Trafficking: Proteins must be precisely routed to their correct anatomical destinations (such as specific organelles or exported out of the cell entirely). This routing is dictated by unique address codes built directly into the protein's sequence, known as signal sequences.
•  3. Post-Translational Modification and Quality Control: Proteins pass through the Endoplasmic Reticulum (ER) and the Golgi apparatus, where they receive covalent chemical modifications (such as glycosylation or phosphorylation). Crucially, the cell maintains a strict quality control apparatus: any misfolded or defective protein is targeted and ruthlessly degraded to prevent cellular stress.
LEARNING OUTCOMES
1. Describe the structure of DNA and its precise organization within the cell.
2. Explain the fundamental role of RNA in expressing and transferring genetic information.
3. Detail the molecular mechanics of protein synthesis (Transcription and Translation).
Property
DNA (Deoxyribonucleic Acid)
RNA (Ribonucleic Acid)
Structure
Double-stranded helix architecture.
Typically single-stranded conformation.
Pentose Sugar
Deoxyribose (2'-H atom attached).
Ribose (2'-OH hydroxyl group attached).
Nitrogenous Bases
Thymine (T) present; pairs with Adenine (A).
Uracil (U) replaces Thymine; pairs with Adenine (A).
Primary Function
Stores long-term master genetic blueprint.
mRNA transfers genetic info; tRNA/rRNA aid in translation.
Chemical Stability
Highly stable; resistant to hydrolytic cleavage.
Less stable; designed for short-term catalytic tasks.
Cellular Localization
Strictly confined to the eukaryotic cell nucleus.
Synthesized in the nucleus; functions in cytoplasm/ribosomes.
SUMMARY: KEY CORE PLAYERS
•  DNA: The secure, long-term master storage vault of genetic information.
•  mRNA: The temporary, dynamic messenger carrying genetic blueprints to the assembly floor.
•  tRNA: The precise molecular transporter carrying individual amino acid blocks.
•  Ribosomes: The physical factory and assembly line where the protein product is stitched together.
•  Genetic Code: The universal, triplet-based dictionary defining how sequence translates to function.",
Molecular biology of the cell 2 - DNA replication,"Comprehensive Reference Guide: DNA Replication and Repair Mechanisms
Based on Monash School of Medicine Lecture Notes (MED1100)
Course Director/Lecturer: Dr. Nathan Habila | Assistant: Dr. Benjamin Seyer
1. Cellular Context & The Central Dogma
In cellular and molecular biology, the flow of genetic information follows a strict pathway known as the Central Dogma. Genetic information is stored securely inside the nucleus within the deoxyribonucleic acid (DNA) molecule. Through the process of Transcription, specific segments of this DNA are copied into ribonucleic acid (RNA). Following transcription, the RNA transcript undergoes Translation, during which ribosome complexes read the nucleotide sequence to synthesize a specific Polypeptide chain. This polypeptide subsequently folds into a functional protein entity.
To preserve genetic instruction across successive cell generations, the cell must execute a highly coordinated sequence of phases collectively termed the Cell Cycle. The cell cycle is divided into distinct metabolic and physical operational states:
G1 Phase (Gap 1): The primary active period of cellular growth, metabolic activity, and organelle production.
S Phase (Synthesis): The critical window during which DNA Replication takes place. The cell duplicates its total genomic content with high fidelity before undergoing physical division.
G2 Phase (Gap 2): The metabolic window dedicated to final preparations for mitosis, structural assembly synthesis, and secondary checking mechanisms.
M Phase (Mitosis & Cytokinesis): The phase of active nuclear division (comprising Prophase, Metaphase, Anaphase, and Telophase) followed by Cytokinesis, which divides the cytoplasm into two independent daughter cells.
G0 Phase: A quiescent, non-dividing state where cells can exit the cycle either provisionally or permanently.
2. Fundamental Principles of DNA Replication
DNA replication is foundational to tissue preservation and inheritance. Its execution relies on two overarching rules:
Semiconservative Nature: DNA replication is strictly semiconservative. This implies that during the replication process, the two parent strands of the DNA double helix separate. Each individual parent strand acts directly as a structural template for the assembly of its complementary daughter strand. Consequently, each newly formed daughter DNA molecule is a hybrid, containing one complete conserved parent strand and one newly synthesized strand.
Complementary Base Pairing: Fidelity is ensured through precise chemical affinity between specific bases. Purines (double-ring structural bases) must always pair perfectly with Pyrimidines (single-ring structural bases). Specifically, Adenine (A) pairs exclusively with Thymine (T) via two hydrogen bonds, and Guanine (G) pairs exclusively with Cytosine (C) via three hydrogen bonds.
3. Step-by-Step Molecular Mechanism of Replication
The physical machinery responsible for DNA synthesis is highly efficient, utilizing a suite of synchronized enzymes and architectural proteins forming the Replication Complex:
1. Initiation at the Origin of Replication (ORI): The replication cascade begins with the precise structural binding of the Replication Complex to designated nucleotide positions on the parent template strand known as the Origin of Replication (ORI).
2. Unwinding and Denaturation via DNA Helicase: The enzyme DNA Helicase binds at the ORI and breaks the hydrogen bonds holding the complementary base pairs together. This process unwinds the double helix and separates the two template strands (denaturation), presenting individual strands as open templates and creating a physical replication fork.
3. Stabilization via Single-Strand Binding Proteins (SSBs): Once separated, individual single-stranded DNA structures are inherently unstable and prone to premature reannealing. To prevent this, Single-Strand Binding Proteins (SSBs) rapidly coat the exposed template single strands, stabilizing them and keeping them apart for base pairing.
4. Primer Synthesis via DNA Primase: DNA Polymerase is biochemically incapable of starting a new polynucleotide chain from scratch; it requires a pre-existing 3'-hydroxyl (-OH) group anchor. Therefore, the enzyme DNA Primase binds to the template strand and synthesizes a short, temporary sequence of ribonucleotides called an RNA Primer.
5. Elongation and Directionality via DNA Polymerase: Upon successful completion of the RNA primer, DNA Primase is released from the complex. DNA Polymerase binds to the primer site and begins catalyzing the addition of free complementary deoxyribonucleotide triphosphates (dNTPs) to the growing strand. Crucially, DNA Polymerase can only add nucleotides to the free 3'-OH end, meaning strand synthesis proceeds strictly in a 5' to 3' direction.
4. Asymmetric Coordination: Leading vs. Lagging Strand Synthesis
Because the parent DNA double helix is antiparallel (one strand runs 5' to 3' and the other runs 3' to 5') and DNA Polymerase operates exclusively in the 5' to 3' direction, the two exposed templates must be handled differently at the moving replication fork:
The Leading Strand (Continuous Synthesis)
The leading strand template is oriented in a manner that allows continuous elongation. Once an initial RNA primer is laid down, DNA Polymerase moves uninterruptedly in the same direction as the advancing replication fork, generating a single, unbroken daughter strand.
The Lagging Strand (Discontinuous Synthesis)
The lagging strand template is oriented in the opposite direction (5' to 3' relative to fork movement), forcing the replication machinery to move away from the replication fork during synthesis. This requires a discontinuous process:
As the replication fork opens up, DNA Primase must repeatedly synthesize new RNA primers near the fork junction.
DNA Polymerase extends from each new primer back toward the previous fragment, creating small, isolated pieces of DNA called Okazaki Fragments. These fragments typically span 100 to 200 nucleotides in length.
Maturation and Ligation of Fragments
To convert the fragmented lagging strand into a continuous molecule, the cell utilizes a final enzymatic cleanup system:
Primer Erasure: The temporary RNA primers are recognized as foreign within a DNA context. A dedicated component of the DNA Repair System (DNA Polymerase I) erases the RNA primers completely and fills the resulting gaps with appropriate deoxyribonucleotides.
Nick Sealing by DNA Ligase: Although the gaps are filled, a single-stranded break or 'nick' remains between the 3' end of the newly synthesized fragment and the 5' end of the previous fragment. The enzyme DNA Ligase seals this phosphodiester backbone nick, forming a fully continuous DNA molecule.
5. The End-Replication Problem: Telomeres and Telomerase
Linear eukaryotic chromosomes present a fundamental geometric hurdle during replication. When the final RNA primer at the extreme 5' end of the lagging strand is removed, there is no upstream 3'-OH group available for a DNA polymerase to bind and fill the gap. Consequently, a small section of DNA at the chromosome terminal is left uncopied.
Telomeres: To protect essential protein-coding genes from being lost during this systematic truncation, chromosome ends feature protective, non-coding repeating sequences (e.g., GGTTGGGGTT...) called Telomeres. In standard somatic adult cells, these telomeric caps shorten progressively with each successful round of replication. When telomere length drops below a critical threshold, the cell reaches a state of senescence, ultimately triggering programmed cell death.
Telomerase Action: To bypass this replicative limit, specialized cell lines—such as germlines, stem cells, and immortalized cancer cells—express the enzyme Telomerase. Telomerase carries an internal RNA template and actively extends the 3' end of the telomeric sequence, preventing chromosome shortening and giving these specific cell lines an indefinite proliferative potential (immortality).
6. DNA Repair Systems
Given the environmental assaults and inherent mechanical mistakes that can occur during synthesis, maintaining genomic integrity requires a robust, multi-tiered DNA repair network. The notes outline three essential repair pathways:
Learning Objectives Addressed:
1. Explain the molecular steps, enzymes, and regulatory factors involved in DNA Replication.
2. Recognize the physiologic necessity for a robust DNA repair system to maintain genomic fidelity.
Repair Pathway
Timing & Trigger
Molecular Mechanism
(A) DNA Proofreading
Occurs simultaneously DURING active DNA replication.
As DNA Polymerase adds bases, it checks for structural symmetry. If an incorrect nucleotide is appended, replication proteins immediately pause, excise the mismatched base via exonuclease activity, replace it with the correct match, and resume replication.
(B) Mismatch Repair
Occurs IMMEDIATELY AFTER replication is completed.
If an incorrect base escapes proofreading, Mismatch Repair proteins scan the newly synthesized DNA. The mismatch complex identifies the mispaired base, cuts out a multi-nucleotide segment surrounding the error, and relies on DNA Polymerase I and DNA Ligase to fill the gap and seal the backbone.
(C) Excision Repair
Occurs during the cell's lifespan, addressing post-replicative environmental damage.
When chemical mutagens, radiation, or UV light damage a base (rendering it non-functional), Excision Repair proteins recognize the physical distortion. They slice out the damaged base along with neighboring nucleotides. DNA Polymerase I synthesizes the correct replacement bases in a 5' to 3' direction, and DNA Ligase seals the remaining nick.
Instructor's Take-Home Message:

DNA replication is a beautifully intricate, high-fidelity biological process restricted to the S phase of the cell cycle. Because synthesis can only proceed in a 5' to 3' direction, cells must elegantly alternate between continuous leading strand elongation and discontinuous lagging strand synthesis (Okazaki fragments). To mitigate the inevitable degradation at linear chromosome ends, telomeres serve as protective caps, while specialized cells rely on telomerase for continuous preservation. Finally, the life of a cell depends entirely on a robust, multi-tiered network of proofreading, mismatch repair, and excision repair systems to guarantee genomic stability and prevent lethal disease states.",
Cellular energetics - proteins and enzymes,"Cellular Energetics: Proteins and Enzymes
Comprehensive Reference Guide for Medical Students
Monash School of Medicine | MED1100 Molecular Biology of the Cell
1. Learning Outcomes
By the conclusion of this comprehensive guide, medical students should be thoroughly equipped to:
Describe the precise biochemical structure and hierarchical levels of protein organization.
Explain the diverse multi-systemic functions of proteins within biological systems.
Characterize enzymes and describe their specific catalytic role in metabolic and biochemical reactions.
Explain the key thermodynamic, chemical, and environmental factors that govern biological reactions.
2. Molecular Structure of Proteins
Amino Acid Core Architecture
Amino acids serve as the fundamental building blocks of all protein structures. Every amino acid possesses a central alpha-carbon (Cα) covalently bound to four distinct chemical species:
1. Amino Group: A fundamental amine group (-NH2 / -NH3+).
2. Carboxyl Group: An acidic carboxylic acid group (-COOH / -COO-).
3. Hydrogen Atom: A single hydrogen atom (H).
4. Variable Side Chain (R Group): A highly variable side chain unique to each individual amino acid that determines its chemical property, size, charge, and reactivity.
Crucially, biological proteins consist exclusively of L-amino acids, reflecting a stereospecific preference fundamental to all cellular organisms.
Peptide Bond Formation via Condensation
To construct polypeptide chains, individual amino acid monomers are joined together linearly through peptide bonds. This bond is established when the nucleophilic amino group of an incoming amino acid reacts with the electrophilic carboxyl group of the preceding amino acid. This reaction is a condensation (dehydration) process, resulting in the net loss of one water molecule (H2O) per linkage formed. The repetitive continuation of this reaction links many amino acids into a continuous chain, possessing an N-terminus (containing a free amino group) at its starting point and a C-terminus (containing a free carboxyl group) at its end point.
Chemical Classification of the 20 Amino Acids
Proteins are synthesized from specific combinations of 20 standard amino acids, which are classified into four distinct chemical groups based entirely on the physical properties of their R-groups:
A. Electrically Charged Hydrophilic Side Chains (Positive): Arginine (Arg, R), Histidine (His, H), Lysine (Lys, K).
A. Electrically Charged Hydrophilic Side Chains (Negative): Aspartic acid (Asp, D), Glutamic acid (Glu, E).
B. Polar but Uncharged Hydrophilic Side Chains: Serine (Ser, S), Threonine (Thr, T), Asparagine (Asn, N), Glutamine (Gln, Q), Tyrosine (Tyr, Y). These can interact with aqueous environments via hydrogen bonding.
C. Special Structural Cases: Cysteine (Cys, C) can form covalent disulfide bridges; Glycine (Gly, G) has a single H atom allowing minimal steric hindrance; Proline (Pro, P) contains a rigid ring structure that creates sharp kinks in the backbone.
D. Nonpolar Hydrophobic Side Chains: Alanine (Ala, A), Isoleucine (Ile, I), Leucine (Leu, L), Methionine (Met, M), Phenylalanine (Phe, F), Tryptophan (Trp, W), Valine (Val, V). These residues actively shelter away from water.
3. Hierarchical Levels of Protein Organization
Primary Structure
The linear sequence of amino acid monomers joined together by covalent peptide bonds. This primary sequence is genetically determined and serves as the ultimate template dictates all downstream folding configurations.
Secondary Structure
Local spatial conformations formed along the polypeptide backbone. These regular repeating structures are entirely stabilized by hydrogen bonds between the carbonyl oxygen and amide hydrogen atoms of the peptide backbone. The two primary conformations are:
• Alpha Helix (α-helix): A tightly coiled, right-handed helix structure.
• Beta Pleated Sheet (β-sheet): Extended sheets where adjacent strands are held in place by inter-strand hydrogen bonds.
Tertiary Structure
The complete, global three-dimensional folding of a single polypeptide chain. This conformation is driven and stabilized by an intricate network of interactions between the variable side chains (R-groups), including hydrogen bonds, ionic bonds (salt bridges), van der Waals forces, hydrophobic interactions, and covalent disulfide bridges between cysteine residues.
In an aqueous environment, protein folding is strongly guided by thermodynamic constraints. Nonpolar (hydrophobic) side chains spontaneously cluster inside the interior of the protein structure to form a packed hydrophobic core shielded from water. Conversely, polar and charged amino acids position themselves on the outer surface of the protein where they can interact favorably with water molecules.
Quaternary Structure
The spatial arrangement and assembly of multiple individual polypeptide chains (subunits) working together as a single functional macromolecular complex. For instance, a tetramer is made up of four individual polypeptide subunits assembling into a larger protein molecule.
4. Diverse Functional Roles of Proteins
Proteins are the essential operational tools of life, managing nearly every cellular and physiological process:
1. Mobility: Skeletal and contractile machinery (e.g., actin and myosin driving cellular movement and muscular contraction).
2. Transport: Specific systemic and transmembrane transporters (e.g., hemoglobin for oxygen, transferrin for iron delivery).
3. Central Nervous System: Neuronal structural elements and signaling molecules (e.g., laminin, nerve growth factors).
4. Structure: Providing structural support and tensile strength to tissues (e.g., collagen, keratin, elastin).
5. Wound Healing & Regeneration: Tissue repair, systemic cellular regeneration, metabolic energy provision, and satiety pathways.
6. Immunity: Host defense systems (e.g., highly specialized antibodies, immunoglobulins, and lysozymes).
7. Enzymes: Acting as biological catalysts to dramatically accelerate vital chemical reactions.
8. Hormones: Endocrine chemical messengers controlling physiology (e.g., insulin, growth hormone).
9. Acid-Base Regulation: Acting as physiological buffers to maintain precise homeostatic pH limits (e.g., serum albumin, hemoglobin).
10. Fluid Balance: Managing proper osmotic pressures and systemic fluid compartment volumes (e.g., blood plasma proteins).
5. Enzymes as Biological Catalysts
Enzymes are highly specialized proteins that fundamentally drive chemical kinetics within living cells. They interact with specific reactants, known as substrates, according to the standard mechanism:
E + S ⇄ ES ⇄ EP ⇄ E + P
Where E represents the free enzyme, S is the incoming substrate, ES is the temporary Enzyme-Substrate Complex, EP is the Enzyme-Product Complex, and P is the newly generated product.
Key properties of enzymatic catalysis include:
• Active Site Binding: Enzymes bind substrates at a highly specialized pocket or cleft known as the active site, which matches the shape and chemical properties of the substrate.
• Rate Acceleration: They speed up the rate of a chemical reaction without being consumed or permanently modified. They emerge intact and are reused over and over.
• High Specificity: Cells express thousands of distinct enzyme types, each precisely engineered to catalyze a single specific reaction.
Thermodynamics of Catalysis
Enzymes accelerate reaction kinetics exclusively by lowering the activation energy (Ea)—the minimum energy barrier that reactants must overcome to reach the unstable transition state. By reducing this initial barrier, both the forward and reverse reactions are accelerated toward equilibrium much faster than in an uncatalyzed reaction. Crucially, enzymes do not alter the overall free energy change (ΔG) between the starting reactants and final products; they only change the speed at which that thermodynamic equilibrium is reached.
6. Enzyme Kinetics and Environmental Control
Enzyme kinetics are heavily governed by the concentration of both the enzyme and the substrate. The rate of an enzyme-catalyzed reaction increases linearly with rising substrate concentration at first. However, as substrate levels continue to increase, the rate gradually plateaus until it hits a maximum value (Vmax). This plateau occurs because the enzyme molecules become completely saturated, meaning every single active site is occupied with substrate.
Protein Denaturation
Because an enzyme's catalytic power depends entirely on its precise three-dimensional shape, any factor that disrupts this structural integrity will cause a loss of function. This process is known as denaturation, where a protein loses its tertiary and/or secondary structure. Denaturation can be triggered by:
• Temperature: Elevated thermal energy disrupts weak non-covalent interactions (hydrogen bonds, van der Waals forces). Reactions increase in speed with temperature up to an optimal point, beyond which sharp structural collapse occurs.
• pH: Changes in hydrogen ion concentration alter the ionization states of amino acid side chains, disrupting critical ionic attractions and hydrogen bonds. Every enzyme possesses a narrow optimal pH range.
• Chemicals: Heavy metals, urea, or organic solvents break apart the chemical interactions that keep the folded structure stable.
7. Enzyme Nomenclature and Classification
Enzymes are named logically based on their specific function, substrate preference, or mechanism. Below is a reference table detailing major functional classes and specific examples:
8. Non-Protein Enzyme Partners
Many enzymes cannot perform catalysis on their own and require non-protein assistance. These structural partners are divided into three major categories based on their chemical nature and how tightly they bind:
9. Key Take-Home Message
• Proteins are the structural and operational building blocks of life, and enzymes are a special type of protein designed for acceleration.
• The unique shape and configuration of a protein or enzyme directly determines its physiological function.
• All proteins are NOT enzymes. Many proteins serve entirely non-catalytic structural or regulatory roles (e.g., collagen, keratin, insulin, hemoglobin, albumin).
• Virtually ALL enzymes are proteins—with the sole exception of catalytic RNA molecules, known as Ribozymes.
Enzyme Name / Class
Catalytic Function / Substrate
Physiological Example
Kinase
Addition of phosphate groups to a substrate
Hexokinase
Dehydrogenase
Transfer of hydrogen atoms (oxidation-reduction)
Pyruvate dehydrogenase
Oxidoreductases
Catalyze generic oxidation-reduction reactions
Lactate dehydrogenase
Phosphatase
Removal of phosphate groups from target molecules
Glucose-6-phosphatase
Transferases
Catalyze the structural transfer of a functional group
Alanine aminotransferase
Ligases
Join two molecules together alongside new chemical bond formation
DNA Ligase
Polymerase
Catalyze the synthetic assembly of nucleic acid chains
DNA or RNA Polymerase
Isomerases
Catalyze the structural rearrangement of atoms within a single molecule
Phosphoglucose isomerase
Proteinase
Hydrolysis of peptide bonds within proteins
Proteinase
Lipase
Hydrolysis of ester bonds within lipid molecules
Lipase
Lactase
Hydrolysis of lactose into galactose and glucose monomers
Lactase
Sucrase
Hydrolysis of sucrose into its constituent monosaccharides
Sucrase
Acetylcholinesterase
Breaks down the active neurotransmitter acetylcholine
Acetylcholinesterase
Urease
Hydrolysis of urea into ammonia (NH3) and carbon dioxide
Urease
Partner
Biochemical Definition
Nature
Binding Type
Examples
Cofactor
A non-protein molecule or ion that binds to an enzyme to assist with its function.
Inorganic molecule (metal ions).
Loosely or tightly bound.
Mg2+ (DNA polymerase), Cu2+ (Cytochrome c oxidase), Fe2+/Fe3+ (Catalase).
Coenzyme
A carbon-containing, non-protein molecule that temporarily binds to help the enzyme carry out its activity.
Organic molecule.
Loosely bound; can easily detach after the reaction.
NAD+ (Lactate dehydrogenase), Coenzyme A (Acetyl-CoA carboxylase), Thiamine pyrophosphate (Pyruvate dehydrogenase).
Prosthetic Group
A permanently bound structural piece required for biological activity; does not dissociate.
Organic or inorganic.
Covalently attached or very tightly bound.
Biotin (Pyruvate carboxylase), FAD (Succinate dehydrogenase), Heme group (Hemoglobin, Cytochrome c).",
Fuel molecules and energetics,"Comprehensive Reference Guide:
Fuel Molecules and Energetics
An Instructor's Detailed Analysis of Catabolism, Metabolic Pathways, and Cellular Respiration
1. Foundations of Cellular Energetics & Thermodynamics
Cellular metabolism constitutes a continuous network of highly coordinated chemical reactions essential for sustaining life. These processes are fundamentally governed by the laws of thermodynamics, which dictate how energy is stored, transformed, and utilized within biological systems.
The Laws of Thermodynamics in Biological Systems
• First Law of Thermodynamics: Energy can neither be created nor destroyed; it can only be converted from one form to another. The total quantity of energy within an isolated system remains constant during a transformation.
• Cellular Transformations: Biological systems process energy in multiple modalities—chemical, electrical, thermal, radiant (light), and mechanical. Cells act as chemical transducers, converting potential energy stored within the chemical bonds of fuel molecules into kinetic energy (such as muscle contraction or active transport).
Gibbs Free Energy and Reaction Coupling
The total internal energy of a system is defined as enthalpy (H). Biological transformations convert this energy into two components: usable energy that can perform work under uniform temperature and pressure, known as Gibbs Free Energy (G), and unusable energy, termed entropy (S), which is dissipated into the environment as heat at absolute temperature (T). The change in these parameters is mathematically expressed as:
ΔG = ΔH - TΔS
Chemical reactions are classified into two bioenergetic categories based on their thermodynamic behavior:
• Exergonic Reactions (-ΔG): These reactions release free energy into the system. The products possess a lower energy state than the initial reactants. Catabolic pathways are inherently exergonic, liberating the potential energy locked within macromolecular structures.
• Endergonic Reactions (+ΔG): These reactions consume free energy. The products reside at a higher energy state than the reactants, meaning the reaction cannot proceed spontaneously. Anabolic pathways (such as protein synthesis, lipid synthesis, glycogenesis, and gluconeogenesis) are endergonic and require an energetic input.
To drive endergonic processes, cells utilize energy coupling, where the free energy released from an exergonic pathway is harnessed to power an endergonic reaction. This coupling is mediated by Adenosine Triphosphate (ATP).
Adenosine Triphosphate (ATP) Mechanics
ATP is the principal energetic currency of the cell. Structurally, it is a nucleotide comprised of an adenine ring, a ribose sugar, and three sequentially linked phosphate groups. The bonds bridging the phosphate groups are high-energy phosphoanhydride bonds that store significant potential chemical energy.
When a cell requires free energy to power work (e.g., active transport, cell division, DNA synthesis, protein translation, or mechanical muscle contraction), it initiates the exergonic cleavage of the terminal phosphate bond via a specialized enzyme, ATP hydrolase (ATPase):
ATP + H2O → ADP + Pi + Energy
2. Glucose Catabolism and Carbohydrate Metabolism
Glucose represents the primary, most efficient, and fastest fuel molecule utilized by human cells for metabolic ATP production. Carbohydrate catabolism proceeds through a sequence of compartmentalized phases, starting with cytosolic glycolysis and progressing into the mitochondrial matrix.
Glycolysis
Glycolysis is a ubiquitous metabolic pathway occurring exclusively within the cytosol. It involves the oxidation of a single 6-carbon glucose molecule into two 3-carbon pyruvate molecules. This pathway is split into two functional phases:
1. Preparatory Phase (Energy Investment): The cell invests two molecules of ATP to phosphorylate glucose, destabilizing the hexose ring and converting it into fructose-1,6-bisphosphate. This step acts as an endergonic preparatory phase designed to maximize energy recovery later.
2. Payoff Phase (Energy Generation): The 6-carbon intermediate is cleaved into two 3-carbon triose phosphate sugar molecules (glyceraldehyde-3-phosphate). These undergo coordinated oxidation and substrate-level phosphorylation, yielding 4 molecules of ATP and reducing 2 molecules of NAD+ into NADH.
Net Glycolytic Yield: 2 Pyruvate + 2 ATP + 2 NADH per glucose molecule.
The Fate of Pyruvate: Oxygen-Dependent Branching
Following glycolysis, the metabolic fate of pyruvate depends strictly on cellular oxygen availability:
• Anaerobic Conditions (Absence of Oxygen): Pyruvate is reduced within the cytosol to L-Lactate by the enzyme lactate dehydrogenase. This exergonic step (ΔG°' = -25.1 kJ/mol) consumes one molecule of NADH, oxidizing it back to NAD+. This regeneration of NAD+ is vital to ensure a continuous pool of electron acceptors for glycolysis to continue producing ATP under hypoxic conditions.
• Aerobic Conditions (Presence of Oxygen): Pyruvate is actively transported across the mitochondrial outer and inner membranes into the mitochondrial matrix to undergo permanent oxidative decarboxylation.
Pyruvate Dehydrogenase (PDH) Complex Mechanics
Once inside the mitochondrial matrix, pyruvate is processed by the Pyruvate Dehydrogenase (PDH) complex—a highly organized multi-subunit enzymatic machinery. PDH links glycolysis directly to the Citric Acid Cycle by converting the 3-carbon pyruvate into a 2-carbon Acetyl-CoA molecule. This highly exergonic reaction (ΔG°' = -33.4 kJ/mol) releases one molecule of CO2 and reduces one molecule of NAD+ to NADH.
The structural functionality of the PDH complex requires specific inorganic and organic co-factors:
• Inorganic Cofactor: Magnesium ions (Mg2+).
• The 5 Essential Coenzymes: Thiamine Pyrophosphate (TPP, derived from B-group vitamin B1), Flavin Adenine Dinucleotide (FAD), Lipoic Acid, Coenzyme A (CoA-SH), and Nicotinamide Adenine Dinucleotide (NAD+).
The Citric Acid Cycle (Krebs or TCA Cycle)
The Citric Acid Cycle (CAC) is the central metabolic turntable of cellular respiration. It is located inside the mitochondrial matrix and acts as a common pathway connecting carbohydrate, lipid, and amino acid catabolism.
The cycle initiates when the 2-carbon acetyl group of Acetyl-CoA is transferred to the 4-carbon acceptor molecule, oxaloacetate, to form the 6-carbon molecule, citrate. This step is catalyzed by a sequence of distinct enzymes. As citrate progresses through consecutive oxidative decarboxylation steps, it is systematically oxidized to regenerate oxaloacetate.
Net Yield per Single Turn of the Citric Acid Cycle:
• 3 molecules of NADH
• 1 molecule of FADH2
• 1 molecule of GTP (or ATP via substrate-level phosphorylation)
• 2 molecules of CO2
Because a single glucose molecule yields two pyruvates, a full glucose molecule results in two turns of the cycle, doubling the yields above.
3. Lipid Catabolism: Fatty Acid Metabolism
Fatty acids serve as the premier high-yield, long-term energy reserve of the human body. Compared to carbohydrates, lipid catabolism yields a vastly superior quantity of ATP per molecule, though it requires a slower, strictly aerobic breakdown process.
Mobilisation and Cellular Activation
Stored triacylglycerols undergo enzymatic hydrolysis to release free fatty acids (FFAs) into circulation. These are categorized by carbon chain length: short/medium-chain fatty acids (≤ 12 carbons) can diffuse directly into cells and cross mitochondrial borders, whereas long-chain fatty acids (≥ 14 carbons) require specific transport systems and cellular activation via attachment to Coenzyme A to form Fatty Acyl-CoA.
Mitochondrial Beta-Oxidation
Beta-oxidation occurs inside the mitochondrial matrix and breaks down saturated fatty acids. It proceeds through a repeating cycle of four enzymatic reactions that clip the fatty acid chain by 2 carbon atoms from the carboxyl end in each cycle. Each single loop of beta-oxidation yields:
• 1 molecule of Acetyl-CoA
• 1 molecule of FADH2
• 1 molecule of NADH
The generated Acetyl-CoA directly enters the Citric Acid Cycle, while the reduced electron carriers (NADH and FADH2) feed their high-energy electrons into the Electron Transport Chain. This requires continuous oxygen availability to sustain the cycle.
Palmitoyl-CoA Energetic Quantification
To understand the massive energy density of lipids, consider Palmitic Acid, a common 16-carbon saturated fatty acid. When activated to Palmitoyl-CoA, it undergoes 7 rounds of beta-oxidation, yielding:
• 8 molecules of Acetyl-CoA
• 7 molecules of FADH2
• 7 molecules of NADH
When these 8 Acetyl-CoA molecules are processed through the Citric Acid Cycle, and all resulting electron carriers undergo oxidative phosphorylation, the total net ATP yield is approximately 108 ATP molecules. This completely eclipses the energy output of glucose oxidation.
4. Protein and Amino Acid Metabolism
Proteins are not primary energetic fuel molecules; they function as a structural and functional backup. The body preserves proteins, utilizing them for energy only during prolonged fasting, starvation, or when glucose and fatty acid stores are severely depleted.
Transamination
The initial step of amino acid catabolism takes place within the liver (specifically inside both the cytosol and mitochondria of hepatocyte cells). Because the alpha-amino group (-NH3+) prevents direct carbon skeleton oxidation, it must be safely removed via transamination. This reaction transfers the amino group from the amino acid to a keto-acid acceptor (typically alpha-ketoglutarate), converting it into glutamate. This process relies on the coenzyme pyridoxal phosphate (derived from vitamin B6).
Deamination and the Urea Cycle
The amino group collected by glutamate is subsequently shorn off inside the liver via oxidative deamination, releasing it as highly toxic free ammonia (NH3). To protect neurological and systemic tissues, the liver quickly channels this toxic ammonia into the urea cycle, converting it into water-soluble, non-toxic urea, which is safely excreted by the kidneys.
Fate of the Carbon Skeleton
Once the blocking amino group is removed, the remaining structural carbon skeleton is converted into metabolic intermediates. These intermediates can enter the central respiratory pathway at various stages (as pyruvate, acetyl-CoA, or specific intermediates of the Citric Acid Cycle), depending on their original chemical composition.
5. Oxidative Phosphorylation & ATP Yield Comparison
The final phase of cellular respiration is oxidative phosphorylation, which takes place across the inner mitochondrial membrane. It represents the point where the reduced electron carriers (NADH and FADH2) generated by all upstream catabolic pathways are converted into massive pools of ATP.
The Electron Transport Chain (ETC) and Proton Potential
NADH and FADH2 deliver their high-energy electrons to a series of multiprotein electron complexes (Complexes I-IV) embedded within the inner mitochondrial membrane. As electrons pass through these complexes toward the ultimate terminal electron acceptor—Oxygen (O2)—the liberated energy is used to pump hydrogen ions (protons, H+) from the mitochondrial matrix into the intermembrane space.
This targeted pumping sets up a steep electrochemical proton gradient (proton motive force) across the inner membrane. At Complex IV, oxygen combines with protons to generate water:
2H+ + 1/2 O2 + 2e- → H2O
F1F0 ATP Synthase
Because the inner mitochondrial membrane is impermeable to free protons, the accumulated protons must pass through a specialized multi-subunit protein complex called the F1F0 ATP Synthase. This complex acts as a microscopic molecular motor. The physical flow of protons down their electrochemical gradient through the F0 base component drives the mechanical rotation of the F1 catalytic head unit. This rotational mechanical energy forces ADP and inorganic phosphate together, synthesizing large quantities of ATP.
Fuel Selection and Energetic Summary Table
The human body selectively prioritizes its fuel sources based on speed, efficiency, and physiological demands:
6. Clinical Core Concept
“Glucose for Speed, Fatty Acids for Endurance, Proteins as a Last Resort!”
Learning Outcomes Focus:
1. Outline the process of catabolism of glucose, lipids, and proteins.
2. Discuss how energy production is linked to the availability of oxygen.
3. Compare energy production from different fuel molecules (carbohydrates and lipids).
Fuel Molecule
Catabolism Speed
ATP Yield
Oxygen Requirement
Primary Physiological Role
Glucose
Fast / Immediate
Moderate (~30-32 ATP)
Anaerobic & Aerobic
Primary source for rapid energy
Fatty Acids
Slow / Delayed
Very High (e.g., 108 ATP)
Strictly Aerobic
Long-term sustained endurance
Amino Acids
Variable Backup
Variable
Strictly Aerobic
Emergency fuel during starvation",
Integrated metabolism,"Integrated Metabolism: A Comprehensive Review
Based on Monash School of Medicine Lecture Notes (MED1100)
1. Introduction and Learning Objectives
Metabolic integration coordinates biochemical pathways across specialized organs to maintain homeostasis. This article explores tissue-specific profiles, pathway interrelationships, interorgan metabolite flux across fed/fasted states, and endocrine regulation by insulin and glucagon.
Key Objectives:
�	Outline specialized metabolic pathways in the liver, adipose tissue, skeletal and heart muscle, brain, and red blood cells.
�	Discuss the interrelationship of carbohydrate, lipid, and protein metabolism across specialized systems.
�	Compare the interorgan flux of metabolites during the well-fed state and the fasted state.
�	Explain the endocrine roles of insulin and glucagon in regulating systemic metabolic networks.
2. Overview of Tissue-Specific Metabolism
Each cell type possesses a distinct enzyme profile suited to its physiological function:
Liver: The central hub. Processes dietary macronutrients, synthesizes and distributes lipids, ketone bodies, and glucose, and detoxifies excess nitrogen via urea synthesis.
Pancreas: The endocrine regulator. Secretes insulin and glucagon from the Islets of Langerhans to coordinate blood glucose levels.
Adipose Tissue: The energy reservoir. Synthesizes, stores, and mobilizes triacylglycerols. Brown adipose tissue performs thermogenesis.
Skeletal Muscle: The mechanical worker. Uses ATP generated aerobically or anaerobically to perform physical movement.
Cardiac Muscle: The continuous pump. Relies strictly on aerobic respiration to generate ATP for unceasing muscular contraction.
Brain: The control center. Transports ions continuously to maintain membrane potential; relies heavily on a constant glucose supply.
Red Blood Cells (RBCs): The specialized transporters. Lacking organelles, they rely exclusively on anaerobic glycolysis for survival.
3. Integrated Metabolism of the Liver
The liver handles multiple metabolic inputs through unique enzymatic pathways. Glucose enters hepatocytes passively via the high-capacity, low-affinity GLUT2 transporter. This allows internal glucose levels to equilibrate rapidly with blood concentrations, facilitating maximal glucose uptake when blood sugar levels are high.
Glucose 6-Phosphate (G6P) as the Metabolic Transfer Station
Once inside, glucose is phosphorylated into Glucose 6-Phosphate (G6P). G6P stands as the ultimate 'Transfer Station' with diverse metabolic fates depending on cellular signals:
�	Dephosphorylation to free glucose for release into the blood when levels fall.
�	Conversion to glycogen (Glycogenesis) during energy or glucose surplus.
�	Oxidation into pyruvate via glycolysis, fueling the Citric Acid Cycle (TCA) and oxidative phosphorylation to yield ATP.
�	Diversion into the Pentose Phosphate Pathway to generate NADPH and Ribose 5-phosphate for nucleotide synthesis.
�	Conversion into Acetyl-CoA to act as a precursor for fatty acid synthesis (FAS) and cholesterol.
Lipid and Amino Acid Handling in the Liver
Fatty acid pathways shift between Lipogenesis (stimulated by high glucose/insulin) and Lipolysis / _-oxidation during fasting or low-glucose states. During prolonged fasting, acetyl-CoA accumulation shifts to Ketogenesis, generating water-soluble ketone bodies for the brain and peripheral tissues.

For proteins, the liver is unable to store amino acids in bulk. Excess amino acids undergo Deamination, separating carbon skeletons from toxic ammonia. Carbon skeletons enter gluconeogenesis or the TCA cycle, while ammonia is immediately cleared through the Urea Cycle. Leftover amino acids are used to synthesize vital plasma proteins and tissue building blocks.
4. Metabolic Functions of Adipose Tissue
Adipose tissue is split into two functionally distinct forms: White Adipose Tissue (WAT) and Brown Adipose Tissue (BAT).
White vs. Brown Adipocytes
White Adipose Tissue (WAT) represents the vast majority of body fat. Its primary functions include long-term energy storage (storing excess energy as triacylglycerols and releasing them via lipolysis), thermal insulation, cushioning vital organs from mechanical shock, and hormone secretion (e.g., leptin for appetite regulation and adiponectin for metabolic control). WAT cells are characterized by a single massive lipid droplet that pushes the nucleus to the periphery, containing very few mitochondria.

Brown Adipose Tissue (BAT) is highly prevalent in newborns and infants to combat cold exposure. Instead of storing energy, its sole objective is to generate heat via non-shivering thermogenesis. BAT cells contain multiple smaller lipid droplets and are packed with mitochondria. They uniquely express Uncoupling Protein 1 (UCP1 / Thermogenin), which permeabilizes the inner mitochondrial membrane, allowing protons to leak back into the matrix. This collapses the proton gradient, redirecting the energy of the electron transport chain away from ATP synthesis and entirely into heat generation.
5. Skeletal and Cardiac Muscle Metabolism
Muscle tissues use chemical energy to perform mechanical work, shifting their__ preferences according to exertion and fiber type.
Fiber Specialization and Fuel Dynamics
Slow-Twitch (Red) Muscle Fibers: Built for endurance (e.g., marathon running, posture). They possess high fatigue resistance, are rich in myoglobin and mitochondria, and generate ATP via aerobic oxidation of fatty acids, ketone bodies, and blood glucose.

Fast-Twitch (White) Muscle Fibers: Engineered for short, explosive bursts of power (e.g., sprinting, weightlifting). They have low fatigue resistance, fewer mitochondria, and rely primarily on anaerobic glycolysis, converting muscle glycogen into lactate.

Phosphocreatine: During the onset of sudden heavy activity, fast-twitch fibers use phosphocreatine degradation to immediately regenerate ATP from ADP without waiting for metabolic pathways to accelerate.
Oxygen Debt and The Cori Cycle
Following vigorous anaerobic exercise, rapid breathing persists to resolve an Oxygen Debt. This extra oxygen fuels oxidative phosphorylation to replenish ATP and phosphocreatine stores. To prevent toxic lactic acidosis, the liver and muscles engage in the Cori Cycle. Excess lactate generated by muscles is transported via the blood to the liver, where it is converted back into glucose through ATP-driven gluconeogenesis. This glucose is then returned to the muscles to rebuild glycogen stores.
6. Metabolic Features of the Brain and Red Blood Cells
The brain and red blood cells have incredibly strict fuel dependencies due to structural limitations:
Red Blood Cells (RBCs): Mature RBCs lack mitochondria and all other intracellular organelles. Because they cannot execute _-oxidation or the TCA cycle, they rely 100% on glucose, utilizing anaerobic glycolysis exclusively. Consequently, RBCs exhibit the highest specific rate of glucose utilization of any cell in the body.


The Brain: The brain requires a constant, unceasing supply of glucose to drive ion pumps and maintain membrane potential. Under normal conditions, it burns glucose exclusively. However, during prolonged fasting or starvation where blood glucose is scarce, the brain adapts to utilize water-soluble ketone bodies produced by the liver as an alternative respiratory fuel.
7. Endocrine Regulation and Interorgan Flux
Systemic metabolism transitions between two overarching states coordinated by endocrine signals from the Islets of Langerhans in the pancreas:
The Well-Fed State (The Lipogenic Liver)
Triggered by high blood glucose levels, pancreatic _-cells secrete insulin. Insulin promotes anabolism and energy storage: the liver accelerates glycogenesis and lipogenesis (converting excess glucose into glycogen and VLDL-triacylglycerols), while adipose tissue takes up circulating fatty acids for storage, and muscle tissue builds up its glycogen reserves.
The Fasting State (The Glucogenic Liver)
Triggered by dropping blood glucose levels, pancreatic _-cells secrete glucagon. Glucagon acts as a catabolic signal to mobilize fuel stores. The liver halts glycogen synthesis and activates glycogenolysis and gluconeogenesis (using lactate, glycerol, and amino acids) to release free glucose into the blood. Concurrently, adipose tissue activates lipolysis to release free fatty acids into the blood (bound to albumin), providing fuel for muscle tissue and substrate for hepatic ketogenesis to sustain the brain.
8. Summary (Take-Home Message)
Metabolism is not an isolated cellular event but an integrated organism-wide network. The liver serves as the dynamic processing hub, adipose tissue serves as the long-term buffer, and muscles operate as major energy consumers. Systemic homeostasis depends completely on the pancreatic hormonal switch between insulin and glucagon to appropriately direct interorgan metabolite flux during nutritional abundance and scarcity.",
Population genetics,"Comprehensive Reference Guide: Population Genetics and Genomics
Based on the Lectures of Prof. Maude E. Phipps, Ph.D. (Cantab), B.Sc. (Hons) (Mal)
Professor of Human Genetics
Jeffrey Cheah School of Medicine and Health Sciences, Monash University Malaysia
Contact: Maude.Phipps@monash.edu
1. Executive Summary & Learning Objectives
This comprehensive article details the core mathematical, theoretical, and clinical foundations of population genetics and genomics as delivered in the medical genetics curriculum. Population genetics acts as the bridge between theoretical evolutionary mechanics and clinical medicine, facilitating an understanding of how genetic variation is maintained, modified, and distributed across geographical spaces and historical time scales. By mapping these variations, medical clinicians and researchers can better comprehend the prevalence of specific genetic disorders and optimize healthcare provision for diverse patient populations.
Key Learning Objectives covered in this document include:
Understanding the fundamental aspects of population genetics, population genomics, and human genetic diversity.
Describing the genetic structure of populations using allele and genotype frequencies under the mathematical framework of the Hardy-Weinberg Equilibrium (HWE).
Analyzing the diversity of traits and examining why particular genetic disorders are significantly more prevalent in specific sub-populations or ethnic groups compared to others.
2. Defining Population Genetics vs. Population Genomics
To properly engage with the material, a clear distinction must be made between the traditional field of population genetics and the modern advancement of population genomics:
Population Genetics: Focuses primarily on the mathematical and theoretical aspects of genetics, specifically linked to the study of genetic variation within populations. It involves the direct examination and modeling of changes in the frequencies of genes and alleles across explicit coordinates of space and time.
Population Genomics: Represents the large-scale application of modern high-throughput genomic technologies (such as high-density microarrays, next-generation sequencing, and large sequence panels) to investigate whole populations of organisms or humans. It applies these comprehensive datasets to decipher how thousands of genes interact and contribute collectively to human health, well-being, disease predisposition, and therapeutic responses.
3. The Mathematical Architecture of the Gene Pool
A population's genetic architecture is completely described by its allele and genotype frequencies. The entirety of the alleles at a specific locus within an interbreeding population is defined as the Gene Pool. While a single diploid individual can carry a maximum of two unique alleles at a given autosomal locus, the broader population-wide locus can be polymorphic, containing multiple alternative alleles.
3.1 Calculating Allele Frequencies
Allele frequencies represent the proportion of a specific allele within the overall gene pool. They are estimated by direct counting within a sample of sampled individuals. For a standard diallelic locus with two alleles, designated as A and a, three distinct genotypes are possible: homozygous dominant (AA), heterozygous (Aa), and homozygous recessive (aa).
Frequency (p or q) = [ Number of copies of the specific allele in the population ] / [ Sum of all alleles in the population ]
Measures of allele frequency are strictly bounded between 0 and 1, and the sum of all allele frequencies at a single locus must always equal 1 (p + q = 1).
Let N be the total number of diploid individuals in the population sample. The total number of copies of both alleles combined is equal to 2N. Let:
• NAA = Number of individuals homozygous for the A allele (AA)
• NAa = Number of heterozygous individuals (Aa)
• Naa = Number of individuals homozygous for the a allele (aa)
Therefore, the total absolute counts of each allele can be mathematically expressed as:
Total number of A alleles = 2 * NAA + NAa
Total number of a alleles = 2 * Naa + NAa
From these absolute counts, the relative frequencies p (frequency of allele A) and q (frequency of allele a) are formulated as:
p = (2 * NAA + NAa) / 2N
q = (2 * Naa + NAa) / 2N
3.2 Case Study: Allele Frequencies vs. Genotype Frequencies
An essential rule of population genetics is that populations can possess identical allele frequencies yet possess entirely distinct genotype distributions. Consider the following dataset representing two distinct populations, each consisting of exactly 200 diploid individuals (yielding a total gene pool size of 400 alleles per locus):
Conclusion: The allele frequencies for A and a are completely identical in both populations (p = 0.55, q = 0.45), indicating they share the exact same gene pool configuration for this specific locus. However, their physical genotype frequencies are significantly different, highlighting the necessity of an analytical equilibrium model to evaluate if a population is mating randomly or undergoing evolutionary change.
4. The Hardy-Weinberg Law, Equilibrium, and Equation
The Hardy-Weinberg law provides a baseline null model for population genetics. It solves a historically profound question: Why does a dominant trait not naturally increase in a population at the expense of a recessive one? Formulated independently by G.H. Hardy and Wilhelm Weinberg, the law states that in a large, randomly mating population, allele and genotype frequencies remain entirely constant from generation to generation in the complete absence of evolutionary forces.
The stringent model situations required to maintain Hardy-Weinberg Equilibrium (HWE) include:
Infinite or sufficiently large population size (to completely avoid statistical sampling errors/genetic drift).
Random mating (panmixia) across all individuals.
No mutations introducing new alleles or altering existing ones.
No migration or gene flow (completely closed population).
No natural selection favoring one genotype over another (equal reproductive fitness across all genotypes).
4.1 The Hardy-Weinberg Equation
When a population meets these HWE criteria, the expected genotype frequencies can be derived entirely by multiplying the individual allele frequencies. If p represents the frequency of allele A and q represents the frequency of allele a, the binomial expansion yields the classic Hardy-Weinberg Equation:
p² + 2pq + q² = 1
Where:
• f(AA) = p² (Expected genotype frequency of homozygous dominant individuals)
• f(Aa) = 2pq (Expected genotype frequency of heterozygous individuals)
• f(aa) = q² (Expected genotype frequency of homozygous recessive individuals)
Using our previous allele frequencies (p = 0.55, q = 0.45), the mathematically expected genotype distribution under strict HWE conditions would be:
• f(AA) = (0.55)² = 0.3025 (or 30.25%)
• f(Aa) = 2 * 0.55 * 0.45 = 0.4950 (or 49.50%)
• f(aa) = (0.45)² = 0.2025 (or 20.25%)
4.2 Clinical and Analytical Usefulness of HWE
While natural populations virtually never meet all the stringent conditions required to stay perfectly in equilibrium, the HWE model is an invaluable medical and analytical tool for several primary reasons:
Predicting Frequencies: It allows clinical geneticists to calculate expected genotype frequencies directly from easily observable phenotypes or simple allele counts.
Identifying Evolutionary Mechanisms: By providing a baseline model where there is no evolution, any statistically significant pattern of deviation from HWE immediately flags that a specific mechanism of evolution (e.g., selection, non-random mating) is actively operating on that specific locus.
Prompting Etiological Investigation: A clear deviation should prompt clinicians and epidemiologists to hunt for the underlying biological or social factors causing the imbalance, such as a strong heterozygote advantage or negative assortative mating.
Genetic Counselling and Carrier Frequencies: For rare autosomal recessive disorders, the frequency of affected individuals (aa) is known (q²). Clinicians can easily calculate the carrier frequency (2pq) to inform couples of their precise risk of passing on a deleterious mutation.
5. Statistical Evaluation: Observed vs. Expected Case Studies
To master the application of HWE in medical genomics, we must analyze explicit population datasets to contrast observed physical counts with mathematically expected values.
5.1 Population A: Adherence to Hardy-Weinberg Equilibrium
A cohort of 1,000 random individuals is selected and genotyped for a diallelic locus with alleles A and a. The observed genotype counts are:
• Observed AA = 800 individuals
• Observed Aa = 185 individuals
• Observed aa = 15 individuals
Total Sample Size (N) = 1,000; Total Gene Pool (2N) = 2,000 alleles.
Step 1: Calculate the empirical allele frequencies from the observed counts:
p = (2 * NAA + NAa) / 2N = (2 * 800 + 185) / 2000 = 1785 / 2000 = 0.8925
q = (2 * Naa + NAa) / 2N = (2 * 15 + 185) / 2000 = 215 / 2000 = 0.1075
Step 2: Calculate the expected individual counts by applying the HWE equation back to the total population size (1,000):
Expected AA = p² * N = (0.8925)² * 1000 = 0.79655 * 1000 = 796.5
Expected Aa = 2pq * N = 2 * (0.8925) * (0.1075) * 1000 = 0.19188 * 1000 = 191.9
Expected aa = q² * N = (0.1075)² * 1000 = 0.01155 * 1000 = 11.6
Analysis: The observed counts (800 AA, 185 Aa, 15 aa) match the expected HWE distribution (796.5 AA, 191.9 Aa, 11.6 aa) remarkably closely. This minimal variance tells us that Population A is currently in complete equilibrium for this locus, indicating that mating is completely random and selection forces are absent.
5.2 Population B: Significant HWE Deviation and Heterozygote Advantage
A separate cohort of 1,000 random individuals is genotyped at a distinct medical locus with alleles B and b. The observed genotype counts reveal a starkly different distribution:
• Observed BB = 430 individuals
• Observed Bb = 540 individuals
• Observed bb = 30 individuals
Step 1: Calculate the empirical allele frequencies from these counts:
p = (2 * NBB + NBb) / 2N = (2 * 430 + 540) / 2000 = 1400 / 2000 = 0.70
q = (2 * Nbb + NBb) / 2N = (2 * 30 + 540) / 2000 = 600 / 2000 = 0.30
Step 2: Compute the HWE expected values for this allele distribution (p = 0.70, q = 0.30):
Expected BB = p² * N = (0.70)² * 1000 = 0.49 * 1000 = 490
Expected Bb = 2pq * N = 2 * (0.70) * (0.30) * 1000 = 0.42 * 1000 = 420
Expected bb = q² * N = (0.30)² * 1000 = 0.09 * 1000 = 90
Biological Deduction (Heterozygote Advantage): Population B exhibits a massive excess of heterozygous individuals (540 observed vs 420 expected) alongside a marked deficit in both classes of homozygotes. This major deviation points clearly to a biological phenomenon known as Heterozygote Advantage (or overdominance), where individuals carrying one of each allele have an explicitly elevated biological fitness and reproductive survival rate over either homozygous form.
6. Evolutionary Drivers and Disruptors of HWE
When significant deviations from HWE occur, it indicates that core evolutionary drivers are actively sculpting the population's gene pool. In medical genetics, these forces dictate the geographic prevalence of human hereditary disorders.
6.1 Mutation
Because natural mutation rates are inherently very low across human generations, mutations on their own cause only minor, almost imperceptible deviations from HWE. However, if uncharacteristically large deviations are discovered at a specific locus, it serves as a critical flag prompting researchers to hunt for secondary complicating environmental mechanisms, such as localized exposure to mutagenic industrial toxins or radiation.
6.2 Migration and Gene Flow
Gene flow refers directly to the physiological migration of fertile individuals and the consequent movement of gametes between distinct populations. Migration adds entirely new alleles to an isolated gene pool or dramatically shifts existing allele frequencies. In population dynamics, a larger, highly connected gene pool is almost always biologically superior and more resilient to recessive disease manifestation than a highly limited, closed one.
6.3 Nonrandom Mating: Consanguinity vs. Outbreeding
Mating patterns exert a profound influence over the distribution of genotypes without altering overall allele frequencies directly:
Consanguinity and Inbreeding: Mating between closely related individuals leads to a severe, predictable increase in homozygosity. This exposes rare, hidden deleterious recessive alleles, significantly driving up the physical incidence of rare congenital disorders within that population.
Outbreeding: Mating between completely unrelated individuals systematically increases heterozygosity across the genome, buffering the organism against recessive genetic defects.
6.4 Positive and Negative Selection
Natural selection modifies the gene pool by altering the reproductive fitness of explicit genotypes:
Negative (Purifying) Selection: Deleterious traits or harmful genotypes experience severe negative selection due to the severely reduced reproductive fitness of affected individuals. In the absolute absence of recurrent new mutations, this reduction in fitness leads directly to a steady, generational decline in the frequency of the mutant gene.
Positive Selection: Occurs when an advantageous mutation arises and sweeps rapidly through a population because it confers a distinct survival advantage under localized environmental pressures.
The Medical Model of Selection: Sickle-Cell Disease.
The classic clinical manifestation of positive selection and heterozygote advantage in humans occurs in Sickle-cell disease. Heterozygous individuals (carrying one normal hemoglobin allele and one sickle allele) are highly resistant to the lethal malaria parasite, Plasmodium falciparum. Upon intraerythrocytic infection by the parasite, their red blood cells undergo selective 'sickling' and are rapidly filtered out and destroyed by the spleen. Because these heterozygotes possess a profound biological advantage in malaria-endemic regions, their proportion increases over generations, maintaining the dangerous sickle allele at a high frequency within the population despite its lethality in the homozygous recessive state.
6.5 Genetic Drift and the Founder Effect
Genetic drift represents the random, stochastic fluctuation of allele frequencies due to pure chance sampling errors across generations, a force that is heavily magnified in very small populations. A major subset of genetic drift is the Founder Effect, which occurs when a small handful of individuals leaves a larger parent population to colonize a new, isolated region. This colonizing pioneer population is highly unlikely to carry a representative sample of all the alleles present in the original population. Consequently, the new population develops a distinct, narrow gene pool where a rare, random mutation carried by a single original founder can expand to become extraordinarily common.
7. Clinical Manifestations of the Founder Effect in Human Populations
The combination of a founder effect followed by social, religious, or geographic isolation explains why several rare hereditary disorders exhibit a remarkably high incidence in very specific global populations:
Ashkenazi Jewish Population: Exhibits an uncharacteristically high incidence of rare autosomal recessive metabolic storage disorders, most notably Tay-Sachs disease and Gaucher's disease, driven by historical bottleneck events and strict endogamy.
Hopi Indians of Arizona: Possess an extraordinarily high localized frequency of Albinism, directly traceable to a small original founder gene pool coupled with strong geographic and cultural isolation.
The Afrikaner Population of South Africa: Provides classic human models for both recessive and dominant founder consequences. Due to original settlement by a small group of Dutch and European colonists, the modern population exhibits high frequencies of the rare autosomal recessive disorder Lipoid proteinosis. Crucially, they also demonstrate severe founder effects for autosomal dominant disorders, most famously Variegate porphyria, a condition that inflicts severe cutaneous photosensitivity and acute, drug-induced neurovisceral disturbances in individuals carrying the single inherited gene.
8. Population Genetics Informs Precision Medicine
The structural variation mapped by population genetics has immense practical utility in modern Precision Medicine and Public Health Genomics. Because genetic variants that contribute to a given disease—and how they are explicitly expressed—vary radically between different geographic people and sub-populations, medical services cannot rely on a single uniform template.
A clear example is Pharmacogenomic Testing. When a standard drug is given to a diverse patient population with identical diagnoses, patients split into four distinct therapeutic groups based on their underlying population-specific drug-metabolizing genotypes:
1. Drug is highly toxic but highly beneficial.
2. Drug is toxic but completely NOT beneficial.
3. Drug is NOT toxic but completely NOT beneficial.
4. Drug is NOT toxic and highly beneficial (Optimal Response).
By implementing mandatory population-wide screening and pre-prescription pharmacogenomic testing, clinicians can predict precisely which category an individual patient will fall into, preventing severe adverse drug reactions and ensuring maximum therapeutic benefit. Ultimately, tracking population genomics directly impinges upon and optimizes medical genetics, diagnostic mutation recognition, clinical variant validation, mutation rate calculations, diagnostic confirmation, and professional genetic counseling.
References & Scientific Literature Credits
1. Phipps, M. E. (2021). Population Genetics Lecture Slides, Jeffrey Cheah School of Medicine and Health Sciences, Monash University Malaysia.
2. The HUGO Pan-Asian SNP Consortium, et al. (2009). Mapping Human Genetic Diversity in Asia. Science, 326(1541). DOI: 10.1126/science.1177074
3. Molster, C., et al. (2018). The Evolution of Public Health Genomics: Exploring Its Past, Present, and Future. Frontiers in Public Health, 6, 247. DOI: 10.3389/fpubh.2018.00247
Metric / Parameter
Population 1 (Mainly Homozygotes)
Population 2 (Mainly Heterozygotes)
Mathematical Derivation
Observed Genotype Counts
NAA = 90
NAa = 40
Naa = 70
NAA = 45
NAa = 130
Naa = 25
Total Individuals (N) = 200
Total Alleles (2N) = 400
Frequency of Allele A (p)
p = (180 + 40) / 400 = 0.55
p = (90 + 130) / 400 = 0.55
p = (2*NAA + NAa) / 2N
Frequency of Allele a (q)
q = (140 + 40) / 400 = 0.45
q = (50 + 130) / 400 = 0.45
q = (2*Naa + NAa) / 2N
Genotype
Observed Counts
Expected HWE Counts
Delta (Obs - Exp)
BB
430
490
-60
Bb
540
420
+120 (Excess)
bb
30
90
-60",
Chromosome disorders,"Comprehensive Reference Guide to Human Chromosome Disorders
A Clinical and Cytogenetic Overview | Monash School of Medicine Lecture Synthesis
1. Introduction to Cytogenetics and Chromosome Structure
Human cytogenetics serves as a fundamental cornerstone for identifying, understanding, and diagnosing structural and numerical genetic abnormalities. Chromosomes constitute the physical macro-structures packaging the essential biological blueprint of life. Any structural disruption, net gain, or net loss of chromosomal sequence carries profound clinical and developmental implications, which routinely manifest across multiple systems and organ groups.
1.1 The Structural Hierarchies of DNA Packaging
To fit the extensive human genomic sequence within the microscopic confines of a cellular nucleus, DNA undergoes highly coordinated, hierarchical structural compaction:
1. DNA Double Helix: The foundational double-stranded helical chain containing individual base pairs.
2. Nucleosomes: Structural units formed when the DNA double helix wraps tightly around basic core histone proteins, creating a bead-like chromatin fiber sequence.
3. Chromatin Loops: Further wrapping, folding, and stabilization of fibers into high-order functional loop formations.
4. Chromosomes: The ultimate condensed state visible explicitly during cell division, consisting of packed sister chromatids.
1.2 Anatomy and Morphological Classification of Chromosomes
A mature chromosome possesses distinct morphological landmarks that dictate its classification and identification during cytogenetic analysis:
• Centromere: A visible constricted chromosomal region separating the long and short arms, vital for spindle fiber attachment during segregation.
• p-arm (Petit): The shorter arm of the chromosome, which by universal scientific convention is always oriented upwards in standard visual layouts.
• q-arm: The longer arm of the chromosome extending below the centromere.
• Telomeres: Specialized protective capping sequences located at the terminal tip regions (pter and qter) of each arm to preserve genomic stability.
Chromosomes are categorized into four prominent classes based strictly upon the anatomical position of the centromere:
1. Metacentric: The centromere is positioned centrally, rendering the lengths of the short and long arms equal (p = q).
2. Submetacentric: The centromere is displaced from the center, making the short arm noticeably smaller than the long arm (p < q).
3. Acrocentric: The centromere is heavily shifted towards one end, creating an extremely small short arm (p << q) often terminating in minimal satellites or stalks.
4. Telocentric: The centromere is positioned at the absolute terminal tip of the chromosome, producing long arms only (q only). Note that telocentric chromosomes are completely absent in normal human genomes.
2. Classification of Chromosomal Abnormalities
Chromosomal variations are categorized into main branches defining whether they affect the gross number of structures or their structural architecture, and whether they are inherited or somatic.
2.1 Numerical Abnormalities: Euploidy vs. Aneuploidy
Numerical disorders involve instances where the number of individual chromosomes per cell differs from the standard diploid number (46, or 23 pairs). Numerical errors in early conceptuses represent a major clinical cause of reproductive failure, accounting for approximately 95% of all identified spontaneous first-trimester miscarriages.
Numerical abnormalities are divided into two distinct mechanistic classes:
1. Euploidy and Polyploidy: Euploidy represents a chromosome complement that is an exact integer multiple of the standard haploid set (n). Polyploidy specifies a gain of an entire supplementary set of chromosomes throughout all pairs, generating Triploidy (3n, or 69 chromosomes) or Tetraploidy (4n, or 92 chromosomes). Polyploidy is frequently caused by abnormal fertilization events, such as dispermy (the fertilization of a single normal egg by two separate sperm cells). In humans, polyploidies are strictly incompatible with life and inevitably result in early miscarriage or embryonic death.
2. Aneuploidy: Refers to a state where individual cells or whole organisms possess one or more extra or missing chromosomes, meaning the total chromosome number is not an exact multiple of the haploid count (e.g., 45 or 47 chromosomes). Aneuploidies are subdivided into Monosomies (loss of a single copy from a normal pair, 2n - 1) and Trisomies (gain of an additional third copy to a normal pair, 2n + 1). They can independently target autosomal or sex chromosomes.
2.2 The Cellular Mechanisms of Aneuploidy: Nondisjunction
Aneuploidies arise primarily due to the biological failure known as nondisjunction, which describes the inability of homologous chromosomes or sister chromatids to separate properly during cellular division:
• Nondisjunction in Meiosis I: Homologous chromosome pairs fail to separate. Two gametes receive an extra chromosome (leading to trisomy post-fertilization) and two gametes completely lack that chromosome (leading to monosomy).
• Nondisjunction in Meiosis II: Sister chromatids fail to separate. This yields two normal haploid gametes, one gamete containing an extra copy, and one gamete lacking the copy entirely.
• Nondisjunction in Mitosis: Occurs post-zygotic validation during somatic cell division. This produces distinct somatic cellular clones within a single tissue environment, establishing a mosaic cell population.
2.3 Structural Abnormalities: Mechanisms and Architectural Changes
Structural alterations involve large segments of DNA being deleted, duplicated, inverted, inserted, or rearranged across chromosomes. While structural alterations carry high risks of physical malformations, individuals carrying balanced rearrangements possess significantly elevated survival statistics compared to those with numerical shifts.
Structural anomalies are classified into two critical genetic archetypes:
1. Balanced Rearrangements: Structural shifts that do not cause a net gain or net loss of essential genetic material. Balanced rearrangements (e.g., balanced inversions or reciprocal translocations) are routinely harmless to the primary carrier unless a break point happens to directly interrupt a vital coding gene sequence. However, carriers face extreme clinical risks of distributing unbalanced chromosome complements to their progeny through aberrant gametogenesis, predisposing them to recurrent miscarriages or affected children.
2. Unbalanced Rearrangements: Rearrangements that produce a net gain or net loss of functional genetic material (e.g., partial deletions or duplications). These changes alter gene dosage, leading to severe clinical, physical, and cognitive pathologies.
The primary single and multi-chromosome mutations comprise:
• Deletion (del): Loss of a segment of a chromosome, reducing genetic material.
• Duplication: Replicated copy of a chromosome segment inserted adjacent or distally, increasing material.
• Inversion (inv): A single chromosome segment breaks, rotates 180 degrees, and flips inside its original location.
• Insertion (ins): A section broken from one chromosome is inserted directly into another non-homologous structure.
• Reciprocal Translocation: Two separate, non-homologous chromosomes exchange terminal segments with one another.
• Robertsonian Translocation: A specific, unique translocation format restricted exclusively to acrocentric chromosomes. Two acrocentric chromosomes suffer breaks near their centromeric loci, resulting in the fusion of their long (q) arms into a single large chromosome, while the tiny short (p) arms are shed and lost. Because the lost p-arms contain redundant ribosomal RNA sequences, carriers are physically healthy but carry high risks of reproductive complications.
2.4 Congenital vs. Acquired Disorders
• Congenital Abnormalities: Arise inside gametes or during early embryonic development. These variants present throughout all somatic cells of the child and induce developmental phenotypes.
• Acquired Abnormalities: Occur postnatally inside somatic lines later in life, often driven by environmental exposures or errors. These mutations are typically localized to single tissue types and are frequently implicated in the oncogenic transformations that fuel cancer development.
3. Cytogenetic Methods, Nomenclature, and reporting Standards
Clinical cytogenetics relies on highly precise, internationally regulated laboratory techniques to visualize, map, and document chromosomal patterns.
3.1 Sample Sourcing and Karyotype Processing
By 1960, techniques allowed the standard cultivation and preparation of metaphase chromosomes using leukocytes derived from cultured peripheral blood samples. Modern genetic workflows look to distinct somatic tissues depending upon the clinical timeline:
• Prenatal Diagnosis: Extracted from fetal systems utilizing invasive procedures including Amniocentesis (withdrawing fetal cells floating within the amniotic fluid matrix) or Chorionic Villus Sampling (CVS, suctioning active cells directly from the developing placental chorion).
• Postnatal Diagnosis: Utilizing peripheral blood draws or specific tissue biopsies.
• Oncology / Acquired Malignancies: Sourced via dedicated bone marrow biopsies, tissue needle biopsies, excisional biopsies, or sentinel lymph node aspirations.
3.2 Idiograms and Chromosome Banding
An idiogram acts as a standardized, stylized cartoon diagram of a normal chromosome, illustrating characteristic horizontal bands visualized via chemical staining protocols (e.g., G-banding). This methodology provides a numbered coordinates layout used to describe the exact position of localized genes, define structural breakpoints, and document rearrangements.
3.3 Cytogenetic Nomenclature (ISCN Standards)
Karyotypes are documented according to the International System for Human Cytogenetic Nomenclature (ISCN). Reports list the total chromosome count, followed by a comma, the sex chromosome constitution, and any structural adjustments. Banding coordinates are listed by chromosome number, the arm letter (p or q), and specific region/band/sub-band numbers. Preparations are evaluated across varying operational optical resolutions, categorized as 400, 550, or high-resolution 850 band preps.
4. Clinical Phenotypes of Selected Chromosomal Syndromes
Aberrant genomic packaging manifests as defined, recognizable multi-system syndromes. The clinical phenotypes from the lecture include:
4.1 Autosomal Trisomies
• Down Syndrome (Trisomy 21): Clinically occurring in 1 in 150 total conceptions and roughly 1 in 1,100 live births. Its incidence exhibits a stark correlation with advancing maternal age due to long-term oocyte stagnation. Cytogenetically, 90% of cases are driven by full meiotic nondisjunction, 1% display mosaicism from mitotic division failures, and 4% arise from structural unbalanced translocations (often Robertsonian translocations). Features include distinctive facial variations, hypothetical multi-organ delay, and lower baseline muscle tone.
• Edwards Syndrome (Trisomy 18): Presenting in approximately 1 in 3,000 live births, though 72% of affected fetuses undergo spontaneous miscarriage or are stillborn. This condition is driven primarily by maternal meiotic nondisjunction and presents with severe dysmorphic anomalies. Survival beyond the first year is restricted to 10% of cases, with surviving infants experiencing profound developmental delays.
• Patau Syndrome (Trisomy 13): Occurs in 1 in 5,000 live births, with 46% terminating as spontaneous miscarriages or stillbirths. It displays a clear maternal age correlation. Affected infants exhibit severe multi-system and dysmorphic craniofacial defects; long-term survival beyond year one is limited to approximately 10%.
4.2 Sex Chromosome Aneuploidies
• Klinefelter Syndrome (47, XXY): Affecting between 1 in 550 and 1 in 1,000 biological males. Clinical manifestations include adult infertility, microorchidism, varied statural elevation, and mild learning difficulties or language delays.
• Turner Syndrome (45, X): Occurs in 1 in 5,000 live female births. It features high embryonic lethality, with at least 80% to 99% of all 45,X fetuses miscarrying spontaneously. Phenotypic signs in surviving females include standard adult infertility, gonadal dysgenesis (streak ovaries), short stature, and structural cardiovascular or aortic defects.
4.3 Partial Deletion Syndromes
• Cri-du-Chat Syndrome (5p Deletion): An unbalanced architectural rearrangement syndrome caused by a deletion on the short arm of chromosome 5. Its prevalence ranges between 1 in 20,000 and 1 in 50,000 live births. Phenotypic features vary based on the exact deletion boundaries and gene dosage loss, presenting as a high-pitched, cat-like infant cry, facial variations, low muscle tone, intellectual disability, and anomalies involving the cardiac, auditory, visual, and skeletal systems.
5. Take-Home Messages and Clinical Significance
Understanding chromosome disorders translates directly into actionable clinical guidelines:
1. Confirmatory Syndromic Diagnosis: Clinical cytogenetics acts as a diagnostic baseline to confirm or exclude specific clinical syndromes suspected on the basis of physical features or phenotypic presentation.
2. Genetic Counselling and Recurrence Risk Assessment: Mapping the exact karyotype of parents provides crucial data for reproductive counseling, allowing clinicians to evaluate risk trajectories following recurrent pregnancy loss or the birth of an affected child.
3. Recognizable Presentations: Chromosomal abnormalities produce recognizable clinical patterns that affect multiple organ systems. These shifts in critical gene dosage compromise systemic homeostasis, producing multi-organ phenotypes that require coordinated, multi-specialty medical care.
Abbreviation
Meaning
Clinical Example Format
p
Short arm of the chromosome
1q23.1 (Long arm band location)
q
Long arm of the chromosome
5p (Short arm locus)
pter
Terminal tip or end of the short arm
11pter
qter
Terminal tip or end of the long arm
14qter
cen
Centromere location
Xcen
del
Deletion of a chromosomal segment
del(5p)
der
Derivative chromosome from a rearrangement
der(20)
ins
Insertion of genetic material
ins(4;20)
inv
Inversion of a segment
inv(9)
mat / pat
Maternal origin / Paternal origin
Inherited parental source tag",
Applications of gene technologies to medicine,"Applications of Gene Technologies to Medicine

A Comprehensive Study Guide and Informative Review
Monash School of Medicine
Welcome, Student. This informative review article has been meticulously compiled from our core medical lecture series under the guidance of Dr. Nathan Habila and Dr. Ben Seyer. As future medical professionals, mastering the integration of genetic technologies into clinical diagnosis and therapeutics is vital. This article expands comprehensively on your lecture notes, covering recombinant DNA systems, polymerase chain reaction (PCR) diagnostics, cellular differentiation, therapeutic cloning modalities, classic gene therapy, and advanced CRISPR-Cas9 systems.
1. Recombinant DNA Technology & Therapeutic Host Systems
Recombinant DNA technology allows scientists to combine genetic material from multiple sources to produce large quantities of crucial clinical therapeutics, such as human insulin, synthetic vaccines, and tailored therapeutic proteins. A key clinical decision when planning expression vectors is determining the optimal host cell platform. The choice of host cell directly alters the structural integrity, biophysical function, and physiological tolerability of the produced therapeutic molecule.
Comparative Analysis of Host Systems
Medical labs primarily utilize mammalian, bacterial, or yeast cellular systems. Each system presents distinct clinical advantages and clear functional trade-offs:
2. Polymerase Chain Reaction (PCR) & Clinical Diagnostics
Polymerase Chain Reaction (PCR) serves as a corner-stone technology to replicate, amplify, and visualize target DNA strands outside of a living cell. By utilizing a specialized, heat-stable DNA polymerase enzyme, PCR can exponentially amplify a single, minute fragment of genetic material into an analytical sample suitable for rigorous diagnostic evaluation.
The Core Biochemical Requirements
To execute an in vitro PCR amplification sequence, the absolute minimum molecular requirements consist of:
Template DNA: The original specimen containing the target sequence to be copied.
DNA Polymerase: A thermal-tolerant enzyme responsible for synthesizing new complementary strands.
DNA Primers: Short, single-stranded nucleic acid sequences designed to explicitly bind flanking target zones and initiate replication.
Deoxynucleotide Triphosphates (dNTPs): The vital biochemical building blocks (dATP, dCTP, dGTP, dTTP) required for building the newly forming DNA strands.
The Three-Step Cyclical Process
PCR operates via automated, highly organized cycles of temperature shifts. Each complete amplification cycle involves three continuous phases:
1. Denaturation (at 95°C): Extreme thermal energy breaks the weak hydrogen bonds connecting native double-stranded template DNA, separating it into two isolated single strands.
2. Annealing (at 55°C): The thermal profile is systematically lowered, enabling single-stranded DNA primers to specifically hybridize to their complementary flanking sites on the target DNA.
3. Elongation / Extension (at 72°C): The temperature is raised to the optimal functional zone for DNA polymerase, which actively binds the primed strands and polymerizes dNTPs to create new double-stranded DNA molecule copies.
Amplification Kinetics and Clinical Utility
With every completed cycle of PCR, the total number of target genetic fragments doubles cleanly. This occurs via exponential expansion kinetics governed by the classic mathematical formula: Total Strands = 2^n (where 'n' represents the total number of completed cycles). To contextualize this massive yield: within just 20 cycles, a rapid process taking merely 30 to 40 minutes, a single starting molecule expands into more than 100,000 exact copies of DNA fragments.
In clinical settings, this massive amplification capacity is essential for modern diagnostic medicine. PCR assays are rapidly deployed to identify dangerous, pathognomonic microbes (both fastidious bacteria and hidden viruses) directly within patient clinical specimens, even when initial collections contain small quantities. Clinically significant DNA viruses diagnosed using sensitive PCR techniques include Adenovirus, Hepatitis B virus, Herpes simplex virus (HSV), and Human Papillomavirus (HPV). Beyond infectious disease testing, PCR is standard practice for amplifying critical human samples to discover, characterize, and diagnose genetic disorders, structural chromosomal anomalies, and aggressive oncological conditions.
3. Therapeutic Cloning vs. Reproductive Cloning
Understanding the definitive boundaries between reproductive cloning and therapeutic cloning is essential for evaluating bioethical frameworks and clinical therapeutic application pathways.
Reproductive Cloning: The explicit goal of reproductive cloning is to generate an entire, viable organism or person. Mechanistically, this involves creating a nuclear transfer zygote, growing it to a blastocyst stage, and executing a formal uterine transfer into a compatible surrogate mother for full gestation.
Therapeutic Cloning: The true goal of therapeutic cloning is exclusively to create patient-specific stem cell lines derived directly from an early embryo. These cells are carefully harvested and induced in specialized environments to grow into differentiated tissues for medical repair, completely bypassing uterine implantation.
Cellular Potency States
To fully understand therapeutic cell engineering, you must recognize the biological continuum of cellular potency and differentiation states:
Totipotent Cells: These cells hold the uninhibited power to develop into any cell type within the organism, including both embryonic tissues and extra-embryonic structural tissues (such as the placenta and amnion). Classic examples include the early oocyte-sperm zygote and the subsequent morula stage cells.
Pluripotent Cells: These versatile cells can differentiate freely into any cell type found inside the adult body, but explicitly cannot regenerate extra-embryonic tissues. The primary medical archetype is the embryonic stem cell (ESC), carefully derived from the specialized inner cell mass of a developing blastocyst.
Multipotent Cells: These restricted progenitor cells can develop only into a narrow, limited range of cell types within a particular tissue structure or target organ. These specialized cells yield localized functional populations, such as respiratory, nervous, or cardiac tissues.
Primary Engineering Approaches to Therapeutic Cloning
Medical labs utilize two primary scientific methods to achieve successful therapeutic cloning and create patient-specific cell lines:
1. Somatic Cell Nuclear Transfer (SCNT): This elegant process constructs customized embryonic stem cells. Scientists extract the somatic (body) nucleus from a patient cell and carefully transfer it into an enucleated oocyte (an egg cell completely stripped of its own genetic nucleus). Through artificial activation methods, this combined cell forms an embryo. The primary clinical objective is to grow these cells until the blastocyst stage and extract stem cells that are genetically identical to the recipient patient. This technique minimizes the risk of hyperacute and acute host-versus-graft immune rejection.
2. Genetic Reprogramming to Induced Pluripotent Stem Cells (iPSC): This alternative approach relies on reprogramming specialized adult somatic cells (such as standard skin cells harvested from a patient). By introducing an engineering vector carrying specific transcription factor genes controlled by active promoters, the fully differentiated adult skin cells revert to an undifferentiated stem cell state. These resulting non-stem cell derived iPSCs exhibit pluripotency identical to embryonic stem cells and can be induced to form specialized tissue lineages (e.g., bone tissues, muscle tissues, or nerve tissues) for transplantation back into the original patient. Active human clinical trials explore these cell types for conditions like Age-related macular degeneration (using retinal pigment epithelium), Parkinson's disease (dopaminergic neurons), Spinal cord injury (oligodendrocyte progenitors), Diabetes (pancreatic islet cell progenitors), and Myocardial infarction (cardiomyocytes).
4. Classical Gene Therapy vs. Advanced CRISPR-Cas9 Gene Editing
The medical fields of gene therapy and gene editing are fundamentally transforming how clinicians treat inherited conditions and complex diseases.
Classic Gene Therapy Principles & The Pioneering 1990 Trial
The core hypothesis of classical gene therapy states that introducing and expressing a normal, functional allele can help a patient suffering from a genetic disorder caused by two defective alleles for an important gene. The world's first clinical gene therapy trial was launched in 1990 to treat Adenosine Deaminase (ADA) Deficiency, a rare genetic disorder that profoundly compromises the immune system.
The therapeutic protocol was executed through a systematic series of cellular engineering steps:
• Somatic cells homozygous for the defective, inactive ADA allele were isolated directly from the sick patient.
• Concurrently, a therapeutic recombinant DNA vector was generated by inserting a normal, wild-type human ADA allele into a viral DNA carrier.
• The isolated patient somatic cells were infected with the modified virus, inserting the viral DNA containing the functional allele into the patient's chromosomes.
• These corrected cells were expanded in nutrient culture mediums and returned into the patient.
Clinical Outcome Analysis: This groundbreaking therapy succeeded in partially restoring the patient's compromised immune system via the temporary stimulation of vital ADA enzyme production. However, it faced a major technical barrier: the intervention did not permanently generate a renewing stem cell line containing functional genes. As a result, the benefits waned over time, demonstrating the limitations of basic addition therapies.
Advanced CRISPR-Cas9 System: Precise Molecular Scissors
Unlike classic addition therapies, gene editing involves making precise, highly targeted changes to an organism's native DNA sequence by adding, removing, or directly altering specific genetic material. The premier mechanism for modern gene editing is the CRISPR-Cas9 system, which acts as 'molecular scissors' to cut and repair DNA at exact target coordinates.
The complete molecular mechanism operates through a highly organized sequence:
1. Guide RNA (gRNA) Targeting: A custom guide RNA sequence is manufactured to match and bind a specific DNA target sequence requiring correction.
2. Cas9 Enzyme Recruitment: The engineered gRNA directs the Cas9 endonuclease protein to the precise genomic binding coordinate.
3. Double-Strand Break Creation: Upon identifying the site next to a Protospacer Adjacent Motif (PAM), the Cas9 enzyme cuts through both strands of the DNA double helix.
4. Cellular DNA Repair Activation: The host cell recognizes this break and initiates native DNA repair pathways using one of two methods (Non-Homologous End Joining or Homology-Directed Repair via a donor DNA template).
Crucial Clinical Advantage: CRISPR-Cas9 provides a transformative shift for gene therapy because it allows for the precise correction or permanent replacement of a defective gene directly within the host chromosome, rather than merely adding an uncontrolled normal allele. This capacity was demonstrated in the groundbreaking 2018 CRISPR/Cas9 clinical trial to treat beta-thalassemia. Defective blood-forming cells were harvested from the patient, edited precisely in vitro via CRISPR-Cas9 delivery, expanded in cultures, and transplanted back into the patient to re-establish healthy, permanent hemoglobin production.
Summary of Core Gene Technologies
To reinforce your knowledge for clinical examinations, review this core conceptual summary table:
Host Cell Type
Clinical & Operational Advantages
Biochemical & Physiological Drawbacks
Mammalian Cells
Produces highly accurate proteins close to natural human structure; guarantees vital post-translational modifications (e.g., complex glycosylation patterns).
Economically expensive to scale; significantly harder to cultivate, optimize, and maintain in large-scale bioreactors.
Bacterial Cells
Highly cost-effective (cheaper); exceptionally quick to establish, culture, expand, and harvest.
Completely lacks mammalian-like post-translational modification systems; severely affects molecular folding, full biological function, and significantly elevates patient immunogenicity risks.
Technology Platform
Primary Clinical Application
Core Therapeutic Impact
Recombinant DNA Technology
Production of human insulin, recombinant vaccines, and therapeutic proteins via mammalian, bacterial, or yeast hosts.
Significantly expands treatment options for chronic metabolic and immune diseases; provides superior diagnostics.
Therapeutic Cloning (SCNT / iPSC)
Constructing patient-specific cell lines and customized tissues for regenerative medicine fields.
Provides great potential to repair damaged organs and completely eliminates the risk of host immune rejection.
Gene Editing (CRISPR-Cas9)
Executing targeted changes to correct mutations, alter sequences, or resolve complex disorders like beta-thalassemia.
Provides precise solutions for genetic diseases by executing targeted correction rather than simple gene addition.",
Relevance of Genetics Genomics to Medicine,"The Relevance of Genetics and Genomics to Modern Medicine

A Comprehensive Study Guide & Detailed Lecture Analysis

Based on the Lectures of Prof. Dr. Maude E. Phipps, Ph.D. (Cantab)
School of Medicine and Health Sciences, Monash University (Malaysia)
1. Fundamentals of the Human Genome
The human genome represents the entire DNA content (i.e., genetic material) of a somatic cell, encompassing both coding genes and non-coding, inter-genic regions. Structurally, the human genome is organized into 44 autosomes and 2 sex chromosomes (XX for females, XY for males), making a total complement of 46 chromosomes. The haploid genome comprises approximately 3 billion base pairs of DNA, which code for an estimated 20,000+ functional genes.
A foundational milestone in modern biology occurred in February 2001, when two independent research groups simultaneously published the first draft sequences deciphering the human genetic blueprint. The International Human Genome Sequencing Consortium (a collective of several public academic and government laboratories) published its sequence in Nature on February 15, 2001. Its private sector rival, Celera Genomics, published its sequence in Science on February 16, 2001. A central puzzle emerging from this breakthrough was how humans, with our highly adaptable immune systems and nimble minds, could be constructed from what appeared to be surprisingly few protein-coding genes.
2. The Era of Precision and Genomic Medicine
Knowledge of the human genome has tremendous implications for the current and future practice of medicine, transitionary shifting clinical paradigms into 'Genomic Medicine'. We are now firmly embedded in the era of 'Precision Medicine,' where medical training, clinical practice, patient management, therapeutic interventions, and drug development are actively informed by the '4 Ps':
Predictive: Identifying susceptibility and risks before disease onset via advanced diagnostics.
Preventive: Utilizing genetic insights to implement proactive, target-specific preventative strategies.
Personalized: Tailoring specific medical treatments and dosages to match the unique genetic profile of the individual.
Participative: Empowering patients to take active, informed roles in their healthcare choices and lifestyle modifications.
3. The Disease Spectrum and Heritability Indices
Human diseases exist on a complex clinical spectrum ranging from those that are entirely genetic in causation to those that are largely environmental. Understanding where a disease falls on this spectrum dictates its recurrence risk and management strategy:
Heritability (denoted mathematically as h²) estimates the exact extent to which genetic factors contribute to the variation in disease risk among individuals within a given population. True clinical estimates reflect distinct population dynamics:
Duchenne Muscular Dystrophy: 90% – 99% heritability (almost completely genetic)
Ischemic Heart Disease: 40% – 60% heritability (strongly multifactorial)
Type 2 Diabetes: 40% heritability
Tuberculosis (TB): 10% – 20% heritability (predominantly environmental, but with notable host genetic susceptibility variants)
4. Classical Mendelian Inheritance Patterns
Inherited monogenic disorders follow classical inheritance patterns informed by Mendel’s Laws of Segregation and Independent Assortment of alleles within gametes during fertilization:
Autosomal Dominant (e.g., Familial Hypercholesterolemia - FHC): Driven by a single mutant allele. An affected parent has a 50% chance of passing the condition to each child, regardless of biological sex.
Autosomal Recessive (e.g., Sickle Cell Anemia - SCA): Requires two mutant alleles for clinical disease. Two carrier parents have a 25% chance of having an unaffected child, a 50% chance of a carrier child, and a 25% chance of an affected child.
Sex-Linked / X-Linked Recessive (e.g., Hemophilia A): Carried on the X chromosome. An unaffected father and a carrier mother yield a 50% risk of affected sons and a 50% risk of carrier daughters. An affected father and unaffected mother yield 100% carrier daughters and 0% affected sons. Notably, a small sub-population of female carriers may display mild clinical symptoms due to skewed X-inactivation.
5. Pharmacogenomics and Toxicological Profiles
Pharmacogenomics investigates how individual genetic variations influence therapeutic drug responses and metabolic processing. Standard trial data reveals alarmingly high ineffectiveness rates across major therapeutic categories, emphasizing the limits of uniform prescribing:
Oncology: 75% therapeutic ineffectiveness rate
Alzheimer's Disease: 70% ineffectiveness rate
Incontinence: 60% ineffectiveness rate
Hepatitis C Virus: 53% ineffectiveness rate
Osteoporosis: 52% ineffectiveness rate
Rheumatoid Arthritis: 50% ineffectiveness rate
Migraine: 49% ineffectiveness rate
Cardiac Arrhythmias & Asthma: 40% ineffectiveness rate
When patients with identical clinical diagnoses receive an identical prescription, they break down into four distinct genomic cohorts based on individual drug metabolism and toxicity profiles:
Cohort A: Drug is toxic but beneficial (high responder, high side effect profile)
Cohort B: Drug is toxic and NOT beneficial (worst clinical outcome; high risk, zero efficacy)
Cohort C: Drug is NOT toxic and NOT beneficial (therapeutic non-responder)
Cohort D: Drug is NOT toxic and beneficial (optimal clinical profile; safe and effective)
6. The Genetic Basis of Cancer and Precision Oncology
All cancers are fundamentally driven by damage to somatic or germline genes via sequential gene mutations. These genetic alterations accumulate naturally as we age or follow direct exposure to environmental mutagens (including toxic chemicals, ionizing radiation, tobacco smoke, and oncogenic viruses). When a mutated cell successfully divides, it passes its damaged genes to the next generation of cells. Over extended timelines, cells build up a cascade of sequential defects (first, second, third, and fourth mutations) until they grow entirely out of control, turning malignant.
Precision oncology bypasses generic systemic therapies by utilizing direct tumor profiling to select targeted agents:
HER2-Positive Breast Cancer: Patients testing positive for human epidermal growth factor receptor 2 (HER2) overexpression can receive targeted monoclonal antibodies (such as Trastuzumab) that lock explicitly onto HER2 surface receptors, halting tumor proliferation.
BRCA1 and BRCA2 Testing: Deletion mutations (such as the classical AG base deletion in the mutant BRCA1.B allele) indicate a profound genetic risk for breast and ovarian cancers. Early molecular identification allows for proactive clinical surveillance, prophylactic risk-reducing surgeries, and the deployment of targeted Poly (ADP-ribose) polymerase (PARP) inhibitors.
Oncotype DX: This advanced genomic assay analyzes the expressions of specific genes within a breast tumor to accurately predict localized recurrence risk, sparing low-risk patients from the toxic systemic burdens of unnecessary adjuvant chemotherapy.
7. Clinical Modalities, Timing, and Perils of Testing
Genetic testing checks a patient's blood or tissues to identify pathology-associated alterations in chromosomes, genes, or proteins. The clinical utility of screening spans across the human life cycle:
Preimplantation Genetic Testing (PGT): Screening embryos generated via IVF prior to uterine transfer to prevent passing severe genetic disorders.
Prenatal Screening: Critical evaluation of fetal health throughout gestation.
Newborn Screening: Rapid post-natal testing to catch metabolic or genetic disorders early, facilitating immediate, life-saving therapeutic interventions.
Carrier Testing: Assessing asymptomatic individuals to determine if they harbor a recessive gene, aiding reproductive family planning.
Predictive Testing: Estimating a patient's long-term relative risk of developing a late-onset medical condition.
A growing modern challenge is the rise of Direct-to-Consumer (DTC) genetic testing. Bypassing trained medical professionals introduces significant clinical perils: different testing companies frequently interpret identical genetic variants differently due to a lack of internationally standardized interpretive protocols. Because these tests bypass the formal medical record, they regularly deliver inaccurate or incorrect risk predictions, resulting in widespread patient confusion, unwarranted anxiety, and severe misinformation.
8. Advanced Genome Editing and Therapeutic Interventions
Genome editing represents a breakthrough surgical method for making specific, highly targeted alterations to the DNA of a living cell or organism. It allows scientists to add, remove, or precisely alter DNA nucleotides within the genome. A primary clinical goal is to edit an inherited mutant gene directly back into its wild-type, functional state.
The development of CRISPR-Cas9 technology provides unprecedented precision for molecular modification, offering tangible cures for previously intractable genetic conditions. However, its implementation carries heavy Ethical, Legal, and Social Implications (ELSI) that demand stringent regulation. Clinicians must carefully balance therapeutic benefits against core ethical constraints, specifically clinical safety (off-target mutations), therapeutic equity (global access), and the long-term unintended biological consequences on the human gene pool.
Summary: Core Medical Outcomes of Genomic Integration
Conclusion
Genetics and genomics are no longer abstract laboratory disciplines; they are integral to contemporary disease etiology, pharmacological responses, and patient outcomes. From managing inherited monogenic conditions to executing precision therapies in complex diseases, genetics is completely transforming medicine. Future healthcare professionals must comprehensively embrace and integrate genetic knowledge to deliver optimal, evidence-based patient care.
Disease Classification
Genetic Complexity & Risk
Classic Historical Examples
Entirely Genetic / Monogenic
Rare, simple genetics (Unifactorial), high recurrence risk.
Duchenne muscular dystrophy, Phenylketonuria, Galactosemia, Hemophilia, Osteogenesis imperfecta.
Multifactorial / Complex
Common, complex genetics (Multifactorial), low individual recurrence risk but higher population burden.
Type 2 Diabetes, Ischemic heart disease, Peptic ulcer, Spina bifida, Ankylosing spondylitis, Talipes, Pyloric stenosis, Hip dislocation.
Largely Environmental
Causation driven heavily by external exposure, pathogens, or nutritional deficiencies.
Scurvy, Tuberculosis (TB).
Pillar
Clinical Description & Therapeutic Impact
1. Understanding Diseases
Provides foundational mechanistic insights into etiology, shifting medicine from symptom-management to molecular causes.
2. Personalized Treatment
Allows for targeted treatment plans tailored to the patient's individual molecular and metabolic footprint.
3. Individualized Healthcare
Paves a clear clinical path toward highly precise, high-efficiency single-patient protocols.
4. Improved Outcomes
Directly linked to superior overall health results, accelerated recovery rates, and minimized adverse event frequencies.
5. Enhanced Prevention
Facilitates predictive screening and early preventive measures before irreversible pathology occurs.
6. Advancing Human Health
Deepens continuous scientific research into health maintenance and the fundamental mechanisms of biology.",
Epithelium,"Comprehensive Reference Guide: Epithelial Tissue
Based on the Lectures of Professor John Bertram
Department of Anatomy and Developmental Biology, Monash University
Compiled for Medical Students
1. Introduction to the Primary Tissues
The human body is structurally organized into four primary tissue categories, each possessing specialized morphological characteristics and functional roles. These primary tissues integrate to form complex organs and organ systems:
Epithelium: Forms protective sheets, selective barriers, and secretory structures lining the internal and external surfaces of the body.
Muscle Tissue: Specialized for excitability and contractility. It is sub-classified into three types: Skeletal muscle (voluntary, striated), Cardiac muscle (involuntary, striated, localized to the myocardium), and Smooth muscle (involuntary, non-striated, found within visceral walls).
Nervous Tissue: Coordinates rapid communication and processing. It comprises the Central Nervous System (CNS, including the brain and spinal cord) and the Peripheral Nervous System (PNS, including peripheral nerves and ganglia).
Connective Tissue: Provides structural framework, support, and metabolic integration. Examples include dense regular structures (tendons, ligaments), organ capsules, lamina propria, rigid skeletal structures (bone, cartilage), specialized storage (fat/adipose tissue), and fluid connective tissue (blood).
2. Learning Objectives
By completing this comprehensive review of epithelial biology, students should achieve a definitive mastery of the following fundamental domains:
Master the core terminology, anatomical distribution, cytological characteristics, and physiological properties of epithelia.
Differentiate the diverse architectural types of epithelia throughout various organ systems based on layering and superficial cell morphology.
Elucidate the ultrastructure and functional mechanisms of highly specialized modifications across apical, lateral, and basal domains.
Appreciate and trace how exocrine and endocrine glands are embryologically and structurally derived from simple epithelial sheets.
3. Definition, Distribution, and Functions of Epithelia
Anatomical Distribution
Epithelium constitutes the continuous cellular sheets that cover the external contours of the body and line its internal cavities. It serves as the primary interface inspected during clinical palpation and sampled via diagnostic biopsy. Its wide distribution includes:
Skin (Epidermis): The outermost protective stratified barrier of the external body.
Gastrointestinal Tract: Lines the entire lumen from the oral cavity to the anal canal, specialized for digestion and selective nutrient absorption.
Reproductive Tract: Lines the luminal pathways of both male and female systems, facilitating transport and protection.
Urinary Tract: Lines the renal pelvis, ureters, bladder, and urethra, providing an impermeable barrier against toxic waste.
Respiratory Tract: Lines the conducting zones, filtering particulate matter and regulating luminal moisture.
Cardiovascular System: Forms the specialized simple squamous internal layer known as the endothelium, optimizing fluid dynamics and trans-endothelial transport.
Core Physiological Functions
Epithelial tissues are highly versatile and dynamically specialized to execute five primary physiological actions:
Protection: Acts as physical barrier against mechanical trauma, chemical insult, and pathogenic infiltration (e.g., epidermis of the skin).
Absorption: Facilitates the selective uptake of nutrients, fluid, and electrolytes from external or internal environments (e.g., epithelial linings of the small intestine, renal proximal tubules, and vascular capillaries).
Secretion: Active synthesis and release of specialized macromolecules, fluids, or mucus onto surfaces (e.g., goblet cells and mucosal epithelial cells of the small intestine and trachea).
Transport: Transcellular movement of ions, solutes, or fluids across the tissue barrier to regulate physiological compartmentalization (e.g., tubules within the kidney).
Sensory Perception: Houses specialized neuroepithelial structures or works in immediate continuity with free nerve endings to convey environmental inputs (e.g., tactile and thermal perception within the epidermis).
4. Structural Characteristics of Epithelia
All epithelia share five foundational cytological traits that distinguish them from surrounding connective, muscular, and nervous tissues:
Minimal Intercellular Space: Cells are tightly packed with virtually no intervening extracellular matrix, maximizing cell-to-cell contact.
Strong Intercellular Junctions: Structural cohesion is maintained by highly organized lateral junctional complexes that link adjacent cytoskeletons together.
Polarized and Oriented Configuration: Cells exhibit distinct morphological and biochemical asymmetry, characterized by a free apical surface exposed to a lumen or environment, and an adherent basal surface attached to the underlying matrix.
Basal Lamina Anchoring: Epithelial sheets rest uniformly on a highly specialized extracellular sheet called the basal lamina (commonly referred to as the basement membrane).
Avascularity: Epithelium contains no intrinsic blood vessels. Metabolic support, oxygenation, and waste clearance occur entirely via passive diffusion from capillaries situated within the underlying vascularized connective tissue.
5. Classification and Types of Epithelium
Epithelia are systematically classified using a dual nomenclature system based on: (1) the number of cell layers, and (2) the geometric profile of the cells located exclusively at the most superficial layer.
By layering, an epithelium is simple if it consists of a single layer of cells resting on the basement membrane, or stratified if it contains two or more superimposed cell layers. By superficial cell shape, cells are squamous (flattened/scale-like), cuboidal (width, depth, and height roughly equal), or columnar (height significantly exceeds width).
Simple Squamous: A single layer of highly flattened cells optimized for rapid diffusion, filtration, and minimizing fluid friction. Classic examples include the endothelium lining blood vessels and the mesothelium lining body cavities.
Simple Cuboidal: A single layer of block-like cells with central, spherical nuclei, heavily involved in active secretion and absorption. Found lining the renal tubules of the kidney and forming the secretory units of the submandibular gland.
Simple Columnar: A single layer of tall, tall cells with elongated, basally located nuclei, highly specialized for advanced absorption and secretion. Extensively lines the gastrointestinal tract and sections of the reproductive tracts.
Stratified Squamous: Multiple cell layers where the basal cells are typically cuboidal/columnar, but the superficial layers are distinctly flattened. Engineered exclusively to withstand severe mechanical wear and friction.
Keratinised Stratified Squamous: A specialized variant of stratified squamous epithelium where the superficial layers lose their nuclei and fill completely with the tough, waterproof intermediate filament protein keratin. This forms the dry epidermis of the skin to block fluid loss and pathogen entry.
Stratified Cuboidal: Rare architectural type containing two or more layers of cuboidal cells, providing reinforced structural lining. Found primarily in the larger excretory ducts of exocrine glands.
Stratified Columnar: An uncommon multi-layered tissue where only the outermost layer is columnar. Located in selective transitional zones and major glandular excretory ducts.
Transitional (Urothelium): A highly dynamic, stratified epithelium exclusive to the urinary tract (e.g., ureters, relaxed and distended urinary bladder). It is uniquely capable of transitioning from a thick, multi-layered state with rounded, dome-shaped superficial 'umbrella cells' when relaxed, into a highly thinned, stretched arrangement to accommodate volume changes without losing barrier integrity.
Pseudostratified: Appears stratified because cell nuclei are aligned at multiple levels, but it is actually a simple epithelium because every single cell remains anchored directly to the basal lamina. A prime example is the pseudostratified ciliated columnar epithelium lining the respiratory conducting pathways (e.g., trachea), which works alongside goblet cells to entrap and sweep away foreign particles.
6. Surface Specialisations
To execute specific physiological demands, epithelial membranes display precise biochemical and morphological modifications restricted to their apical, lateral, and basal domains.
Apical Surface Specialisations
The apical domain faces the external environment or luminal space. It can be modified into two primary structures:
Microvilli: Non-motile, finger-like projections measuring approximately 1 µm in length. While most generic cells express only a few scattered microvilli, highly absorptive epithelia express hundreds or thousands per cell, creating a uniform microscopic border termed the 'brush border'. Their primary role is to drastically amplify surface area to accelerate nutrient and fluid uptake. Ultrastructurally, each microvillus contains a core bundle of parallel actin filaments that provide structural rigidity.
Cilia: Highly elongated, motile extensions measuring approximately 10 µm in length. They display coordinated, synchronized beating patterns at a frequency of roughly 22 beats per second to propel material across the epithelial surface. For example, tracheal epithelial cells express about 300 cilia each to continuously propel mucus and trapped particles upward out of the airway, while oviduct ciliated cells propel sperm and the fertilized ovum. Ultrastructurally, cilia are driven by an axoneme core consisting of 9 outer microtubule pairs surrounding a central pair (9+2 arrangement), anchored to basal bodies and powered by ATP hydrolysis.
Lateral Surface Specialisations (Junctional Complexes)
The lateral domain contains highly ordered junctional complexes that dictate intercellular sealing, structural adhesion, and direct metabolic communication:
Tight Junction (Zonula Occludens): The most apically positioned junction. The term 'zonula' denotes a continuous belt or band that completely encircles the entire circumference of the cell. It functions as a primary intercellular seal that prevents the unregulated paracellular flow of ions, water, and macromolecules between adjacent compartments in either direction. Ultrastructurally, it occludes the intercellular space via the localized fusion of the outer leaflets of adjacent plasma membranes.
Zonula Adherens (Belt Desmosome): Located immediately basal to the tight junction, this structure also forms a continuous belt encircling the cell. It provides robust mechanical adhesion. Cohesion is mediated by specific transmembrane cell adhesion molecules (CAMs, typically cadherins) residing within the intercellular cleft, which are linked intracellularly to dense cytoplasmic plaques where actin filaments insert. These plaques contain regulatory proteins including myosin and tropomyosin.
Desmosome (Macula Adherens / Spot Junction): Unlike continuous belts, desmosomes form discrete, button-like plaques localized to specific spots on adjacent membranes. They function as high-strength mechanical anchoring sites that resist shearing forces. Intracellularly, tough cytokeratin intermediate filaments converge onto dense cytoplasmic plaques, linking the intermediate filament network (cytoskeleton) of adjacent cells into a continuous structural sheet.
Gap Junction (Nexus): A specialized site of close membrane apposition where adjacent plasma membranes do not fuse, but are separated by a precise gap. The junctional area is packed with transmembrane protein channels composed of six identical subunits arranged around a central pore measuring 1.5 nm in diameter. This functional channel unit is called a connexon. When connexons of adjacent cells line up, they create a continuous, direct hydrophilic pathway that allows the direct flow of inorganic ions and small regulatory signaling molecules (up to a molecular weight of approximately 1200 Da). This coordinates direct electrical and metabolic coupling, a mechanism also found in smooth and cardiac muscle tissues.
Basal Surface Specialisations
The basal domain is modified to secure the epithelial sheet to the underlying structural extracellular matrix:
Hemidesmosome: Morphologically resembling half of a desmosome, these specialized adhesive contacts utilize transmembrane integrin proteins to firmly anchor the cell's intracellular intermediate filaments directly to the underlying extracellular basal lamina.
7. The Basal Lamina (Basement Membrane)
The basal lamina, or basement membrane, is a highly specialized, non-cellular extracellular matrix sheet upon which all epithelial cells rest. It acts as an essential physical support and selective molecular filter.
Biochemical Components
The basal lamina is synthesized via coordinated molecular secretion from the overlying epithelial cells and underlying connective tissue fibroblasts. It is composed of three primary structural classes:
Collagen Type IV: Forms a non-fibrillar, three-dimensional meshwork that provides the structural framework and tensile strength of the basement membrane.
Proteoglycans: Principally heparan sulphate proteoglycans (HSPGs). These are highly polyanionic macromolecules that provide a strong negative charge, enabling the basement membrane to act as a charge-selective electrostatic barrier.
Glycoproteins: Highly specialized multi-domain proteins, specifically fibronectin and laminin, which contain specific binding sites that bridge cell surface receptors (integrins) to the structural collagen meshwork.
Primary Functions
The basal lamina coordinates several critical functions:
Cell Adhesion: Provides a secure substrate for the firm mechanical attachment of the epithelial sheet via hemidesmosomes.
Cell Orientation and Shape: Establishes structural polarity, guiding internal organelle organization and dictating overall cell geometry.
Binding to Basal Plasma Membrane: Triggers intracellular signaling pathways through continuous receptor-ligand interactions with the cell membrane.
Sequestration of Growth Factors: Binds and stores a reservoir of localized growth factors and cytokines, regulating epithelial cell proliferation, differentiation, and tissue repair.
A classic anatomical illustration of the basement membrane's function is seen in the kidney glomerulus, where it serves as a critical macromolecular filter between the capillary endothelium and the foot processes of podocytes, preventing the loss of plasma proteins into the urine.
8. Glands as Epithelial Derivatives
All glands within the human body develop embryologically as invaginations of proliferating surface epithelial sheets into the underlying connective tissue. They are classified into two major categories based on the presence or absence of a connecting duct system:
Exocrine Glands
Exocrine glands retain their physical connection with the originating surface epithelium via a system of continuous ducts. They discharge their specialized secretory products (such as enzymes, mucus, gastric acid, sweat, milk, or bile) directly onto an epithelial surface or into a hollow organ lumen. Exocrine glands are classified by their cellularity and architectural layout:
Unicellular Glands: Isolated secretory cells interspersed within a non-secretory epithelium, such as mucous-secreting goblet cells within the small intestine and respiratory tract.
Multicellular Glands: Organized clusters of secretory cells operating as a functional unit.
Simple Tubular: A single, unbranched straight duct terminating in a tubular secretory portion.
Simple Coiled Tubular: A single duct leading to a tightly coiled secretory tube (e.g., sweat glands).
Simple Branched Tubular: A single duct that branches into multiple tubular secretory portions.
Simple or Multiple Acinar / Alveolar: The secretory portion forms rounded, flask-like sacs (acini or alveoli).
Compound Tubular: A highly branched, complex duct system leading to tubular secretory units.
Compound Tubulo-Alveolar: A complex branched duct system terminating in a combination of both tubular and alveolar secretory units.
A classic example of exocrine function is found within the exocrine pancreas, which is organized into pancreatic acini. These cells contain abundant rough endoplasmic reticulum (RER) for protein synthesis and a dense collection of apical zymogen granules (ZG) where digestive enzymes are stored prior to regulated exocrine release.
Endocrine Glands
In contrast to exocrine structures, endocrine glands lose their physical connection with the surface epithelium during development, resulting in a complete absence of ducts. Instead, they reorganize into clusters or cords surrounded by a rich network of fenestrated blood capillaries. They secrete their signaling molecules, called hormones, directly into the interstitial fluid, where they diffuse into the capillaries to be transported through the bloodstream to distant target organs.
The pancreas serves as an excellent model of this dual organization. While the bulk of the organ is exocrine, it contains scattered endocrine micro-organs known as the Islets of Langerhans. These islands of endocrine cells completely lack ducts and are specialized to secrete regulatory hormones, such as insulin and glucagon, directly into neighboring blood vessels to maintain systemic metabolic homeostasis.
CLINICAL PERSPECTIVE & NEOPLASIA: Carcinomas represent the most prevalent class of human malignancies and originate directly within epithelial layers. Common clinical examples include bronchial carcinoma (lungs), squamous cell carcinoma (skin), renal cell carcinoma (kidney), invasive ductal carcinoma (breast), and prostate carcinoma. In their initial phase, neoplastic cells are restricted entirely within the epithelial layer (carcinoma in situ). However, once these cells breach the protective barrier of the basement membrane, they aggressively invade the underlying lamina propria and connective tissues, gaining access to lymphatic and blood vessels, which allows them to metastasize to distant anatomical sites.",
Connective tissue,"MED1011: Connective Tissue
Comprehensive Lecture Analysis Guide
Instructor Focus: Professor John Bertram
Department of Anatomy and Developmental Biology, Monash University
Learning Objectives
Understand the structural similarities and functional differences between the various classifications of connective tissue.
Master the histology, cellular composition, and physical functions of hyaline, elastic, and fibrocartilage.
Elucidate the microscopic architecture and biomechanical roles of compact and spongy bone tissue.
1. The Context of Connective Tissue within the Four Primary Tissues
In histological study, the human body is organized into four primary tissue classes, each specialized for distinct physiological roles: Epithelium (covering and lining interfaces), Muscle tissue (generating contractile force), Nervous tissue (transmitting electrical signals), and Connective tissue. Muscle tissue is subdivided into skeletal, cardiac, and smooth muscle types, while the nervous system is categorized anatomically into the Central Nervous System (CNS) and Peripheral Nervous System (PNS).
Connective tissue stands out by its immense structural diversity. It encompasses mechanical tethers like tendons and ligaments, organ capsules, the supportive lamina propria underneath mucosal sheets, specialized structural matrices like bone and cartilage, dynamic energy-storing adipose tissue (fat), and the fluid transport medium, blood.
2. Classifications and Structural Types of Connective Tissue
Connective tissues are broadly organized based on the ratio of cells to fibers and the composition of their extracellular environment:
Loose (Areolar) Connective Tissue
Characterized by a spacious, highly pliable matrix with relatively sparse fibers and abundant ground substance. Key examples include the lamina propria (supporting epithelial layers in the respiratory and gastrointestinal tracts) and adipose tissue (fat).
Dense Connective Tissue
Characterized by a dense packing of thick fibers (predominantly collagen) with fewer cells. Examples include tendons, ligaments, the dermis of the skin, and protective organ capsules that cover tissues such as the ovary, testis, spleen, prostate, and joint spaces.
Fluid and Specialized Skeletal Connective Tissues
• Blood: A liquid connective tissue featuring cellular elements suspended within a fluid matrix (plasma).
• Cartilage: A semi-rigid supportive tissue presenting in three main variants: Hyaline, Elastic, and Fibrocartilage.
• Bone: A highly mineralized, rigid structural tissue categorizable into Compact (cortical) and Spongy (trabecular) bone.
3. Composition of the Extracellular Matrix (ECM)
Unlike epithelium, where cells are tightly packed, connective tissue properties are primarily dictated by its abundant Extracellular Matrix (ECM). The ECM consists of two structural components: Fibres and Ground Substance.
Fibres
1. Collagen: The absolute dominant fiber class, with more than 20 known molecular types providing tensile resistance.
2. Elastin: Imparts elasticity and resilience, allowing tissues to recoil after stretch.
3. Reticular: Delicate, branching structures forming networks in highly cellular organs.
Ground Substance
Ground substance is a complex, amorphous, transparent gel that embeds cells and fibers. It consists of:
• Proteoglycans: Large macromolecular complexes (e.g., Heparan Sulphate Proteoglycan [HSPG], Chondroitin Sulphate Proteoglycan [CSPG]).
• Glycosaminoglycans (GAGs): Unbranched polysaccharide chains that attach to protein cores.
• Glycoproteins: Multiadhesive structural molecules like laminin and fibronectin that tether cells to the ECM.
4. Deep Dive: Molecular Biophysics of Proteoglycans
Proteoglycans fill the spaces between cells and fibers, functioning as the foundational cushion of the matrix. Structurally, they adopt a distinct 'bottlebrush' configuration, consisting of a central protein core decorated with radiating chains of glycosaminoglycans (GAGs).
Carbohydrates constitute the vast majority of the molecule, making up 80% to 90% of the total weight of a proteoglycan. Due to sulfate and carboxyl groups along the GAG chains, proteoglycans carry an exceptionally strong net negative charge. This dense negative charge attracts and binds numerous cations—principally sodium ions (Na+). Because sodium is highly osmotically active, this cation trapping causes the ground substance to become intensely hydrated. The resulting hydrostatic pressure resistance allows connective tissues to effectively withstand compressive forces.
5. Histological Characterization of Specialized Tissues
Adipose Tissue (Fat)
Adipose cells (adipocytes) can occur individually, in small clusters, or clustered tightly in extensive fat deposits. An adipocyte consists of a peripherally displaced nucleus and plasma membrane surrounding an enormous central lipid droplet. Adipose tissue is very well vascularised. Histologically, its appearance depends heavily on the preparation method:
• Plastic Sections: Retain the integrity of the tissue, allowing the large lipid droplet to be visualized clearly (often appearing as blue-tinted spheres).
• Paraffin Sections: Standard processing solvents dissolve the intracellular lipids completely away. Consequently, the cells appear as empty, cleared spaces bordered by razor-thin borders, strongly resembling soap bubbles.
Cartilage and Bone Histology
• Cartilage: Contains specialized cells called chondrocytes housed within small spaces called lacunae, surrounded by an avascular matrix. Hyaline cartilage provides smooth surfaces for joint movement; elastic cartilage features rich elastin networks for structural flexibility; fibrocartilage contains heavy type I/II collagen bundles to withstand extreme shearing and tensile strains.
• Compact and Spongy Bone: Bone tissue is dynamic and mineralized. Compact bone forms the dense outer shell composed of concentric structural units called osteons (or Haversian systems), while spongy bone forms an internal network of thin trabeculae optimized to distribute multi-directional structural loads.
6. Clinical Perspective: Collagen Dynamics and Collagenopathies
Collagen is the most abundant protein in mammals and the most abundant protein in connective tissue. Understanding the distribution of its major human types is critical for diagnostic pathology:
Genetic mutations in specific collagen genes impair structural assembly or cross-linking, resulting in clinical disorders known as collagenopathies. Key clinical presentations include:
Type I Collagen Mutation – Osteogenesis Imperfecta: Characterized by brittle, structurally fragile bones leading to repeated fractures after minimal or minor trauma. Accompanying findings include abnormal dentinogenesis (teeth abnormalities), thin skin, and weakened tendons.
Type II Collagen Mutation – Kniest Dysplasia: Results in severe cartilage defect manifestations, including an unusually short stature, significantly deformed arms and legs, severely restricted joint mobility, and progressive ocular changes that can culminate in blindness.
Type IV Collagen Mutation – Alport's Syndrome: Disrupts basement membrane integrity. It presents clinically as haematuria (blood in the urine) due to structural breakdown of the glomerular basement membrane in the kidneys, accompanied by progressive sensorineural hearing loss and specific ocular lesions.
Collagen Type
Primary Anatomical Distribution
Type I
Tendons, organ capsules, and bone matrices.
Type II
Cartilage matrices (hyaline, elastic, fibrocartilage).
Type III
Reticular fibres forming structural scaffolding in the liver, lymph nodes, and spleen.
Type IV
The main structural collagen constituent of epithelial and endothelial basement membranes.",
Bones and cartilage,"Advanced Histology Study Guide: Bones and Cartilage
Instructor Reference Article | Department of Anatomy and Developmental Biology, Monash University
Based on Lectures by Professor John Bertram
1. Educational Learning Objectives
This comprehensive article serves as an advanced academic reference detailing the architectural framework, cellular biology, and physiological mechanisms of cartilage and bone. Designed for medical students specializing in musculoskeletal histology, the content focuses on three primary educational domains:
Connective Tissue Differentiation: Developing a rigorous understanding of the foundational similarities and structural differences that characterize the various sub-types of specialized connective tissue.
Cartilage Histology and Biomechanics: Analyzing the micro-anatomical structures, extracellular matrix configurations, and specialized physiological functions of hyaline, elastic, and fibrocartilage.
Osseous Tissue Architecture: Investigating the unique cellular lineages, structural organization, and functional dynamics of compact (cortical) and spongy (trabecular/cancellous) bone.
2. Foundations and Overview of Cartilage Tissue
Cartilage represents a specialized, highly resilient form of connective tissue characterized by its solid, firm, yet somewhat pliable physical properties. Unlike standard loose or dense connective tissues, cartilage possesses a unique tissue distribution wherein cells represent only a minimal fraction of the overall mass, with the remainder filled by an intricate extracellular matrix.
2.1 The Extracellular Matrix (ECM) and Chondrocytes
The structural properties of cartilage are largely dictated by its dense, highly specialized Extracellular Matrix (ECM), which constitutes approximately 95% of the total tissue volume. The remaining 5% of the tissue volume is occupied by mature, specialized cartilage cells known as chondrocytes. These chondrocytes reside isolated within tiny fluid-filled spaces or cavities in the matrix known as lacunae.
While the specific biochemical profile varies distinctively between the three main types of cartilage, a core trio of structural macromolecules is universally present throughout all cartilage matrices:
Type II Collagen: High-tensile fibrils that form a structural meshwork providing form, shape, and resistance to shear forces.
Proteoglycans: Large, heavily glycosylated protein complexes (such as aggrecan) embedded with glycosaminoglycans. Their strong negative charge traps water molecules molecules, creating a highly hydrated gel capable of resisting high compressive loads.
Glycoproteins: Multiadhesive structural proteins that stabilize the matrix by binding collagen fibrils, proteoglycans, and chondrocyte cell surface receptors.
2.2 Vascularity and Nutrient Transport Mechanisms
A critical, defining physiological characteristic of cartilage is that it is entirely avascular. It contains no internal blood vessels, lymphatic vessels, or neural networks. Consequently, the metabolic maintenance of chondrocytes relies exclusively on the specialized biophysical composition of the ECM.
The high water content bound by the dense proteoglycan matrix establishes a highly permeable gel path. This structural layout allows for the efficient diffusion of oxygen, water, essential nutrients, and metabolic waste products between the chondrocytes isolated inside their lacunae and blood vessels residing in the surrounding dense connective tissue layers.
2.3 Mechanisms of Cartilage Growth
Cartilage is uniquely capable of expanding its mass via two distinct biological modalities of growth:
Appositional Growth: The formation and deposition of entirely new cartilage layers at the peripheral surface of existing cartilage. This process is driven by the differentiation of chondrogenic precursor cells located within the surrounding connective tissue sheath.
Interstitial Growth: The formation of new cartilage from within the existing cartilage mass. This growth occurs via the active mitotic division of mature chondrocytes residing inside their lacunae, leading to the formation of temporary clusters (isogenous groups) that synthesize new ECM, thereby expanding the tissue internally.
2.4 Physiological Capacity for Repair and Aging Changes
Due to its avascular nature and the limited mobility of mature chondrocytes locked within the dense ECM, cartilage exhibits a remarkably poor capacity for repair following structural injury or degeneration. Damage to cartilage often leads to the formation of non-functional dense fibrous scars rather than functional cartilage regeneration.
As the human body ages, cartilage undergoes progressive biochemical alterations. It is highly prone to calcification—a process where calcium salts deposit heavily within the extracellular matrix. Calcification severely restricts the diffusion of nutrients and oxygen, frequently resulting in chondrocyte death, matrix breakdown, and subsequent joint disease or loss of flexibility.
3. Histological Classification and Sub-types of Cartilage
Cartilage is organized into three distinct histological classifications: hyaline cartilage, elastic cartilage, and fibrocartilage. Each type possesses a unique biochemical composition tailored to its specific anatomical environment.
3.1 Hyaline Cartilage
Hyaline cartilage is the most widespread and abundant type of cartilage within the human body. Microscopically, it presents a smooth, glassy, homogeneous appearance due to the tight organization of its Type II collagen fibers and refractive index matching with the ground substance.
Anatomical Distribution and Examples:
Articular Surfaces: Covers the articulating bone ends within synovial joints.
Thoracic Cage: Forms the costal cartilages connecting the ribs to the sternum.
Respiratory Tree: Constructs the structural framework of the nose, larynx, trachea, and bronchial tubes.
Key Developmental and Functional Roles:
Development of the Fetal Skeleton: Hyaline cartilage acts as the vital blueprint for skeletal morphogenesis. During embryogenesis, the vast majority of bones begin as models composed of pure hyaline cartilage, which are gradually replaced by bone tissue through the complex process of endochondral ossification.
Long Bone Elongation: Postnatally, hyaline cartilage persists within the epiphyseal growth plates of long bones, serving as the essential site for linear skeletal growth during childhood and adolescence.
Sheath Architecture: Hyaline cartilage is completely surrounded by a dense connective tissue cover called the perichondrium. The perichondrium acts as a vital vascular supply line and functions as a reservoir of new cartilage cells (chondroblasts and osteoprogenitor cells). However, a critical anatomical exception occurs at the articular cartilages of synovial joints, which lack a perichondrium to ensure a perfectly smooth, frictionless articulating surface.
3.2 Elastic Cartilage
Elastic cartilage is histologically distinguished by its high density of cells and an extensive, specialized extracellular matrix network. While it utilizes a Type II collagen framework identical to hyaline cartilage, its matrix is further criss-crossed by a rich, dark-staining network of elastic fibers and sheets.
Anatomical Distribution and Examples: It is localized to structures demanding high structural elasticity, including the external ear (pinna), the epiglottis, and the auditory (Eustachian) tube.
Biomechanical Function: The high concentration of elastin within the ECM provides elastic cartilage with exceptional flexibility and structural resilience, allowing it to endure repeated bending and deformation while instantly returning to its original shape.
Sheath Architecture: Like hyaline cartilage, elastic cartilage is universally surrounded by a functional perichondrium that supports its growth and metabolic needs. Histological preparations of tissues like the pinna often reveal distinct, open lacunae even when the fragile chondrocytes themselves have been partially extracted during chemical processing.
3.3 Fibrocartilage
Fibrocartilage represents a unique structural hybrid, combining the compression-resistant properties of hyaline cartilage with the extreme tensile strength of dense fibrous connective tissue. It lacks a definite, distinct perichondrium, blending imperceptibly into surrounding dense regular connective tissues.
Anatomical Distribution and Examples: Fibrocartilage is strictly reserved for anatomical sites subjected to severe compressive, pulling, or tearing forces. Examples include:
Intervertebral discs (the shock-absorbing cushions between vertebral bodies).
The pubic symphysis (the anterior junction of the pelvic bones).
The specialized attachments where major tendons insert directly into bones.
The menisci of the knee joints.
Unique Matrix Composition: The ECM of fibrocartilage is unique because it contains two distinct types of collagen fiber networks working in synergy:
Type I Collagen: Arranged in thick, heavy, visible bundles typical of dense fibrous connective tissue, providing immense tensile strength to resist pulling forces.
Type II Collagen: Distributed throughout the ground substance, providing the classic pressure-resistant characteristics of hyaline cartilage.
Histological Appearance: In structures such as the meniscus of the knee joint, specialized stains highlight this dual nature clearly, showing dense bundles of collagen fibers (often staining red) interwoven with a proteoglycan-rich matrix (staining blue). The mature chondrocytes (c) are seen aligned in distinct parallel rows or rows within their characteristic lacunae.
4. Structural Foundations and Overview of Osseous Tissue
Bone (osseous tissue) is a highly complex, dynamic, and specialized form of connective tissue. It is structurally distinguished by its highly calcified, rigid extracellular matrix, which provides a hard structural framework for the body, protects vital internal organs, and serves as a major metabolic storehouse for calcium and phosphorus ions.
The primary organic fiber found throughout osseous tissue is Type I collagen, which gives bone its essential tensile strength and flexibility to prevent brittleness. In mature bone, this collagenous matrix is meticulously organized into thin, distinct layers known as lamellae. Mature bone across the human skeleton is broadly categorized into two structural varieties: compact bone and spongy bone.
4.1 Connective Tissue Linings: Periosteum and Endosteum
The external and internal surfaces of all bones are tightly enveloped by specialized cellular and fibrous connective tissue linings that regulate bone nutrition, growth, and repair:
Periosteum: A dense, fibrous membrane covering the outer external surface of bones. It consists of an outer fibrous layer of collagen and blood vessels, and a critical inner cellular layer containing specialized osteoprogenitor cells. These stem cells can rapidly differentiate into active, bone-forming cells.
Endosteum: A thin, single layer of specialized cells that lines all internal surfaces of bone tissue, including the boundaries of the central medullary cavity, the spaces within spongy bone, and the inner lining of internal vascular channels. The endosteum contains a mixture of osteoprogenitor cells, active osteoblasts, and bone-resorbing osteoclasts.
5. Comparative Histology of Compact and Spongy Bone
While compact and spongy bone share an identical chemical and cellular composition, they vary drastically in their structural geometry, physical density, and micro-anatomical architecture.
5.1 Compact Bone Histology and the Haversian System
Compact bone (also known as cortical bone) forms a dense, thick, solid shell across the outer surfaces of long bones and a thin protective veneer over flat bones. It consists almost entirely of solid extracellular substance (matrix), maximizing structural density and weight-bearing capacity.
The structural and functional unit of mature compact bone is the osteon, or Haversian system. Each osteon is arranged as follows:
Concentric Lamellae: Osteoblasts deposit the bone matrix in the form of 8 to 15 thin sheets (lamellae) that form precise concentric rings around a single central opening.
Haversian Canal: The longitudinal opening running through the exact center of each osteon. These canals house functional blood capillaries, lymphatic vessels, and nerve fibers running parallel to the long axis of the bone.
Volkmann's Canals: Transverse or oblique vascular channels that run perpendicular to the long axis of the bone. They carry blood vessels from the outer periosteum deep into the bone, linking adjacent Haversian canals together.
Interstitial Lamellae: Irregularly shaped regions of older bone matrix found packed tightly in the spaces between intact, newly formed osteons. These represent the structural remnants of partially destroyed Haversian systems from past bone remodeling cycles.
Circumferential Lamellae: Sheets of bone matrix that line the outer boundaries (outer circumferential lamellae) and inner boundaries (inner circumferential lamellae) of the entire bone shaft.
Cement Line: A highly calcified, mineral-dense boundary line that marks the outer edge of an individual osteon, separating it cleanly from neighboring interstitial or circumferential lamellae.
Sharpey's Fibers: Thick bundles of collagen fibers derived from the outer fibrous layer of the periosteum that drill deep into the outer circumferential lamellar system. These fibers mechanically anchor the periosteum to the bone, ensuring tight structural integration.
5.2 Spongy Bone Histology and Trabecular Organization
Spongy bone—also referred to as trabecular or cancellous bone—presents a highly porous, lattice-like structural appearance. It is typically localized deep within the interior of bones, thin shell regions, and the expanded ends (epiphyses) of long bones, bounding the centralized medullary cavity.
The architectural and functional features of spongy bone include:
Trabecular Network: The bone matrix is organized into an interconnected 3D network of slender structural beams, spicules, and trabeculae. This lattice is aligned along lines of mechanical stress to maximize strength while minimizing weight.
Mineralized Lamellae: Like compact bone, the trabeculae are composed of organized sheets of mineralized lamellae. However, they generally do not form complex Haversian systems or contain internal central blood vessels. Instead, osteocytes residing in lacunae between the lamellae receive all nutrients and oxygen via direct diffusion from the surrounding marrow spaces.
Marrow Cavities: The open spaces between the individual trabeculae are continuous with the main medullary cavity of the diaphysis and are packed with bone marrow. In many regions, this space is occupied by yellow bone marrow, which consists primarily of adipose tissue.
Endosteal Boundary: The entire open surface of the trabecular lattice is lined by a cellular layer of endosteum, containing active osteoblasts and osteoprogenitor cells poised for rapid bone remodeling or repair.
6. The Cellular Biology of Osseous Tissue
The development, maintenance, remodeling, and repair of bone are coordinated by four highly specialized, distinct types of bone cells belonging to two separate cellular lineages.
6.1 Osteoprogenitor Cells
Osteoprogenitor cells serve as the fundamental stem/progenitor cells of the bone cell lineage. Morphologically, they present as elongated, flattened cells with minimal cytoplasm. They are localized within the inner cellular layer of the periosteum and throughout the endosteum. Derived from embryonic mesenchyme, osteoprogenitor cells retain the capacity to undergo mitotic division and differentiate directly into active osteoblasts. Crucially, these stem cell populations persist within the human body for life, ensuring a continuous source of new bone cells.
6.2 Osteoblasts
Osteoblasts are the primary bone-forming cells responsible for the active synthesis and deposition of new bone matrix. They are found lining the active surfaces of bones wherever bone tissue is being deposited, presenting a cuboidal or columnar shape with a deeply basophilic cytoplasm reflecting an abundant rough endoplasmic reticulum (RER) dedicated to protein synthesis. Osteoblasts synthesize and secrete osteoid, the initial organic matrix of bone consisting largely of Type I collagen. Furthermore, they produce, initiate, and control the subsequent mineralization of this osteoid with calcium phosphate crystals. As they deposit matrix around themselves, osteoblasts eventually become trapped within their own secretions, transitioning into mature osteocytes.
6.3 Osteocytes
Osteocytes represent the most mature and numerous cells within the bone cell lineage. Derived from osteoblasts that have been completely enclosed by mineralized bone matrix, they reside isolated within individual lacunae scattered throughout the lamellae. While they lose the ability to secrete new bone matrix, they function as vital mechanosensors and are responsible for the daily metabolic maintenance of the surrounding matrix.
To survive within a solid, mineralized environment, osteocytes utilize an intricate communication network:
Canaliculi: Tiny, microscopic canals radiating in all directions through the hard, mineralized bone matrix.
Cytoplasmic Processes: Thin, thread-like extensions of the osteocyte cytoplasm thread through these canaliculi.
Intercellular Communication: The cytoplasmic processes of adjacent osteocytes meet and establish physical contact. At these contact points, gap junctions allow the cells to communicate directly, sharing nutrients, oxygen, and biochemical signaling molecules via diffusion through a continuous cellular network.
6.4 Osteoclasts
Osteoclasts are the bone-resorbing, phagocytic cells responsible for the destruction and removal of bone matrix. Unlike the other three bone cell types, osteoclasts do not derive from osteoprogenitor cells. Instead, they originate from the hematopoietic monocyte/macrophage lineage within the bone marrow. Multiple precursor cells fuse together to form a single mature osteoclast.
Morphological and Functional Features:
Size and Nucleation: They are exceptionally large cells, often measuring up to or exceeding 100 micrometers in diameter, and are characteristically multinucleated.
Enzymatic Breakdown: Osteoclasts bind tightly to the bone surface, sealing off a microenvironment called a resorption bay (Howship's lacuna). They release powerful lysosomal enzymes (such as collagenase) into this space to break down the organic collagen fibers of the matrix.
Acid Dissolution: They actively pump hydrogen ions into the resorption bay, creating a highly acidic microenvironment that dissolves the hard, mineralized calcium phosphate crystals of the bone matrix.
7. Osseous Physiology: Remodeling, Vascularity, and Repair
A common misconception is that bone is a static, inert structural material. In reality, bone is a highly dynamic, living tissue that undergoes continuous metabolic turnover and structural adaptation throughout an individual's lifetime.
7.1 The Bone Remodeling Cycle
Bone tissue is constantly remodeled to maintain structural integrity, optimize mechanical strength, and regulate systemic calcium homeostasis. The absolute number, density, and physical orientation of Haversian systems and their constituent lamellae are perpetually shifting. This dynamic remodeling process is orchestrated by a tight balance between the destructive activity of osteoclasts (which resorb weakened or unneeded bone) and the constructive activity of osteoblasts (which deposit fresh bone matrix).
This continuous remodeling process is highly sensitive to external physiological and pathological triggers, including:
Skeletal Growth: Architectural scaling during childhood and adolescent growth spurts.
Mechanical Loading: Shifts in physical demands driven by body weight gain, targeted exercise, or professional physical training.
Metabolic Stress: Systemic hormonal and nutritional shifts, such as those occurring during pregnancy, natural aging, or specialized skeletal diseases.
7.2 Vascular Supply and Innervation
In stark contrast to the avascular nature of cartilage, bone is a highly vascularized and heavily innervated organ. It receives a rich blood supply via a network of nutrient arteries that penetrate the outer cortex and travel through the interconnected grid of Haversian and Volkmann's canals. This intricate vascularization ensures that all bone cells receive an abundant, rapid supply of oxygen and nutrients, facilitating high metabolic activity and rapid cellular responses. Furthermore, the extensive innervation of bone tissue plays a critical role in sensing mechanical strain and transmitting localized pain signals.
7.3 Fracture Healing and Structural Repair Capacity
As a direct consequence of its rich blood supply and the lifelong persistence of osteoprogenitor stem cells within the periosteum and endosteum, bone possesses an excellent, highly efficient capacity to repair itself following mechanical fracture or injury. When a bone fracture occurs, the tissue initiates a complex cascade of healing: a localized blood clot forms, osteoprogenitor cells proliferate rapidly and differentiate into chondroblasts and osteoblasts, a temporary cartilage-like soft callus is deposited, and this callus is gradually mineralized and remodeled back into strong, functional compact and spongy bone. This highly organized regenerative process ensures that healed bone can completely recover its full original structural and mechanical properties.",
Resting membrane potential,"Physiological Foundations: The Resting Membrane Potential (RMP)
Monash School of Medicine — Lecture Notes Guide for Medical Students
Author: Dr. Simone Carron-Peters
1. Introduction to the Resting Membrane Potential
A neuron at rest exhibits a stable electrical voltage across its plasma membrane known as the Resting Membrane Potential (RMP). This potential difference is essentially the electrical voltage gap between the internal environment of the cell (cytoplasm) and the external environment (extracellular fluid). In a typical resting neuron, this value is negative, commonly measured around -70 mV to -80 mV, indicating that the inside of the cell is negatively charged relative to the outside.
Neurons are classified as excitable cells because they possess the unique capability to generate and propagate rapid electrical signals. They achieve this dynamic state through brief, highly controlled alterations in the permeability of their lipid bilayer membrane to specific ions. Understanding how the baseline RMP is established and maintained is a fundamental prerequisite to mastering action potentials, synaptic transmission, and overall neurophysiology.
2. The Semipermeable Plasma Membrane
The cellular architecture of a neuron relies on a specialized lipid bilayer membrane. Because of its hydrophobic core, this lipid bilayer is completely impermeable to charged particles, including ions and hydrophilic molecules. Therefore, for any ion to successfully enter or exit the neuron, it must traverse the membrane via dedicated intrinsic trans-membrane proteins called ion channels.
The selective permeability of the neural membrane dictates which ions can cross at any given time. This selective permeability is mediated by two primary categories of ion channels:
Leak Channels (Non-gated Channels): Are open continuously and operate without external regulation. They facilitate a small, constant background leakage of specific ions across the cell membrane along their concentration gradients. This passive movement represents the primary baseline contributor to establishing and maintaining the RMP.
Gated Ion Channels: Open or close dynamically in direct response to specific physiologic triggers. These are further sub-classified into voltage-gated, chemically/ligand-gated, or mechanically-gated channels, which drive active cellular signaling rather than maintaining the rest state.
3. The Ionic and Concentration Basis of the RMP
The resting membrane potential does not occur arbitrarily; it is generated by maintaining starkly unequal concentrations of specific ions across the plasma membrane. The compartmentalization of these ions creates substantial chemical concentration gradients. The primary ions involved are Sodium (Na+), Potassium (K+), and Chloride (Cl-).
According to the established clinical values, the distribution of these ions is heavily asymmetrical:
Sodium Ions (Na+): Extracellular fluid concentration is high at 145 mM – 150 mM, whereas the intracellular fluid (cytosol) concentration is low at approximately 12 mM.
Potassium Ions (K+): Intracellular fluid (cytosol) concentration is exceptionally high at 140 mM – 155 mM, while the extracellular fluid concentration is very low, resting at around 4 mM.
Chloride Ions (Cl-): Extracellular fluid concentration is high at roughly 100 mM, while the intracellular concentration is very low at approximately 5 mM.
The Dominant Role of Potassium Permeability
While leak channels exist for both sodium and potassium ions, the resting neural membrane is not equally permeable to them. Crucially, the membrane is approximately 25 to 30 times more permeable to potassium (K+) than it is to sodium (Na+). Because of this high density of open K+ leak channels, potassium ions continuously diffuse out of the cell down their steep concentration gradient (from 140-155 mM inside to 4 mM outside). As these positively charged K+ ions leave the cell, they leave behind uncompensated negative charges (mostly bulky intracellular proteins and organic anions), creating the negative electrical charge characteristic of the rest state. Consequently, the baseline RMP of a neuron sits remarkably close to the equilibrium potential of potassium.
4. Dynamics of Gated Ion Channels
Gated channels remain closed during the true baseline resting state but serve as the molecular switches for neural activation. They are classified by the specific stimulus required to alter their conformation:
Voltage-Gated Channels: Open and close in response to changes in the membrane's electrical potential. For example, a voltage-gated channel may remain securely closed at a resting potential of -70 mV but open rapidly when the membrane depolarizes to a threshold value such as -50 mV.
Ligand-Gated (Chemical) Channels: Require the chemical binding of a specific external molecule—a ligand, such as a neurotransmitter—to open the pore. A classic example is the Acetylcholine (ACh) receptor site. Once the neurotransmitter attaches to the receptor, the channel opens, allowing specific ions (like Na+ or Ca2+) to move rapidly in accordance with their gradients.
Mechanically Gated Channels: Open in response to physical deformation or mechanical stress applied directly to the cell membrane, such as touch, pressure, or stretch stretch receptors.
5. Active Transport: The Na+/K+ ATPase Pump
Because passive leak channels allow a constant, unregulated trickle of potassium out of the cell and sodium into the cell, the concentration gradients would eventually degrade over time if left unchecked. To counterbalance this passive leakage and preserve the crucial concentration gradients, the cell utilizes a vital active transporter known as the Na+/K+ ATPase Pump.
Key functional parameters of the Na+/K+ ATPase pump include:
Energy Dependency: It utilizes active transport, directly hydrolyzing Adenosine Triphosphate (ATP) to move ions against their steep electrochemical gradients.
Stoichiometry: For every single molecule of ATP cleaved, the pump actively moves 3 Sodium (Na+) ions out of the cell and brings 2 Potassium (K+) ions into the cytosol.
Electrogenic Nature: Because it moves 3 positive charges out for every 2 positive charges it brings in, it generates a net loss of positive charge from the inside of the cell. This directly adds a small negative voltage contribution to the cell interior, reinforcing the negative RMP.
Metabolic Cost: The Na+/K+ ATPase is a massive metabolic drain. It runs non-stop and is the primary reason why the human brain consumes roughly 20% of the entire body's energy expenditure, despite accounting for a mere 2% of total body weight.
6. Electrochemical Gradients and Equilibrium Potentials
To understand ion movement comprehensively, clinicians must evaluate both the chemical concentration gradient and the electrical gradient collectively known as the electrochemical gradient. While the concentration gradient drives ions from areas of high concentration to low concentration, the electrical gradient arises from the net charge difference across the membrane. Positively charged cations are electrostatically attracted to the negative interior of the cell, while negatively charged anions are repelled toward the positive exterior.
The Equilibrium Potential (E) is the precise theoretical voltage across the cell membrane at which the chemical diffusion force exactly balances the electrostatic force. At this specific voltage, there is no net movement of that ion across the membrane because the two driving forces are in perfect equilibrium.
According to precise physiological data, the standard equilibrium potentials for the primary ions are calculated as follows:
Potassium (K+): Equilibrium Potential (E_K) = -97.7 mV. This represents the voltage that would stop the net outward diffusion of potassium.
Sodium (Na+): Equilibrium Potential (E_Na) = +66.7 mV. This represents the voltage that would perfectly oppose the inward movement of sodium.
Chloride (Cl-): Equilibrium Potential (E_Cl) = -80.0 mV. This aligns closely with the typical baseline resting potential of the neuron.
Conclusion
In final summary, the resting membrane potential is a highly coordinated, steady-state baseline. It is established predominantly by the passive outward diffusion of potassium through leak channels due to the membrane's high relative K+ permeability. It is perpetually maintained against degradation by the continuous, energy-expensive operation of the electrogenic Na+/K+ ATPase pump. This system provides the fundamental electrical foundation that allows neurons to function as the primary communication network of the human body.",
The action potential,"Physiology of the Nervous System:
Understanding the Action Potential
Based on the lectures from the Monash School of Medicine, prepared by Dr. Simone Carron-Peters.
1. Introduction to Membrane Potential Fluctuations
The resting membrane potential (RMP) of a neuron forms the fundamental electrical baseline required for nervous system function. This RMP can be altered significantly in response to specific environmental or chemical stimuli. When a stimulus acts on a neuron, it induces the movement of ions across the plasma membrane through specialized channels, generating distinct electrical fluctuations. These fluctuations generally fall into two categories:
Graded Potentials: Changes in membrane potential that are localized, variable in magnitude, and transient. They occur primarily at synapses and decay over distance.
Action Potentials (APs): Rapid, all-or-none electrical signals that propagate long distances without decrement, allowing efficient and precise communication between distant neurons.
2. The Mechanics of Voltage-Gated Sodium (Na+) Channels
Voltage-gated sodium channels are the primary molecular drivers behind the generation of an action potential. These specialized transmembrane proteins possess conformational states that shift dynamically depending on the electrical state of the cellular membrane:
Closed State: When the neuron is at its baseline resting potential, the activation gate remains closed, preventing any movement of sodium into the cell.
Open State: In response to a sufficient depolarizing nerve impulse, the activation gates open rapidly, permitting a massive influx of positively charged sodium ions ($Na^+$) into the intracellular space (cytoplasm) down their electrochemical gradient.
Inactivated State: For a brief period immediately following activation, an inactivation gate closes the channel. In this state, the channel cannot open or respond to a new depolarizing signal, enforcing a unidirectional flow of electrical signaling.
3. Threshold Dynamics and the All-or-None Response
To trigger an action potential, the initial influx of sodium must be driven by a stimulus powerful enough to surpass a specific baseline value:
Threshold Stimulus: The minimum level of alteration in membrane potential required to fire an action potential. In standard mammalian neurons, this critical value is established at approximately -55 mV.
Sub-Threshold Stimuli: Weak stimuli that fail to depolarize the membrane to -55 mV. They result only in small, transient graded potentials that quickly dissipate.
Threshold and Supra-Threshold Stimuli: Stimuli that meet or exceed the threshold level, successfully initiating a complete, unattenuated action potential.
The 'All-or-None' Response: This fundamental biological principle dictates that a neuron either fires a full, maximum-amplitude action potential (a complete depolarization up to roughly +30 mV) or it does not fire at all. There are no partial, intermediate, or 'weak' action potentials.
4. Structural Phases of the Action Potential Cycle
A typical action potential is incredibly rapid, lasting only about 1 to 2 milliseconds before returning fully to the resting membrane potential. This swift cycle is mediated by highly orchestrated changes in membrane permeability and ion movement across three distinct sequential phases:
Phase A: Depolarization
Initiated when a graded potential successfully brings the membrane potential to the threshold (-55 mV). This causes voltage-gated sodium channels to open quickly, resulting in a rapid, massive influx of positively charged $Na^+$ ions. Consequently, the internal environment of the cell becomes progressively less negative (moving from -70 mV toward 0 mV, and eventually overshooting into positive values up to +30 mV). Although this produces an immediate shift in voltage, the absolute number of ions moving across the membrane is incredibly small relative to the overall concentration, meaning bulk ion concentrations remain virtually unchanged.
Phase B: Repolarization
As the membrane potential peaks around +30 mV, voltage-gated sodium channels rapidly close and enter their inactivated state. Simultaneously, voltage-gated potassium ($K^+$) channels slowly begin to open. This allows $K^+$ ions to rush out of the cell down their electrochemical gradient, removing positive charge from the cytoplasm and forcing the membrane potential back down toward the negative resting baseline.
Phase C: Hyperpolarization
Because the voltage-gated potassium channels close quite slowly, an overshoot occurs. A significant amount of positive potassium continues to leave the cell even after reaching the resting potential, causing the membrane potential to drop below its typical baseline to approximately -90 mV. Eventually, all voltage-gated potassium channels close, and the standard resting state is fully restored.
5. Refractory Periods and Signal Propagation
Immediately after an action potential fires, there is a crucial window during which the neuron's capacity to generate another signal is strictly limited. This is divided into two phases:
Absolute Refractory Period: The timeframe during which the neuron is completely incapable of firing another action potential, regardless of stimulus strength. This is caused by the physiological inactivation of the voltage-gated sodium channels.
Relative Refractory Period: Follows the absolute period and occurs during hyperpolarization. Since the membrane potential is more negative than usual (-90 mV), the threshold is effectively increased, meaning an exceptionally strong, supra-threshold stimulus is required to trigger a response.
Propagation along the axon relies on a self-propagating mechanism: as $Na^+$ ions rush into a specific patch of the neuron, they create a localized positive charge that triggers the opening of adjacent voltage-gated sodium channels. This sets off a rapid 'wave' of depolarization spreading down the length of the axon.
6. Synaptic Graded Potentials and Summation
Graded potentials occur directly at synapses and alter the membrane potential locally, heavily influencing whether the post-synaptic neuron will reach threshold at its axon hillock. These are classified as:
Excitatory Postsynaptic Potentials (EPSPs): Depolarizing inputs that drive the membrane potential closer to the threshold, increasing the probability of firing an AP.
Inhibitory Postsynaptic Potentials (IPSPs): Hyperpolarizing inputs that drive the membrane potential further away from the threshold, reducing the probability of firing an AP.
Because individual graded potentials are typically too weak to trigger an action potential on their own, the post-synaptic neuron utilizes summation at the axon hillock to process multiple signals simultaneously:
EPSP/IPSP Cancellation: Occurs when excitatory and inhibitory inputs arrive at the same time and mathematically neutralize each other, preventing any net change in potential.
Spatial Summation: Excitatory signals arrive simultaneously from multiple different presynaptic neurons, combining to successfully push the membrane potential past threshold.
Temporal Summation: A single presynaptic neuron fires in rapid succession, generating multiple closely-spaced excitatory potentials that accumulate over time to reach threshold.
7. Myelination, Propagation Speed, and Clinical Relevance
The velocity at which an action potential propagates down an axon is primarily dictated by two biophysical characteristics:
Axon Diameter: Larger diameter fibers offer substantially less internal electrical resistance, allowing current to flow down the axon much faster.
Myelination: Many axons are insulated by a lipid-rich myelin sheath, which prevents the leaking of electrical current. This insulation is produced by specialized glial cells: Schwann cells within the Central Nervous System (CNS) and oligodendrocytes within the peripheral nervous system.
In myelinated fibers, the electrical signal doesn't travel continuously along the entire membrane surface. Instead, the current flows passively beneath the insulated sheath and is rapidly 'restarted' and boosted at periodic gaps known as the Nodes of Ranvier. This highly efficient process is called saltatory conduction, which is exponentially faster than the continuous contiguous conduction seen in unmyelinated fibers.
Clinical Correlation: Multiple Sclerosis (MS)
The critical role of myelination is explicitly illustrated by the pathophysiology of Multiple Sclerosis (MS). MS is an autoimmune disorder characterized by the progressive degradation of the myelin sheath surrounding neurons. When this insulation is damaged, electrical current leaks out across the axonal membrane, slowing down or entirely blocking signal propagation. Clinically, this disruption in communication manifests as a profound loss of sensory perception, motor control, coordination, and functional movement.
ANALOGY FOR INDUCTION: Think of the initiation of an action potential like striking a match to start a fire. We require a big enough spark (stimulus) to cross the initial threshold, but once the fire starts, it becomes completely self-fueling and propagates independently.",
Synpatic transmission,"Comprehensive Study Guide: Synaptic Transmission
Based on Monash School of Medicine Lectures
Curated for Medical Students
1. Foundations of Synaptic Transmission
In the human nervous system, communication between individual cells is paramount for coordinating physiological actions, processing sensory inputs, and driving cognitive behaviors. The fundamental architecture enabling this communication is the synapse.
The Synapse: A synapse is defined as the specialized junction where one part of a neuron contacts and communicates with another neuron or a target cell type (such as a muscle fiber or a glandular cell). It serves as the functional bridge between an information-sending cell and an information-receiving cell.
Synaptic Transmission: The process of transferring information across this specialized junction is called synaptic transmission. Depending on the target cell involved, these junctions typically fall into two main functional categories:
Neuron-to-Neuron Synapses: A connection where the axon terminal of an information-sending neuron synapses onto the dendrites, soma, or axon of another neuron.
Neuron-to-Muscle Synapses: A highly specialized junction where a motor neuron communicates directly with a muscle fiber. This specific type of connection is termed a neuromuscular junction, and it is responsible for translating neural commands into mechanical muscle contractions.
Anatomical Variations in Synaptic Connections
While the basic framework involves a presynaptic neuron sending a signal to a postsynaptic cell, neurons exhibit immense structural diversity and form a wide variety of connection types throughout the nervous system. These include:
Axosecretory: The axon terminal secretes signaling substances directly into the bloodstream.
Axoaxonic: The axon terminal of one neuron synapses directly onto the axon of another neuron, often modulating neurotransmitter release.
Axodendritic: The axon terminal ends on a dendritic spine, which is the most classic and abundant configuration for excitatory transmission.
Axoextracellular: The axon has no direct contact with a target cell and secretes its chemical messengers directly into the extracellular fluid.
Axosomatic: The axon terminal ends directly on the cell body (soma) of the postsynaptic neuron.
Axosynaptic: The axon terminal ends precisely on another axon terminal.
Note for Students: From a clinical and foundational physiology standpoint, you do not need to memorize every single anatomical configuration. Instead, focus strictly on the general overarching concepts of neurons forming connections with other neurons and target organs, particularly muscle fibers.
2. Mechanisms of Transmission: Electrical vs. Chemical Synapses
The nervous system utilizes two distinct physical and physiological mechanisms to propagate signals across a synapse: electrical transmission and chemical transmission. Each mechanism possesses unique properties suited for specific physiological roles.
Detailed Insight into Electrical Synapses
Electrical synapses occur at specialized structural sites known as gap junctions. At these sites, the membranes of the presynaptic and postsynaptic cells approach within a few nanometers of each other, separated by a gap of only about 3.5 nm. This gap is bridged by specialized protein complexes called connexons.
Connexons and Pores: Six connexin protein subunits assemble to form a single connexon.
Cytoplasmic Continuity: Two connexons (one from the presynaptic cell membrane and one from the postsynaptic cell membrane) combine to form a continuous, open pore connecting the cytoplasm of the two neurons.
Direct Ionic Flow: Because the pore is relatively large, ions can pass directly and freely from one cell to the next. This creates a tight electrical coupling.
The action potential in the presynaptic neuron produces an almost instantaneous response in the postsynaptic neuron, with a brief synaptic delay of approximately 0.1 ms. Because of their speed and bidirectional nature, electrical synapses typically function to synchronize electrical activity among populations of interconnected neurons. Classic examples include brainstem neurons that regulate rhythmic breathing, as well as cardiac myocytes executing coordinated contractions.
3. The Cellular Cascade of Chemical Neurotransmission
Chemical synapses represent the primary mechanism of communication in the mammalian nervous system. Unlike electrical synapses, they rely on a multi-step chemical cascade to translate an electrical action potential into a chemical signal, and back into an electrical signal.
The Step-by-Step Signaling Process
Step 1: Arrival of the Action Potential. An action potential propagates down the axon of the presynaptic neuron and arrives at the axon terminal, causing a localized depolarization of the terminal membrane.
Step 2: Calcium Entry. The depolarization of the terminal membrane activates voltage-gated Calcium (Ca2+) channels embedded in the presynaptic membrane. Because the concentration of extracellular Ca2+ is significantly higher than intracellular concentrations, Ca2+ rapidly enters the axon terminal.
Step 3: Exocytosis of Neurotransmitters. The sudden influx of Ca2+ acts as an intracellular trigger, signaling neurotransmitter-containing synaptic vesicles clustered near the membrane to fuse with the presynaptic membrane. The vesicles release their chemical cargo into the synaptic cleft via exocytosis.
Step 4: Diffusion and Binding. The released neurotransmitter molecules diffuse across the narrow synaptic cleft (approximately 20 nm in width) and bind specifically to ligand-gated ion channels located on the postsynaptic membrane.
Step 5: Opening of Ion Channels and Graded Potentials. The binding of the neurotransmitter induces a conformational change that opens the ligand-gated ion channels. Ions flow into or out of the postsynaptic cell down their electrochemical gradients, resulting in a localized alteration of the membrane potential known as a graded potential.
Step 6: Signal Termination. To prevent continuous, uncontrolled stimulation, neurotransmission must be terminated. This occurs through three main mechanisms: reuptake by the presynaptic neuron via specialized transporter proteins, enzymatic degradation within the synaptic cleft, or simple diffusion away from the synapse.
Postsynaptic Responses: Excitation vs. Inhibition
Synapses are not purely excitatory connections; to allow fine-tuned regulation of complex physiological systems, synapses can also be inhibitory. The ultimate response generated in the postsynaptic neuron depends entirely on the specific receptor protein to which the neurotransmitter binds:
Excitatory Postsynaptic Potential (EPSP): Occurs when the binding of a neurotransmitter opens channels permeable to positive ions (such as Na+ or Ca2+). This causes a localized depolarization, moving the membrane potential closer to the threshold required to trigger an action potential.
Inhibitory Postsynaptic Potential (IPSP): Occurs when the binding of a neurotransmitter opens channels permeable to negative ions (such as Cl-) or allows positive ions (such as K+) to leave the cell. This causes a hyperpolarization, moving the membrane potential further away from the threshold and stabilizing the cell against excitation.
Neural Integration: Temporal and Spatial Summation
A single neuron typically receives inputs from hundreds or thousands of individual synapses, some of which are excitatory and others inhibitory. The cell must integrate these diverse inputs to determine whether or not to fire its own action potential. This integration process occurs at the initial segment of the axon through two forms of summation:
Temporal Summation: Occurs when a single presynaptic input fires repeatedly in rapid succession. If the inputs arrive close enough in time, the postsynaptic potentials add together before the previous ones decay, eventually climbing to reach the threshold potential.
Spatial Summation: Occurs when multiple different synapses fire simultaneously at separate locations across the postsynaptic neuron's dendrites or soma. The individual localized potentials combine together to create a cumulative change in membrane voltage at the axon initial segment.
4. Receptor Subtypes: Ionotropic vs. Metabotropic
When a neurotransmitter binds to a postsynaptic cell, the speed and duration of the response are dictated by the class of receptor involved. Receptors are broadly categorized into two major subtypes:
Ionotropic Receptors (Ligand-Gated Ion Channels)
Ionotropic receptors are integral membrane proteins that form a central pore. The receptor protein itself acts directly as an ion channel.
Direct Binding: The neurotransmitter binds directly to the receptor site.
Immediate Action: The binding immediately induces a conformational change that opens the pore, allowing specific ions to cross the membrane.
Kinetics: The response is extremely rapid (occurring within milliseconds) and short-lived, making it ideal for fast, crisp transmission of sensory and motor signals.
Metabotropic Receptors (G-Protein Coupled Receptors)
Metabotropic receptors do not contain an intrinsic pore. Instead, they influence ion channels indirectly through complex intracellular metabolic cascades.
G-Protein Activation: The neurotransmitter binds to the receptor, which activates an associated membrane-bound G-protein.
Secondary Messenger Cascades: The activated G-protein releases subunits or triggers intracellular secondary messengers.
Channel Modulation: These secondary messenger molecules diffuse through the cytoplasm to modulate ion channels from the inside, or activate downstream effector proteins.
Kinetics and Amplification: While this process is significantly slower to initiate than ionotropic transmission, it allows the biological signal to be heavily amplified, because a single neurotransmitter binding event can produce thousands of second messenger molecules.
5. The Synaptic Basis of Memory and Learning
At the systems level, synaptic transmission is not a rigid or static process. Rather, individual synapses possess the remarkable ability to adjust their communication strength over time in response to activity—a phenomenon known as synaptic plasticity, which serves as the cellular basis of learning and memory.
Long-Term Potentiation (LTP) or Synaptic Strength Enhancement: When a specific pathway or synapse is triggered frequently, the connection between the neurons becomes significantly stronger, meaning subsequent signals are amplified and become much easier to trigger. This enhancement is termed synaptic potentiation. This physiological enhancement can take place at the level of the individual synapse through three primary structural and biochemical mechanisms:
1. Increased Neurotransmitter Release: Repeated high-frequency stimulation triggers retrograded signaling or changes in terminal machinery, forcing the presynaptic neuron to release a greater volume of neurotransmitter vesicles per action potential.
2. Increased Postsynaptic Receptor Density: The postsynaptic cell inserts additional ligand-gated receptors into its own membrane density. With a higher density of receptors available, the same volume of neurotransmitter produces a much larger influx of ions, amplifying the postsynaptic potential.
3. Enhanced Signaling Cascades: Intracellular signaling cascades within the postsynaptic cell are upregulated or enhanced, making the downstream responses to receptor binding much more robust and efficient.
Summary for Students: These concepts represent the baseline functional adaptations that turn temporary neural activity into stable, long-term memory traces and learned behaviors throughout the brain.
Feature
Electrical Synapse
Chemical Synapse
Mechanism of Transfer
Direct transfer of ionic current via gap junctions.
Release of neurotransmitters across a synaptic cleft.
Speed of Transmission
Extremely rapid, virtually instantaneous (~0.1 ms delay).
Slower, due to the multi-step process of chemical diffusion and binding.
Directionality
Can be bidirectional.
Strictly unidirectional (presynaptic to postsynaptic).
Signal Modification
Maintains or diminishes signal; excellent for synchronization.
Allows the signal to be amplified significantly within the postsynaptic cell.",
"Spinal cord, neural communication and reflexes","Comprehensive Study Guide:
Spinal Cord Anatomy, Neural Communication, and Reflex Pathways
This article serves as a comprehensive medical reference guide on the organization, structure, and functional pathways of the spinal cord, spinal nerves, and reflex arcs, synthesized directly from core clinical neuroscience lecture notes.
1. Macro-Architecture and Global Functions of the Spinal Cord
The spinal cord represents the foundational structural conduit connecting the human brain to the peripheral nervous system (PNS). Characterized macroscopically as a long, conical structure, it is approximately as thick as an adult's little finger. It is heavily protected against mechanical trauma by the surrounding osseous vertebral column.
Crucially, from a clinical standpoint, the spinal cord does not extend the full longitudinal length of the vertebral column; in adults, it terminates superiorly at the lower boundary of the L1-L2 vertebral segment, a region known as the conus medullaris. Below this level, the lumbar and sacral nerve roots continue downward through the vertebral canal as a collection resembling a horse's tail, termed the cauda equina.
Core Systemic Functions
Bi-directional Neural Relay: Connects the encephalon (brain) directly with the peripheral tissues of the body.
Motor Distribution: Distributes efferent motor nerve fibers systematically across somatic and autonomic compartments.
Somatosensory Collection: Collects diverse sensory input (nociception, mechanoreception, proprioception) from the periphery and conveys it to the brain.
Reflex Integration: Manages automated somatic and autonomic reflexes, operating with a high degree of regional autonomy.
Signal Modulation: Actively modulates both incoming sensory inputs and outgoing motor outputs.
2. Segmental Organization and Functional Divisions
The human nervous system features 31 distinct pairs of symmetric spinal nerves that emerge from corresponding segments of the spinal cord to supply specific body regions:
8 Cervical Pairs (C1 - C8)
12 Thoracic Pairs (T1 - T12)
5 Lumbar Pairs (L1 - L5)
5 Sacral Pairs (S1 - S5)
1 Coccygeal Pair (Co1)
Segmental Functional Mapping
Neurological innervation is strictly compartmentalized by spinal level, defining clear physiological domains:
C1 - C4: Coordinates diaphragmatic respiration alongside head and neck motility.
C4 - C6: Modulates baseline heart rate and executes shoulder girdle kinetics.
C6 - C7: Directs wrist articulation and elbow flexion/extension.
C7 - C8: Controls intricate, fine motor hand and finger movements.
T1 - T12: Maintains sympathetic autonomic tone, mediates systemic temperature regulation, and ensures core trunk stability.
L1 - L2: Coordinates pelvic mechanics, hip motion, and the efferent pathways for ejaculation.
L3: Executes knee joint extension via quadriceps activation.
L4 - L5: Drives ankle/foot motion and governs knee joint flexion.
S1 - S5: Mediates penile erection alongside critical bowel and bladder sphincteric activity.
3. Internal Anatomy: Gray vs. White Matter Compartments
A transverse cross-section of the spinal cord reveals a highly organized arrangement of internal gray matter surrounded by peripheral white matter tracts.
The Internal Gray Matter Core
The inner region displays a characteristic butterfly shape and is composed primarily of neuronal cell bodies, unmyelinated axons, dendrites, and supporting neuroglial cells. It acts as the primary central processing and synaptic integration zone.
Dorsal (Posterior) Horns: Receive incoming sensory inputs from peripheral afferent fibers.
Ventral (Anterior) Horns: Contain the large somata of lower motor neurons that project directly to skeletal muscle cells.
The Outer White Matter Shield
The peripheral outer ring consists dominantly of longitudinal columns of myelinated axons, specialized for high-velocity signal transmission. It is divided into three functional categories of nerve fibers:
Long Ascending Fibers: Run cephalad to deliver somatic and visceral sensory signals up to the brain.
Long Descending Fibers: Project caudad from cortical and subcortical regions to transmit motor control commands.
Shorter Interconnection (Propriospinal) Fibers: Provide highly integrated intra-segmental and inter-segmental communication, essential for coordinated flexor and withdrawal reflexes.
Root Architecture: The Rule of Bell-Magendie
Each spinal nerve splits as it approaches the cord into two structurally and functionally segregated roots:
Dorsal Root: Transmits purely afferent (sensory) signals from peripheral receptors into the central nervous system.
Ventral Root: Transmits purely efferent (motor) signals originating in the gray matter out to effector muscles and visceral organs.
4. Ascending Somatosensory Pathways
Ascending pathways collect peripheral somatosensory info and transfer it to the primary somatosensory cortex via structured three-neuron chains.
The Dorsal Column-Medial Lemniscal (DCML) Pathway
Function: The DCML is the primary high-fidelity pathway responsible for delivering sensations of fine (discriminative) touch, mechanical vibration, two-point discrimination, and conscious proprioception (position sense) from muscles, skin, and joints.
Structural Progression:
First-Order Neuron: Enters the spinal cord via the dorsal root and ascends ipsilaterally within the dorsal white columns (fasciculus gracilis for lower body, fasciculus cuneatus for upper body).
Second-Order Neuron: Synapses in the dorsal column nuclei of the caudal medulla oblongata. Crucially, these fibers decussate (cross over) immediately within the medulla, forming the medial lemniscus tract, which ascends to the thalamus.
Third-Order Neuron: Originates in the ventroposterolateral (VPL) nucleus of the thalamus and projects directly to the primary somatosensory cortex.
The Anterolateral Spinothalamic Pathway
Function: Composed of two adjacent, closely related tracts that convey vital protective sensory feedback:
Anterior Spinothalamic Tract: Conveys crude touch and mechanical pressure signals.
Lateral Spinothalamic Tract: Conveys protective pain (nociception) and temperature (thermoreception) details.
Structural Progression:
First-Order Neuron: Enters the spinal cord via the dorsal root and immediately synapses onto cells in the dorsal gray horn.
Second-Order Neuron: Decussates immediately within the horizontal spinal segment (via the ventral white commissure) and ascends contralaterally through the anterolateral white column to the thalamus.
Third-Order Neuron: Synapses within the VPL nucleus of the thalamus and projects directly to the primary sensory cortex.
Clinical Implications of Spinal Cord Hemisection (Brown-Séquard Syndrome)
Because these two pathways decussate at different neuroanatomical levels, a focal hemisection injury of the spinal cord produces an distinctive, split pattern of sensory deficits:
Ipsilateral Deficits (Same Side as Lesion): Loss of proprioception, fine touch, and vibration beneath the level of injury, because the DCML pathway remains uncrossed until it reaches the brainstem.
Contralateral Deficits (Opposite Side of Lesion): Impairment of pain and temperature sensation, because the spinothalamic tracts decussate instantly at the spinal entry level and ascend on the opposite side.
5. Descending Motor Pathways
Descending tracts originate within the cerebral cortex and various brainstem nuclei, directing voluntary and involuntary motor outputs down to lower motor neurons.
The Corticospinal Tract (CST)
Function: The premier motor pathway for the voluntary command of fine, skilled movements of the limbs and axial trunk.
Structural Progression:
Upper Motor Neurons (UMN): Somata reside primarily in the primary motor cortex and premotor areas. Their long axons cascade through the internal capsule into the brainstem.
Medullary Decussation: Within the pyramids of the caudal medulla, approximately 85% to 90% of the fibers decussate to form the Lateral Corticospinal Tract. The remaining uncrossed fibers continue anteriorly as the Anterior Corticospinal Tract.
Segmental Targeting: The Lateral CST descends through the lateral white columns to control contralateral distal extremities. The Anterior CST descends through the anterior columns and typically decussates at the local target segment to manage proximal girdle and midline trunk muscles.
Synaptic Connection: At the designated spinal segment, these UMN axons terminate within the ventral gray horns, synapsing onto lower motor neurons (LMN) that pass out through the ventral roots to innervate peripheral muscles.
Corticobulbar Tract Component: A related pathway that branches off to supply the motor nuclei of the head, neck, and face.
Upper vs. Lower Motor Neuron Lesions
Understanding the distinct clinical manifestations of motor lesions is essential for localizing damage within the central versus peripheral nervous systems:
Lower Motor Neuron (LMN) Lesions: Disrupt the final common pathway. Results in a complete loss of all neural input from the CNS to the muscle, presenting as flaccid paralysis, muscle atrophy, fasciculations, and hyporeflexia/areflexia.
Upper Motor Neuron (UMN) Lesions: Interrupt voluntary control signals while simultaneously removing the normal inhibitory, modulating inputs that the cortex exerts over brainstem nuclei. This produces spastic paralysis, hyperreflexia, hypertonia (increased muscle tone), and a positive Babinski sign.
6. Spinal Reflex Arcs and Neurological Integration
A spinal reflex is a rapid, automated, and involuntary physiological response to a sensory stimulus that occurs through a localized circuit termed a reflex arc. These pathways operate with high speed because they bypass the brain entirely for immediate reaction.
The Five Classical Components of a Reflex Arc
1. Sensory Receptor: Detects an environmental change or noxious stimulus (e.g., thermal energy).
2. Afferent (Sensory) Nerve: Transmits action potentials from the receptor into the spinal cord.
3. Central Processing Unit: Synaptic integration zone within the gray matter (can involve interneurons).
4. Efferent (Command) Nerve: Alpha motor neurons carry the generated response back out to the periphery.
5. Effector Organ: The target tissue (typically a muscle or gland) that executes the final action.
Monosynaptic vs. Polysynaptic Reflexes
Reflex circuits are categorized by their cellular complexity and internal synaptic architecture:
1. Monosynaptic Reflexes
These fast-acting circuits consist of a single sensory neuron synapsing directly onto a single motor neuron, utilizing only one chemical synapse. This minimal path length ensures a nearly instantaneous response.
Example - The Patellar (Deep Tendon) Reflex: Striking the patellar tendon stretches the quadriceps femoris muscle. This change is detected by muscle spindles, sending high-velocity afferent signals into the spinal cord. The sensory fiber synapses directly onto an alpha motor neuron in the ventral horn, triggering immediate contraction of the quadriceps and causing a kicking motion of the lower leg.
2. Polysynaptic Reflexes
These pathways involve one or more interneurons between the sensory afferent and motor efferent fibers. This multi-synaptic architecture allows for more complex sensory processing, flexible responses, and coordinated multi-muscle patterns.
Example - The Flexor Withdrawal Reflex: When a painful stimulus is encountered (such as touching a hot surface), sensory nociceptors send signals into the spinal cord. Through sequential interneuronal activation, motor neurons are stimulated to contract flexor muscles (pulling the limb away from danger), while opposing motor neurons are simultaneously inhibited to relax extensor muscles. In weight-bearing limbs, this is paired with a crossed extensor reflex, which stimulates extensors on the opposite side of the body to maintain stable posture and balance during the sudden movement.
Clinical Note: While the individual roots are strictly uniform (sensory or motor only), they merge distally to form the Spinal Nerve Proper, which is always a mixed nerve carrying both modalities simultaneously.",
Histology of muscle tissue,"Comprehensive Study Guide: Histology and Physiology of Muscle Tissue
Based on the Lectures of Professor John Bertram
Department of Anatomy and Developmental Biology, Monash University
1. Introduction to Muscle Tissue in the Context of Primary Tissues
In the study of human histology, the body is composed of four primary tissue types: Epithelium, Muscle tissue, Nervous tissue (comprising the central nervous system and peripheral nervous system), and Connective tissue (including tendons, ligaments, capsules, lamina propria, bone, cartilage, fat, and blood). Muscle tissue is specialized for contractility, allowing it to exert force and execute mechanical work across various systems in the body.
2. Primary Muscle Functions & Key Properties
Muscle tissue is uniquely engineered to sustain the baseline mechanics of life through several critical functional applications:
Movement Production: Responsible for somatic movement (body and limbs) as well as visceral motion within organs (e.g., tongue, diaphragm, bladder, uterus, intestines), tubes (e.g., arteries, veins, ureters, bronchioles, vas deferens), and various glands.
Posture and Position Maintenance: Enables the body to counteract gravity and stabilize skeletal positions.
Body Temperature Maintenance: Acts as a primary site for heat generation (thermoregulation) through metabolic activity, shivering mechanisms, and the modulation of blood vessel diameter via vasoconstriction and vasodilation.
Soft Tissue Support: Provides physical support and structural integrity to visceral organs and surrounding layers.
Entrance and Exit Control: Forms anatomical sphincters to regulate the passage of substances through internal tracks.
Nutrient Storage: Functions as a highly active metabolic tissue capable of storing vital amino acids and energy reserves.
These functions are made possible by four key physiological properties:
Excitability: The ability to receive and propagate electrochemical stimulation.
Contractility: The capacity to actively shorten and develop tension, which is then harnessed and transmitted by connective tissue frameworks (tendons and ligaments).
Extensibility: The capability to undergo stretching across a broad range of resting lengths without suffering structural damage.
Elasticity: The intrinsic ability to snap back or rebound to its native baseline length following a contractile cycle.
3. Comparative Structural and Functional Matrix
The table below details the precise morphological, architectural, and operational differences between the three major categories of muscle tissue:
4. Deep Dive: Skeletal Muscle
4.1 Structural Hierarchy and Connective Tissue Investments
Skeletal muscles are organized in a hierarchical fashion, securely enveloped within three distinct layers of connective tissue that consolidate force and insulate fibers:
Epimysium: A dense external layer that encapsulates the entire muscle body, isolating it from neighboring muscles, fascial planes, and organs.
Perimysium: An intermediate fibrovascular sheath that partitions the muscle into internal compartments called fascicles (bundles of muscle cells). This layer acts as a conduit for macroscopic blood vessels and peripheral nerves.
Endomysium: A delicate reticular network that surrounds each individual muscle cell (also referred to as a muscle fiber). In skeletal muscle, a single fiber corresponds directly to one multi-nucleated cell.
4.2 Cellular Architecture and Specialized Nomenclature
Due to their extreme specialization, specific cytological terms are utilized when describing muscle fibers:
Sarcolemma: The specialized plasma membrane surrounding the muscle fiber.
Sarcoplasm: The intra-cellular cytoplasm of the muscle cell.
Sarcoplasmic Reticulum: A highly modified, smooth endoplasmic reticulum dedicated to storing, releasing, and resequestering intracellular calcium ions (Ca2+).
Sarcomere: The foundational, smallest physiological and anatomical contractile subunit of the muscle fiber, structurally bound between two successive Z-lines.
Myofibrils: Intracellular cylindrical structures running parallel to the long axis of the cell, composed of highly ordered rows of myofilaments (actin and myosin).
4.3 Microscopic Striations and the Sarcomere Layout
The characteristic cross-striations of skeletal muscle result from the alternating, highly ordered array of thick and thin myofilaments. Under high magnification, several distinct bands and zones are defined:
A Bands: Anisotropic bands. These are broad, highly dark-staining regions where thick myosin filaments reside and overlap directly with thin actin filaments.
I Bands: Isotropic bands. These are lighter, less dense bands containing thin actin filaments exclusively, with no myosin filament overlap.
Z Lines (Z Discs): The transverse anchoring line positioned dead-center within each I band, delineating the boundaries of an individual sarcomere.
H Zone: A narrow, lighter zone localized in the absolute middle of the dark A band, representing a region containing only thick myosin filaments without actin overlap.
M Line: The structural midline of the sarcomere, situated at the exact center of the H zone, which anchors the thick filaments together.
4.4 Excitation-Contraction Coupling and the Triad Mechanism
For uniform, synchronized contraction to occur, electrical impulses must penetrate deep into the voluminous cytoplasm of the skeletal muscle fiber. This is achieved via Transverse Tubules (T-tubules), which are continuous invaginations of the sarcolemma. In skeletal muscle cells, T-tubules are located precisely at the junctions of the A and I bands, yielding exactly two T-tubules per individual sarcomere.
Each T-tubule is flanked on either side by expanded specialized sacs of the sarcoplasmic reticulum known as terminal cisternae. This structural arrangement—consisting of a central T-tubule and two adjacent terminal cisternae—is termed a Triad. The triad ensures that as an action potential travels down the T-tubule, it induces an instantaneous, uniform calcium wave out of the terminal cisternae into the surrounding sarcoplasm.
4.5 Detailed Molecular Sequence of Skeletal Contraction
The physiological mechanism of contraction follows the Sliding Filament Theory, executed via the following precise step-by-step sequence:
1. Synaptic Transmission: An action potential propagates along a somatic motor nerve and arrives at the neuromuscular junction (also called the motor end plate), inducing the release of neurotransmitters into the synaptic cleft.
2. Action Potential Propagation: The neurotransmitters trigger a localized depolarization of the sarcolemma, which converts into an action potential that rapidly spreads across the cell membrane and dives down into the T-tubule network.
3. Calcium Mobilization: The depolarization wavefront traveling through the triads triggers the rapid opening of calcium channels, releasing vast quantities of Ca2+ from the sarcoplasmic reticulum into the sarcoplasm.
4. Receptor Binding: The liberated Ca2+ ions diffuse through the myofibrils and bind specifically to the troponin C subunit of the troponin complex located on the thin filaments.
5. Conformational Shift: This binding event induces a conformational shift in the troponin-troponin complex, dragging tropomyosin away from its native position and exposing the active binding sites on the actin filament.
6. Cross-Bridge Cycling: Energized myosin heads bind to the exposed active sites on actin, forming actomyosin cross-bridges. The subsequent release of stored energy powers the 'power stroke,' pulling the thin filaments toward the M line.
7. Sarcomere Shortening: Repeated, synchronous cycles of cross-bridging cause the sarcomere to actively shorten. Crucially, the absolute physical lengths of the individual thick (myosin) and thin (actin) microfilaments do not change; rather, they slide past one another.
8. Relaxation and Recapture: When the motor neuron ceases firing action potentials, active transport pumps actively drive Ca2+ back into the sarcoplasmic reticulum. Deprived of calcium, troponin reverts to its original shape, tropomyosin blocks the actin active sites, cross-bridge interactions terminate, and the muscle relaxes.
5. Deep Dive: Cardiac Muscle
5.1 Morphological Specializations and Metabolic Profile
Cardiac muscle cells (myocardiocytes) are specialized, short, cylindrical cells that exhibit distinct branching pathways to form a complex three-dimensional network. Unlike multi-nucleated skeletal fibers, cardiac cells typically possess only a single, prominently positioned central nucleus (though binucleated variants occasionally occur).
Because the heart must contract continuously throughout life without pause, myocardiocytes are exceptionally rich in mitochondria and store vast arrays of glycogen granules. This extreme cytological density of mitochondria reflects an absolute dependency on aerobic cellular respiration and oxidative metabolism.
5.2 Intercalated Discs and Syncytial Coordination
Cardiac muscle cells are structurally and functionally connected end-to-end via specialized junctional zones called intercalated discs. These discs appear as dense transverse lines under light microscopy and contain three highly specialized cell junctions:
Fasciae Adherentes (Adherens Junctions): Anchor thin filaments to the membrane and physically tether adjacent cells firmly together.
Maculae Adherentes (Desmosomes): Provide heavy mechanical reinforcement to prevent intercellular separation during the intense structural stress of cyclical contractions.
Gap Junctions: Provide continuous channels of low electrical resistance. This allows ionic currents and action potentials to pass instantaneously from cell to cell, achieving fully synchronized contractions (acting as a functional syncytium).
5.3 Sarcoplasmic Architecture: The Dyad System
While cardiac muscle contains highly organized sarcomeres (with distinct A bands, I bands, and Z lines), its internal membrane system differs fundamentally from skeletal muscle. In cardiac muscle cells, the T-tubules are significantly wider and are located specifically at the level of the Z lines, rather than the A-I junctions. Furthermore, the associated sarcoplasmic reticulum is less extensively developed and associates with a T-tubule as a single terminal cisterna. This pairing of one T-tubule and one terminal cisterna forms a Dyad, positioned directly at the Z line.
5.4 Innervation, Intrinsic Conduction, and Contraction
The heart does not rely on the nervous system to initiate a heartbeat. Instead, contraction is driven by an intrinsic, autonomous conducting system composed of specialized, modified cardiac muscle cells. These include the sinoatrial and atrioventricular nodes, which transmit impulses through specialized conduction tracks known as Purkinje fibers. These cells generate spontaneous, rhythmic action potentials that spread through gap junctions across the myocardium.
Once the depolarization wavefront sweeps down the wide T-tubules at the Z line, it triggers calcium release from the dyads. The Ca2+ binds to cardiac troponin C (TnC), initiating actomyosin cross-bridge cycling and sarcomere shortening identical to the sliding filament mechanism. Relaxation occurs when calcium is pumped back into the sarcoplasmic reticulum, terminating actin-myosin cross-bridge configurations.
6. Deep Dive: Smooth Muscle
6.1 Structural Profile and Tissue Distribution
Smooth muscle cells are small, spindle-shaped (fusiform) structures with a single, centrally located nucleus and characteristically tapering ends. They are arranged in highly coordinated layers, bundles, or sheets containing thousands to millions of tightly packed cells. Smooth muscle is found in numerous locations throughout the human body, typically lining the walls of hollow organs and tubular structures, including:
Gastrointestinal Tract: Managing peristaltic waves and structural mixing actions.
Cardiovascular System (Arteries and Veins): Regulating blood pressure and peripheral resistance via vasoconstriction and vasodilation.
Respiratory System: Controlling airway diameter and resistance (e.g., bronchioles).
Urogenital System: Facilitating fluid transit and organ emptying (e.g., ureters, urinary bladder, uterus, vas deferens).
Myoepithelial Cells: Highly specialized, modified smooth muscle cells that wrap around the secretory portions of exocrine glands (including sweat, salivary, and mammary glands) to actively squeeze out secretions.
6.2 Non-Striated Contractile Apparatus and Dense Plaques
Smooth muscle completely lacks macroscopic cross-striations and contains no sarcomeres. Despite this absence of repetitive striations, the tissue still relies fundamentally on actin and myosin interactions to generate tension. In smooth muscle cells, thin actin filaments are anchored to dense structures called actin-binding dense plaques (or dense bodies). These dense plaques are distributed throughout the cytoplasm and along the inner face of the sarcolemma, serving as the functional equivalent of Z lines in striated muscle.
6.3 Excitation and Calcium Delivery: Caveolae and Calmodulin
Smooth muscle cells possess a well-developed sarcoplasmic reticulum but completely lack T-tubules. To facilitate extracellular calcium influx, the sarcolemma features multiple small, flask-shaped invaginations called caveolae, which work in tandem with specialized cytoplasmic vesicles. Smooth muscle contraction can be triggered by a diverse range of physiological inputs:
Mechanical Stimuli: Induced by passive mechanical stretching of the organ wall.
Electrical Stimuli: Induced by direct neural depolarization via autonomic nerve endings.
Chemical Stimuli: Driven by circulating hormones, local metabolites, or paracrine factors.
Because smooth muscle cells lack the troponin complex, they utilize an entirely different molecular mechanism to regulate contraction:
1. Calcium Influx: Upon stimulation, intracellular Ca2+ levels rise due to influx via caveolae and release from the sarcoplasmic reticulum.
2. Calmodulin Binding: The liberated Ca2+ binds directly to a specialized regulatory protein called calmodulin.
3. Enzyme Activation: The resulting calcium-calmodulin complex activates an enzyme called Myosin Light Chain Kinase (MLCK).
4. Phosphorylation and Cross-Bridging: MLCK phosphorylates the myosin heads, enabling them to interact with actin filaments.
5. Contraction Dynamics: Actomyosin cross-bridges undergo repeated sliding filament interactions, pulling the anchored dense plaques closer together. This causes the cell to shorten, twist, and deform into a compacted, contracted state. This pathway yields highly efficient, slow, and sustained contractions capable of maintaining tone over long periods with minimal energy expenditure.
7. Core References and Recommended Literature
To supplement the material presented in this article, students are strongly encouraged to consult the following foundational textbook resources:
Kerr, J. B. Atlas of Functional Histology. Mosby, 1999.
Kerr, J. B. Functional Histology (2nd Edition). Mosby, 2010.
Pawlina, W. Histology: A Text and Atlas (8th Edition). Wolters Kluwer, 2020.
Characteristic
Skeletal Muscle
Cardiac Muscle
Smooth Muscle
Cell Length
Wide range: 1 mm – 20 cm
50 – 100 μm
20 – 200 μm (up to 0.5 mm in pregnant uterus)
Cell Diameter
10 – 100 μm
10 – 20 μm
5 – 10 μm
Morphology
Long parallel cylinders; multiple peripheral nuclei; prominent striations
Short branched cylinders; single central nucleus; distinct striations
Spindle-shaped with tapering ends; single central nucleus; completely unstriated
Connections
Fascicle bundles, tendons
Junctions join cells end-to-end (Intercalated discs)
Connective tissue networks, gap junctions, and desmosomes
Control Type
Somatic motor neurons; voluntary control
Intrinsic rhythmicity; involuntary autonomic nervous system modulation
Involuntary control; regulated by the autonomic nervous system, intrinsic activity, and local chemical/mechanical stimuli
Contractile Power
Rapid, forceful contractions
Lifelong variable, rhythmic contractions
Slow, sustained, or rhythmic contractions",
Introduction to pharmacology,"Foundations of Medical Pharmacology:
An Informative Comprehensive Guide
Based on School of Medicine Lecture Notes
Prepared for Medical and Biomedical Science Students
1. Introduction to the Field of Pharmacology
Pharmacology is a pillar of modern biomedical sciences, sitting at the intersection of anatomy, biochemistry, microbiology, immunology, pathology, and physiology. The term itself originates from classical Greek roots: logos, meaning 'the study of,' and pharmakos, translated as 'medicine or drug'. Conceptually, pharmacology is defined as the rigorous study of the interaction of chemical substances (drugs) with living biological systems.
As an evolutionary science, pharmacology dates back over millennia, transitioning through distinct technological eras:
Ancient Therapeutics (>3000 BC): Magical potions and herbal remedies dominated early therapeutics, with foundational records extending beyond 3000 BC.
The Apothecary and Commerce Era (~1600 AD): The rise of traditional apothecaries standardized the commercial preparation and distribution of crude medical products.
The Chemical Revolution (~1800): The birth of modern chemistry allowed for the isolation of natural products and the elucidation of distinct chemical structures.
The Synthetic and Industrial Era (~1900): The integration of synthetic chemistry birthed the pharmaceutical industry, shifting focus from crude extracts to targeted synthetic drug compounds.
Modern Molecular Pharmacology (1970–Present): The contemporary era utilizes advanced biochemical, physiological, molecular biology, and genomic tools to develop complex biopharmaceuticals, engineering highly customized therapies tailored to cellular microenvironments.
2. Conceptualizing the 'Drug'
In clinical and scientific frameworks, a drug is defined as any exogenous or endogenous compound administered to produce a specific, desirable physiological or psychological effect. Crucially, true pharmacological agents are characterized by their high biological potency, meaning they are active in exceptionally small quantities.
Chemical agents evaluated within pharmacology broadly span four core biological categories:
Therapeutic Substances: Chemical compounds specifically synthesized or isolated to prevent, manage, diagnose, or cure pathological conditions.
Drugs of Abuse: Exogenous chemicals consumed outside of medical guidance for regular recreational, psychoactive, or non-therapeutic behavioral changes.
Poisons and Toxins: Agents causing immediate or cumulative detrimental physiological damage to cellular tissues or organs.
Endogenous Substances: Molecules naturally produced within the body (e.g., hormones, neurotransmitters) that can be isolated, cloned, or synthetically replicated to be administered as exogenous drugs.
The origins of these agents are split between natural products (derived via crude extracts of plant, animal, or mineral origin) and synthetic chemicals engineered within laboratory environments to optimize structural purity and specificity.
3. Drug Classification and Nomenclature Systems
Navigating the clinical landscape requires a systematic approach to categorizing and naming medications. At a regulatory level, drugs are divided into non-prescription (Over-the-Counter or OTC) drugs, which can be acquired safely without specialized guidance, and prescription drugs, which demand authorized medical oversight due to systemic potencies, safety thresholds, or dependency risks.
Medications are organized into drug or therapeutic classes based on shared physiological actions or core molecular mechanisms (e.g., bronchodilators, β2-agonists). For any single individual drug, a standard three-tier nomenclature system exists:
Chemical Name: The exact scientific designation detailing the molecule's spatial atomic layout and precise chemical structure according to international chemistry guidelines. (Example: a’-[[(1,1-Dimethylethyl)amino]methyl]-4-hydroxy-1,3-benzenedimethanol, 9Cl; molecular formula: C13H21NO3).
Non-Proprietary (Generic) Name: The official, universally accepted non-proprietary public name assigned to the drug, independent of any commercial manufacturer. (Example: Salbutamol).
Proprietary (Trade/Brand) Name: The commercial brand name registered under trademark law (™) by the pharmaceutical enterprise that developed or marketed the compound. (Example: Ventolin, produced by GlaxoSmithKline [GSK]).
Standardized Drug Class Suffixes
Medical professionals rely on standardized generic word stems or suffixes to instantly recognize the pharmacological class and therapeutic utility of an unfamiliar agent:
4. The Three Sequential Phases of Drug Action
When a patient takes a medication, the clinical outcome is governed by three sequential timelines:
1. The Pharmaceutical Phase: This phase encompasses the mechanical and physical release of the active compound from its administered delivery vector or package. For instance, a solid oral tablet must undergo physical disintegration and dissolution in gastric fluids before its components can be biologically handled.
2. The Pharmacokinetic Phase: Defined dynamically as 'what the body does to the drug,' this phase describes the systemic movement, alteration, and elimination of the compound over time. It is governed by the core acronym ADME:
Absorption: The transit of the active molecule from the site of administration across biological barriers into systemic blood circulation.
Distribution: The reversible transport of the drug through the bloodstream and interstitial fluids into various peripheral organs and target tissues.
Metabolism: The chemical alteration of the parent drug molecule, primarily driven by specialized enzymatic cascades in the liver, to form more polar, easily clearable metabolites.
Excretion: The definitive physical removal of the drug or its metabolites from the body's internal environment, primarily occurring via renal filtration and urinary output.
Pharmacokinetic behavior is heavily dictated by the molecular size, chemical charge, and lipid solubility of the drug, alongside intrinsic patient-specific factors like age, genetic variations, and organ functionality.
3. The Pharmacodynamic Phase: Defined conversely as 'what the drug does to the body,' this phase investigates how the compound induces its biological effects. It details how the molecule physically binds to its specific macromolecular target site, the subsequent intracellular biochemical stimulus generated, and the final macro-physiological response observed in the patient.
5. Molecular Drug Targets and Selectivity
The entire science of pharmacodynamics is anchored by the fundamental historical axiom proposed by Paul Ehrlich (1854–1915): 'Corporal non agunt nisi fixata'—a drug will not work unless it is bound. Drugs do not float around generating generalized biological magic; they must display precise molecular recognition by binding to specialized target macromolecules, which are typically functional proteins or DNA sequences.
An essential principle to retain as a medical student is that drugs cannot confer any entirely new functions on an organ or tissue. Instead, they act exclusively to modify, accelerate, or decelerate existing physiological and biochemical pathways. They achieve this by mimicking or blocking the behavior of endogenous ligands (such as hormones, neurotransmitters, or autacoids) that naturally occupy those spaces.
The Four Primary Classes of Protein Drug Targets
1. Receptors: Complex macromolecular structures concerned directly and specifically with chemical signaling between and within cells. The combination of an endogenous hormone, neurotransmitter, or exogenous drug with a receptor triggers an immediate conformational change, initiating downstream alteration in cellular operations.
2. Ion Channels: Transmembrane proteins that regulate the influx and efflux of essential ions across cellular membranes. Drugs can physically block these pores or modulate their gating parameters. For example, local anaesthetics (such as lignocaine) bind and block voltage-gated sodium (Na+) channels within peripheral nerves. This block halts action potential propagation along the axon, successfully inhibiting pain signal transmission (nociception).
3. Enzymes: Biochemical catalysts responsible for driving physiological chemical transitions. Drugs can act as competitive reversible inhibitors or permanent irreversible inhibitors. A prime example is Aspirin, utilized in low doses to prevent arterial thrombus/clot formation via its anti-platelet action. Aspirin binds to the active site of the cyclo-oxygenase (COX) enzyme within platelets via strong covalent bonds, resulting in permanent, irreversible enzyme inhibition. Because mature platelets lack nuclei and cannot synthesize replacement proteins, the effects of a single dose of aspirin persist for the entire operational lifespan of that platelet (~10 days). Other key examples include acetylcholinesterase.
4. Transporters (Carriers): Specialized membrane proteins responsible for carrying polar molecules or ions across lipid bilayers against concentration gradients. Drugs can block these carriers to prolong the extracellular presence of neurotransmitters. For instance, tricyclic anti-depressants act by physically blocking the noradrenaline transporter, preventing the physiological reuptake of noradrenaline into the pre-synaptic nerve terminal, thus amplifying downstream signaling.
The Concepts of Selectivity and Bonding Strengths
In an ideal therapeutic paradigm, a drug would interact with exactly one molecular target to produce a single, targeted clinical effect. In reality, drugs display relative preference for a particular target over others, a trait known as selectivity. Selectivity is never absolute; it is highly dependent on concentration or dose. As the administered dose increases, the probability that the drug will spill over and interact with alternative secondary targets increases exponentially, often precipitating clinical side effects or toxicity.
The duration and stability of a drug's target interaction depend on its chemical bonding types:
Low-Energy Reversible Bonds: Characterized by van der Waals forces, hydrogen bonds, and electrostatic (ionic) interactions, these bonds allow the drug to detach over time, creating a transient equilibrium.
High-Energy Covalent Bonds: Characterized by shared electron pairs between the drug and the target protein, these bonds form tight, permanent connections that require the cell to synthesize entirely new proteins to restore function (as seen with aspirin and cyclo-oxygenase).
6. Advanced Principles of Drug-Receptor Interactions
The precise physical interaction between a drug and a receptor has historically been modeled as a 'lock and key' mechanism, where the receptor serves as the unique recognition lock and the drug serves as the complementary key. The formation of the reversible drug-receptor complex is governed strictly by the biochemical Law of Mass Action and the structural forces of attraction between the two entities.
Agonists versus Antagonists
The functional outcome of drug-receptor binding is categorized by whether the 'key' possesses the capacity to turn the 'lock' and generate an active signal:
Agonists: An agonist represents a key that fits perfectly into the lock and actively opens it. When an agonist binds to its receptor, it possesses high intrinsic efficacy, meaning it induces a conformational shift that recruits transducer proteins. This forms an active drug-receptor-transducer complex, which drives a downstream cellular response.
Antagonists: An antagonist represents a key that fits into the lock but lacks the ability to turn it. It occupies the active binding site on the receptor with high affinity but possesses zero intrinsic efficacy, generating no molecular stimulus. By remaining bound within the pocket, the antagonist physically crowds out and blocks endogenous agonists from accessing the receptor, completely preventing the activation of normal physiological cellular responses.
Classification of Receptor Antagonism
Antagonists are further categorized clinical-biochemically by the nature and permanence of their inhibitory behavior:
Competitive, Reversible Antagonism: The antagonist binds to the identical recognition site as the agonist via low-energy, reversible bonds. Because they share the same site, they compete dynamically. If the concentration of the agonist is progressively increased, it will outcompete the antagonist for receptor occupancy, fully overcoming the blocking effect and restoring the maximum cellular response.
Competitive, Irreversible Antagonism: The antagonist binds to the active site via permanent covalent bonds, or binds with such high affinity that it cannot dissociate. In this scenario, increasing the concentration of the agonist is completely ineffective at displacing the antagonist or altering its receptor occupancy, resulting in a permanent reduction in the tissue's maximal signaling capacity.
Generic Suffix
Pharmacological Class
Clinical Examples
-olol
β-adrenoceptor blockers (Beta Blockers)
Propranolol, Atenolol
-caine
Local Anaesthetics
Lignocaine, Bupivacaine
-dipine
Calcium (Ca++) Channel Blockers
Nifedipine
-mab
Monoclonal Antibodies
Basiliximab, Abciximab
-pril
Angiotensin-Converting Enzyme (ACE) Inhibitors
Captopril, Quinalapril
-statin
HMG-CoA Reductase Inhibitors (Cholesterol Lowering)
Simvastatin, Pravastatin
-azoles
Antifungal Agents
Ketoconazole, Miconazole
Instructor's Note: Mastering the differences between pharmacokinetics (ADME) and pharmacodynamics (targets/efficacy) is the core foundational step to understanding rational prescribing, toxicology, and clinical therapeutics in your future medical practice.",
Drugs and neurotransmission,"Drugs and Neurotransmission: A Comprehensive Reference Guide
Monash School of Medicine — Lecture Reference Article
1. Core Learning Objectives & Conceptual Framework
This reference guide synthesizes the fundamental principles governing peripheral neurotransmission, the biochemical pathways of essential chemical messengers, and the precise pharmacological manipulation of these systems. To master the content, learners must fulfill the following competencies:
Neurotransmitter Criteria: Define the definitive physiological criteria required for a chemical substance to be designated as a neurotransmitter.
Life Cycle of Transmitters: Elucidate the precise mechanisms of synthesis, intra-vesicular storage, calcium-dependent exocytotic release, and physiological termination/clearance of autonomic and somatic transmitters.
Excitation-Contraction Coupling: Trace the complete molecular chain of events from an incoming presynaptic action potential at the neuromuscular junction (NMJ) to the generation of end-plate potentials and subsequent skeletal muscle contraction.
Pharmacological Modulation: Differentiate the mechanisms of action, physiological responses, and clinical significance of non-depolarizing versus depolarizing neuromuscular blocking agents.
Pathophysiological Correlation: Describe the clinical pathology of Myasthenia Gravis and explain the rationale underlying multi-modal therapeutic strategies.
2. Structural Organization of the Nervous System
The human nervous system is divided into structural and functional branches that work in tandem to coordinate voluntary behavior and maintain internal homeostasis.
2.1 Central vs. Peripheral Nervous System
Central Nervous System (CNS): Comprises the brain and spinal cord, serving as the primary integrative and control center.
Peripheral Nervous System (PNS): Extends outside the CNS, bridging sensory organs and peripheral effectors to the spinal cord and brainstem. The motor output of the PNS consists of two primary divisions: the somatic motor system and the autonomic nervous system.
2.2 Somatic Motor System
Target: Directs the voluntary control of skeletal muscles responsible for conscious movement and essential involuntary motor patterns like breathing.
Structural Layout: Characterized by a complete lack of peripheral ganglia. A single somatic motor neuron cell body originates in the anterior horn of the spinal cord or brainstem and projects an axon that travels continuously to synapse directly at the muscle end-plate.
Neurotransmitter & Receptor: Exclusively utilizes Acetylcholine (ACh), which acts on ionotropic nicotinic (N) receptors to mediate muscle contraction.
2.3 Autonomic Nervous System (ANS)
The ANS governs involuntary visceral functions and features a two-neuron relay system comprising a preganglionic neuron (soma inside the CNS) that synapses within a peripheral ganglion onto a postganglionic neuron (soma in the ganglion), which then projects to the target organ.
The Parasympathetic Nervous System (PSNS)
Anatomical Origin: Craniosacral outflow. Preganglionic cell bodies reside in specific brainstem nuclei (e.g., the vagus nerve) or the sacral segments of the spinal cord.
Ganglionic Architecture: Peripheral ganglia are located extremely close to, or embedded within the walls of, the target effector organs. Thus, preganglionic fibers are long, and postganglionic fibers are short.
Neurotransmission: Preganglionic terminals release ACh onto nicotinic (N) receptors. Postganglionic terminals release ACh onto metabotropic muscarinic (M) receptors (or occasionally nitric oxide, NO) to trigger 'rest and digest' activities.
The Sympathetic Nervous System (SNS)
Anatomical Origin: Thoracolumbar outflow. Preganglionic cell bodies originate in the lateral horn of the thoracic and lumbar spinal segments.
Ganglionic Architecture: Peripheral ganglia form a chain adjacent to the vertebral column (paravertebral ganglia) or reside anterior to major abdominal vessels (prevertebral ganglia). Consequently, preganglionic fibers are short, and postganglionic fibers are long.
Neurotransmission: Preganglionic terminals release ACh onto nicotinic (N) receptors within the ganglia. Postganglionic terminals project to effectors where they release Norepinephrine (Noradrenaline, NA) to mediate 'fight or flight' responses.
Special Adrenal Medullary Pathway: Preganglionic sympathetic fibers bypass standard ganglionic synapses and project directly to the chromaffin cells of the adrenal medulla. Upon activation, these preganglionic fibers release ACh, stimulating the adrenal medulla to secrete Adrenaline directly into the bloodstream as a systemic hormone.
3. Adrenergic Nerves: Biochemistry and Pharmacology
Adrenergic nerves synthesize and release catecholamines—primarily noradrenaline, adrenaline, and dopamine—to regulate cardiovascular, pulmonary, and visceral smooth muscle tone.
3.1 Biosynthetic Pathway of Catecholamines
All endogenous catecholamines are derived from the essential amino acid tyrosine. Synthesis proceeds via a highly regulated sequential enzymatic cascade:
Tyrosine to DOPA: Mediated by the cytoplasmic enzyme Tyrosine Hydroxylase. This enzyme is the strict rate-limiting step of the pathway and is subject to negative feedback inhibition by the end-product, noradrenaline.
DOPA to Dopamine: Facilitated by DOPA Decarboxylase in the cytoplasm.
Dopamine to Noradrenaline (NA): Dopamine is actively transported into synaptic vesicles, where it is converted into noradrenaline by the intra-vesicular enzyme Dopamine β-Hydroxylase.
Noradrenaline to Adrenaline: Within the chromaffin cells of the adrenal medulla, NA can return to the cytoplasm and be converted to adrenaline via Phenylethanolamine N-Methyltransferase (PNMT).
3.2 Adrenoceptor Subtypes and Tissue Distribution
The physiological responses elicited by sympathetic stimulation depend entirely on the specific G-protein-coupled receptor (GPCR) subtypes expressed on the target tissue:
Heart: Predominantly expresses β-adrenoceptors. Activation results in positive chronotropic (increased heart rate) and inotropic (increased force of contraction) effects.
Lungs: Predominantly expresses β-adrenoceptors (specifically β2). Activation drives the relaxation of bronchial smooth muscle, producing bronchodilation to optimize airflow.
Blood Vessels: Exhibits differential receptor expressions. Alpha (α1) adrenoceptors mediate pronounced vasoconstriction in skin and visceral beds, whereas β-adrenoceptors mediate vasodilation in skeletal muscle vascular beds.
Gastrointestinal Tract: Expresses both α and β adrenoceptors, which collectively produce an inhibitory effect, decreasing GI motility and tone.
Eyes: Alpha adrenoceptors on the radial pupillary dilator muscle stimulate contraction, resulting in pupillary dilation (mydriasis).
3.3 Pharmacology of Transmission: Release and Termination
Pharmacological agents can enhance or suppress adrenergic transmission by interacting with reuptake, enzymatic degradation, or vesicular release mechanisms:
Primary Removal Mechanism (Reuptake): The action of noradrenaline in the synaptic cleft is terminated primarily by active reuptake back into the presynaptic nerve terminal via the Neuronal Noradrenaline Transporter (NET). A secondary component is taken up by the Extraneuronal Monoamine Transporter (EMT) into non-neuronal effector cells.
Reuptake Inhibitors: Cocaine and Tricyclic Antidepressants (TCAs) selectively bind and block NET. This prevents noradrenaline clearance, escalating its synaptic concentration and prolonging target organ stimulation.
Enzymatic Metabolism: Noradrenaline that is not sequestered into vesicles is broken down intracellularly by Monoamine Oxidase (MAO) in the nerve terminal. Extracellular noradrenaline and circulating catecholamines are metabolized by Catechol-O-Methyl Transferase (COMT), heavily localized in the adrenal medulla and liver.
Indirectly Acting Sympathomimetics: Amphetamine serves as a classic indirect agonist. It utilizes NET to gain entry into the presynaptic terminal, where it disrupts vesicular storage by entering synaptic vesicles via the Vesicular Monoamine Transporter (VMAT) in exchange for noradrenaline. The displaced cytoplasmic noradrenaline accumulates rapidly, avoids MAO degradation due to sheer volume, and escapes out into the synapse by running the NET transporter in reverse exchange for amphetamine.
Therapeutic Applications: Subtype-specific agonists and antagonists are critical mainstays of clinical medicine. For instance, β-adrenoceptor antagonists (beta-blockers) and α-adrenoceptor antagonists are used as antihypertensives, while selective β2-adrenoceptor agonists are used as fast-acting asthma relievers.
4. Cholinergic Nerves: Biochemistry and Pharmacology
Cholinergic transmission utilizes Acetylcholine (ACh) across the central nervous system, autonomic ganglia, parasympathetic postganglionic terminals, and somatic neuromuscular junctions.
4.1 Synthesis, Storage, and Immediate Termination
Synthesis: Acetylcholine is synthesized in the presynaptic cytoplasm from Choline and Acetyl Coenzyme A (Acetyl CoA). The reaction is catalyzed by the specific enzyme Choline Acetyltransferase (ChAT).
Precursor Acquisition: Acetyl CoA is generated within intramitochondrial metabolic pathways (pyruvate metabolism via the pyruvate dehydrogenase complex). Choline is retrieved from the extracellular space via the High-Affinity Choline Transporter (HAChT) embedded in the presynaptic membrane.
Vesicular Storage: Once synthesized, cytoplasmic ACh is actively concentrated into synaptic vesicles by the Vesicular ACh Transporter (VAChT).
Enzymatic Clearance: Unlike adrenergic transmission, cholinergic signaling is terminated exclusively by rapid enzymatic degradation within the synaptic cleft. The enzyme Acetylcholinesterase (AChE) hydrolyzes ACh into acetate and choline within less than 1 millisecond. This exceptionally fast clearance is vital at the neuromuscular junction to allow immediate repolarization and subsequent muscle contractions.
4.2 Receptor Classification and Physiological Profiles
Nicotinic Receptors (N): Fast, ligand-gated ion channels. Activation by two ACh molecules causes an immediate influx of sodium (Na+) ions, leading to local cell depolarization. They are distributed at autonomic ganglia, within the CNS, and at the somatic skeletal neuromuscular junction.
Muscarinic Receptors (M): Slow, metabotropic G-protein-coupled receptors linked to downstream intracellular second messengers. They mediate parasympathetic postganglising signaling on visceral organs.
Target Organ Responses ('Rest and Digest'):
Heart: Muscarinic receptor activation slows the heart rate and decreases contractility.
Gastrointestinal Tract: Drives smooth muscle contraction, significantly increasing motility and secretions.
Eyes: Stimulates the pupillary sphincter muscle, causing pupillary constriction (miosis).
Vascular Endothelium: Most blood vessels lack direct cholinergic innervation. However, they express uninnervated endothelial muscarinic receptors. Administering a muscarinic agonist activates these receptors, triggering the endothelial synthesis and release of Nitric Oxide (NO), which diffuses into adjacent vascular smooth muscle to cause widespread vasodilation.
5. The Somatic Neuromuscular Junction (NMJ)
The NMJ represents the highly specialized chemical synapse between a somatic motor neuron axon terminal and the motor end-plate of a skeletal muscle fiber.
5.1 Physiological Chain of Events for Muscle Contraction
Action Potential Arrival: An invading action potential reaches the presynaptic somatic motor terminal, triggering the opening of voltage-gated calcium channels.
Calcium Influx & Exocytosis: Calcium rushes into the nerve terminal, activating the fusion machinery. A single nerve terminal contains roughly 300,000 synaptic vesicles; an action potential induces the synchronized exocytosis of numerous vesicles, each releasing approximately 5,000 molecules of ACh into the synaptic cleft.
Receptor Activation: ACh rapidly diffuses across the narrow cleft and binds to nicotinic receptors densely packed at the crests of the post-synaptic muscle end-plate folds.
End-Plate Potential (EPP): The opening of these intrinsic nicotinic ligand-gated channels permits a substantial influx of Na+ ions down their electrochemical gradient. This creates a localized, graded depolarization known as an End-Plate Potential.
Action Potential Propagation: When the local EPP reaches the threshold, it triggers adjacent voltage-gated sodium channels to open, generating an all-or-nothing muscle action potential that propagates along the sarcolemma and down the T-tubules, initiating calcium release from the sarcoplasmic reticulum and inducing muscle fiber contraction.
5.2 Classification of Neuromuscular Blocking Drugs
Neuromuscular blockers are divided into non-depolarizing and depolarizing classes based on their interactions with the nicotinic receptor.
Non-Depolarizing Neuromuscular Blockers
Mechanism of Action: Act as classic competitive antagonists at the nicotinic acetylcholine receptors on the motor end-plate. They possess receptor 'affinity' but entirely lack 'efficacy.' By binding to the receptor, they physically block endogenous ACh from binding, preventing the channel opening required to generate an EPP.
Reversibility: Because the blockade is competitive, it can be overcome by substantially shifting the synaptic balance in favor of ACh. Clinically, this is achieved by administering an anticholinesterase drug, which stops ACh breakdown and allows endogenous ACh to accumulate and displace the blocker.
Key Examples:
Tubocurarine: A natural plant extract historically utilized as a paralyzing agent on poison darts by indigenous South American hunters in the Amazon. It has a long duration of action (60–120 minutes) but is rarely used in modern clinical practice due to severe side effects, including autonomic ganglion blockade and systemic histamine release from mast cells.
Synthetic Derivatives (e.g., Rocuronium): Engineered for rapid onset (2–6 minutes) and significantly fewer autonomic or histaminergic side effects, making them standard agents in contemporary anesthesia.
Depolarizing Neuromuscular Blockers
Mechanism of Action: Act as nicotinic receptor agonists. They bind to and initially stimulate the receptor, inducing an initial wave of channel opening and localized end-plate depolarization, often presenting clinically as transient muscle twitches (fasciculations).
Prolonged Depolarization: Unlike ACh, these agents persist in the cleft and do not immediately dissociate. This persistent depolarization prevents the muscle end-plate from repolarizing. Because voltage-gated sodium channels require a return to resting membrane potential to transition from an inactivated state back to a closed/responsive state, they become locked in an inactive state. This results in an unresponsive membrane, preventing sustained muscle contractions.
Interaction with ACh Concentration: The paralyzing action of depolarizing blockers is potentiated (worsened) by increasing acetylcholine concentrations or giving an anticholinesterase agent. There are no clinical reversal agents available.
Key Example (Suxamethonium / Succinylcholine):
Pharmacokinetics: Possesses a highly desirable rapid onset and a brief duration of action (3–7 minutes) because it is rapidly hydrolyzed by circulating plasma cholinesterase (also known as pseudocholinesterase or butyrylcholinesterase), rather than synaptic acetylcholinesterase.
Clinical Caveat: Approximately 1 in every 2,000 to 3,000 individuals carries a genetic mutation causing an absence or structural deficiency of functional plasma cholinesterase. If given suxamethonium, these patients cannot metabolize the drug normally, resulting in prolonged neuromuscular paralysis and extended apnea requiring continuous mechanical ventilation until the drug slowly clears via alternative routes.
5.3 Clinical Use of NMJ Blockers
Paralysis without Sedation: Crucially, NMJ blockers cause total skeletal muscle paralysis, rendering patients completely unable to move or breathe on their own. However, they do not cross the blood-brain barrier; paralyzed patients remain fully conscious, awake, and capable of feeling pain. Therefore, NMJ blockers must ALWAYS be administered in combination with adequate sedative hypnotics, general anesthetics, and analgesics under mandatory mechanical ventilation.
Indications: Widely used to facilitate smooth tracheal intubation, optimize mechanical ventilation compliance, and provide profound muscle relaxation during surgical procedures.
6. Myasthenia Gravis: Pathophysiology and Clinical Management
6.1 Pathophysiology and the Safety Factor
The Safety Factor of Transmission: Healthy neuromuscular junctions feature a massive physiological reserve, known as the 'safety factor' (~90% reserve). This means that only 5% to 10% of the total pool of nicotinic receptors needs to be successfully activated to achieve full, coordinated muscle contraction.
Autoimmune Pathology: Myasthenia Gravis is a chronic autoimmune disorder affecting roughly 100 individuals per 1,000,000. Autoantibodies target and systematically destroy nicotinic acetylcholine receptors at the post-synaptic muscle end-plate, severely depleting the functional receptor population.
Consequences: The massive loss of receptors obliterates the safety factor reserve. Axonal action potentials successfully release normal amounts of ACh, but the severely limited receptor population cannot generate a sustained EPP. Action potentials fail to trigger across a significant population of individual muscle fibers.
Clinical Presentation: Patients exhibit progressive, variable muscle weakness that worsens dramatically after physical activity, with characteristic recovery or temporary strength restoration following a short period of rest.
6.2 Multi-Modal Treatment Strategies
Clinical management relies on a combination of symptomatic enhancement and targeted immunosuppression:
Anticholinesterase Inhibitors: The frontline symptomatic therapy. By inhibiting AChE within the cleft, these agents dramatically increase the lifespan and local concentration of acetylcholine. This hyper-concentrated pool maximizes the probability that any remaining unblocked nicotinic receptors are successfully activated, restoring muscle strength.
Concomitant Muscarinic Blockade: Boosting acetylcholine levels throughout the synaptic cleft causes systemic, off-target accumulation of ACh at parasympathetic muscarinic synapses, potentially precipitating severe side effects (bradycardia, bronchoconstriction, hyper-motility, excessive salivation). To counteract this, anticholinesterases are co-administered with a selective muscarinic receptor antagonist, such as Atropine, which shields the visceral organs without affecting the nicotinic receptors at the NMJ.
Immunosuppression: Long-term management targets the root cause of the pathology. Corticosteroids and specialized immunosuppressive drugs are prescribed to suppress the aberrant immune response, directly slowing the creation of harmful autoantibodies.",
Introduction to cancer and effect of cancer on patients,"Comprehensive Study Guide: Introduction to Cancer Biology and Clinical Effects
Monash School of Medicine - Pathology and Oncology Integration
1. Core Definition and Fundamental Nature of Cancer
Cancer represents a profound disruption of normal cellular physiological constraints, resulting in abnormal, uncoordinated growth. At its core, every malignancy derives from a single aberrant progenitor cell that has acquired subverting genetic modifications. This clonal origin underlines the evolutionary biology of tumorigenesis, where a single cell outcompetes its neighboring cells within a tissue layer.
Unlike normal tissues where cell division is strictly coupled to the physiological requirements of the organ, cancer cells exhibit a dual capacity for destruction:
Uncontrolled Proliferation: They can grow uncontrollably, independent of normal regulatory homeostatic signals.
Local Tissue Invasion: They possess the ability to breach localized biological barriers, directly invading adjacent healthy stromal structures.
Distant Metastasis: They can detach, travel via hematogenous or lymphatic networks, and colonize completely distant anatomical sites.
2. Multistep Tumorigenesis: The Process of Progression
Malignant transformation does not occur instantaneously; rather, it behaves as a progressive, multi-tiered evolutionary process driven by sequential rounds of genetic mutations and clonal selection. This pathway follows three distinct biochemical and clinical phases:
Phase 1: Initiation. The process begins when a normal somatic epithelial cell, growing naturally upon the basal lamina, suffers an initial genetic mutation due to an accidental copying mistake or exposure to an external carcinogen. This initial mutagenic event establishes the baseline cell generation with pre-malignant potential.
Phase 2: Promotion. The initiated cell undergoes extensive cell proliferation, driven by tumor promoters or continuous cell cycle signaling. During this stage, clonal expansion takes place, transforming a single mutant cell into a cluster of cells possessing secondary and tertiary mutations. Morphologically, this represents the transition through pre-cancerous lesion states.
Phase 3: Progression. The lesion acquires final, critical mutations that trigger invasive carcinoma. Cells undergo significant structural modifications, detach from the basal lamina layer, break through surrounding extracellular components, and begin dangerous tissue invasion and metastatic dissemination.
3. Morphological and Behavioral Differences: Normal vs. Cancer Cells
Pathological diagnostic assessment relies heavily on recognizing structural variations between healthy normal tissues and neoplastic cellular lineages:
4. Clinical Differentiation: Benign versus Malignant Tumours
Clinicians must rapidly differentiate between benign and malignant growths based on established pathophysiological parameters:
5. The Molecular Pillars: The Six Classical Hallmarks of Cancer
To survive, bypass biological regulation, and thrive, cancer cells systematically acquire specific hallmark capabilities during their somatic evolution:
Sustaining Proliferative Signaling: Endless proliferation without reliance on external environmental growth instructions.
Evading Growth Suppressors: Deactivation of physiological checking mechanisms, remaining fully unresponsive to negative growth loops.
Resisting Cell Death (Apoptosis Avoidance): Deactivating intracellular self-destruct mechanisms, facilitating unchecked cell survival even after major genetic changes.
Enabling Replicative Immortality: Bypassing replicative senescence by resetting chromosome end lengths (Telomerase activation) to replicate infinitely.
Inducing Angiogenesis: Secreting localized pro-angiogenic proteins (e.g., VEGF) to create internal blood vessel networks that deliver oxygen and nutrients.
Activating Invasion and Metastasis: Breaking down matrix barriers to spread into circulation, leading to secondary metastatic colonies.
6. Genomic Instability and Chromosomal Alterations
Cancer cells are characterized by extreme genetic instability, which accelerates the acquisition of critical mutations. This instability leads to a hyper-mutated genome with structural rearrangements, copy number variations, deletions, and additions.
A striking sign of this instability is a highly abnormal karyotype. Instead of the standard diploid complement of 46 human chromosomes, advanced cancer cells frequently contain highly abnormal counts, sometimes showing up to 78 chromosomes. This includes numerous structural translocations (such as abnormalities involving chromosome 15 pairs) caused by defects in DNA repair proteins, replication forks, and spindle assembly validation checkpoints during mitosis.
7. Classification of Major Human Cancer Types
Cancers are classified taxonomically according to their embryological and tissue origin:
Carcinomas: Arise from epithelial surfaces covering internal and external linings. They account for approximately 85% of all human cancers, including prostate, breast, lung, and colorectal malignancies.
Sarcomas: Develop within solid connective tissues like bone, cartilage, muscle, tendons, or ligaments. Notable examples include osteosarcoma and chondrosarcoma; though less common, they are typically highly aggressive.
Leukemias: Hematological malignancies affecting bone marrow stem compartments and circulating blood lines, such as acute/chronic myeloid and lymphocytic leukemias. They typically present as diffuse, non-solid liquid tumors.
Lymphomas: Solid neoplasms originating within structural lymphocyte nodes, the spleen, and other lymph structures, split clinically into Hodgkin and Non-Hodgkin lymphoma classes.
Myeloma: Malignancies arising from specialized plasma cells within the bone marrow cavity, leading to weakened bony architecture.
Central Nervous System (CNS) Cancers: Neoplasms originating inside delicate brain or spinal cord tissue matrix zones (e.g., Glioblastoma). They are difficult to treat due to tight physiological protection barriers.
8. The Metastatic Cascade and Microenvironmental Changes
Metastasis occurs through a series of sequential physiological steps:
1. Local Invasion -> 2. Intravasation -> 3. Survival in Circulation -> 4. Extravasation -> 5. Colonisation
This cascade requires major alterations in tumor cell phenotypes and interactions with the extracellular matrix (ECM):
Epithelial-to-Mesenchymal Transition (EMT): A critical transformation where fixed epithelial elements lose structural junctions and acquire migratory mesenchymal characteristics, increasing cellular motility and survival.
Loss of E-Cadherin Adhesion: Normal epithelial cells require contact with extracellular molecules via E-cadherin bridges to survive. When E-cadherin is mutated or switched off, cells lose this adhesion brake. This leads to a complete loss of contact inhibition, allowing cells to pile on top of each other and detach safely.
Extracellular Protease Alteration (ECM Degradation): To break structural boundaries, cancer cells upregulate specialized extracellular proteases called Matrix Metalloproteinases (MMPs or matrixins). These enzymes degrade ECM elements, facilitating vascular intravasation and tissue penetration.
Angiogenesis Triggering: Tumors secrete pro-angiogenic factors (e.g., Vascular Endothelial Growth Factor, VEGF) to stimulate the formation of new capillaries from existing vessels. This delivers fresh oxygen and nutrients, removes metabolic waste, and provides an escape route into systemic circulation.
Statistical Note on Replicative Efficiency: The systemic dissemination pipeline is highly inefficient. Fewer than 1 in 1,000 cancer cells that successfully enter vascular pathways will ultimately survive to form viable macrometastatic secondary lesions at distant anatomical locations.
9. Cancer Critical Genes: Oncogenes versus Tumour Suppressors
The genetic landscape of cancer is driven by mutations in two main functional categories of genes:
Proto-oncogenes: Normal genes that code for proteins regulating cell growth, division, and proliferation pathway loops. Mutations that turn them into oncogenes are dominant gain-of-function events. A single altered allele can promote cellular transformation.
Proto-oncogenes convert into hyperactive oncogenes through four primary mechanisms:
Deletion or Point Mutation in Coding Sequences: Mutations within regulatory segments that alter structural protein configurations, creating hyperactive proteins in normal quantities.
Regulatory Mutations: Mutations within promoter zones that lead to severe overproduction of normal structural proteins.
Gene Amplification events: Structural duplications of gene segments, leading to severe protein overproduction.
Chromosomal Rearrangements: Chromosomal breaks that misplace regulatory elements near the gene, or fuse it with another gene to produce hyperactive fusion proteins (e.g., EGFR alterations).
Tumour Suppressor Genes: Genes that code for proteins that normally stop cell division, repair DNA errors, or trigger cell death when defects are unfixable. Mutations in these genes are recessive loss-of-function events. Both allele copies must be inactivated to lose functional control.
Key Classes of Critical Neoplastic Regulatory Genes
Proto-oncogene Examples: Growth Factors (e.g., PDGF - Platelet-derived growth factor) which stimulate division; Growth Factor Receptors (e.g., HER2/neu, EGFR) which bind external signals; Signal Transduction Proteins (e.g., RAS GTPase, ABL tyrosine kinase) which relay signals to the nucleus; Transcription Factors (e.g., MYE/MYC) regulating cell cycle progression; Cell Cycle Regulators (e.g., Cyclin D) driving checkpoint transitions; and Hepatocyte Growth Factor Receptors (HGFR/MET) promoting motility and invasion.
Tumour Suppressor Examples: Cell Cycle Inhibitors (e.g., p21, p16) which halt progression; DNA Repair Proteins (e.g., BRCA1, BRCA2, MSH2) maintaining genomic stability; Apoptosis Regulators (e.g., p53, BAX); Cell Adhesion Molecules (e.g., E-cadherin) preventing detachment; Checkpoint Proteins (e.g., RB Retoblastoma protein) enforcing proper cell cycle progression; and PI3K/AKT Pathway Inhibitors (e.g., PTEN) which control survival signaling.
10. The p53 Tumor Suppressor Gene: The Molecular Police
The TP53 gene codes for the p53 protein, frequently termed the 'Molecular Police' or 'Guardian of the Genome.' It stands as the single most critical checkpoint regulator in human biology, mutated in over 50% of all human cancers. Crucially, p53 mutations often act through dominant-negative mechanisms, where a single mutated protein disrupts the functional tetramer structure of healthy proteins produced by the remaining unmutated allele.
Under healthy conditions, p53 remains low. However, when cellular stress, hypoxia, or DNA damage occurs, p53 is rapidly activated and functions through three pathways:
Cell Cycle Arrest: It upregulates cell cycle inhibitors to pause division, allowing repair enzymes to fix genomic damage.
DNA Repair Activation: It activates DNA repair proteins to restore genomic integrity.
Apoptosis Induction: If the structural DNA damage is too severe to fix, p53 triggers the expression of pro-apoptotic genes (like BAX) to safely destroy the damaged cell.
When TP53 functions are lost through mutation, damaged cells bypass normal arrest controls, continue dividing with unrepaired mutations, and rapidly evolve into highly malignant lineages.
11. Inherited Cancer Predisposition Syndromes and Risk Assessment
While most malignancies arise from somatic mutations, approximately 5-10% are associated with inherited cancer susceptibility syndromes. These conditions follow an autosomal dominant inheritance pattern with incomplete clinical penetrance. Affected individuals inherit a single inactivated tumor suppressor allele through germline transmission; a somatic 'second hit' on the remaining wild-type allele then triggers rapid cancer development.
Clinical Features Suggesting an Inherited Cancer Susceptibility Syndrome:
Cancers diagnosed at an unusually early age (e.g., colorectal or endometrial cancers diagnosed under the age of 50).
Multiple primary tumors developing independently within a single patient.
Cancers occurring bilaterally in paired organs (e.g., synchronous bilateral breast or kidney tumors).
A high prevalence of identical or genetically linked tumors across multiple generations of a family tree.
Prototypical Example: Lynch Syndrome (Hereditary Non-Polyposis Colorectal Cancer)
Lynch Syndrome is an autosomal dominant condition caused by inherited mutations in DNA mismatch repair proteins (e.g., MSH2, MLH1). It is characterized by a high risk of colorectal and endometrial carcinomas, typically presenting before the age of 50. Both males and females are affected equally, and carriers face a 50% risk of passing the mutated allele to each child. Unaffected family members who did not inherit the mutation cannot pass the syndrome to their descendants.
Multidisciplinary Clinical Risk Assessment Framework
As outlined by recent clinical guidelines (e.g., Dupsy et al., 2024), managing inherited cancer risk requires a coordinated, multi-step approach:
Pedigree Reconstruction & Analysis: Evaluating comprehensive family histories across three generations to identify patterns of cancer susceptibility.
Pre-test Genetic Counseling: Providing extensive counseling regarding statistical probabilities, risks, and psychological impacts before testing.
Targeted Molecular Testing: Utilizing high-throughput genetic sequencing to identify pathogenic germline mutations.
Clinical Management Planning: Formulating personalized prevention strategies, including early screening, prophylactic surgical options, or targeted chemoprevention.
This structured framework helps at-risk individuals make informed decisions about their health, access personalized screening schedules, and choose preventive treatments or targeted options to improve clinical outcomes.
Morphological Feature
Normal Cell Lineage
Malignant Cancer Cells
Nucleus Character
Small, uniformly shaped, round nuclei
Large, variable-shaped, pleomorphic nuclei
Cytoplasmic Volume
Abundant cytoplasm relative to nuclear size
Relatively tiny, sparse cytoplasmic volume
Cell Distribution
Arranged in neat, orderly, discrete tissue structures
Disorganized, messy, overlapping sheets of cells
Size & Structural Form
High conformity in cell size, structure, and shape
Extreme variation in cell sizes and outlines (Anaplasia)
Differentiation Profile
Possess highly specialized, mature cellular markings
Loss of normal specialized features (Undifferentiated)
Surface Markers
Normal presentation of standardized cell surface antigens
Elevated expression of distinct tumor markers
Mitotic Abundance
Low number of carefully controlled dividing cells
Extremely large number of rapidly dividing cells
Tissue Boundary
Clear, well-defined, intact anatomical margins
Poorly defined, irregular, infiltrating tumor boundaries
Pathological Metric
Benign Tumours (Non-cancerous)
Malignant Tumours (Cancerous)
Overall Size
Small localized mass
Large, extensive, expanding mass
Growth Kinetics
Slow-growing, often indolent over years
Fast-growing, demonstrating aggressive expansion
Tissue Mimicry
Resemble cell/tissue of primary anatomical origin
Do not resemble original tissue features
Invasion Capacity
Strictly localized, completely non-invasive
Invasive, demonstrating widespread infiltration
Metastatic Potential
Incapable of spreading to distant fields
Metastasize widely via blood or lymph networks
Differentiation State
Well differentiated cellular phenotype
Poorly differentiated or completely anaplastic
Surface Border
Regular surface border, often smoothly capsulated
Irregular surface, non-capsulated with extensions
Clinical Recurrence
Very low chance of localized recurrence post-excision
Most likely to recur despite surgical resection
Secondary Tissue Damage
Necrosis and ulceration are highly unusual
Necrosis and ulceration are common findings",
Composition of blood and haemopoiesis,"Comprehensive Reference Guide: Blood Composition and Haemopoiesis
Based on Monash School of Medicine Lecture Notes (MED1100/1200)
1. Introduction and Learning Objectives
This comprehensive textbook guide serves as a definitive resource detailing the macroscopic and microscopic architecture of human blood, alongside the complex operational mechanics of haemopoiesis. By structuring the study into cellular and non-cellular components, we map out the specific development, regulatory pathways, lifecycle, and pathology of erythrocytes, leucocytes, and thrombocytes.
Core Learning Objectives
Component Identification: Distinguish between the cellular (formed elements) and non-cellular (liquid plasma) constituents of peripheral blood.
Haemopoietic Architecture: Outline the complete process of haemopoiesis, tracing anatomical sites from prenatal development to senescence, and identify key nutrient requirements.
Erythrocyte Biology: Describe the normal biconcave structure, dimensions, molecular composition (haemoglobin), metabolic machinery, and function of erythrocytes.
Leucocyte Functional Morphology: Classify peripheral blood leucocytes by structural appearance and correlate their counts with physiological and pathological responses.
Laboratory Hematology: Master routine laboratory parameters including the Full Blood Examination (FBE/FBC) and normal reference thresholds.
2. Composition of Blood
When anti-coagulated whole blood is separated via centrifugation, it stratifies into three distinct zones based on density, revealing its macroscopic composition:
Liquid Plasma (approx. 55% of total volume): The non-cellular matrix of blood. It is predominantly composed of water, acting as a vehicle for proteins (albumin, globulins, fibrinogen), electrolytes, metabolites, and vital nutrients.
Buffy Coat (<1% of total volume): A thin, cream-colored intermediate layer composed of leukocytes (white blood cells) and platelets (thrombocytes), concentrated tightly above the red cell mass.
Erythrocytes (approx. 45% of total volume): The dense, packed red blood cell volume (hematocrit), responsible for the oxygen-carrying capacity of the vascular system.
3. Haemopoiesis: Kinetics, Sites, and Lineages
Haemopoiesis is the highly regulated, continuous process of blood cell production. It must satisfy a massive daily cellular turnover while adapting dynamically to stressors like hemorrhage, infection, or hypoxia.
Anatomical Shifts Across the Lifespan
The anatomical sites of blood cell production undergo dramatic shifts during human development, divided into prenatal and postnatal epochs:
Prenatal Sites: Production initiates within the extraembryonic yolk sac during the first weeks of gestation. By the second month, the liver becomes the primary systemic site, assisted by the spleen. Around the fourth month of gestation, the bone marrow begins to ossify and establish haemopoietic niches, becoming the exclusive site by the time of birth.
Postnatal Sites: At birth, 100% of the active bone marrow space is haemopoietic (red marrow). During childhood and progression into adulthood, active marrow undergoes fatty involution, transforming into inactive yellow marrow. Consequently, adult haemopoiesis becomes restricted to the axial skeleton and flat bones: the vertebrae, pelvis, sternum, ribs, and the proximal ends of long bones (femur and humerus). Lymph nodes maintain a continuous contribution to specific lymphoid lineages.
Lineage Architecture and Regulatory Cytokines
All blood cells originate from a self-renewing, pluripotential population known as Multipotential Haemopoietic Stem Cells (HSCs, or Hemocytoblasts). These cells undergo asymmetric division to either maintain the stem cell pool or commit to one of two massive differentiation pathways:
1. Common Myeloid Progenitor Pathway
Erythroid Lineage: Driven by Erythropoietin (EPO), Stem Cell Factor (SCF), IL-3, and GM-CSF, culminating in mature erythrocytes.
Megakaryocytic Lineage: Driven primarily by Thrombopoietin (TPO), alongside SCF, IL-3, and GM-CSF, producing mature megakaryocytes that release thrombocytes.
Granulocytic and Monocytic Lineages: Myeloblasts give rise to neutrophils (regulated by G-CSF), eosinophils (regulated by IL-5), and basophils. Monoblasts differentiate into monocytes under the influence of M-CSF.
2. Common Lymphoid Progenitor Pathway
Regulated by specific signaling cascades including FLT-3 ligand, TNF-α, TGF-β1, IL-2, IL-7, IL-12, and SDF-1. This pathway directs the expansion of small lymphocytes into T-lymphocytes, B-lymphocytes, and antibody-secreting plasma cells.
4. Erythrocyte Structure, Lifecycle, and Metabolism
The erythrocyte represents a marvel of cellular specialization, stripped of internal structures to maximize the efficiency of gas transport.
Morphology and Maturation Sequence
A mature erythrocyte is a non-nucleated (anucleate) biconcave disc measuring 7–8 μm in diameter and approximately 2 μm in thickness. This unique geometry optimizes the surface-area-to-volume ratio for gas diffusion while granting the cell extreme flexibility to deform through capillaries as narrow as 3 μm.
The maturation sequence within the red bone marrow spans 3 to 5 days, transitioning through the following recognizable morphological steps:
Proerythroblast (Pronormoblast)  -->  Basophilic Erythroblast  -->  Polychromatic Erythroblast  -->  Orthochromatic Erythroblast (Normoblast - where the nucleus is extruded)  -->  Polychromatic Erycyte (Reticulocyte)  -->  Mature Erythrocyte
Reticulocytes are released directly into peripheral circulation, where they retain residual ribosomal RNA for 1–2 days before fully transforming into mature erythrocytes.
Haemoglobin Architecture and Globin Switching
Each single erythrocyte packages roughly 64 million molecules of Hemoglobin (Hb), the primary oxygen-transport protein. A complete Hb molecule is a tetramer containing four globin (polypeptide) chains, each tightly coordinated with a prosthetic haem group centered around a divalent iron ion (Fe2+).
The identity of the globin chains shifts fundamentally during human development:
Embryonic Hemoglobin: Composed of transient zeta (ζ) and epsilon (ε) chains produced in the yolk sac.
Fetal Hemoglobin (HbF): Composed of two alpha and two gamma chains (α2γ2). HbF possesses a high oxygen affinity, facilitating transplacental oxygen extraction from maternal blood.
Adult Hemoglobin (HbA): The predominant postnatal form, composed of two alpha and two beta chains (α2β2). A minor adult variant, HbA2, consists of alpha and delta chains (α2δ2).
Iron Kinetics and Metabolic Pathways
Iron homeostasis is tightly conserved. A standard daily diet contains 10–20 mg of iron, of which only 1–2 mg is absorbed via the duodenum. Circulating iron is bound securely to the transport protein Transferrin. Approximately 70% of systemic iron is dedicated to active hemoglobin synthesis inside the bone marrow. The remaining iron is stored safely within intracellular protein complexes as Ferritin (primarily in the liver and tissue macrophages). Macrophages within the reticuloendothelial system recycle up to 20 mg of iron daily from senescent red cells, minimizing the requirement for dietary intake.
Because erythrocytes lack mitochondria, they depend entirely on anaerobic glucose breakdown via the Embden-Meyerhof Glycolysis pathway to generate ATP, which maintains membrane ion pumps. A crucial side branch, the Hexose Monophosphate (HMP) Shunt, generates NADPH to defend the red cell membrane and hemoglobin against oxidative denaturation.
The Oxyhaemoglobin Dissociation Curve
The sigmoidal relationship between oxygen partial pressure (PO2) and hemoglobin saturation highlights its cooperative binding behavior. The curve responds shift-dynamically to physiological microenvironments:
Left Shift (Increased O2 Affinity): Occurs in the lungs, where low temperature, low 2,3-bisphosphoglycerate (2,3-DPG), and reduced hydrogen ion concentration (high pH) cause hemoglobin to lock onto oxygen tightly.
Right Shift (Reduced O2 Affinity / Bohr Effect): Occurs within active tissues, where elevated temperature, increased 2,3-DPG, and high hydrogen ion content (low pH/hypercapnia) trigger the rapid unloading of oxygen into oxygen-deprived tissues.
Feedback Regulation via Erythropoietin
Erythroid production operates via a tight negative feedback loop. When specialized peritubular cells in the kidneys and hepatocytes in the liver detect hypoxemia (inadequate oxygen transport), they accelerate the synthesis and secretion of Erythropoietin (EPO) into circulation. EPO acts directly on the bone marrow, binding to erythroid progenitors to accelerate survival, proliferation, and differentiation, returning blood oxygen delivery to homeostatic balance.
Extravascular Hemoglobin Degradation
Senescent red blood cells are cleared from circulation after approximately 120 days by tissue macrophages in the spleen and liver. The macromolecular components are systematically disassembled:
Globin Chains: Broken down into constituent amino acids and returned to the systemic plasma protein pool.
Iron: Extracted from the haem ring, loaded onto Transferrin, and shuttled back to the bone marrow or storage depots.
Haem Ring: Converted sequentially into biliverdin, carbon monoxide (CO), and free bilirubin. This free bilirubin is carried by albumin to the liver, where it is conjugated and excreted via the biliary tree into the duodenum. Intestinal bacteria convert it to urobilinogen, which is eliminated either through the feces as stercobilin or via the kidneys as urine.
5. Leucocytes: Classification, Kinetics, and Counts
Leucocytes comprise the defense arms of the immune system. They are classified structurally into granulocytes (containing visible cytoplasmic granules and segmented nuclei) and mononuclear cells (lacking prominent granules with smooth nuclei).
Functional Classification and Lineages
Neutrophils: Multilobed granulocytes specialized in the rapid destruction of pyogenic bacterial invaders via phagocytosis and degranulation.
Eosinophils: Bilobed granulocytes containing bright pink granules, optimized for killing parasites and modulating allergic hypersensitivity reactions.
Basophils and Mast Cells: Granulocytes that release histamine and heparin, orchestrating acute anaphylactic responses and immediate hypersensitivity.
Monocytes and Macrophages: Mononuclear cells that patrol blood vessels before migrating into target tissues to become resident macrophages, acting as expert phagocytes and antigen-presenting cells.
Lymphocytes: The foundational cells of adaptive immunity. T-lymphocytes govern cell-mediated destruction, B-lymphocytes execute humoral immunity, and plasma cells produce highly specific antibodies.
Clinical Pathophysiology of Leucocyte Alterations
Neutrophilia: Elevated absolute neutrophil count. Caused by acute bacterial infections, acute systemic inflammatory processes (tissue necrosis), or severe hemorrhage.
Neutropenia: Pathologically low neutrophil counts. Typically induced by marrow-suppressing drugs, chemotherapy, or severe autoimmune destruction.
Eosinophilia: Elevated eosinophils. Classic indicator of allergic disease states (asthma, eczema), invasive parasitic infections, or specific dermatological conditions.
Monocytosis: Elevated monocytes. Associated with chronic bacterial infections (endocarditis), systemic connective tissue diseases, or protozoal infestations.
Lymphocytosis: Elevated lymphocytes. Seen in acute viral infections (e.g., infectious mononucleosis, rubella, mumps, cytomegalovirus) and chronic intracellular infections like tuberculosis.
6. Thrombocytes: Thrombopoiesis and Functional Defects
Thrombocytes (platelets) are small, anucleate cytoplasmic fragments required for primary haemostasis.
Kinetics of Thrombopoiesis
Platelets arise within the bone marrow via a process called thrombopoiesis. Under the master regulation of Thrombopoietin (TPO)—a cytokine produced continuously by the liver and kidneys—haemopoietic stem cells commit to the megakaryocytic lineage. These cells undergo endomitosis, expanding their cytoplasm without dividing to form giant, polyploid Megakaryocytes.
Proplatelet extensions project across the endothelial barrier of bone marrow sinusoids. The shear stress of blood flow shears these extensions into individual platelets, which are released directly into circulation. Megakaryocyte development requires 4–7 days, and mature platelets circulate with a finite lifespan of approximately 10 days.
Pathology of Thrombocytes
Quantitative Defects: Thrombocytopenia refers to a dangerously reduced platelet count, increasing the risk of spontaneous microvascular hemorrhage (petechiae and purpura). It is frequently linked with chronic liver disease due to reduced hepatic TPO synthesis. Conversely, Thrombocythaemia (or Thrombocytosis) represents a pathological overproduction of platelets, predisposing patients to arterial and venous thrombosis.
Qualitative Defects: Functional platelet abnormalities disrupt any of the three steps of primary haemostasis: Adhesion to damaged subendothelium, Activation (degranulation and shape change), or Aggregation (platelet-to-platelet bridging).
7. Clinical Hematology and the Full Blood Examination (FBE)
The Full Blood Examination (FBE) or Full Blood Count (FBC) represents the bedrock laboratory screening tool used to survey quantitative and qualitative alterations across all three hematopoietic lineages.
The Peripheral Blood Film (PB film)
Automated instrument results are complemented by a manual Peripheral Blood Film examination. A drop of blood is smeared across a glass slide, stained, and evaluated under microscopy to check for morphological variants:
Anisocytosis (ANISO): Abnormal variation in erythrocyte size (correlated with a high Red Cell Distribution Width / RDW).
Microcytosis / Macrocytosis: Predominance of small (micro) or large (macro) red cell sizes.
Hypochromia (HYPO): Erythrocytes showing an expanded central pallor due to deficient hemoglobin production (e.g., iron deficiency).
Poikilocytosis: Abnormal variation in red cell shape (such as sickle cells, elliptocytes, or spherocytes), signaling unique underlying genetic or structural membrane pathology.
8. Summary of Key Concepts
Dynamic Stratification: Human blood is a living tissue composed of a liquid plasma matrix supporting specialized cellular elements stratified by density.
Regulated Haemopoiesis: Blood cell production shifts anatomically across life and relies on specific microenvironmental cytokines (EPO, TPO, CSFs) and structural nutrients (Iron, B12, Folate).
Erythrocyte Specialization: The mature erythrocyte strips away all organelles to optimize oxygen carriage via hemoglobin tetramers, regulated by tissue hypoxemia and recycled via the mononuclear phagocyte network.
Leucocyte / Thrombocyte Defenses: Leucocytes manage multi-tiered immune protection while thrombocytes orchestrate primary haemostasis, with specific counts serving as direct indicators of systemic health or pathology.
Parameter Title
Abbreviation
Standard Adult Reference Range
Clinical Significance / Interpretation
Red Cell Count
RCC
Female: 3.8 – 5.8 x 10^12/L
Male: 4.5 – 6.5 x 10^12/L
Measures total circulating erythrocytes per liter of blood.
Haemoglobin
Hb
Female: 120 – 160 g/L
Male: 130 – 180 g/L
Direct index of blood's oxygen transport capacity; primary diagnostic for anemia.
Mean Cell Volume
MCV
80 – 100 fL
Average erythrocyte size. Classifies anemias into microcytic (<80) or macrocytic (>100).
Mean Cell Haemoglobin
MCH
27 – 34 g/L (or pg)
Average weight of hemoglobin contained within a single erythrocyte.
Mean Cell Hb Concentration
MCHC
300 – 350 g/L (or pg)
Concentration of hemoglobin relative to packed red cell volume (chromasia).
Haematocrit
Hct
Female: 0.37 – 0.47
Male: 0.40 – 0.54
The fractional volume of packed red blood cells relative to total sample volume.
Total White Cell Count
WCC / TWCC
4.0 – 11.0 x 10^9/L
Total systemic leucocyte concentration; broad indicator of infection or leukemia.
Neutrophil Differential
Neut
2.0 – 7.5 x 10^9/L
Absolute neutrophilic count; shifts indicate acute bacterial or inflammatory states.
Lymphocyte Differential
Lymp
1.5 – 4.0 x 10^9/L
Absolute lymphocytic count; tracks viral infections and chronic immune responses.
Monocyte Differential
Mon
0.2 – 0.8 x 10^9/L
Absolute monocytic count; elevated in chronic or systemic inflammatory processes.
Eosinophil Differential
Eos
0.04 – 0.40 x 10^9/L
Absolute eosinophilic count; responds to allergies, parasitic worms, skin diseases.
Basophil Differential
Bas
<0.1 x 10^9/L
Absolute basophilic count; involved in hypersensitivity and chronic myeloproliferative states.
Platelet Count
Plt
150 – 400 x 10^9/L
Quantifies the circulating thrombocyte mass; guides bleed and thrombosis risk layout.",
Haemostasis and coagulation,"Comprehensive Study of Haemostasis and Coagulation
Monash School of Medicine | Medical Lecture Reference Guide (MED1100/1200)
Instructor: A/Prof Simon Nazaretian | Original Slides: A/Prof Jennifer Lindley
1. Learning Objectives & Session Overview
This reference article outlines the key physiological and clinical principles governing blood haemostasis, coagulation cascades, fibrinolysis, and diagnostic methodologies. By completing this review, medical students will be able to:
Factor Identification: Identify the specific soluble and cellular factors involved in blood coagulation.
Pathway Mapping: Outline the intrinsic, extrinsic, and common coagulation pathways that collectively lead to the formation of a stable fibrin clot.
Fibrinolysis Overview: Detail the molecular mechanisms of fibrinolysis involved in clot dissolution and patency restoration.
Diagnostic Interpretation: Name and interpret routine laboratory tests utilized for systemic coagulation studies.
Clinical Correlations: Classify and diagnose primary coagulopathies, bleeding disorders, and thrombotic conditions.
2. Introduction to Haemostasis
Haemostasis is a highly complex, finely tuned physiological process designed to maintain blood in a fluid state within normal vessels, while rapidly inducing a localized solid plug to seal vascular punctures and prevent haemorrhage following injury. This process operates through a dynamic equilibrium between procoagulant mechanisms and regulatory inhibitors, involving three fundamental components:
Cellular Elements: Platelets, endothelial cells, and fibroblasts.
Soluble Proteins: Circulating zymogens (precursor enzymes) and regulatory inhibitors.
Insoluble Structural Proteins: Extracellular matrix components exposed during vascular wall disruptions.
The Three Major Steps of Haemostasis
1) Vasoconstriction: Immediate neurogenic reflex and local humoral signals (e.g., serotonin, thromboxane A2) cause transient vasoconstriction to significantly reduce downstream blood flow and minimize immediate blood loss.
2) Primary Platelet Plug Formation: Platelets adhere to exposed subendothelial structural matrix proteins, undergo activation, release bioactive granules, and aggregate to construct a physical barrier.
3) Secondary Coagulation & Fibrin Clot Formation: The blood coagulation cascade is activated, sequentially converting soluble plasma factors into an insoluble network of cross-linked fibrin fibers that enmeshes and stabilizes the initial platelet plug.
Dynamic Balance Rule: Once the damaged endothelium is completely repaired, the fibrinolytic system is activated to dissolve the clot and restore physiological patency and unhindered blood flow.
3. Primary Haemostasis: Mechanism of the Platelet Plug
Primary haemostasis is initiated immediately upon vascular endothelial disruption, which exposes the underlying thrombogenic subendothelial extracellular matrix (ECM). The formation of the primary platelet plug occurs in four strictly regulated phases:
Phase 1: Vascular Injury and Exposure
Healthy endothelium prevents coagulation. When disrupted, structural subendothelial proteins, particularly collagen and stored Von Willebrand Factor (vWF), are exposed directly to the circulating blood components.
Phase 2: Platelet Adhesion
Circulating platelets roll along the exposed site and adhere firmly to the subendothelial matrix via specific membrane-bound glycoprotein receptors interacting with localized ligands:
GPIb-vWF Complex: Mediates high-shear attachment by binding directly to Von Willebrand Factor anchored on the exposed matrix.
GPVI & α₂β₁ Integrin Receptors: Engage structural collagen fibers directly to anchor the platelet firmly against hydrodynamic blood flow.
Phase 3: Platelet Activation and Secretion
Ligand binding triggers a severe intracellular signaling cascade that induces rapid platelet activation, characterized by:
Morphological Shape Change: Platelets transform from smooth, circulating discs into highly irregular structures with extended pseudopodia, dramatically increasing their surface area.
Granule Secretion: Exocytosis of internal granules releases strong autocrine and paracrine mediators into the microenvironment:
Serotonin: A potent vasoconstrictor and platelet agonist.
Thromboxane A₂ (TxA₂): Synthesized via the cyclooxygenase (COX) pathway; acts as a powerful platelet recruiter and vasoconstrictor.
Adenosine Diphosphate (ADP): Binds to purinergic receptors on nearby platelets to accelerate further recruitment and activation.
Receptor Activation: Conformational activation of the surface Glycoprotein IIb/IIIa (GPIIb/IIIa) receptor, changing its state from low affinity to high affinity for circulating fibrinogen molecules.
Phase 4: Platelet Aggregation
Soluble circulating fibrinogen acts as a symmetrical bivalent bridge, binding simultaneously to high-affinity activated GPIIb/IIIa receptors on adjacent platelets. This widespread cross-linking tightly binds platelets together into an expansive cell cluster, culminating in the primary platelet plug, a temporary blockage sufficient to restrict minor hemorrhage.
4. Secondary Haemostasis: The Coagulation Cascade
While the primary platelet plug is useful, it is structurally fragile and easily dislodged by blood pressure. Secondary haemostasis reinforces this initial plug. Activated platelets flip their plasma membranes to expose negatively charged membrane phospholipids, creating a catalytic surface template that concentrates and aligns circulating plasma coagulation factors.
Coagulation is achieved via the sequential proteolytic activation of circulating precursor proteins (zymogens), known as the 'coagulation cascade'. Almost all of these factors are synthesized continuously in the liver. Notably, Factors II, VII, IX, and X strictly require Vitamin K as a cofactor during synthesis for proper post-translational gamma-carboxylation, enabling them to bind calcium ions (Ca²⁺) and adhere to activated platelet membranes.
Classification of Coagulation Factors
Pathways of the Coagulation Cascade
From a clinical reference perspective, the cascade is divided into three functional pathways:
1) The Intrinsic Pathway (Contact Activation Pathway)
Activated by internal vascular damage when circulating blood contacts negatively charged subendothelial surfaces.
Initiation: Surface contact converts Factor XII to Factor XIIa, assisted by Prekallikrein and High Molecular Weight Kininogen (HMWK).
Propagation step 1: Factor XIIa proteolytically cleaves Factor XI into its active serine protease form, Factor XIa.
Propagation step 2: Factor XIa activates Factor IX to Factor IXa in a reaction requiring calcium ions (Ca²⁺).
The Intrinsic Tenase Assembly: Factor IXa complexes with its activated cofactor, Factor VIIIa, on the platelet membrane surface. This 'tenase' complex proteolytically cleaves and activates the central down-stream zymogen, Factor X, into Factor Xa.
2) The Extrinsic Pathway (Tissue Factor Pathway)
Activated by external structural tissue trauma that exposes blood directly to extravascular tissues.
Initiation: Vascular trauma exposes membrane-bound Tissue Factor (Factor III), which is constitutively expressed on extravascular cells like fibroblasts.
Complexation: Circulating Factor VII binds tightly to the exposed Tissue Factor receptor, forming a highly active catalytic complex (TF-VIIa) in the presence of calcium ions (Ca²⁺).
Activation: The active TF-VIIa complex directly cleaves and activates Factor X into Factor Xa, rapidly providing a shortcut to the final common pathway.
3) The Final Common Pathway
The convergence point where both the intrinsic and extrinsic branches unite to generate the terminal, stable clot:
Prothrombinase Assembly: Factor Xa recruits its non-enzymatic cofactor, Factor Va, alongside calcium ions (Ca²⁺) on the platelet phospholipid membrane to assemble the multi-protein Prothrombinase Complex.
Thrombin Generation: The Prothrombinase Complex converts the inactive zymogen Prothrombin (Factor II) into the highly potent active enzyme Thrombin (Factor IIa).
Fibrin Assembly: Thrombin cleaves the small regulatory fibrinopeptides from soluble Fibrinogen (Factor I), generating individual soluble Fibrin Monomers.
Polymerization: Fibrin monomers spontaneously polymerize via hydrogen bonding into an unstable, soluble three-dimensional protofibril network.
Covalent Stabilization: Concurrently, Thrombin activates Factor XIII into Factor XIIIa (a transglutaminase). Factor XIIIa creates strong covalent cross-links between adjacent alpha and beta polypeptide chains of the fibrin polymers, turning the soluble network into a dense, solid, mechanically stable haemostatic plug.
5. Fibrinolysis: The Clot Removal Mechanism
Fibrinolysis is the metabolic opposite of coagulation. It prevents progressive, runaway vascular occlusion by restricting clot enlargement and safely dissolving the fibrin architecture once the underlying tissue is fully repaired. This system utilizes a localized serine protease, Plasmin, which cleaves structural fibrin into soluble clearable elements.
The Fibrinolytic Pathway and Molecular Intermediates
Plasminogen Incorporation: The inactive proenzyme Plasminogen is synthesized by the liver and incorporated directly into the internal structure of the expanding fibrin clot during secondary haemostasis.
Activation: Slowly releasing endothelial cells secrete specialized physiological activators that cleave plasminogen into active Plasmin:
Tissue Plasminogen Activator (tPA): Secreted by endothelial cells; binds directly to fibrin to safely localize plasmin activation on the thrombus surface.
Urokinase Plasminogen Activator (uPA): Operates predominantly in the fluid phase or via specialized cell-surface profibrinolytic receptors.
Proteolytic Digestion: Active plasmin systematically cleaves the covalent structural strands of the cross-linked fibrin matrix.
Degradation Products: The degradation process breaks down the solid mesh into small, soluble clearable macromolecular products called Fibrin/Fibrinogen Degradation Products (FDPs / FgDPs), which include Fragments X, Y, D, and E. Notably, the specific degradation of cross-linked fibrin produces distinct paired structures called D-dimers.
Physiological Inhibitors of Fibrinolysis
To protect systemic proteins from accidental degradation, the human body uses powerful neutralizing inhibitors:
1) Plasminogen Activator Inhibitors (PAI-1 and PAI-2): Directly bind and block tPA and uPA, preventing the conversion of plasminogen.
2) α₂-Antiplasmin & α₂-Macroglobulin: Circulate in plasma to capture and neutralize any free active plasmin that escapes the local clot environment.
6. Clinical Evaluation and Laboratory Coagulation Testing
Evaluating a patient's haemostatic function involves a combination of a full blood examination (FBE) to check cellular elements, alongside a dedicated plasma coagulation profile to assess cascade function:
Additional Specialized Diagnostic Studies
Full Blood Examination (FBE): Assesses absolute platelet concentrations and manual blood film evaluation for morphological abnormalities.
Platelet Aggregation Function Studies: Evaluates platelet response to specific physiological agonists (e.g., ADP, collagen) to detect functional signaling defects.
Specific Coagulation Factor Assays: Quantifies individual functional factor percentages to pinpoint specific congenital or acquired deficiencies.
7. Pathopathology: Haemostatic Disorders and Thrombosis
Disruptions in the balanced haemostatic equilibrium result either in inadequate clot formation leading to systemic bleeding (coagulopathies), or inappropriate, excessive clot formation within undamaged vasculature (thrombosis).
Clinical Presentation of Bleeding Disorders
Patients with underlying haemostatic disorders present with distinct physical findings depending on whether the defect lies in primary or secondary haemostasis:
Purpura: Small, pinpoint skin hemorrhages (petechiae) or medium-sized purpuric spots, typically indicating platelet or small blood vessel defects.
Mucosal Bleeding: Persistent epistaxis, gingival bleeding, or gastrointestinal blood loss, highly characteristic of primary haemostatic defects.
Joint Bleeding: Spontaneous bleeding inside joint spaces (haemarthrosis), leading to severe chronic arthropathy; classic for deep secondary factor deficiencies.
Muscle Haematomas: Large collections of blood within major skeletal muscle groups, typically seen in secondary coagulation factor defects.
Severe Surgical Bleeding: Delayed or severe persistent oozing post-procedurally, indicating a failure to form or stabilize the secondary fibrin meshwork.
Etiology and Classification of Haemostatic Disorders
Bleeding disorders are clinically segregated by their underlying pathophysiology:
1) Primary Haemostatic Defects
Quantitative Platelet Disorders (Thrombocytopenia): Caused by severe production failure, accelerated destruction, or peripheral sequestration. Seen commonly in hematological malignancies, chronic alcohol abuse, certain viral infections, or advanced consumption states.
Qualitative Platelet Defects: Normal count but defective function, commonly induced by drugs (e.g., Aspirin irreversibly blocking COX-1 and TxA₂ production) or advanced uremia.
Small Vessel Wall Defects: Congenital structural collagen abnormalities or acquired inflammatory vasculitis weakening the physical vascular supportive walls.
2) Secondary Coagulation Defects
Congenital Hemophilia A: X-linked recessive deficiency of antihaemophilic Factor VIII.
Congenital Hemophilia B: X-linked recessive deficiency of Christmas Factor IX.
Von Willebrand Disease (vWD): Autosomal dominant deficiency or functional defect in Von Willebrand Factor, impairing both primary platelet adhesion and stabilizing transport of Factor VIII.
Acquired Liver Disease: Since almost all coagulation factors are synthesized by hepatocytes, severe parenchymal liver disease leads to multi-factor production collapse.
Acquired Vitamin K Deficiency: Directly impairs synthesis of functional functional Factors II, VII, IX, and X.
Disseminated Intravascular Coagulation (DIC): An extreme pathological state triggered by severe systemic conditions (e.g., sepsis, major trauma). Widespread exposure of systemic Tissue Factor induces massive, uncontrollable intravascular microvascular coagulation. This completely consumes the patient's circulating platelets and clotting factors, causing paradoxical, fatal systemic hemorrhage.
Thrombosis and Virchow's Triad
Thrombosis is the pathological formation of a solid mass (thrombus) composed of platelets and fibrin within the lumen of an intact blood vessel. Thrombi can form within veins or arteries, causing severe downstream ischemia, tissue necrosis, or breaking off as mobile fragments (emboli) that travel through the bloodstream to occlude distant organs (e.g., Pulmonary Embolism).
The predisposing factors for pathological thrombus formation are organized under Virchow's Triad:
1. Endothelial Injury
Direct physical or biochemical disruption to the protective vascular lining (e.g., due to advanced atherosclerosis, chronic vasculitis, or circulating metabolic toxins). Injury exposes subendothelial collagen, shifting the local balance toward procoagulant factor expression while downregulating normal protective anticoagulant molecules.
2. Abnormal Blood Flow
Disruption of normal laminar blood flow, manifesting as localized blood turbulence (primarily in high-pressure arteries or aneurysms) or blood stasis (primarily in low-pressure deep veins). This prevent the normal dilution of active clotting factors and increases direct physical contact of platelets with the thrombogenic vessel wall.
3. Abnormal Coagulation (Hypercoagulability)
An alteration in the biochemical systemic balance of coagulation factors that directly predisposing a patient to thrombus formation. This can be:
Primary (Genetic): Inherited genetic alterations, such as the Factor V Leiden mutation (rendering Factor V resistant to degradation by activated Protein C) or specific prothrombin gene mutations.
Secondary (Acquired): Acquired elevations in circulating concentrations of Factors VIII, IX, X, or Fibrinogen, or secondary to systemic diseases that impair the natural anticoagulant pathways.
Factor Number
Descriptive Name
Active Form / Physiological Function
Factor I
Fibrinogen
Fibrin subunit; cleaved by thrombin to form structural monomers
Factor II
Prothrombin
Serine protease; activated to Thrombin (IIa), the master cascade enzyme
Factor III
Tissue Factor (Thromboplastin)
Receptor/Cofactor; membrane bound, not produced by liver, active without proteolysis
Factor V
Labile Factor
Essential protein cofactor; binds with Xa to form the prothrombinase complex
Factor VII
Proconvertin
Serine protease; complexes with Tissue Factor to trigger the extrinsic cascade
Factor VIII
Antihaemophilic Factor
Essential protein cofactor; complexes with IXa. Not produced by the liver
Factor IX
Christmas Factor
Serine protease; activated by XIa or the TF-VIIa complex
Factor X
Stuart-Prower Factor
Serine protease; central point where pathways merge to initiate the common pathway
Factor XI
Plasma Thromboplastin Antecedent
Serine protease; activated by XIIa to amplify intrinsic activation
Factor XII
Hageman (Contact) Factor
Serine protease; activated by contact with negatively charged damaged surfaces
Factor XIII
Fibrin-Stabilizing Factor
Transglutaminase; cross-links fibrin polymers into a covalent, stable mesh
Prekallikrein
Fletcher Factor
Serine protease; participates in the contact activation phase
HMWK
Fitzgerald Factor (High Molecular Weight Kininogen)
Cofactor; active without proteolytic cleavage; participates in contact activation
Screening Test
Typical Reference Range
Detected Abnormalities / Clinical Interpretation
Prothrombin Time (PT)
11 – 15 seconds
Measures Extrinsic & Common pathways. Prolonged by deficiencies or inhibitors of Factors VII, X, V, II, or Fibrinogen. Frequently used to monitor Warfarin therapy.
Activated Partial Thromboplastin Time (APTT)
25 – 35 seconds
Measures Intrinsic & Common pathways. Prolonged by deficiencies or inhibitors of Factors XII, XI, IX, VIII, X, V, II, or Fibrinogen. Used to evaluate Hemophilia and monitor unfractionated Heparin.
Thrombin Time (TT)
14 – 16 seconds
Evaluates the final conversion step. Measures qualitative or quantitative abnormalities in Fibrinogen, or the presence of direct thrombin inhibitors (e.g., Heparin, FDPs).
Fibrinogen Levels
1.5 – 4.0 g/L
Direct quantitative measurement. Low levels indicate severe consumption (e.g., DIC) or congenital/acquired fibrinogen deficiencies.
D-Dimer Assay
Check with local lab
A highly specific marker for cleaved cross-linked fibrin. Elevated levels indicate recent or ongoing systemic intravascular thrombosis and subsequent fibrinolysis (e.g., DVT, PE, or DIC).",
Anticancer drugs,"A Comprehensive Review of Principles, Target Mechanisms, and Novel Modalities in Cancer Chemotherapy
Medical Education Reference Article | Monash School of Medicine Series
1. Principles of Cancer Management and Agent Selection
The clinical management of neoplastic diseases requires a multi-faceted, coordinated therapeutic strategy designed to eliminate malignant cells while minimizing systemic harm. The baseline modalities of cancer therapy encompass surgery, radiotherapy, chemotherapy (including both classic cytotoxic and novel molecularly targeted agents), immunotherapy, bone marrow transplantation, and personalized therapy. Additionally, robust supportive therapy—including analgesics, antidepressants, and diet/lifestyle optimization—remains vital to sustaining patient compliance and quality of life during intensive treatment courses.
1.1 Selective Toxicity and Agent Screening
The foundational pharmacology of cancer chemotherapy relies on the principle of selective toxicity: identifying and exploiting biochemical or biological vulnerabilities unique to malignant cell populations. Classically, the principal target has been the cell cycle and the accelerated cellular growth rates that characterize cancerous tissue relative to most somatic host environments. Modern agent selection combines clinical evidence with specialized in vitro empirical validation:
1. Tumour Cell Culture: Samples are isolated directly from the patient's pathological biopsy.
2. Multi-Compound Screening: These patient-derived cell lines are screened in vitro against a panel of chemotherapeutic options to determine precise empirical effectiveness before systemic deployment.
Ideally, the choice of therapeutic regimen targets a distinct molecular recognition site, overexpressed receptor, mutated enzyme, or altered physiological process within the cancer cell. Therapeutics also aim to concurrently enhance the host immune system's intrinsic capacity to recognize and eliminate altered self-cells.
1.2 Molecular Recognition Sites as Pharmacological Targets
Chemotherapeutic agents act as ligands or inhibitors at several key physiological sites:
• Receptors: Surface-bound molecules that transduce mitogenic and survival signaling cascades.
• Ion Channels: Regulators of electrochemical gradients and cellular volume necessary for growth.
• Enzymes: Critical catalysts in metabolic pathways, DNA processing, and protein phosphorylation.
• Transporters: Efflux and influx pumps that maintain intracellular homeostatic balances.
• Deoxyribonucleic Acid (DNA): The absolute genetic template, targeted directly to stop cell line replication.
2. Classic Cytotoxic Agents
Classic cytotoxic chemotherapies comprise small-molecule drugs that block cell division through immediate chemical interactions with nucleic acids or replication machinery. These agents are systematically categorized below based on their molecular actions and cell-cycle constraints.
2.1 Alkylating Agents
Alkylating agents are chemically reactive compounds that covalently attach an alkyl group to DNA. Many of these compounds are bifunctional, meaning they possess two reactive functional groups that enable them to cross-link with target structures.
Mechanism of Action: Insert reactive alkyl chemical groups into the DNA base architecture.
Molecular Consequence: Promote covalent cross-linking between adjacent bases—exhibiting a strong affinity for the N7 position of guanine bases—as well as forming cross-links between DNA and nuclear proteins. This causes severe intra-strand and inter-strand linking.
Cellular Outcome: The physical distortions and structural stresses imposed on the double helix cause immediate strand breaks, halting replication forks and activating p53-dependent apoptotic pathways.
Cell-Cycle Specificity: These agents are fundamentally cycle non-specific; they possess the capacity to damage DNA regardless of whether the cell is actively in a replication phase or a resting state.
2.2 Cytotoxic Antibiotics
Derived originally from microbial screening, cytotoxic antibiotics are highly potent molecules whose extreme systemic toxicity precludes their use in infectious disease management, though their high benefit-to-cost ratio makes them invaluable in clinical oncology.
Mechanism of Action: Direct intercalation into DNA strands, which disrupts the structural template and blocks active gene transcription and subsequent mRNA translation into functional proteins.
Topoisomerase II Inhibition: A primary mode of action is the targeted inhibition of Topoisomerase II, an essential enzyme that cuts, untwists, and reseals double-stranded DNA to relieve torsional strain as it unwinds ahead of active replication machinery.
Cell-Cycle Specificity: These agents are heavily cycle-specific, causing primary arrest during the G1 or G2 phases of the cell cycle.
2.3 Antimetabolites and Folate Antagonists
Antimetabolites are structural analogues of naturally occurring vitamins, purines, or pyrimidines required for normal nucleotide synthesis. They block cell progression by acting as competitive inhibitors or faulty substrates.
Overarching Mechanism: They substitute themselves directly into the enzymatic pathways of nucleotide synthesis or get mistakenly incorporated as fraudulent bases into nascent DNA/RNA chains, rendering the resulting nucleic acid polymers non-functional.
Cell-Cycle Specificity: They are strictly cycle-specific, functioning as S-phase inhibitors that trap cells during active DNA synthesis.
Subclass Spotlight: Folate Antagonists (Example Agent: Methotrexate):
Folic acid must be converted into dihydrofolate and subsequently into tetrahydrofolate via the key regulatory enzyme dihydrofolate reductase (DHFR). Tetrahydrofolate acts as an indispensable single-carbon donor required by thymidylate synthetase to synthesize purine (adenine, guanine) and pyrimidine (cytosine, thymine) nucleotides.
Folate antagonists specifically bind to and inhibit dihydrofolate reductase, completely depleting intracellular tetrahydrofolate pools. This induces a state of metabolic starvation that halts purine/pyrimidine nucleotide synthesis, blocking all downstream DNA and RNA polymerization.
2.4 Plant Alkaloids
Plant alkaloids are natural products or semi-synthetic derivatives extracted from botanical sources. They target structural components of the cell during mitosis and DNA replication. They are divided into two clear mechanistic subcategories:
1. Microtubule Inhibitors (Example Agents: Vinca Alkaloids [e.g., Vincristine] and Taxanes):
Vinca alkaloids (extracted from the periwinkle plant, Catharanthus roseus) bind to tubulin dimers and inhibit their polymerization into mature microtubules. This prevents the initial assembly of the mitotic spindle.
Taxanes (extracted from the European yew tree, Taxus baccata) act via the inverse mechanism: they bind to and hyper-stabilize assembled microtubules, locking them in place and preventing the depolymerization necessary for chromosome segregation.
Both pathways completely disable the structural mitotic spindle apparatus, leaving cells unable to navigate the spindle assembly checkpoint, which results in active M-phase arrest.
2. Topoisomerase Inhibitors (Example Agent: Etoposide):
Derived from the mandrake plant (Podophyllum peltatum), these compounds selectively inhibit DNA topoisomerase enzymes (such as DNA gyrase analogues involved in replication).
They trap the transient enzyme-DNA cleavable complex, preventing the re-ligation of DNA strands and interfering with the coordinated coiling and uncoiling of DNA. This leaves permanent, catastrophic double-strand breaks that arrest the cell cycle precisely during the G2 phase.
2.5 Hormonal Agents and Antagonists
Certain malignancies arising from endocrine tissues (e.g., breast, prostate, and uterine cancers) retain an absolute dependency on circulating steroidal hormones for their growth signals. Manipulating these hormone pathways serves as a highly targeted classic therapeutic strategy:
• Breast Cancer Pathophysiology: Driven by estrogen binding to intracellular estrogen receptors. Therapeutic strategies utilize Selective Estrogen Receptor Modulators (SERMs) to competitively block the receptor, or Aromatase Inhibitors to block the aromatase enzyme responsible for peripheral testosterone-to-estrogen conversion.
• Prostate Cancer Pathophysiology: Mediated by testosterone binding to androgen receptors. Treatment utilizes Antiandrogens to block receptor binding, or Gonadotropin-Releasing Hormone (GnRH) Analogues. When administered continuously rather than pulsatile, GnRH analogues downregulate pituitary receptors, completely inhibiting gonadotropin release and causing chemical castration.
• Glucocorticoid Therapy: High-dose synthetic glucocorticoids bind to cytoplasmic glucocorticoid receptors and translocate to the nucleus, where they alter transcription factor profiles, causing direct cell lysis in susceptible lymphoid lineages. Consequently, they are widely used to suppress the immune system and inhibit lymphocyte production in blood-borne malignancies (leukaemias and lymphomas).
3. Novel Anticancer Agents
To circumvent the systemic side effects associated with non-specific classic cytotoxic options, modern oncology utilizes targeted therapies directed against specific cell-surface antigens, intracellular signaling pathways, or host immune checkpoints.
3.1 Monoclonal Antibodies (mAbs)
Monoclonal antibodies are highly pure, single-clone immunoglobulins designed to bind explicitly to specific target proteins overexpressed on the surfaces of malignant cells. They function through several distinct mechanisms:
1. Direct Cell Surface Targeting and Lysis: Certain mAbs lock onto lymphocyte cell surface proteins, triggering immediate complement-dependent cytotoxicity (CDC) or antibody-dependent cellular cytotoxicity (ADCC). For example, Rituximab specifically targets the CD20 surface antigen, which is heavily overexpressed on malignant B cells in non-Hodgkin's lymphoma, resulting in targeted cell lysis.
2. Growth Factor Receptor Inactivation: Other mAbs attach directly to extracellular growth factor receptors, preventing ligand binding and blocking downstream survival signaling, which drives the cell into apoptosis. For example, Trastuzumab (Herceptin) binds with high affinity to the Human Epidermal Growth Factor Receptor 2 (HER2), which is overexpressed in a highly aggressive subset of breast cancers.
3. Antibody-Drug Conjugates (ADCs): Monoclonal antibodies can be utilized as specialized molecular delivery vehicles by chemically conjugating a potent cytotoxic drug payload directly to the antibody handle. The mAb targets the cancer cell surface, is internalized, and releases the payload to kill the cell locally, preventing systemic toxicity.
3.2 Protein Kinase Inhibitors
Growth factor receptors typically utilize intracellular kinase domains—specifically tyrosine kinases or serine-threonine kinases—to cascade growth signals to the nucleus. Protein kinase inhibitors are rationally designed small molecules that enter the cytoplasm and bind directly to the enzyme's competitive ATP-binding pocket. This locks the kinase in an inactive conformation and halts cell proliferation. Clinically, their primary deployment is restricted to selected leukaemias (e.g., targeting the BCR-ABL fusion protein) and specialized gastrointestinal stromal tumours. Beyond cell growth suppression, certain kinase inhibitors also block vascular endothelial growth factor signaling, thereby inhibiting tumor angiogenesis (neovascularization).
3.3 Immunotherapy Modalities
Rather than targeting the tumor directly, immunotherapy enhances the patient's endogenous immune system to recognize and eliminate malignant cells. Two major modalities are currently used:
1. Cytokines:
These are low-molecular-weight proteins secreted by immune cells that serve as potent mediators of immune and inflammatory reactions:
Interferons (IFN): Secreted by monocytes and macrophages, IFNs activate natural killer (NK) cells and cytotoxic T lymphocytes to induce apoptotic pathways in adjacent cancer cells.
Interleukin-2 (IL-2): Functions as a potent T-cell growth factor, stimulating clonal expansion and enhancing the tumor-killing capacity of antigen-specific T cells.
2. Checkpoint Inhibitors:
T-lymphocyte membranes express critical regulatory proteins designed to act as 'on' or 'off' switches to maintain self-tolerance and prevent autoimmunity. The two primary 'off' switches are Cytotoxic T-Lymphocyte Associated Protein-4 (CTLA-4) and Programmed Cell Death Protein-1 (PD-1).
Malignant tumours regularly exploit these pathways; by expressing ligands that engage PD-1 or CTLA-4 over long periods of tumor activity, they successfully switch 'off' normal host T-cell function, escaping immune detection. Checkpoint inhibitors are monoclonal antibodies that bind to and block CTLA-4 or PD-1. By physically blocking these 'off' switches, they switch host T-cell function back 'on,' allowing the immune system to actively clear the tumor mass.
4. Adverse Effects and Clinical Management
Because classic cytotoxic agents target rapidly dividing cells without absolute specificity, they inevitably damage rapidly dividing healthy tissue populations. Understanding these predictable toxicity profiles is essential for proactive clinical management.
4.1 Common Systemic Adverse Effects
• Hair Loss (Alopecia): Caused by the destruction of highly proliferative matrix cells within the hair follicle root.
• Mouth Inflammation (Mucositis) and Gastrointestinal Sores (Stomatitis): Arises from the sloughing and erosion of the rapidly renewing epithelial lining of the alimentary tract, which can lead to severe pain and secondary infections.
• Nausea and Vomiting: Triggered by direct chemical stimulation of the chemoreceptor trigger zone (CTZ) in the central nervous system and structural damage to enterochromaffin cells in the gut wall.
• Infertility: Caused by toxic ablation of actively dividing germinal epithelium within the male and female gonads.
• Skin Blistering and Necrosis: Occurs secondary to dermal epithelial cytotoxicity or localized drug extravasation during intravenous administration.
• Bone Marrow Suppression (Myelosuppression): The most serious dose-limiting acute toxicity, resulting from the ablation of multipotent hematopoietic stem cells in the bone marrow cavity.
4.2 Specific Organ Toxicities
Beyond general proliferative tissue damage, certain classes exhibit severe, distinct organ-specific toxicities:
• Heart: Cardiotoxicity: Induces persistent cardiac dysrhythmias (altered electrical conduction rhythms) and directly impairs myocardial contractility.
• Lungs: Causes progressive pulmonary toxicity characterized by fibrotic remodeling of alveolar structures.
• Kidneys: Leads to acute renal failure through tubular necrosis or microvascular damage.
• Nervous System: Causes peripheral neuropathy characterized by symmetrical tingling and numbness (paraesthesias) due to axonal transport disruptions.
• Urinary Bladder: Causes hemorrhagic cystitis, an acute condition characterized by localized bleeding and severe inflammation of the bladder wall.
• Fatigue: A universal, multi-factorial symptom complex resulting from systemic cytokine release, anemia, and metabolic stress.
4.3 Pharmacological Support Strategies
Modern oncological protocols utilize specific co-prescribed pharmacological tools to manage these predictable side effects, allowing patients to complete their full chemotherapy courses safely:
1. Antiemetic Drugs: Advanced receptor antagonists (e.g., 5-HT3 or NK1 receptor blockers) are systematically administered to entirely block the emetic signaling cascades in the CTZ, halting severe nausea and vomiting.
2. Colony Stimulating Factors (CSFs): Recombinant cytokines are administered to support bone marrow production during severe myelosuppression:
Filgrastim (G-CSF) acts directly on myeloid precursor lines to stimulate and rebuild depressed white blood cell populations, reducing the risk of neutropenic fever.
Erythropoietin (EPO) analogue therapy is deployed to stimulate red blood cell production during periods of profound chemotherapy-induced anemia.
5. Treatment Complications and Limitations
The ultimate clinical success of chemotherapy is limited by several biological factors that contribute to treatment failure or disease relapse.
5.1 Drug Resistance Mechanisms
Tumour cells frequently develop resistance to chemotherapeutic agents through two primary evolutionary pathways:
• Genetic Adaptation: Spontaneous point mutations, gene amplifications, or chromosomal deletions that permanently alter the drug's target binding site or activate alternative parallel growth pathways.
• Acquired Adaptation: Upregulation of multi-drug resistance efflux pumps (such as P-glycoprotein) that actively pump the chemotherapeutic molecule out of the cytoplasm, drastically reducing its intracellular concentration.
Management Regimens: Clinical Counter-Strategies:
1. Combination Cytotoxic Therapy: Deploying multiple cytotoxic drugs concurrently, ensuring each has a completely different mechanism of action and non-overlapping toxicity profiles (e.g., combining an alkylating agent + an antimetabolite + a novel monoclonal antibody). This makes it highly unlikely that a single clone can develop resistance to all mechanisms simultaneously.
2. Drug Holidays: Utilizing carefully calculated, structured periods of temporary drug cessation to allow normal host tissue populations to regenerate while shifting the evolutionary pressure on tumor cells, which can help re-sensitize resistant sub-clones.
5.2 Tumour Cell Sanctuaries
A major physical limitation in clinical oncology is the presence of anatomical compartments that are relatively inaccessible to systemic chemotherapy due to physiological barriers (e.g., the blood-brain barrier or poorly vascularized tumor cores). These regions create anatomical sanctuaries where tumor cells survive systemic treatment, serving as primary sites of subsequent local relapse. Eradicating disease in these sanctuaries requires multi-modal intervention using targeted radiotherapy or direct surgical resection.
5.3 Therapeutic Range and Dose Exhaustion
Chemotherapeutic agents exhibit a notoriously narrow therapeutic index—the plasma concentration range between the minimum effective subtherapeutic dose and the onset of life-threatening toxicity. If plasma concentrations fall too low, the treatment becomes subtherapeutic and ineffective, allowing rapid tumor progression. Conversely, raising the concentration too high causes profound systemic toxicity that can harm or kill the patient.
This tight window frequently leads to the clinical state of dose exhaustion: a point where the maximum tolerated therapeutic dose and the patient's residual immune response are insufficient to eradicate the remaining cancer cells, yet the clinician cannot increase the dose further without causing fatal toxicity. Overcoming dose exhaustion requires multimodal combination protocols that sequence multi-drug chemotherapy with localized radiotherapy and surgical debulking.
6. Mechanistic Summary of Anticancer Agents
The following structured table provides an index of the drug classes, molecular targets, and mechanisms covered in this reference curriculum.
Core Educational Guidance: When studying oncology pharmacology, you must shift your focus away from memorizing dozens of individual proprietary drug names. Focus your energy entirely on mastering the functional drug classes, their overarching mechanisms of action, and their cell-cycle specifications. This approach builds structural clinical reasoning.
Therapeutic Category
Drug Group / Class
Primary Molecular Target
Core Mechanism of Action
Classic Cytotoxic
Alkylating Agents
DNA (Nucleic Acid Structure)
Covalent alkyl insertion; cross-links guanine bases; induces strand breaks.
Classic Cytotoxic
Cytotoxic Antibiotics
DNA / Topoisomerase II
Intercalates DNA; blocks replication/transcription; Topoisomerase II inhibition.
Classic Cytotoxic
Antimetabolites
Synthetase / Reductase Enzymes
S-phase inhibition; blocks or substitutes into nucleotide synthesis pathways.
Classic Cytotoxic
Plant Alkaloids
Microtubules / Topoisomerases
M-phase spindle disruption (tubulin binding) or G2-phase topoisomerase inhibition.
Classic Cytotoxic
Hormonal Agents
Steroid Receptors / Enzymes
Competitive receptor antagonism or enzymatic synthesis block in endocrine tumours.
Novel Targeted
Monoclonal Antibodies
Surface Antigens / Receptors
Targeted cell lysis (CDC/ADCC); inactivates growth receptors; payload delivery.
Novel Targeted
Protein Kinase Inhibitors
Intracellular Kinase Domains
Competitively blocks cytoplasmic ATP-binding site; shuts off growth cascades.
Novel Targeted
Cytokine Immunotherapy
Immune Cells (NK / T Cells)
Systemic immune amplification; upregulates natural killer and T-cell apoptosis.
Novel Targeted
Checkpoint Inhibitors
T-Cell Regulatory Proteins
Blocks CTLA-4/PD-1 'off' switches; reinstates endogenous T-cell clearance.",
Cellular and tissue response to injury,"Cellular and Tissue Response to Injury
A Comprehensive Study Guide and Reference Article
1. Introduction and Cellular Homeostasis
In a healthy physiological state, cells continuously maintain a steady state termed homeostasis. Rather than being passive entities, cells are active participants in their microenvironment, constantly monitoring, responding, and adapting to extracellular changes, stresses, and stimuli. When environmental demands exceed the physiological capacity of a cell, or when it encounters overtly harmful noxious agents, it undergoes cellular injury. Understanding the mechanisms, signs, and outcomes of these injuries is a fundamental pillar of medical pathology.
2. The Cellular Stress and Injury Pathway
When a normal cell in homeostasis faces environmental stress or an injurious stimulus, its biological destiny follows a structured path based on the severity and duration of the stressor:
Adaptation: If a cell experiences stress, it attempts to modify its structure or function to accommodate the new demand and achieve a new viable equilibrium.
Cell Injury: If the cell has an inability to adapt, or if it is directly subjected to a natively noxious injurious stimulus, cell injury ensues.
Reversible Injury: Under mild or transient injurious conditions, the injury is within limits, allowing the cell to return to a stable baseline or baseline homeostasis.
Irreversible Injury and Cell Death: If the stress or injury is severe, progressive, persistent, and rapid in onset, the cell crosses a 'point of no return' into irreversible injury, culminates invariably in cell death via one of two major pathways: Necrosis (accidental, unprogrammed cell death marked by membrane damage) or Apoptosis (highly regulated, programmed cell suicide).
3. Principal Adaptive Responses
Cells can modify their morphology and function through either physiological adaptations (occurring in response to normal, healthy stimuli such as hormones or endogenous chemical medications) or pathological adaptations (occurring as a survival mechanism against toxic or harmful environmental stresses). The four principal adaptive responses include:
Hypertrophy: An increase in cell size, which directly leads to an increase in the overall size of the organ. This occurs in cell types with limited division capacity where the demand for functional work increases.
Hyperplasia: An increase in the total number of cells within a tissue or organ, typically driven by cellular proliferation in response to growth factors or hormonal stimulation.
Atrophy: A decrease in cell size and/or a reduction in the total number of cells, resulting in a diminished organ size. This represents a downscaling of metabolic activity to ensure survival under unfavorable conditions.
Metaplasia: A reversible change in cell morphology where one adult cell type (e.g., epithelial or mesenchymal) is replaced by another adult cell type that is better suited to withstand a specific chronic hardship or environmental irritation.
4. Etiology and Mechanisms of Cell Injury
Cellular injury is caused by a broad spectrum of external and internal primary etiology factors, which include:
Oxygen Deprivation (Hypoxia/Ischemia)
Chemical Agents and Toxins
Infectious Agents (Viruses, Bacteria, Fungi, Parasites)
Immunological Reactions (Autoimmunity or Hypersensitivity)
Genetic Factors and Inherited Mutations
Nutritional Imbalances (Deficiencies or Excesses)
Physical Agents (Trauma, Extreme Temperatures, Radiation)
Aging (Cellular Senescence)
At a molecular and structural level, these causative agents initiate specific pathological processes and mechanisms within the cell, frequently leading to cell death:
Energy Failure: The loss of ATP production, typically due to mitochondrial damage or oxygen/glucose lack, which halts vital energy-dependent cell functions.
Blockage of Metabolic Pathways: Inhibition of key cellular biochemical operations and respiratory cascades essential for survival.
Mechanical Disruption: Physical trauma or structural tearing affecting cell architecture.
Failure of Membrane Integrity & Membrane Damage: Direct breakdown or degradation of plasma, mitochondrial, or lysosomal membranes, causing intracellular leakage and enzyme dissipation.
DNA Damage or Loss: Severe structural genetic mutations or nuclear fragmentation that triggers apoptotic check-points or halts vital transcription.
5. Fundamental Signs of Injury and Inflammation
At the tissue and clinical level, vascular, cellular, and chemical alterations coordinate a protective response known as inflammation. This response manifests as five fundamental cardinal signs of injury, each with distinct underlying pathophysiology:
6. Factors Influencing Tissue Response and Regeneration Matrix
The outcome of tissue injury is not uniform; it depends tightly on three major factors: the amount of damage (size and volume of tissue injured), the type of tissue involved (and its inherent capacity to regenerate), and the duration of the injury (length of time that the injury persists). Cells are classified into three categories based on their regenerative capacity:
Labile Tissues: Cells that continuously proliferate throughout life to replace dying or sloughed cells (e.g., epithelium of the skin).
Stable Tissues: Cells that normally replicate infrequently or remain quiescent in the G0 stage of the cell cycle, but retain the capacity to respond with rapid replication upon structural loss or stimulation (e.g., pancreas, liver).
Permanent Tissues: Cells that have terminally differentiated and normally completely lack the capacity to replicate or regenerate post-natally (e.g., myocardium of the heart, neurons).
The interaction of these variables dictates whether a tissue successfully reconstructs its normal architecture or forms a permanent scar:
7. Clinical Case Examples of Tissue Outcomes
1. Labile Tissue Example - The Skin (Epithelial Abrasion):
When the epithelium of the skin experiences a superficial abrasion, a layer of fibrin forms an external scab to protect the underlying tissue. Because the skin consists of continuously proliferating labile cells, replacement epithelial cells form underneath the scab. As these cells proliferate and differentiate, the skin is completely restored to normal, achieving perfect anatomical and functional regeneration.
2. Stable Tissue Example - The Pancreas (Pancreatitis):
The pancreas displays a conditional ability to regenerate. In a case of acute pancreatitis, the injury is completely reversible if the underlying cause of inflammation is promptly removed, leaving the pancreatic architecture intact. However, if the stimulus becomes chronic (chronic pancreatitis), the persistent destruction of tissue outpaces the stable cells' ability to regenerate, culminating in permanent tissue destruction and widespread fibrosis (scarring).
3. Permanent Tissue Example - The Heart (Myocardial Infarction):
The myocardium consists of a permanent cell population that completely lacks post-natal regenerative capacity. When cardiac muscle cells undergo ischemic cell injury and death (such as during a myocardial infarction), the dead cells cannot be replaced by new myocytes. Instead, the injury results in permanent damage, and the tissue must undergo repair through the deposition of a non-functional collagenous scar.
8. References and Medical Literature
• Kumar V., Abbas, A., & Aster J. (eds), Robbins Basic Pathology (2017) 10th edition (revised), Elsevier, Philadelphia, USA
• Cross, S. (ed), Underwood’s Pathology – A clinical approach (2018) 7th edition, Elsevier Health Sciences, London, UK.
Clinical Sign (English / Latin)
Underlying Pathophysiology
Vascular & Cellular Drivers
Redness
(Rubor)
Dilation of small blood vessels in the microcirculation.
Increased localized blood flow (hyperemia) to the site of damage.
Swelling
(Tumour)
Oedema due to extra-vascular accumulation of fluid and cellular exudate.
Increased vascular permeability leading to fluid exudation and tissue distortion by chemical mediators.
Heat
(Calor)
Fever driven by chemical mediators of inflammation, or a localized warm touch of peripheral body regions.
Increased local blood flow bringing warm systemic blood and chemical mediators directly to the periphery.
Pain
(Dolor)
Sensitization and activation of nociceptors.
Chemical mediators of inflammation (e.g., bradykinin, prostaglandins) and physical distortion of tissues by oedema.
Loss of Function
(Functio laesa)
Impaired mobility or regional mechanical dysfunction.
Severe tissue swelling or intense pain that reflexively prevents normal mobility or movement in the affected area.
Influencing Factor
Tends Toward Regeneration
Tends Toward Repair (Fibrosis / Scarring)
Size / Volume of Injury
Small volume or narrow structural gap
Large volume or extensive tissue damage
Inherent Tissue Type
Labile or Stable tissues (with intact structural framework)
Permanent tissues (or stable/labile tissues with damaged frameworks)
Duration of Stressor
Short term (Acute injury with quick resolution)
Chronic injury (Persistent, ongoing tissue destruction)
Comprehensive Reference Guide:
Cell Death and Necrosis
Based on Monash School of Medicine Lecture Notes (MED1100/1200)
Course Director/Lecturer: A/Prof Simon Nazaretian (Acknowledging Assoc Prof Jennifer Lindley)
1. Introduction and Learning Objectives
In medical pathology, understanding the transition from physiological homeostasis to cellular senescence, injury, and ultimate demise is a foundational competency. This comprehensive article synthesizes the formal curriculum of Monash University's School of Medicine (MED1100/1200 Cell Basics module) on Tissue Injury: Cell Death and Necrosis. The core objectives outlined in this lecture include:
Identify specific mechanical, chemical, and metabolic mechanisms of injury that culminate in cell death.
Define and clinically differentiate between the two major pathways of cell death: apoptosis and necrosis.
Outline the structural, morphologic, and biochemical processes characterising both cell death pathways.
Provide relevant gross and microscopic clinical examples of tissue necrosis and regeneration in human organ systems.
2. The Continuum of Cell Injury: From Homeostasis to Death
Cells continuously maintain a steady state termed homeostasis, adjusting their functional parameters to mild physiological stressors. However, when subjected to an injurious stimulus or an overwhelming stressor, cells enter a state of cell injury. The progression or resolution of this state depends heavily on the nature, severity, duration, and onset velocity of the stimulus.
The Injury Pathway Flowchart
According to the classic pathology schema (Kumar, Abbas & Aster, Robbins Basic Pathology), the continuum is defined as follows:
• Normal Cell (Homeostasis) subjected to Stress undergoes Adaptation. If there is an inability to adapt, it progresses to Cell Injury.
• Normal Cell subjected directly to an Injurious Stimulus immediately enters a state of Cell Injury.
• Mild, Transient Injury allows the cell to cross back through a reversible threshold, achieving Recovery and returning to normal baseline homeostasis.
• Severe, Progressive Injury pushes the cell past the point of no return into Irreversible Injury, culminating inevitably in Cell Death via one of two distinct modalities: Necrosis or Apoptosis.
3. Causative Agents and Mechanisms of Cell Injury
Cellular injury leading to death arises from several common pathways that compromise critical physiological structures and functions. These processes include:
Energy Failure: Primarily caused by a lack of oxygen (hypoxia/ischemia), a lack of glucose, or direct mitochondrial failure. This deprives the cell of the primary currency needed for metabolic survival (ATP).
Blockage of Metabolic Pathways: Includes the interruption of vital protein synthesis, exposure to respiratory poisons (such as cyanide or carbon monoxide), or a critical lack of essential extracellular hormones and growth factors.
Mechanical Disruption: Physical trauma that structurally compromises cell borders, tissue scaffolding, and compartmentalization.
Failure of Membrane Integrity: Resulting from severe osmotic pressure, mechanical or biological damage to ion pumps, complement activation, or the pore-forming actions of perforin and bacterial toxins.
Membrane Damage: Direct degradation of lipid bilayers caused by free radicals and oxidative stress.
DNA Damage or Loss: Induced by ionizing radiation, chemotherapeutic agents, or extreme free radical exposure, which breaks genetic code strands and halts transcription/replication.
4. Distinct Pathological Modalities: Apoptosis vs. Necrosis
Apoptosis: Controlled Programmed Cell Death
Apoptosis describes a highly regulated, active process of cell death that occurs as a result of normal physiological processes or minor pathogenetic triggers. It is driven by either intrinsic (mitochondrial) or extrinsic (death receptor) pathways. Cells undergo apoptosis when they are no longer useful, are superfluous, or have sustained genetic damage beyond repair. 
Key characteristics include:
• Active, regulated, and tightly controlled enzymatic cascades.
• Initiation via the precise activation of caspases (proteolytic enzymes).
• Clean removal of the dying cell without producing contents that are harmful or toxic to neighboring cells.
• Absence of an inflammatory response in the surrounding tissue.
Necrosis: Accidental and Inflammatory Cell Death
In contrast, necrosis is the death of groups of cells or sheets of tissue resulting from severe, external pathogenetic or physical injury. It is a passive, accidental, and premature mechanism of cell death that causes catastrophic breakdown of homeostasis. 
Key characteristics include:
• Uncontrolled, passive dissolution of cell boundaries.
• Massive, unregulated release of inflammatory cellular contents into the extracellular matrix.
• Induction of a robust inflammatory response in the surrounding viable tissue as the immune system reacts to released cellular debris (DAMPs).
5. Morphological and Biochemical Transformations
The structural divergence between necrosis and apoptosis can be easily identified under light and electron microscopy, as summarized below:
6. Deep-Dive Mechanisms: ATP Depletion and Oxidative Stress
The Biochemical Cascade of ATP Depletion
Mitochondrial dysfunction or direct severe ischemic/hypoxic injury leads to a reduction in oxidative phosphorylation, creating a profound drop in ATP levels. This cellular energy crash sets off three critical downstream cascades:

1. Failure of the Sodium-Potassium Pump (Na+/K+ ATPase):
   • Decreased ATP impairs the pump, causing an unregulated influx of Calcium (Ca2+), Water (H2O), and Sodium (Na+) into the cell cytoplasm, while Potassium (K+) leaks out.
   • This leads directly to Endoplasmic Reticulum (ER) swelling, general cellular swelling, loss of specialized surface structures like microvilli, and plasma membrane blebbing.

2. Upregulation of Anaerobic Glycolysis:
   • To compensate for the loss of aerobic respiration, the cell accelerates anaerobic glycolysis. This rapidly exhausts cellular glycogen storage and causes an accumulation of lactic acid.
   • The accumulation of lactic acid lowers the intracellular pH, causing the pathological clumping of nuclear chromatin.

3. Ribosomal Detachment:
   • Energy starvation causes ribosomes to detach from the rough endoplasmic reticulum, leading to a catastrophic decline in total protein synthesis.
Reactive Oxygen Species (ROS) and Oxidative Damage
Reactive Oxygen Species (ROS) are highly reactive chemical entities generated during mitochondrial injury or chemical stress. The progression of ROS formation begins with the production of the Superoxide radical (O2.-), which is converted to Hydrogen Peroxide (H2O2), and subsequently transitions into the highly toxic Hydroxyl radical (.OH).

Physiological clearance mechanisms rely on protective enzymes like Superoxide Dismutase (SOD) to convert superoxides to H2O2, and Catalase or Glutathione Peroxidase to decompose H2O2 into harmless water (H2O). When these antioxidant defenses are overwhelmed, ROS exerts three fatal pathologic effects:
• Lipid Peroxidation: Direct attack on double bonds in membrane lipids, causing structural membrane damage to plasma and organelle bilayers.
• Protein Modifications: Oxidation of amino acid side chains, leading to structural breakdown, enzyme inactivation, and misfolding.
• DNA Damage: Reactions with nuclear and mitochondrial DNA thymine/guanine, inducing strand breaks and mutations.
Ischemia-Reperfusion Injury
Paradoxically, the restoration of blood flow into a previously ischemic tissue zone can accelerate cell death rather than rescue it. This phenomenon, termed ischemia-reperfusion injury, occurs because re-oxygenation provides a sudden burst of oxygen that damaged mitochondria convert into a massive wave of ROS. Furthermore, returning blood flow recruits inflammatory immune cells, delivering complement proteins and inflammatory cells that cause secondary destruction to already stressed tissue (Robbins & Cotran Pathologic Basis of Disease).
7. Tissue Consequences and Structural Patterns of Necrosis
If cell injury is mild or remains within physiological limits, cells return to a stable baseline through tissue regeneration or adaptation. However, if the stress is severe, persistent, and rapid in onset, the irreversible damage requires tissue repair, often leaving structural scars.

Pathologists categorize irreversible tissue necrosis into six macro- and microscopic morphological patterns:
• Coagulative Necrosis: The default pattern for infarcts (ischemic death) in most solid organs (e.g., heart, kidney, spleen), excluding the brain. Structural outlines of the dead cells and tissue architecture are preserved for days, looking like 'ghost cells' under microscopy because denaturing proteins block enzymatic proteolysis.
• Liquefactive Necrosis: Characterized by complete digestion of dead cells, turning the tissue into a liquid, viscous mass. This is classically seen in focal bacterial or fungal infections (forming pus) and ischemic cell death within the central nervous system (brain infarcts).
• Caseous Necrosis: A cheese-like, friable, yellowish-white gross appearance characteristic of tuberculosis infections. Microscopically, it presents as a structureless, granular, amorphous collection of lysed cells enclosed within a granulomatous inflammatory border.
• Fat Necrosis: Refers to focal areas of fat destruction, typically resulting from the release of activated pancreatic lipases into the peritoneal cavity (acute pancreatitis) or mechanical trauma to breast tissue. The released fatty acids combine with calcium to form visible chalky-white areas (saponification).
• Fibrinoid Necrosis: A special form of vascular damage usually seen in immune-mediated diseases where antigen-antibody complexes are deposited in blood vessel walls. Microscopically, the vessel walls appear brightly eosinophilic (pink) and smeared, resembling fibrin deposits.
• Gangrenous Necrosis: Not a distinct pathological pattern but a clinical term applied to a limb (usually the lower leg) that has lost its blood supply and undergone coagulative necrosis (dry gangrene). When complicated by a secondary bacterial infection, the tissue switches to liquefactive necrosis (wet gangrene).
8. Clinical Organ Case Studies: Skin and Pancreas
Labile Tissue Model: Epithelium of the Skin
Labile tissues contain stem cell niches that continuously proliferate to replace old or damaged cells. The squamous epithelium of human skin is a prime example. Following an abrasion injury, a layer of fibrin forms a protective scab over the wound bed. Replacement epithelial cells rapidly proliferate from the basal layer and migrate underneath the scab. As a result, the damaged region undergoes complete regeneration, restoring the skin to its normal thickness and function without residual scarring.
Stable Tissue Model: The Pancreas
The pancreas is classified as a stable tissue; its cells (pancreatic acini and islets of Langerhans) reside in a quiescent stage of the cell cycle (G0) but retain a limited capacity to replicate in response to injury. The pathological course of the pancreas highlights the difference between reversible and irreversible injury:

• Acute Pancreatitis: Characterized by localized inflammation and reversible injury to the exocrine pancreatic acinar cells. Under light microscopy, isolated exocrine cells undergoing apoptosis show classic cytoplasmic/nuclear condensation and nuclear fragmentation. If the underlying trigger (such as biliary gallstones or acute ethanol toxicity) is successfully removed, the inflammation resolves, cells regenerate, and the organ recovers.

• Chronic Pancreatitis / Alcoholic Chronic Pancreatitis: Arises from chronic, persistent, and severe injury (commonly due to long-term alcohol abuse). The persistent destruction of pancreatic acini overwhelms the limited regenerative capacity of the tissue. The organ undergoes irreversible pancreatic injury, leading to permanent parenchymal destruction and extensive fibrosis (scar tissue formation). This permanently alters the organ's architecture and impairs both its exocrine and endocrine functions.
References and Curriculum Textbooks
1. Kumar V., Abbas, A., & Aster J. (eds), Robbins Basic Pathology (2017) 10th edition (revised), Elsevier, Philadelphia, USA.
2. Cross, S. (ed), Underwood’s Pathology – A clinical approach (2018) 7th edition, Elsevier Health Sciences, London, UK.
3. Robbins & Cotran Pathologic Basis of Disease, 9th Edition (2014), Core Reference Text for Ischemia-Reperfusion and Vascular Pathology.
Feature
Necrosis
Apoptosis
Primary Hallmark
Cellular SWELLING (Oncosis)
Cellular SHRINKING
Plasma Membrane
Complete breakdown and loss of structural functional integrity; leakage of internal contents
Intact membrane structure with blebbing; content is strictly contained
Organelles
Swelling of endoplasmic reticulum and mitochondria; formation of amorphous densities in mitochondria; generation of myelin figures
Chromatin condensation, cellular fragmentation into membrane-bound apoptotic bodies
Surrounding Tissue
Triggers acute inflammation and immune cell recruitment
Clean phagocytosis of apoptotic fragments by macrophages/phagocytes; NO inflammation","Comprehensive Medical Reference Guide:
Tissue Injury, Healing, and Repair
1. Introduction and Cellular Response to Injury
In clinical pathology, understanding how cells react to harmful stimuli is foundational to diagnosing and managing structural and functional abnormalities. A normal cell exists within a narrow, tightly regulated range of physiological parameters known as homeostasis. When exposed to physiological stress or noxious, injurious stimuli, the cell undergoes a sequence of standard adaptive or degenerative pathways:
Cellular  Adaptation: Cells adjust to chronic stress by changing their size, number, phenotype, metabolic activity, or functions (e.g., hypertrophy, hyperplasia, atrophy, metaplasia) to achieve a new, altered steady state, preserving viability.
Reversible  Reversible Cell Injury: If the cell's adaptive capacity is exceeded, or if the injurious stimulus is mild or transient, the cell undergoes functional and morphological modifications that can fully resolve if the stressor is removed.
Irreversible  Irreversible Cell Injury and Cell Death: If the injurious stimulus is severe, progressive, or sustained, the cell crosses a point of no return, leading inevitably to cell death via necrosis or apoptosis.
2. Forms of Cell Death and Tissue Necrosis
Cell death occurs through two primary mechanisms that differ fundamentally in their pathogenesis, morphology, and clinical implications:
Necrosis:  Accidental cell death resulting from severe acute injury, characterized by cell swelling, severe membrane disruption, denaturation of intracellular proteins, and enzymatic digestion of the cell. Necrosis invariably triggers a prominent host inflammatory response due to the leakage of intracellular contents into the surrounding interstitial tissue.
Apoptosis:  Programmed cell death, a highly regulated, energy-dependent suicide program where cells activate internal enzymes to degrade their own nuclear DNA and nuclear and cytoplasmic proteins. Apoptosis eliminates unwanted or irreparably damaged cells with minimal disruption, as fragments are rapidly cleared by phagocytes without spilling their contents, thus preventing inflammation.
Patterns of Tissue Necrosis
Based upon gross and microscopic morphology, tissue necrosis manifests in distinct structural patterns that often provide critical clues regarding the underlying etiology:
Coagulative Necrosis:  Characterized by the preservation of the basic structural outline of the cell or tissue for several days. This pattern occurs when structural proteins and enzymes are denatured simultaneously, blocking proteolysis (commonly observed in ischemic infarction of solid organs, such as the kidney, heart, or spleen, excluding the brain).
Liquefactive Necrosis:  Characterized by the rapid digestion of dead cells, transforming the tissue into a liquid, viscous mass. This occurs in focal bacterial or fungal infections where inflammatory cells release potent hydrolytic enzymes, and is also the characteristic pattern of ischemic cell death within the central nervous system (brain).
Caseous Necrosis:  A 'cheese-like', friable, yellowish-white gross appearance typically encountered in foci of tuberculous infection. Microscopically, it presents as a structureless, granular, amorphous collection of lysed debris enclosed within a distinctive granulomatous inflammatory border.
Fat Necrosis:  Focal areas of fat destruction resulting from the release of activated lipases into adipose tissue (classic for acute pancreatitis, where leaked pancreatic enzymes liquefy fat cell membranes and split triglyceride esters into fatty acids, which combine with calcium to form visible chalky-white areas called saponification).
Fibrinoid Necrosis:  A specialized form typically seen in immune-mediated vascular diseases. It occurs when complexes of antigens and antibodies are deposited in the walls of arteries, combining with leaked fibrin to form a bright pink, amorphous appearance on hematoxylin and eosin (H&E) staining.
Gangrenous Necrosis:  Not a distinct pathological pattern but a clinical term widely applied to a limb (usually the lower leg) that has lost its blood supply and undergone coagulative necrosis across multiple tissue layers (dry gangrene). When complicated by a secondary bacterial infection, the liquefactive action of the bacteria transforms it into wet gangrene.
3. The Core Process of Cutaneous Wound Healing
Following injury and tissue destruction, the body initiates a coordinated cascade to restore structural integrity. Cutaneous wound healing serves as the primary model for this process and involves two essential components: epithelial regeneration (to restore the surface barrier) and the formation of a connective tissue scar (to restore mechanical strength).
The normal wound-healing process moves fluidly through four overlapping, highly regulated sequential phases:
1. Haemostasis (Day 0):  Immediately following injury, trauma to blood vessels triggers immediate vasoconstriction and platelet aggregation, culminating in the formation of a fibrin-stabilized blood clot. This limits blood loss and provides a temporary provisional matrix for migrating cells.
2. Inflammation (Days 1 to 3):  Within 24 hours, neutrophils infiltrate the wound site, followed sequentially by lymphocytes and macrophages. These cells execute phagocytosis to clear microorganisms, devitalized foreign debris, and necrotic tissue while releasing essential cytokines and growth factors that stimulate the next phases.
3. Proliferation (Days 3 to 10):  Spanning roughly 3 to 10 days, this phase is dominated by cell proliferation, migration, and matrix synthesis. Key processes include re-epithelialization (keratinocytes migrating across the wound surface), angiogenesis (sprouting of new capillary blood vessels to supply oxygen and nutrients), and the formation of granulation tissue.
4. Maturation/Remodeling (Day 10 onwards):  Beginning around day 10 and continuing for weeks or months, the provisional matrix is remodeled. Fibroblasts adapt, collagen is realigned and cross-linked along lines of mechanical stress, non-functional capillaries disappear, and the wound contracts to achieve final structural stability.
4. Healing by First and Second Intention
Depending upon the nature, size, and cleanliness of the injury, cutaneous healing proceeds via one of two distinct clinical pathways:
Healing by First Intention (Primary Union)
This pathway is observed when the injury involves a clean, uninfected surgical incision where the wound edges are perfectly approximated (brought together) and held in place by artificial means like sutures, staples, or surgical glue. Because cell and tissue loss is minimal, the body can repair the defect with minimal granulation tissue and narrow, minimal scarring.
A vital clinical consideration in primary union is the chronological recovery of skin strength after suturing:
Immediately after neat closure, the mechanical strength is provided entirely by the sutures, not the tissue itself.
Suture removal typically occurs at approximately 1 week (1/52), at which point the intrinsic wound strength is only about 10% of normal skin.
Wound strength increases rapidly over the next month (1/12) as collagen fibers actively accumulate and cross-link.
By 3 months (3/12), the wound reaches approximately 70% to 80% of the tensile strength of normal skin. Typically, wound strength does not increase substantially beyond this threshold; a scar never fully regains the 100% tensile strength of uninjured native skin.
Healing by Second Intention (Secondary Union)
This pathway takes place when large wounds display extensive cell and tissue loss, preventing the edges from being approximated. Clinical examples include deep lacerations, extensive burns, large abscesses, open skin ulcers (such as pressure ulcers), and ischemic necrosis (infarction) within parenchymal organs (e.g., the liver or spleen).
Healing by second intention is highly complex and differs from primary union through several defining mechanisms:
The open defect requires a massive combination of intense regeneration and extensive fibrous tissue scarring to fill the void.
Debris Removal: Extensive phagocytosis is required by a large population of macrophages to systematically remove massive amounts of necrotic debris, exudate, and foreign material.
Granulation Tissue Formation: The structural defect is initially filled from the bottom up by a vascularized, specialized connective tissue known as granulation tissue. Granulation tissue is microscopically defined by two synchronized processes:
Angenogenesis: Capillary endothelial cells rapidly proliferate and sprout into the injured area, forming solid cords that hollow out into patent vascular channels arranged as looping networks.
Fibroblast Proliferation: Dermal fibroblasts are stimulated by local growth factors to proliferate heavily and synthesize extracellular matrix proteins.
Wound Contraction and Scarring: A unique subset of fibroblasts differentiates into myofibroblasts, which express alpha-smooth muscle actin. These cells anchor to the matrix and contract, drawing the wound margins closer together. This significantly reduces the total volume of tissue required for ultimate repair. Over time, collagen accumulates extensively to form a prominent fibrous scar.
5. Tissue-Specific Examples of Healing and Repair
While the basic cellular mechanisms remain consistent, different organ systems exhibit unique anatomical responses to injury:
Gastrointestinal Tract (GIT)
Mucosal Erosion:  A superficial injury involving only partial thickness of the mucosal layer, leaving the underlying basement membrane or deeper structures intact. Because the tissue contains highly labile, viable epithelial cells adjacent to the damaged zone, these cells rapidly replicate and migrate to flawlessly replace the missing cells, leading to complete, perfect regeneration of the normal epithelium without scarring.
Mucosal Ulceration:  A deeper injury representing the loss of the full thickness of the mucosa, frequently penetrating the muscularis mucosae and extending into the deeper submucosa or muscularis propria (e.g., a chronic peptic ulcer in the stomach). Healing occurs through defined steps: haemostasis forms a thin layer of fibrin on the surface, followed by an acute and chronic inflammatory response. Granulation tissue forms at the base of the ulcer, and mucosal epithelial cells slowly migrate from the viable borders across the new connective tissue bed. Because deep parenchymal framework is destroyed, a fibrous scar persists beneath the regenerated epithelium.
Bone Fracture Healing
Bone repair is a highly organized regenerative process capable of restoring original mechanical rigidity through four overlapping phases:
1. Haemostasis: Immediately following a fracture, ruptured blood vessels within the bone and periosteum form a massive localized blood clot (fracture haematoma) around the fracture site, sealing the broken ends.
2. Inflammation: An acute inflammatory response clears cell debris, fibrin, and fragments of dead bone, mediated by macrophages and osteoclasts.
3. Callus Formation & Cartilage Replacement: Fibroblasts and osteoprogenitor cells from the periosteum and endosteum organize the haematoma. They form a soft tissue external and internal callus composed of fibrocartilaginous tissue and spongy bone trabeculae, splinting the bone fragments.
4. Remodelling: Through osteoblast activity, the temporary fibrocartilaginous callus is mineralized and transformed into a bony callus of woven bone, which is later remodeled over months by coordinated osteoclast and osteoblast activity into lamellar bone matching original dimensions.
Several local and systemic pathological complications can delay or completely arrest effective fracture healing:
Excessive motion at the fracture site prevents stabilization, disrupting early callus formation and potentially causing a non-union or 'false joint' (pseudarthrosis).
Gross misalignment or displacement of bone ends creates a gap too wide for bridging.
Interposed soft tissue (e.g., muscle or fascia trapped between broken bone ends) blocks bridging cells.
Infection (osteomyelitis), particularly common in open or compound fractures, perpetuates chronic inflammation and bone destruction.
Pre-existing bone diseases, such as advanced osteoporosis, osteomalacia, or bone malignancies, impair cellular synthesis.
6. Local and Systemic Factors Influencing Repair
The quality, speed, and final outcome of tissue repair are heavily modulated by a combination of local and systemic variables:
Infection (Local):  Prolongs the inflammatory phase and increases local tissue destruction, significantly delaying repair.
Nutrition (Systemic):  Severe protein deficiency or vitamin C deficiency profoundly impairs collagen synthesis, completely stalling scar formation and wound closure.
Glucocorticoids (Systemic):  Systemic administration of anti-inflammatory steroids inhibits the transcription of growth factors, reduces collagen synthesis, and weakens the final scar.
Mechanical Variables (Local):  Increased local pressure, movement, or shearing forces pull wound margins apart, leading to wound dehisence.
Poor Perfusion (Local):  Arterial disease (e.g., atherosclerosis) or restricted venous drainage (e.g., varicose veins) starves the healing zone of vital oxygen and nutrients.
Foreign Bodies (Local):  Materials like fragments of glass, wood, steel, or even unabsorbable surgical sutures act as persistent irritants that sustain chronic inflammation and prevent closure.
Location and Framework of Injury (Local):  Injuries in highly vascular tissues (e.g., the face) heal much more rapidly than identical injuries in poorly vascularized regions (e.g., the foot tendon).
Aberrations of Cell Growth (Local):  Pathological alterations in cell growth can lead to defective repair, such as excessive accumulation of collagen forming an overgrown, raised hypertrophic scar or a keloid."
Introduction to microbes,"Comprehensive Medical Study Guide: Introduction to Microbes
Based on Monash School of Medicine Lecture Notes (MED1100/1200)
Course Instructor: Dr. Meredith Hughes
1. Educational Objectives & Epidemiological Context
This comprehensive text outlines the fundamental principles of medical microbiology as presented in the Monash School of Medicine syllabus. It serves as an authoritative guide to the microscopic invaders and cellular systems that govern human health, disease pathogenesis, transmission dynamics, and clinical intervention protocols.
Core Learning Objectives
Domain Architecture: Describe the three-domain structure of the living world based on modern molecular evidence.
Cellular Taxonomy: Compare and contrast the structural characteristics and physiological functions of prokaryotes and eukaryotes.
Pathogen Differentiation: Identify the definitive clinical and structural differences distinguishing bacteria from viruses.
Replication Mechanics: Articulate the precise cellular mechanisms that bacteria and viruses utilize to replicate and propagate within hosts.
Microbes and Human Health
Microorganisms exert an immense impact on global human health. Crucially, from an epidemiological standpoint, less than 1% of all known microbes are pathogenic (capable of causing active clinical disease). The study of medical microbiology centers around three primary investigative questions:
Pathogenesis (How they cause disease): The biochemical pathways and structural features that enable a microscopic agent to breach host defenses and disrupt normal cellular homeostasis.
Transmission Dynamics (How disease is transmitted): The vectors, vectors types, and environmental pathways (airborne, contact, fecal-oral) through which pathogens pass from one host to another.
Prophylaxis and Therapeutics (Prevention and treatment): The development of pharmaceutical targets, physical control measures (such as hospital airborne infection control), and prophylactic vaccines.
2. The Three-Domain Taxonomy and the Scale of Life
Historically classified via morphology, modern biological taxonomy relies firmly on molecular evidence, specifically the sequencing of ribosomal RNA (rRNA). Based on these molecular phylogenetic criteria, the living world is partitioned into three distinct domains:
1. Bacteria (Prokaryotes): Unicellular organisms lacking a membrane-bound nucleus or complex internal organelles. This domain contains classic bacterial strains, many of which are of high medical and clinical importance.
2. Archaea (Prokaryotes): Evolutionarily distinct unicellular prokaryotes that often occupy extreme geochemical niches (halophilic, thermophilic, etc.). While chemically distinct, they share certain molecular replication machinery with eukaryotes and are not typically classified as human medical pathogens.
3. Eukarya (Eukaryotes): Organisms whose cells feature a true membrane-enclosed nucleus housing genetic material, alongside specialized membrane-bound organelles. This domain is incredibly diverse, encompassing multicellular macro-organisms as well as single-celled microscopic species.
Defining Microorganisms
A microorganism is scientifically defined as any biological entity or organism that is too small to be viewed by the unaided human eye, necessitating artificial magnification via light microscopy or electron microscopy. This definition captures a broad biological spectrum:
All members of the prokaryotic domains (Bacteria and Archaea).
Single-celled eukaryotic species, including specific microscopic fungi, protozoa (protists), and micro-plants.
Viruses, which occupy a unique, non-living, acellular category.
The Scale of Life: Logarithmic Dimensions
To comprehend the cellular landscape, one must evaluate the comparative scale of life across logarithmic dimensions. Most typical cell diameters fall within the range of 1 to 100 micrometers (µm). The spatial volume ratios reveal dramatic disparities across categories:
Eukaryotic Cells: Possess an average cellular volume of approximately 5,000 µm³, providing massive internal space for compartmentalized metabolic processes.
Prokaryotic Cells: Range from minuscule volumes of 0.01–0.1 µm³ up to larger cellular volumes of 5–50 µm³. This smaller size yields a significantly greater surface-area-to-volume ratio, facilitating rapid nutrient uptake and accelerated metabolic rates.
Viruses (Acellular Entities): Exist at a scale orders of magnitude below cellular life, necessitating electron microscopy for visualization. Examples include the relatively large Poxvirus (~0.1 µm³), the mid-sized Influenza virus (~0.0005 µm³), and the ultra-small Poliovirus (~0.00001 µm³).
3. Cellular Comparison: Prokaryotes vs. Eukaryotes
Understanding the differences between prokaryotic and eukaryotic design is critical for clinical medicine, particularly in the rational design of selective antimicrobial drugs.
Chemical Similarities
At the molecular level, prokaryotes and eukaryotes are fundamentally chemically similar. Both cell types are composed of identical macromolecular building blocks: nucleic acids (DNA and RNA), proteins, lipids, and complex carbohydrates. Furthermore, both are bounded by a semi-permeable plasma membrane and share foundational biochemical pathways required to metabolize organic matter, synthesize vital cellular proteins, and store chemical energy via adenosine triphosphate (ATP).
Structural Divergence
Despite chemical commonalities, their structural architecture is profoundly divergent:
Prokaryotes: Consistently single-celled (unicellular). Structurally minimalist, they lack a true membrane-bound nucleus; their genetic material is clustered in an un-enclosed cytoplasmic zone termed the nucleoid. They possess no membrane-bound subcellular organelles, feature a highly complex chemically fortified cell wall, and divide rapidly via asexual binary fission. Prokaryotic life exhibits massive environmental adaptability, thriving in extreme and ubiquitous conditions.
Eukaryotes: Can organize as either single-celled or complex multicellular entities. They feature an intricate internal layout defined by a true, double-membrane enclosed nucleus and an array of specialized membrane-bound organelles (e.g., mitochondria, endoplasmic reticulum, Golgi complexes). Their cell walls, when present (such as in plants and fungi), are chemically simple. Eukaryotes are substantially larger than prokaryotes and are generally restricted to more stable, moderate environmental niches.
Medically Important Eukaryotic Pathogens
While the bulk of clinical microbiology focuses on bacteria, several eukaryotic groups are highly dangerous human pathogens. These are categorized into two major clinical divisions:
1. Protists: Single-celled mobile protists that cause systemic diseases.
• Plasmodium spp., the causative agent of Malaria.
• Trypanosoma spp., responsible for African Sleeping Sickness.
• Entamoeba spp., the driver of severe Amoebic Dysentery.
2. Fungi: Microscopic or dimorphic fungi responsible for superficial, subcutaneous, or systemic mycoses.
• Candida albicans, an opportunistic yeast inducing oral and genital infections (candidiasis or thrush).
• Dermatophytes, specialized fungi that feed on keratin, causing ringworm (Tinea infections).
• Aspergillus spp., a filamentous mold causing Aspergillosis—severe infections localized to the lungs, inner ear canals, and paranasal sinuses.
4. Prokaryotic Anatomy: Common and Specialized Features
The physiological success and virulence of bacteria depend directly on their anatomical composition, which is split into universal core features and specialized virulence structures.
Universal Common Features
Plasma Membrane: A semi-permeable lipid bilayer that encloses the internal cytosol and strictly regulates chemical traffic entering and exiting the cell.
Cytoplasm (Cytosol): The internal gel-like matrix consisting of water, dissolved vital ions, and soluble metabolic enzymes.
Ribosomes: Granular ribonucleoprotein complexes distributed throughout the cytoplasm that serve as the universal sites of translation and protein synthesis.
Nucleoid: An irregular, un-enclosed cytoplasmic region containing the single, circular bacterial chromosome composed of double-stranded DNA.
Specialized Virulence Features
Cell Wall: A rigid macromolecular architecture positioned outside the plasma membrane. It determines the structural shape of the bacterium and protects it from osmotic lysis. The cell wall contains highly unique chemical signatures completely absent from eukaryotic tissue, including peptidoglycan, lipopolysaccharide, teichoic acids, and specialized D-amino acids.
Outer Membrane: An additional asymmetric bilayer structure found only in specific bacterial classes that encloses the inner cell wall, often housing potent endotoxins that trigger destructive host immune responses.
Capsule (Glycocalyx): A thick, highly organized outermost layer composed primarily of hydrated polysaccharides extruded directly from the cell. The capsule serves multiple critical virulence functions: it is highly antiphagocytic (preventing white blood cells from engulfing the pathogen), protects against desiccation, acts as an adherence mechanism, and utilizes molecular mimicry to hide from host antibodies.
The Gram Stain Diagnostic Framework
Developed in 1884 by bacteriologist Hans Christian Gram, the Gram stain is the foundational diagnostic technique in medical bacteriology. It splits the vast majority of bacteria into two primary structural divisions based entirely on cell wall thickness and composition:
Gram-Positive (Gm +ve): Characterized by a massive, thick, multi-layered meshwork of peptidoglycan that effectively traps the primary crystal violet-iodine complex. Consequently, these bacteria resist decolorization and appear distinctively purple under a light microscope.
Gram-Negative (Gm -ve): Possess a highly complex but thin layer of peptidoglycan sandwiched between the inner plasma membrane and an advanced outer lipid membrane. During the staining process, an alcohol wash dissolves the outer membrane and washes out the primary crystal violet dye. The thin cell wall is then counterstained, causing the bacteria to appear pink/red.
The standardized clinical protocol for performing a Gram stain must be followed with extreme precision:
Prepare a heat-fixed smear of bacterial cells on a glass slide.
Apply Crystal Violet (the primary stain) for 30 seconds, followed by a brief 2-second water rinse.
Apply Gram's Iodine (a chemical mordant that forms large complexes with crystal violet) for 1 minute, followed by a water rinse.
Perform a rapid decolorization wash using 95% Ethanol or Acetone for 10–30 seconds, immediately followed by a stabilizing water rinse.
Apply Safranin (the secondary counterstain) for 30–60 seconds, followed by a final water rinse, blotting, and microscopic examination.
Clinical Exceptions: Acid-Fast Bacteria
Specific pathological bacteria possess highly unusual, atypical cell wall architectures that prevent them from being classified or stained via the standard Gram method. These organisms feature dense, waxy, hydrophobic lipids comprised of mycolic acids embedded over a thin peptidoglycan base. A classic clinical example is Mycobacterium tuberculosis, a notoriously slow-growing pathogen.
Because standard dyes cannot penetrate this waxy barrier, clinicians must utilize specialized staining techniques—specifically the Ziehl-Neelsen stain, a process known as Acid-Fast Staining. Once stained with powerful carbolfuchsin under heat, these cells resist acid-alcohol decolorization, defining them clinically as 'acid-fast'.
The Bacterial Cell Wall as a Therapeutic Target
Because peptidoglycan is completely unique to bacteria and completely absent from human eukaryotic cells, the biosynthetic pathways of the cell wall represent an ideal target for selective toxicity in clinical pharmacology. Specific classes of antibiotics, most notably Penicillin and its derivatives, act by directly interfering with the cross-linking enzymes required to synthesize a stable peptidoglycan meshwork. This target selection ensures that the antibiotic destroys the invading bacterial cells via osmotic lysis while exerting little to no toxic effect on human host cells.
5. Specialized External Structures and Environmental Physiology
Bacteria exploit specialized external surface appendages and metabolic adaptations to colonize hosts, form resilient communities, and survive environmental stress.
Key External Appendages
Flagella: Long, whip-like, extracellular filaments that provide active cellular motility. They are composed of repeating protein subunits called flagellin and are anchored to a basal body mechanism that rotates like a motorized propeller. Flagella arrangement varies: they can appear as a single filament, multiple localized tufts, at one or both poles, or distributed over the entire cellular surface. Flagellar motility can generate dramatic swarming growth behavior on agar surfaces, classic of species like Proteus vulgaris.
Pili / Fimbriae: Hair-like, rigid protein projections that extend outward from the cell surface. They are significantly shorter and more numerous than flagella. Their primary function is to mediate firm adherence to inanimate surfaces, host cells, or mucosal membranes (a critical virulence factor exemplified by Neisseria gonorrhoeae). Pili are also instrumental in bridging cells together, allowing for the formation of dense, antibiotic-resistant communities called biofilms.
Bacterial Endospores: Highly specialized, dense, metabolically dormant survival structures produced exclusively by specific bacterial genera, primarily the aerobic genus Bacillus and the obligately anaerobic genus Clostridium. The process of sporulation is an intricate, highly regulated survival response taking roughly 8 hours and involving the sequential activation of over 200 specialized genes.
Endospores exhibit extreme resistance to heat, desiccation, chemical disinfectants, and ionizing radiation, remaining viable but dormant for many decades. Crucially, endospores are not a mechanism of reproduction; one active vegetative bacterial cell undergoes asymmetric division to form exactly one internal spore. Upon exposure to favorable nutrient conditions, the spore germinates back into a single active vegetative cell.
Bacterial Replication: Binary Fission
Bacteria reproduce asexually via a highly efficient process called binary fission. In this sequence, the single circular prokaryotic chromosome undergoes replication and duplication. As the cell continues to grow linearly, the two identical chromosomes are segregated to opposite poles of the cell. The plasma membrane and the complex cell wall then invaginate inward along the midline, forming a septum that splits the parent entity into two genetically identical daughter cells. Under optimal environmental conditions, this replication cycle can progress at astonishing speeds; for example, Escherichia coli exhibits a generation time of a mere 20 minutes.
Environmental Physiology and Oxygen Requirements
Bacterial distribution is ubiquitous, with species adapted to every extreme geochemical niche on Earth, including hot springs, sub-zero glacial ice, hyper-acidic or alkaline fluids, and hypersaline bodies of water. A primary clinical classification framework is based strictly on a bacterium's oxygen requirement and tolerance:
Strict (Obligate) Aerobes: Require absolute atmospheric concentrations of oxygen to conduct cellular respiration; they die rapidly in its absence.
Microaerophilic Bacteria: Require oxygen for metabolic survival, but are damaged by full atmospheric concentrations, requiring low, restricted oxygen tensions.
Facultative Anaerobes: Highly versatile pathogens that possess the metabolic machinery to generate energy via aerobic respiration when oxygen is present, but can switch seamlessly to fermentation or anaerobic pathways in its absence.
Aerotolerant Anaerobes: Conduct exclusively anaerobic metabolism and cannot utilize oxygen, but possess protective enzymes that ensure they are not actively killed by exposure to oxygen.
Strict (Obligate) Anaerobes: Lacking protective enzymes, these bacteria find molecular oxygen highly toxic and suffer rapid cellular death if exposed to it.
6. Nomenclature and Morphological Classification of Bacteria
To ensure universal scientific and clinical clarity, medical bacteriology utilizes a strict taxonomic hierarchy and binomial nomenclature system.
Taxonomic Hierarchy and Binomial Nomenclature
Bacterial classification follows a precise downward hierarchy: Family → Genus → Species → Strain/Serotype/Genotype. Binomial nomenclature dictates that every bacterium is officially identified by its capitalized Genus name followed by its lowercase species name, both italicized in print. For example, in the dangerous human pathogen Staphylococcus aureus, Staphylococcus represents the Genus classification and aureus designates the specific species.
Morphological Classification Framework
In the clinical laboratory, identifying an unknown bacterial pathogen begins by combining its Gram reaction with its microscopic shape (morphology). Bacteria are divided into four primary morphological groups:
1. Gram-Positive Cocci: Spherical or ovoid cells that retain crystal violet dye.
• Staphylococcus aureus (induces complex skin, soft tissue, and systemic infections).
• Streptococcus pyogenes (responsible for severe skin/soft tissue infections and acute pharyngitis).
• Streptococcus pneumoniae (the primary driver of bacterial pneumonia and bacteraemia).
2. Gram-Positive Bacilli: Rod-shaped bacterial cells that stain purple.
• Corynebacterium diphtheriae and associated Diphtheroids (aerobic rod-shaped pathogens).
• Clostridium perfringens (an obligate anaerobe responsible for gas gangrene).
• Actinomycetes species.
3. Gram-Negative Bacilli: Rod-shaped cells that counterstain pink.
• The vast Enterobacteriaceae family, notably Escherichia coli (the leading cause of urinary tract infections and severe diarrhoeal diseases) and Salmonella species (the driver of acute infectious gastroenteritis).
• Vibrio spp. (comma-shaped aquatic rods) and Pseudomonas spp. (opportunistic aerobic rods).
• Bacteroides spp. (highly prevalent obligate anaerobes).
4. Gram-Negative Cocci: Spherical or paired coffee-bean-shaped cells that counterstain pink.
• Neisseria meningitidis (the causative agent of fulminant bacterial meningitis and life-threatening septicaemia).
• Neisseria gonorrhoeae (the sexually transmitted agent of gonorrhea).
• Moraxella catarrhalis (an opportunistic respiratory pathogen causing otitis media and sinusitis).
7. Virology: Acellular Structure and Replication
Viruses occupy a radically different biological classification than cellular microorganisms. They are entirely excluded from the three-domain tree of life.
Definitive Features of Viruses
Viruses are acellular (lacking any cellular membrane, cytoplasm, or standalone metabolic machinery) and are classified as obligate intracellular parasites. Outside a susceptible host cell, a virus is a completely inert macromolecular structure called a virion. It possesses no independent protein synthesis or energy generation and can replicate exclusively after invading a living host cell and hijacking its biochemical machinery. Viruses exhibit narrow host specificity, targeting specific species across animals, plants, fungi, protists, and prokaryotes.
Anatomy of a Virion
The foundational structural layout of a complete viral particle consists of two or three components:
The Viral Genome: The core genetic material consisting of nucleic acid. Unlike cellular life, which uses double-stranded DNA, viral genomes are incredibly diverse, utilizing either DNA or RNA, which can be configured as single-stranded (ss) or double-stranded (ds).
The Capsid: A protective outer protein shell or coat that fully encloses the fragile viral genome. The capsid is built from repeating protein subunits and exhibits distinct geometric symmetry, primarily categorized as Helical symmetry (forming an elongated cylinder, as seen in the Tobacco Mosaic Virus) or Icosahedral symmetry (a sophisticated multi-faced regular polygon, typified by the Adenovirus).
The Envelope: An outer lipid-protein bilayer membrane found enveloping specific virus families (predominantly animal viruses). This membrane is directly stolen from the host cell's plasma or nuclear membranes during the viral release phase, but is modified with viral-specific glycoprotein spikes.
Viral Classification and Nomenclature
Because they lack ribosomes or a shared evolutionary lineage, viruses are classified using structural and genetic parameters:
Type of Nucleic Acid (DNA vs. RNA; single-stranded vs. double-stranded).
Capsid Morphology (structural shape, size, and geometric symmetry).
Envelope Status (the presence or absolute absence of a lipid envelope).
Host Range and the specific clinical disease profile produced.
Viral nomenclature organizes particles into a Family → Genus → Virus → Strain framework. For example, a prominent clinical lineage progresses from the family Picornaviridae to the genus Poliovirus, terminating in Poliovirus types 1–3.
The Multi-Step Cycle of Viral Replication
To propagate, a virion must execute a highly coordinated multi-step replication cycle within a compatible living host cell:
1. Attachment (Adsorption): Highly specific biochemical binding where viral surface proteins or glycoprotein spikes latch onto complementary receptor molecules located on the host cell's outer plasma membrane.
2. Entry and Uncoating: The viral particle crosses the host membrane barrier via receptor-mediated endocytosis or direct envelope fusion. Once inside, the protective protein capsid is enzymatically degraded or disassembled, releasing the bare viral nucleic acid into the host cytoplasm or nucleus.
3. Biochemical Replication: The viral genome takes full control of the host cell. The host's metabolic machinery is forced to synthesize viral messenger RNA (mRNA), translate that mRNA into viral-specific structural and enzymatic proteins, and rapidly replicate the viral genome.
4. Assembly (Maturation): The newly synthesized structural capsid proteins and copied viral genomes are organized and packaged together, constructing complete, infectious virion particles.
5. Release: The finished virions exit the host cell to infect adjacent tissue. This progresses via two distinct mechanisms: Cell Lysis (the host cell swells and bursts open, instantly releasing naked viruses, typical of many non-enveloped strains) or Budding (enveloped viruses push through the host plasma membrane, gradually wrapping themselves in a layer of the host lipid bilayer without immediately killing the cell).
Medically Important Viral Pathogens
1. DNA Viruses: Viruses that utilize a DNA genome to store genetic instructions.
• Hepatitis B Virus (the primary driver of chronic infectious hepatitis and hepatic malignancy).
• Herpesviruses (a large family causing chickenpox, shingles, and oral or genital herpes).
• Papillomavirus (responsible for benign skin warts, genital infections, and cervical cancer).
2. RNA Viruses: Viruses that utilize highly mutable RNA genomes.
• Influenza Virus (the respiratory pathogen driving seasonal epidemics).
• Measles Virus (a highly contagious systemic childhood disease).
• Rotavirus (the leading viral cause of severe infantile gastroenteritis).
• SARS-CoV-2 (the coronavirus responsible for COVID-19).
8. Synoptic Summary and Academic References
Domain Architecture: Biological organisms are partitioned into three distinct domains based on rRNA molecular sequencing: Bacteria, Archaea, and Eukarya.
Microscopic Boundaries: Microorganisms are defined purely by their microscopic scale, encompassing all single-celled prokaryotes, specific single-celled eukaryotes, and acellular viruses.
Cellular Paradigms: Prokaryotes are smaller, single-celled entities lacking a nucleus or membrane-bound organelles. Eukaryotes are structurally advanced, feature a true nucleus and compartmentalized organelles, and can organize as multicellular organisms.
Bacterial Virulence: Bacteria possess a universal core (plasma membrane, nucleoid, ribosomes) but deploy specialized virulence features (chemically unique peptidoglycan cell walls, capsules, flagella, pili, or endospores) to survive and colonize host tissues.
Propagation and Metabolism: Bacteria replicate via asexual binary fission, displaying exponential growth rates and highly diverse environmental oxygen requirements.
Viral Paradigms: Viruses are non-living, acellular, obligate intracellular parasites containing a DNA or RNA genome enclosed in a symmetric protein capsid. They replicate by hijacking a living host cell's macromolecular machinery through a multi-step infection cycle.
Recommended Academic Reading
To deepen your understanding of these principles and prepare for clinical board examinations, students are strongly encouraged to review the following primary textbook reference:
Goering, R. V., Dockrell, H. M., Zuckerman, M., & Chiodini, P. L. Mims' Medical Microbiology and Immunology (5th or 6th Edition). London: Elsevier.
Chapter 1: 'Microorganisms and the Choice of Host Habitat'
Chapter 2: 'The Natural History of Infection'
Chapter 3: 'The Pathogen-Host Relationship'",
"Natural Barriers, Innate Defenses and the Host-parasite relationship","Natural Barriers, Innate Defenses, and the Host-Parasite Relationship
Comprehensive Instructional Guide & Reference Article
Monash School of Medicine | MED1100/1200 Lecture Comprehensive Analysis
Instructor: Dr. Meredith Hughes
1. Core Foundations of Disease and Immunity
In clinical medicine and microbiology, understanding how the human body maintains structural and functional integrity against environmental pressures requires a deep look into the concepts of pathological deviation and immunological defense. The interaction between human host cells and environmental invaders is a fundamental biological paradigm that determines the transition from health to disease state.
What is Disease? From a clinical standpoint, a disease is defined as any significant deviation or interruption of the normal structure or function of any part of the human body. This pathological disruption is systematically manifested by a characteristic, predictable set of clinical symptoms (subjective experiences reported by the patient) or signs (objective, measurable clinical findings observed by the practitioner). Pathogenic microorganisms capable of breaching host defenses to induce this state span multiple diverse biological groups, including:
Bacteria: Prokaryotic, single-celled organisms with complex cell walls (e.g., peptidoglycan structures), capable of extracellular or intracellular replication.
Fungi and Yeasts: Eukaryotic organisms possessing chitinous cell walls, operating as multicellular filamentous structures or unicellular forms.
Viruses: Obligate intracellular acellular entities containing DNA or RNA genomes enclosed within protein capsids, completely reliant on host metabolic machinery.
Protozoa: Unicellular eukaryotic parasites exhibiting complex life cycles and diverse motility mechanisms.
Helminths: Multicellular parasitic worms, including flatworms and roundworms, which interact elaborately with host macro-environments.
The Architectural Subdivisions of Immunity
Immunity denotes the highly integrated physiological system that enables an organism to resist, neutralize, and clear microbial infections. The human immune system is structurally and functionally composed of two main operational subdivisions that function in tandem to create a seamless, coordinated defense framework:
Innate Immune System: The antigen-non-specific baseline defense system. It represents a phylogenetically ancient protection mechanism that functions uniformly regardless of the specific antigenic structures presented by an invading organism.
Adaptive Immune System: The antigen-specific, highly tailored defense arm. It adapts dynamically to unique microbial molecules, optimizing clearance protocols through clonal expansion and somatic hypermutation.
2. Deep Analysis of Innate Immunity Characteristics
The innate immune response serves as the body’s essential immediate responder network. It is characterized by specific operational traits that distinguish it from adaptive mechanisms:
Broad-Spectrum (Non-Specific) Responsiveness: Innate defenses do not recognize fine molecular details unique to specific strains. Instead, they identify broadly shared structural patterns across macro-classes of microbes.
Immediate or Rapid Kinetics: Innate mechanisms are completely pre-formed and deployable. Responses occur instantaneously or within several hours of the initial breach.
Absence of Immunological Memory: The innate arm possesses no lasting protective immunity or enhanced secondary responses. A secondary exposure to the same pathogen follows identical kinetic and magnitude parameters as the primary encounter.
Limited Recognition Repertoire: Recognition is mediated by a constrained, hard-wired germline-encoded set of molecules (e.g., Pattern Recognition Receptors) recognizing fixed evolutionary signatures.
Phylogenetic Antiquity: Innate immunity is an ancient defense strategy found across virtually all multicellular organisms, serving as the foundational baseline survival system.
3. The First Line of Defense: Anatomical, Mechanical, and Chemical Barriers
The first line of defense is purely barrier-driven, designed to prevent microbes from gaining access to internal tissues. These barriers are categorized as anatomical, mechanical, or antimicrobial/chemical, localized across primary physiological gateways.
Regional Breakdown of External and Mucosal Barriers
4. The Second Line of Defense: Cellular Components and Soluble Proteins
When a pathogen successfully bypasses external physical barriers, the body initiates the second line of defense. This system comprises circulating white blood cells, specialized tissue-resident cells, soluble serum proteins, and systemic physiological reactions.
Cellular Effector Subsets
Macrophages: Derived from circulating monocytes, these long-lived tissue-resident cells efficiently engulf intact pathogens, cellular debris, and apoptotic bodies, acting as crucial links to adaptive immune activation.
Neutrophils: The most abundant circulating white blood cell population. These highly aggressive phagocytes ingest microorganisms rapidly and destroy them internally. Their mass destruction and subsequent death form the basis of clinical pus.
Dendritic Cells: Highly branched cells specialized in capturing antigens via pinocytosis and phagocytosis, processing them, and migrating to lymphoid organs to prime naïve T cells.
Natural Killer (NK) Cells: Cytotoxic lymphocytes that target modified host structures rather than microbes directly. They systematically attack virus-infected host cells and emerging neoplastic tumor cells. They bind target cells and secrete perforin, forming lethal pores in the target membrane to induce apoptosis.
Mast Cells, Basophils, and Eosinophils: Granular cell lineages responsible for releasing potent chemical mediators of inflammation. Eosinophils are specifically equipped with destructive granules targeting large helminthic parasites.
Soluble Proteins: Complement, Cytokines, and Chemokines
Humoral elements of innate immunity circulate in fluid compartments to amplify cellular recruitment and exert direct microbicidal functions:
The Complement System: A complex cascade of serum proteins circulating in an inactive (proenzyme) state. Upon activation via one of three distinct molecular pathways—Classical Pathway (antigen-antibody complex driven), Alternative Pathway (direct pathogen surface activation), or Lectin Pathway (mannose-binding lectin interaction)—they transform sequentially into active enzymes. Their downstream physiological outcomes include:
Opsonization: C3b deposition on bacterial/viral surfaces marks them for enhanced recognition and destruction by phagocytic complement receptors, facilitating immune complex removal.
Inflammatory Peptide Mediation: Anaphylatoxins C3a and C5a act as potent peptide mediators of inflammation, directly driving leukocyte chemotaxis and recruitment.
Direct Lysis: Terminal components (C5b, C6, C7, C8, and C9) assemble into the Membrane Attack Complex (MAC), punching hollow cylinders through the lipid bilayers of pathogens to induce cytolysis.
Cytokines and Chemokines: Small soluble signaling proteins that orchestrate cellular communication. For instance, Interleukin-8 (IL-8/CXCL8) functions as a primary chemoattractant pulling polymorphonuclear leukocytes (PMNs) across endothelial barriers into infected tissue. Interferons provide critical antiviral defense states in neighboring uninfected tissue.
Chemical Peptide Defenses: Defensins and Cathelicidins
The mucosa and immune cells secrete specialized cationic antimicrobial peptides that kill microbes directly by disrupting membrane stability. These include Defensins (cryptidins), derived from leukocytes and specialized epithelial cells like intestinal Paneth cells, and Cathelicidins, expressed by macrophages, neutrophils, and barrier epithelia. These molecules possess direct toxicity across broad microbial spectra and effectively bind and neutralize bacterial Lipopolysaccharide (LPS).
5. Systemic Integrated Responses: Inflammation and Fever
When tissues are compromised by trauma or local infection, localized physical responses combine with systemic shifts to create an unhospitable environment for pathogens.
Acute Inflammation
Inflammation represents a highly coordinated, non-specific response to injury, pathogen invasion, or chemical irritants occurring exclusively within vascularized tissues. Its primary evolutionary role is restricting tissue damage to the localized site of infection.
The Five Cardinal Signs of Acute Inflammation
Redness (Rubor): Driven by local vasodilation, increasing local blood volume and bringing heat and color to the margins.
Heat (Calor): Caused by expanded local blood flow paired with the regional activity of metabolic pyrogens.
Swelling (Tumor): Instigated by increased vascular permeability, causing an influx of plasma (containing protective antibodies and complement proteins) into interstitial spaces alongside leukocyte migration.
Pain (Dolor): Triggered by direct mechanical swelling stretching tissue structures and chemical stimulation of localized neuronal pain pathways.
Loss of Function (Functio Laesa): Observed during severe tissue injuries where cellular architecture is functionally compromised.
Mechanistic Flow: Pro-inflammatory cytokines like Tumor Necrosis Factor (TNF) and Interleukin-1 (IL-1) signal directly to local endothelial structures, rendering them 'leaky' to fluids and 'sticky' for white blood cells. This permits rapid leukocyte marginated crawling and tissue extravasation.
Clinical Case Vignette: The Dynamics of a Splinter Injury
Step 1: A sharp mechanical splinter punctures through the stratified squamous structural layers of the skin's epidermis.
Step 2: Exogenous bacteria are physically introduced deep into the nutrient-rich vascularized dermis layer, where they begin replicating rapidly.
Step 3: Injured host tissue cells and resident mast cells immediately release chemical alerts, primarily histamine, causing regional capillaries to dilate and become highly permeable.
Step 4: Neutrophils and blood-borne macrophages respond to the chemical gradient, migrating out of circulation by squeezing through widened endothelial walls (diapedesis).
Step 5: The target bacteria are recognized, bound, engulfed, and destroyed via highly active phagocytosis.
Fever (Pyrexia)
Fever represents a controlled increase in systemic body temperature above the standard baseline of 37°C, frequently accompanying inflammatory processes. It acts as an important diagnostic sign of infection, clinically presentation alongside hyperventilation, diaphoresis (sweating), and profound cutaneous vasodilation. Systemic fever enhances immune recovery via two key pathways:
Immunological Acceleration: Vital defensive biochemical cascades, enzyme systems, and cellular replication kinetics are sped up by elevated thermal ranges.
Pathogen Restriction: The replication and survival of strict temperature-restricted pathogens are directly hindered, slowing their reproductive capacity.
6. Human Microbiota: The Endogenous Ecological Barrier
The human body is not a sterile entity; rather, it represents a complex superorganism hosting trillions of microbes. Normal flora (microbiota) is defined as the communities of microorganisms that live on or inside the human body without inducing pathological harm.
Ecological Characteristics of the Microbiota
Acquisition: The internal fetal environment is sterile; microbiota is acquired rapidly during and immediately following the birth process.
Tissue Compartmentalization: Internal structures (such as the brain, blood, cerebrospinal fluid [CSF], and solid organs) must remain strictly sterile. Conversely, all surfaces in communication with the outside environment are colonized.
Population Dynamics: The normal flora is complex, dynamic, changes over the host's lifetime, and is highly individualized, resembling a biological fingerprint. Estimates suggest a microbe-to-human-cell ratio ranging from 4:1 to 10:1.
Resident vs. Transient Flora: Resident flora consists of fixed, stable strains regularly found in specific anatomical regions that re-establish if disrupted. Transient flora consists of non-pathogenic or potentially pathogenic microbes that inhabit mucosal or cutaneous surfaces temporarily for hours or weeks, excluded by the competitive pressure of resident populations.
Regional Protective Mechanisms of the Normal Flora
Skin Architecture: Resident cutaneous bacteria utilize available space and metabolic nutrients, producing protective short-chain fatty acids that suppress competitive colonization.
Vaginal Tract Ecosystem: Symbiotic Lactobacillus species ferment glycogen to produce lactic acid, maintaining an acidic environment that suppresses the overgrowth of pathogenic yeasts and bacteria.
Gastrointestinal Bioreactor: The human colon holds 300 to 1,000 distinct species that serve as a giant metabolic bioreactor. They ferment unused dietary energy substrates, generate protective antimicrobial substances (bacteriocins and colicins), synthesize vital vitamins (such as Vitamin K and various B vitamins), and train the emerging immune system to differentiate between self and non-self antigens.
Pathological Dysbiosis and Fecal Microbiota Transplantation (FMT)
Gut Dysbiosis is the structural deregulation or severe perturbation of the health-promoting commensal microbiota. It is characterized by a significant decrease in overall microbial functional diversity, species count, and absolute numbers. Dysbiosis leaves the host highly vulnerable to opportunistic pathogens. A classic example is Clostridium difficile overgrowth following heavy broad-spectrum antibiotic therapy, leading to severe pseudomembranous enterocolitis. To treat this, clinical medicine utilizes Fecal Microbiota Transplantation (FMT), where processed stool from a healthy donor is introduced into the patient's GI tract to replace lost normal flora and restore metabolic homeostasis.
7. The Host-Parasite Relationship: Symbiotic Continuums
The persistent interactions between different biological species living in close physical association are categorized under the umbrella of symbiosis. These relationships exist across a fluid continuum divided into three main categories:
Mutualism: An association where both independent organisms live together to their mutual benefit. A primary example is Escherichia coli replicating within the human colon; the bacteria break down waste products and synthesize Essential Vitamin K and B vitamins for the host, while the host provides a stable, sheltered environment and a constant food supply.
Commensalism: An association where one organism benefits while causing no measurable benefit or harm to the host organism. Many baseline normal flora species occupy external surfaces in a commensal state.
Parasitism: An asymmetric association where one organism (the parasite) benefits entirely at the direct physical expense of the host. The host is typically damaged or disadvantaged, ranging from mild tissue irritation to systemic death. Pathogenic microbes like specific bacteria, viruses, fungi, protozoa, and helminths fall under this definition.
Opportunistic Pathogens and the Transition to Parasitism
Normal flora is typically considered mutualistic or commensalistic. However, these microbes can pivot into a parasitic relationship if they escape their regular anatomical boundaries or if host immune defenses become severely compromised. These are termed opportunistic pathogens, with classic clinical examples including:
Candida albicans: Overgrows locally to produce clinical thrush when competitive bacterial flora is suppressed by antibiotics or host immunity drops.
Clostridium difficile: Flourishes inside the intestinal mucosa when normal protective barriers are cleared.
Epidemiological Carrier States
Certain individuals can harbor virulent pathogens over long durations without exhibiting active signs or symptoms of clinical disease, yet they remain fully capable of shedding and transmitting the infection to vulnerable hosts. These are classified into explicit carrier states:
Active Carrier: An individual who has recovered from a disease but continues to harbor and shed the pathogen.
Incubatory Carrier: An individual shedding pathogens in large numbers during the early incubation phase before clinical symptoms manifest.
Convalescent Carrier: An individual in the recovery phase of an illness who continues to clear residual pathogens via active shedding.
Chronic Carrier: An individual who harbors a specific pathogen for extended periods (months or years), characterized by low-level replication and shedding without overt symptoms.
8. Curricular Core Summary
Immunity is defined as the physiological capability to resist, neutralize, and clear infectious processes.
Innate immunity provides non-specific, broad-spectrum defense instantly or within hours of an alert, lacking immunological memory.
The first line of defense utilizes hard-wired physical, mechanical, and biochemical barriers across tissue boundaries.
The second line of defense deploys cellular components (macrophages, neutrophils, dendritic cells, NK cells) and humoral proteins (the complement cascade, signaling cytokines, chemokines, and antimicrobial peptides).
Inflammation and fever are systemic integrated responses designed to restrict pathogen migration and accelerate clearance.
The human microbiota serves as an indispensable living barrier that maintains homeostatic balance, prevents pathogen colonization, and shapes immune system development.
Required Course Textbook Reference
Goering, R., Dockrell, H., Zuckerman, M., & Chiodini, P. Mims' Medical Microbiology and Immunology, 6th Edition. Chapters 9 (Innate Defenses of the Body), 10 (Adaptive Immune Responses), and 13 (The Host-Parasite Relationship). London: Elsevier.
Physiological Region
Anatomical & Mechanical Protections
Chemical & Antimicrobial Factors
Ocular (Eye)
Blinking actions continuously sweep surfaces; tear production physically flushes foreign bodies.
High concentrations of Lysozyme, an enzyme that cleaves the beta-1,4 glycosidic bonds in bacterial cell wall peptidoglycans.
Cutaneous (Skin)
Stratified squamous cornified structural barrier; continuous desquamation removes adherent microbes.
Sweat and sebum contain lactic acid, fatty acids, and propionic acid creating an acidic pH. Lysozyme present.
Respiratory Tract
Ciliated pseudostratified columnar epithelium lines pathways. Coughing, sneezing, and mucus trap particles via the mucociliary escalator.
Secured by localized secretion of lysozymes, antimicrobial cationic peptides known as defensins, and phagocytic cells.
Gastrointestinal (GI)
Continuous muscular peristalsis prevents stasis. Colonized heavily by complex competitive gut microbiota.
Extreme gastric acidity (HCl) and pepsin (proteolytic enzyme) hydrolyze microbial proteins. Downstream bile acids disrupt membranes.
Urogenital Tract
Continuous unidirectional physical lavaging action of urine forces clearance from urethral pathways.
Acidic urine pH, vaginal lactic acid produced via symbiotic Lactobacillus metabolism, and widespread mucosal lysozyme.",
Strategies and control,"Strategies for the Control of Microorganisms

Comprehensive Instructional Guide and Reference Article
Based on Monash School of Medicine Lecture Notes (MED1100/1200)
Instructor: Dr. Meredith Hughes
---
1. Introduction and Clinical Significance
Microorganisms are ubiquitous, existing virtually everywhere in our environments and playing an essential role in human biology, ecology, and industry. However, the unregulated growth and transmission of pathogenic microbes pose a severe threat in medical environments, making strict control measures non-negotiable. The primary objectives of microbial control in clinical practice are to prevent infectious diseases, maintain aseptic conditions in research facilities, protect industrial manufacturing processes, and critically mitigate the incidence of Hospital-Acquired Infections (HAIs), also known as nosocomial infections.
According to data from the Centers for Disease Control and Prevention (CDC), there were approximately 687,000 documented cases of Hospital-Acquired Infections in the United States alone. This represents an alarming statistical frequency of approximately 1 infection per 31 hospital admissions. Furthermore, these healthcare-associated infections lead to an estimated 72,000 deaths annually in the United States, emphasizing the vital importance of rigorous cleaning, disinfection, and sterilization protocols.
2. The Chain of Infection
To effectively prevent transmission and break the cycle of disease, healthcare providers must analyze infection through the structural model of the 'Chain of Infection.' An infection can only propagate if all six interconnected links remain unbroken. Interventive strategies can target any link within this sequence to arrest the spread of disease.
Link 1: The Infectious Agent
The chain begins with a biological pathogen capable of causing clinical disease. These agents span several major taxonomic categories:
Bacteria: Prokaryotic organisms capable of rapid replication, toxin production, and structural persistence (e.g., Staphylococcus aureus, Escherichia coli).
Viruses: Obligate intracellular parasites requiring a host metabolic machinery to replicate (e.g., Influenza, HIV, SARS).
Fungi: Eukaryotic organisms, including yeasts and molds, that can cause superficial or systemic infections.
Protozoa: Single-celled eukaryotic microorganisms often exhibiting complex life cycles.
Helminths: Parasitic worms that inflict complex systemic pathology.
Link 2: The Reservoir
The reservoir is the specific ecological niche, environment, or habitat where an infectious agent naturally survives, grows, and multiplies. Without a viable reservoir, a pathogen cannot perpetuate itself. It acts as a continual source or 'factory' of infection. Reservoirs are broadly categorized into three types:
Humans: Can be active symptomatic clinical cases (e.g., individuals with acute influenza or measles) or carriers who host the pathogen without showing active disease symptoms.
Sub-classifications of Human Carriers:
• Incubatory or Asymptomatic Carriers: Individuals who can transmit the pathogen during the subclinical incubation phase before active symptoms emerge, or who never display outward signs of disease (e.g., the 'window period' of Human Immunodeficiency Virus [HIV]).
• Convalescent Carriers: Patients who have recovered from the clinical signs of an illness but continue to shed and transmit viable pathogens to others (e.g., Salmonella infections).
• Chronic Carriers: Individuals who harbor the infectious agent for extended, often indefinite durations post-infection, continuously or intermittently shedding the pathogen (e.g., Hepatitis B virus).
Animals: Living non-human organisms that harbor pathogens capable of transmission to humans (zoonotic reservoirs).
Inanimate Objects (Fomites): Non-living environmental elements including medical equipment, contaminated water, linens, and surgical instruments.
Link 3: Portals of Exit
Pathogens must escape from the reservoir to infect a new host. Biological portals of exit include:
Excretions: Fecal matter or urine carrying gastrointestinal or urogenital pathogens.
Secretions: Saliva, nasal discharge, or wound exudates.
Droplets: Aerosolized particles generated from the respiratory tract via coughing, sneezing, or speaking.
Skin: Desquamated epithelial cells shedding surface-dwelling microorganisms.
Link 4: Means of Transmission
Once a pathogen exits the reservoir, it requires a mechanism to traverse the distance to a susceptible host. The primary routes of transmission include:
Contact Transmission: Divided into Direct Contact (immediate host-to-host physical interaction) and Indirect Contact (host interaction with an intermediary contaminated object, exudate, or secretion). For example, impetigo is a highly contagious superficial skin infection typically caused by direct or indirect contact with Staphylococcus or Streptococcus species.
Droplet Transmission: Transmission via large respiratory droplets that travel short distances through the air before settling (e.g., Influenza, Severe Acute Respiratory Syndrome [SARS], and Neisseria meningitidis).
Airborne Transmission: Transmission via micro-droplet nuclei or dust particles suspended in the air over prolonged periods and distances (e.g., Mycobacterium tuberculosis, Varicella virus).
Inoculation: Direct introduction of the pathogen into host tissues, such as through Vector-borne Insect Bites (e.g., Dengue fever, Malaria) or Percutaneous Sharp Injuries (e.g., accidental needlesticks introducing HIV, Hepatitis B, or Hepatitis C).
Vehicles: Inanimate media that transport pathogens to multiple hosts simultaneously, such as contaminated Water and Food (e.g., Shigella, Vibrio cholerae) or contaminated Medical Instruments which function as major vectors for hospital pathogens.
Transplacental / In-Utero Transmission: Vertical transmission from mother to fetus via the placenta, collectively summarized by the TORCHES acronym (Toxoplasmosis, Other [e.g., Syphilis, Varicella-Zoster, Parvovirus B19], Rubella, Cytomegalovirus, Herpes Simplex Virus, and HIV).
Link 5: Portals of Entry
To establish an infection, the transmitted pathogen must gain entry into the new host through specialized routes. These line up closely with portals of exit:
Respiratory Tract: Inhalation of airborne pathogens or droplets into the mucosal airways.
Gastrointestinal Tract: Ingestion of contaminated food or water.
Urogenital Tract: Ascending infections through the urinary or reproductive tracts.
Broken Skin: Lacerations, surgical incisions, or abrasions that breach the protective epidermal barrier.
Mucous Membranes / Conjunctiva: Exposed, vulnerable cellular linings of the eyes, mouth, or genitalia.
Placenta: The specialized maternal-fetal vascular barrier.
Link 6: The Susceptible Host
The final link in the chain is a host vulnerable to the pathogen. Host susceptibility depends on a complex interplay of biological, physiological, and medical factors. High-risk populations include neonates (due to an immature immune system), diabetics (due to microvascular complications and altered cellular immunity), and the immunosuppressed (due to drug therapies or underlying pathology). A host's susceptibility is heavily amplified by several critical factors:
Underlying Chronic Disease: Cardiopulmonary disease, malignancy, renal failure, or metabolic disorders.
Medical and Pharmacological Interventions: The administration of Antibiotics (which disrupt protective normal microflora), Steroids, and Immunosuppressive therapies.
Surgical Procedures and Invasive Devices: Operative trauma and the placement of indwelling catheters, endotracheal tubes, or prosthetics that bypass natural barriers.
Extreme Ages: Both neonates and elderly populations exhibit significantly altered physiological resistance.
Systemic Vulnerabilities: Severe malnutrition, pre-existing clinical disease, or an established carrier status.
3. Fundamental Principles of Microbial Control
Controlling microbial growth in healthcare settings requires a deep understanding of standard techniques, underlying cellular mechanisms, technical limitations, and safety regulations. Microbial control can be achieved through four primary mechanisms: preventing environmental access, killing the organism outright, reducing numbers to a safe threshold, or inhibiting metabolic and reproductive growth.
The Role of Preliminary Cleaning
Cleaning is defined as the mechanical removal of foreign material, soil, grease, and organic matter from an object or surface, typically using water, mechanical agitation, and soap or detergents. Crucially, moist organic matter—such as tissue, blood, body fluids, soiled linen, and contaminated medical dressings—acts as a nutrient-rich substrate that supports rapid bacterial growth. Furthermore, organic matter protects embedded bacteria from direct contact with sterilizing heat or chemical disinfectants, creating a barrier that can cause disinfection or sterilization to fail. Therefore, meticulous cleaning must occur prior to any sterilization or disinfection procedure. Cleaning significantly reduces the initial microbial load, preparing the surface for subsequent high-level processing.
Core Definitions in Decontamination
Sterilization: The absolute removal or destruction of all viable microorganisms, including highly resilient bacterial endospores and viruses. This can be accomplished through physical or chemical means, targeting total destruction of all forms of microbial life.
Disinfection: The removal or killing of most viable pathogenic microorganisms from inanimate objects, reducing the microbial load to a level where it can no longer cause disease. Disinfection is typically accomplished through physical methods (such as boiling water) or chemical agents. Notably, disinfection does not guarantee the destruction of all bacterial endospores.
Antisepsis: A specific sub-classification of disinfection that involves the safe removal or destruction of microbes from living skin or tissues. Antiseptics are chemical disinfectants specially formulated to kill or remove harmful microorganisms without causing destructive tissue damage to the host.
Sanitization: The thorough cleaning and washing of an object, utensil, or surface to mechanically remove the vast majority of microorganisms. Sanitization aims to establish a safe hygiene standard. Crucially, sanitization does not imply or require the use of chemical disinfectants.
Environmental Factors Influencing Microbial Growth
The survival, proliferation, and resistance of microorganisms are dictated by environmental conditions. Controlling these factors is central to limiting microbial growth:
Temperature: Dictates enzymatic activity; heat can denature proteins, while cold can slow or stop growth.
Moisture: Water is an essential solvent required for all biochemical reactions; desiccation halts replication.
Osmotic Pressure: Hypertonic environments trigger plasmolysis, drawing water out of cellular structures.
pH: Extreme acidity or alkalinity disrupts cellular membrane integrity and denatures essential proteins.
Oxygen Availability: Microbes are classified by their metabolic requirements for or intolerance to atmospheric oxygen (aerobes vs. anaerobes).
Nutrient Availability: The presence of organic matter provides carbon, nitrogen, and energy sources required for microbial metabolism.
4. The Spaulding Classification of Medical Devices
To optimize infection control protocols, medical instruments and devices are categorized according to the infection risk associated with their intended clinical use. Developed by Dr. E.H. Spaulding, this framework guides clinicians in determining whether an item requires sterilization, high-level disinfection, or intermediate-to-low-level disinfection.
1. Critical Items
Clinical Criteria: Objects that enter sterile body tissues, the vascular system, or sterile body cavities.
Decontamination Requirement: Absolute Sterilization is mandatory. These devices must be entirely free of any living microorganisms, including highly resilient bacterial endospores.
Examples: Surgical instruments, scalpels, needles, syringes, intravenous catheters, cardiac catheters, and indwelling medical implants.
2. Semi-Critical Items
Clinical Criteria: Objects that come into direct contact with intact mucous membranes or non-intact skin, but do not penetrate sterile deep tissues.
Decontamination Requirement: High-Level Disinfection (HLD). These devices must be free of all vegetative microorganisms, fungi, and viruses, with the permissible exception of a low number of bacterial endospores.
Examples: Flexible endoscopes, laryngoscope blades, anesthesia breathing circuits, and respiratory therapy equipment.
3. Non-Critical Items
Clinical Criteria: Objects that come into contact only with intact, healthy skin, but never with mucous membranes or non-intact tissues.
Decontamination Requirement: Intermediate-Level or Low-Level Disinfection. Because intact skin acts as an effective barrier to most vegetative organisms, these items generally require lower-level disinfection or standard cleaning between patients.
Examples: Stethoscopes, bedpans, crutches, blood pressure (BP) cuffs, hospital room floors, medical trolleys, X-ray equipment, and hospital beds.
5. Methods of Sterilization and Disinfection
Decontamination strategies rely on physical or chemical modalities, selected based on the material properties of the target item and the required level of microbial destruction.
A. Physical Methods: Heat Sterilization
Heat is one of the most efficient, cost-effective, and reliable methods of sterilization, provided the material to be treated is heat-resistant. Heat sterilization is divided into moist heat and dry heat modalities, which operate via distinct mechanisms.
1. Moist Heat Modalities
Moist heat is significantly more efficient and effective than dry heat at equivalent temperatures. The presence of moisture facilitates the rapid penetration of thermal energy into materials and induces the lethal inactivation and denaturation of essential cellular proteins.
Boiling Water (100°C): Boiling at standard atmospheric pressure kills vegetative bacteria, fungi, and many viruses. However, it is incapable of destroying resilient bacterial endospores. Consequently, boiling is suitable only for disinfection, never for sterilization.
Moist Heat Under Pressure (The Autoclave): To kill highly resistant endospores, temperatures must exceed 100°C. This is achieved by combining moist heat with elevated pressure within an autoclave, which raises the boiling point of water. The autoclave effectively destroys all vegetative cells, viruses, and endospores through protein denaturation. Standard autoclaving operational parameters include:
   • Cycle Option A: 121°C for a minimum exposure time of 15 minutes.
   • Cycle Option B: 134°C for a minimum exposure time of 3.5 minutes.
2. Dry Heat Modalities
Dry heat accomplishes sterilization by inducing the slow oxidation of essential cellular components. Because dry air conducts heat less efficiently than moisture, it penetrates materials more slowly and requires significantly higher temperatures and extended exposure times.
Hot Air Oven: Typically used for glassware, metallic instruments, and anhydrous materials that resist moist heat. Standard sterilization cycles require temperatures of 170°C for 1 hour, or 160°C for 2 hours.
Incineration: An irreversible destructive process that uses open flames to vaporize infectious waste and contaminated material. In laboratory settings, incineration is routinely used for the rapid sterilization of metal inoculating loops.
B. Physical Methods: Radiation, Filtration, and Specialized Modalities
1. Ultraviolet (UV) Radiation
UV light has low penetrating power and is primarily used for disinfecting exposed surfaces and the surrounding air. Achieving effective disinfection requires long-term, direct exposure to the UV light source. In clinical settings, UV radiation is utilized to disinfect specialized medical instruments, environmental surfaces, and water purification systems. However, clinicians must note that UV light is highly damaging to human tissue (causing erythema and DNA mutations) and can degrade many medical plastics over time.
2. Ionizing Radiation (Gamma Irradiation)
Ionizing radiation possesses exceptional penetrating power. It operates by generating highly reactive free radicals within cells, which induce irreversible double-stranded breaks in microbial DNA. This cold sterilization method is ideal for heat-sensitive, pre-packaged single-use medical supplies and certain foods. It is the standard industrial method used to sterilize disposable medical items such as surgical gloves, catheters, hypodermic needles, and syringes.
3. Filtration
Filtration does not kill microorganisms; instead, it physically removes them from liquids or gases. The material is passed through a specialized membrane filter composed of advanced polymers engineered with precise pore sizes designed to trap bacteria and viruses. Filtration is used for heat-sensitive liquids that cannot withstand thermal processing, such as surgical irrigation solutions, peritoneal dialysis fluids, and intravenous (IV) therapy solutions.
C. Chemical Agents for Sterilization and Disinfection
Chemical agents are indicated for complex equipment and heat-sensitive items that cannot withstand high temperatures, such as fiber-optic endoscopes, flexible catheters, and large, fixed environmental surfaces. The selection of a specific chemical agent depends on several critical variables: the baseline number and specific species of microbes present, the clinical purpose of the treatment, the material composition of the item, potential interactions with other chemicals, systemic toxicity, and cost-effectiveness.
Chemical Sterilants (Liquid and Gas Formulations)
Traditional Alkylating Agents: Ethylene oxide gas, glutaraldehyde, and formaldehyde remain in widespread use. These compounds act by alkylating structural proteins and nucleic acid bases, effectively neutralizing a broad spectrum of microorganisms. However, they are highly toxic, flammable, and severe mucosal irritants, requiring strict safety controls.
Recent Low-Toxicity Alternatives: Modern alternatives offer rapid sterilization cycles with lower environmental and human toxicity. These include vapor-phase hydrogen peroxide (VPHP), peracetic acid, chlorine dioxide, and ozone.
Chemical Disinfectants and Antiseptics
Phenolics: Highly effective, stable compounds used primarily for decontaminating hard environmental surfaces, walls, and floors.
Iodine and Iodophors: Iodine complexed with an organic carrier (e.g., povidone-iodine) that slowly releases free iodine. It is used as a highly effective antiseptic for preoperative skin preparation.
Chlorine compounds (Sodium Hypochlorite): Powerful oxidizing agents used for the rapid decontamination of blood spills and hard surfaces.
Chlorhexidine: A biguanide compound that disrupts microbial cell membranes. It provides excellent residual antimicrobial activity and is widely used for skin antisepsis, general handwashing, and surgical scrubs.
Alcohols (Ethyl or Isopropyl Alcohol): Operate via rapid protein denaturation and membrane lipid dissolution. Alcohols are used for skin decontamination prior to percutaneous injections and as impregnated alcohol wipes for rapid equipment disinfection.
Quaternary Ammonium Compounds (Quats): Surface-active cationic detergents primarily used as low-level disinfectants for non-critical surfaces and as preservatives in pharmaceutical preparations.
The Four Standard Rules for Chemical Disinfection
To ensure the success of chemical disinfection, clinicians must adhere to four strict operational guidelines:
1. Prior Decontamination: The article must be thoroughly cleaned and free of dirt, organic matter, grease, and blood prior to immersion.
2. Correct Concentration: The chemical solution must be mixed to the exact recommended therapeutic concentration; improper dilution renders the agent ineffective.
3. Absolute Contact: Every single surface, lumen, and part of the article must come into direct physical contact with the disinfecting solution.
4. Sufficient Immersion Time: The article must remain completely submerged in the solution for the full, scientifically verified duration required to achieve microbial kill.
6. Hospital Asepsis and Prevention of Nosocomial Infections
Hospital-Acquired Infections (HAIs) are primarily caused by opportunistic pathogens that exploit vulnerable hosts. Common causative agents include Staphylococcus aureus, Escherichia coli, Pseudomonas aeruginosa, Klebsiella pneumoniae, and Acinetobacter baumannii. Preventing these infections requires strict adherence to the principles of hospital asepsis.
The Spectrum of Hospital Asepsis
Asepsis: The comprehensive prevention of microbes from gaining access to a patient.
Medical Asepsis (Clean Technique): Practices and procedures designed to limit the total number, growth, and transmission of pathogenic microorganisms within the healthcare environment.
Surgical Asepsis (Sterile Technique): Rigorous practices designed to keep an area completely free of all microorganisms, including endospores. It is mandatory for any procedure that breaches sterile body tissues.
Aseptic Techniques: The collection of protective measures and behavioral procedures designed to block the spread of infection, including the deployment of sterile gloves, fluid-resistant gowns, surgical masks, and HEPA-filtered air systems.
Epidemiological Breakdown of Nosocomial Infections
Statistical data illustrates that HAIs manifest primarily in specific anatomical sites, heavily correlated with invasive devices:
Urinary Tract Infections (35%): The most frequent HAI, overwhelmingly associated with indwelling urinary catheters.
Other Miscellaneous Infections (21%): Including soft tissue and non-specified clinical sites.
Surgical Wound Infections (17%): Post-operative site infections resulting from a breakdown in sterile technique or environmental contamination.
Bloodstream Infections / Bacteremia (14%): Often tied to contaminated central venous or peripheral lines.
Pneumonia (13%): Particularly ventilator-associated pneumonia in intensive care settings.
Routes and Sources of Hospital Infections
Self-Infection (Endogenous): The patient serves as their own source of infection, with normal microflora translocating to a vulnerable sterile site (e.g., gut flora entering a surgical wound).
Cross-Infection (Exogenous): Pathogens are transmitted between individuals, shifting from hospital staff or neighboring patients directly to a vulnerable host.
Environmental Infection: Pathogens are acquired from inanimate surroundings, including the air, hospital walls, floors, food, medical equipment, and contaminated laundry or bedding.
Systemic Preventive Strategies
To protect patients, visitors, and healthcare workers, healthcare systems must implement a three-tiered approach to disease prevention:
1. Exclude the Source of Infection: This requires continuous monitoring of sterilization and disinfection procedures to ensure absolute quality control. Managing human sources is more challenging, requiring work restrictions for sick healthcare personnel.
2. Enhance Host Resistance: Clinicians can improve host defense mechanisms through Active Immunization (vaccines), Passive Immunization (immunoglobulins), the strategic Prophylactic Use of Antibiotics, meticulous care of invasive devices, and aggressive monitoring of post-operative risks.
3. Prevent Transmission (Isolation Precautions): Isolation practices are divided into two primary clinical categories:
   • Standard Precautions: Designed for the care of all patients in hospitals, regardless of their diagnosis or presumed infection status. These precautions apply to blood, all body fluids, secretions, excretions (except sweat), mucous membranes, and non-intact skin. Core interventions include routine handwashing, along with the appropriate use of personal protective equipment (PPE) such as gloves, masks, eye protection, and gowns.
   • Transmission-Based Precautions: Designed for patients known or suspected to be infected with epidemiologically significant pathogens. These precautions are customized to the specific mode of transmission: Airborne, Droplet, or Contact precautions (e.g., requiring specialized airborne negative-pressure isolation rooms, or enhanced contact barrier protocols).
The 5 Moments of Hand Hygiene
Hand hygiene remains the single most effective, scientifically proven method for breaking the means of transmission link in the chain of infection. To standardize compliance, healthcare providers must perform hand hygiene at five critical clinical junctures:
Moment 1: Before touching a patient.
Moment 2: Before a clean or aseptic procedure.
Moment 3: After body fluid exposure risk.
Moment 4: After touching a patient.
Moment 5: After touching a patient's immediate surroundings.
7. Summary of Key Concepts
The Chain of Infection: Infections can be effectively controlled by identifying and breaking any link within the chain (Infectious agent, Reservoir, Portal of exit, Means of transmission, Portal of entry, Susceptible host).
Decontamination Specificity: Sterilization guarantees the complete eradication of all forms of life, including endospores. Disinfection and antisepsis reduce the microbial load to safe levels but do not reliably destroy all endospores.
Spaulding Classification: The method used to decontaminate a device must align with its clinical application, balancing critical, semi-critical, and non-critical risk levels.
Clinical Hand Hygiene: Adherence to the 5 Moments of Hand Hygiene is the cornerstone of modern infection control, directly reducing the incidence of preventable nosocomial infections.",
Fungal infections,"Comprehensive Reference Guide: Medical Mycology & Fungal Infections
Based on Monash School of Medicine Lecture Series (MED1100/1200)
1. Executive Introduction & Learning Objectives
Fungal infections (mycoses) represent an increasingly critical challenge within clinical medicine, particularly driven by the expanding population of immunocompromised individuals, medical advancements in transplantation, aggressive oncology protocols, and the use of invasive medical devices. This document provides an exhaustive overview of medical mycology based on the curriculum of the Monash School of Medicine.
Key Learning Objectives covered in this study guide include:
Appreciating the global epidemiology, mortality rates, and systemic impacts of fungal pathogens.
Elucidating standard mechanisms of transmission, fungal colonization, and tissue invasion.
Differentiating structural, morphological, and metabolic characteristics between fungi and bacteria.
Detailing diagnostic modalities, including morphological classification, culture, automated diagnostics, and biomarker assays.
Analyzing the clinical presentation, pathogenesis, and management of four invasive pathogens of premier medical importance: Candida, Cryptococcus, Pneumocystis, and Aspergillus.
2. Fundamental Biological Characteristics of Fungi
Fungi are eukaryotic organisms that are fundamentally distinct from both human cells and bacteria. They are obligate aerobes and ubiquitous environmental decomposers found prominently in soil. While most fungi are non-pathogenic—and are indeed heavily leveraged in bio-industries like food/beer production and antibiotic synthesis—certain species pose deadly threats to human hosts.
Fungi are structurally defined by key unique molecular targets:
Cell Wall Components: Composed of chitin and β-glucans (specifically β-1,3-glucan synthesized by β-1,3-glucan synthase, and β-1,6-glucan), layered with surface mannoproteins.
Cell Membrane Sterols: Fungi utilize ergosterol within their cytoplasmic membrane, structurally contrasting with the cholesterol found in human membranes. This difference serves as a cornerstone for selective antifungal pharmacology.
Morphological Forms
Fungi exhibit dynamic growth forms that assist in identification and contribute to virulence:
Yeasts: Single-celled spherical or oval structures that replicate via asexual budding, typically measuring 3–5 µm (up to 10 µm) in diameter. During budding, a vegetative mother cell produces a developing bud that separates into a distinct daughter cell.
Moulds (Molds): Multicellular filamentous colonies characterized by hyphae (tubular polymers that elongate via apical growth toward nutrient sources). Hyphae can be septate (divided by cross-walls called septa) or non-septate (coenocytic). A dense interconnected network of hyphae forms a mycelium, which eventually gives rise to conidia-bearing fruiting bodies.
Pseudomycelium (Pseudohyphae): Formed when budding yeast cells fail to detach, elongating into chains that mimic true hyphae (prominent in species like Candida).
Dimorphic Fungi: Species that dynamically alter their structure depending on environmental conditions. They exist as environmental moulds at room temperature (25°C) and transform into a specialized invasive yeast form at human body temperature (37°C) to colonize deep tissues.
Fungi versus Bacteria: Structural & Physiological Divergence
3. Global Epidemiological Impact
Fungal pathogens exert a massive burden on global health care systems, generating high morbidity and mortality. Current estimates show approximately 1.5 million deaths worldwide annually directly attributable to fungal disease (Bongomin et al., 2017). The scale of global prevalence includes:
Fungal Asthma: ~10 Million cases
Chronic Pulmonary Aspergillosis: ~3 Million cases
Invasive Candidiasis: ~700,000 cases
Pneumocystis jiroveci Pneumonia: ~500,000 cases
Invasive Aspergillosis: ~250,000 cases
Cryptococcal Meningitis: ~223,100 cases
Disseminated Histoplasmosis: ~100,000 cases
4. Pathological Classification of Fungal Diseases
Fungal interactions with human hosts fall into three broad pathological categories:
A. Fungal Allergy
Exposure to fungal elements can elicit severe hypersensitivity reactions. Aspergillus species are classic examples of allergy-inducing fungi, manifesting in several distinct ways:
Asthma and Allergic Rhinitis: Driven by a classic Type I hypersensitivity reaction, where exposure prompts IgE-mediated mast cell degranulation, causing pruritus, sneezing, profuse mucus production, and mucosal erythema.
Extrinsic Hypersensitivity Pneumonitis (Allergic Alveolitis): A Type III immune-complex-mediated reaction affecting the deep alveolar tissues. Presenting as acute or subacute episodes of chest tightness, marked shortness of breath (SOB), and generalized myalgia.
Allergic Aspergillus Sinusitis: Chronic inflammatory sinus disease showing identical pathological features to deep pulmonary allergy but confined to the paranasal sinuses.
Allergic Bronchopulmonary Aspergillosis (ABPA): A specialized clinical syndrome occurring almost exclusively in patients with underlying cystic fibrosis or chronic asthma. The airways become persistently colonized by Aspergillus, initiating an intense immune flare. Pathological findings include eosinophilic pneumonia, extensive sputum impaction (where viscous mucus plugs cause profound airway obstruction), worsening refractory asthma, progressive bronchiectasis, and structural changes on chest X-ray (CXR). Diagnostic markers include highly elevated Aspergillus-specific IgE, precipitating serum IgG, and peripheral blood eosinophilia. Management strictly necessitates concurrent administration of systemic corticosteroids and targeted anti-Aspergillus therapeutic agents.
B. Fungal Toxins (Mycotoxins)
Fungi synthesize small-molecule secondary metabolites known as mycotoxins. A prominent example is Aflatoxin, produced by select Aspergillus species when crops (such as corn, cottonseed, and tree nuts) are stored under poor, humid conditions. Aflatoxin ingestion or inhalation of contaminated processing dust causes severe hepatotoxicity, acute hepatic necrosis, and acts as a potent carcinogen strongly linked to hepatocellular carcinoma (liver cancer).
C. Fungal Infections (Mycoses)
True fungal infections are anatomically graded based on depth of tissue invasion:
Superficial Mycoses: Limited to the outermost stratum corneum of skin and hair shafts (e.g., Malassezia furfur).
Cutaneous Mycoses (Dermatophytosis): Caused by specialized dermatophytes (e.g., Trichophyton, Microsporum, Epidermophyton) that possess keratinolytic enzymes. They strictly require keratin for metabolism and thus exclusively infect the skin, hair, and nails. Commonly referred to as 'Tinea' or 'Ringworm' (including Tinea pedis, Tinea capitis, Tinea corporis, and Tinea cruris). Trichophyton rubrum and Epidermophyton floccosum are primary causative agents of athlete's foot and jock itch.
Transmission occurs via human-to-human contact, zoophilic transmission from animals, saprophytic exposure to soil, or autoinoculation. Dermatophyte hyphae break down into highly resilient environmental arthrospores that attach strongly to keratinocytes. Clinical risk increases with poor hygiene, overcrowding, genetics, or impaired cell-mediated immunity.
Diagnosis involves obtaining skin scrapings or nail clippings. Samples are treated with Potassium Hydroxide (KOH) to dissolve cellular keratin while preserving fungal structures, followed by fluorescence microscopy or staining with lactophenol cotton blue. Culturing is performed on specialized Sabouraud's Dextrose Agar (SDA) enriched with chloramphenicol and gentamicin to suppress bacterial overgrowth, incubated at 30°C for multiple weeks. It is clinically essential to distinguish dermatophytosis from non-infectious differentials like eczema or psoriasis.
Subcutaneous Mycoses: Involve deep dermis and subcutaneous tissues, typically following direct traumatic inoculation (e.g., via a rose thorn or splinter). A classic example is Sporotrichosis ('Rose Gardener's Disease'), caused by the dimorphic fungus Sporothrix schenckii. It can present as a localized ulcerated plaque or erupt along the line of proximal lymphatic drainage, creating a chain of nodular lesions known as 'sporotrichoid' spread. Dissemination is rare but possible, requiring prolonged antifungal courses (3–6 months).
Invasive / Systemic Mycoses: Severe deep tissue infections primarily acquired via inhalation of airborne environmental spores or through nosocomial access lines. These are highly opportunistic infections with exceptional mortality rates.
5. Profile of Four Fungal Pathogens of Major Importance
Pathogen 1: Candida Species
Candida species are ubiquitous commensal organisms making up the normal flora of the human skin, upper respiratory tract, gastrointestinal tract, and vagina. Following an upset in normal microbial balances (classically broad-spectrum antibiotic therapy), Candida undergoes overgrowth, causing superficial mucosal or skin-fold diseases, such as intertrigo in crural folds, vaginal thrush, and oral or breast thrush.
In highly vulnerable hosts, Candida displays devastating opportunistic invasion. Candida esophagitis is a hallmark opportunistic infection in advanced HIV/AIDS. Deep invasive disease results in candidemia (bloodstream infection). Risk factors include profound immunosuppression, cytotoxic chemotherapy, heavy prior colonization, indwelling central venous catheters (CVCs), major abdominal surgeries, broad-spectrum antibiotics, and total parenteral nutrition (TPN). Candidaemia is also observed in intravenous drug users, frequently causing deep-tissue infective endocarditis. Once present in the bloodstream, Candida easily disseminates to the eyes (endophthalmitis—making an ophthalmologic retinal exam an absolute clinical requirement upon positive blood culture), bones, kidneys, heart, brain, and liver.
Pathogenesis is driven by its ability to transition from yeast to true hyphal forms, produce extracellular matrices that form dense, drug-impenetrable biofilms on medical hardware/prosthetics, and secrete acid proteases that degrade host cellular barriers. The primary clinical sign of invasive candidiasis is persistent fever and chills that completely fail to resolve following aggressive empiric antibacterial therapy.
Diagnosis relies on automated blood culture, followed by specialized identification including matrix-assisted laser desorption ionization-time of flight (MALDI-TOF) mass spectrometry and molecular real-time PCR. Chromogenic differential media is utilized to visually distinguish species (e.g., Candida albicans colonies appear bright green). Identifying specific species is vital for selection of therapy due to varied resistance profiles:
Candida albicans: The most prevalent clinical isolate; historically highly susceptible.
Candida glabrata: Prevalent in intensive care units (ICUs); associated with high mortality and decreased azole susceptibility.
Candida krusei: Intrinsically resistant to fluconazole.
Candida lusitaniae: Uniquely demonstrates resistance to amphotericin B.
Candida auris: A major emerging worldwide multi-drug resistant health care threat. It readily spreads person-to-person within health care facilities, persists on environmental surfaces, and is frequently misidentified by conventional biochemical diagnostic systems.
Overall crude mortality for invasive candidiasis remains high, fluctuating between 40% and 60% within 30 days post-diagnosis (Bassetti et al., 2018).
Pathogen 2: Cryptococcus Species
Cryptococcus is an encapsulated yeast showing zero person-to-person transmission. Infection is acquired entirely via environmental inhalation. It exists as two primary medical species:
Cryptococcus neoformans: Ubiquitous environmental yeast shed abundantly in avian (bird/pigeon) feces. It acts as an opportunistic pathogen primarily causing severe meningoencephalitis and progressive lung infections in heavily immunocompromised individuals, classically those with advanced HIV/AIDS with low CD4 T-lymphocyte counts (<100 cells/µL). It can also infect skin, bone, and joints. In patients starting antiretroviral therapy, it can precipitate an Immune Reconstitution Inflammatory Syndrome (IRIS). Mortality exceeds 50% without rapid critical intervention.
Cryptococcus gattii: Ecologically associated with specific trees, such as river red gums. Unlike C. neoformans, C. gattii acts as a primary pathogen, capable of causing large pulmonary cryptococcomas and severe meningitis in completely healthy, immunocompetent hosts.
Microscopically, Cryptococcus is identified as a small budding yeast surrounded by a massive, non-staining polysaccharide capsule that physically blocks host phagocytosis. Diagnostic methods include classic India Ink negative staining of cerebrospinal fluid (CSF), which outlines the prominent halo of the capsule. Lumbar puncture reveals high opening pressures, significantly elevated protein levels, and low glucose. The gold standard for rapid clinical screening is the Cryptococcal Antigen (CrAg) test—utilizing lateral flow dipstick assays or latex agglutination on serum, CSF, urine, plasma, or whole blood, which can detect infection long before clinical symptom onset. Confirmatory testing involves histopathology and fungal culture.
Pathogen 3: Pneumocystis jiroveci
Pneumocystis jiroveci (formerly designated P. carinii, which is now restricted to isolates affecting rodents) is an atypical, ubiquitous, yeast-like fungus that targets the lungs. Transmission occurs via person-to-person airborne droplet spread, with healthy individuals acting as transient carriers. P. jiroveci causes Pneumocystis Pneumonia (PCP/PJP). Historically, it served as one of the hallmark index manifestations defining the onset of the global HIV/AIDS pandemic, targeting patients when CD4 counts drop below 200 cells/µL. Current mortality rates persist between 10% and 20%.
Clinical signs are characterized by an insidious, slow progression over several weeks, including worsening dyspnea (SOB), a non-productive dry cough, low-grade fever, weight loss, and severe hypoxemia out of proportion to clinical signs. Ausculation can reveal fine bilateral basal crackles or remain clear. If left untreated, the fungus can disseminate, creating extrapulmonary lesions in lymph nodes, spleen, liver, and bone marrow. Diagnosis cannot be accomplished by standard culture because P. jiroveci cannot be grown in vitro. Instead, diagnosis relies on molecular real-time PCR, direct immunofluorescence microscopy of induced sputum or bronchoalveolar lavage (BAL) fluid, and a serum β-D-Glucan biomarker test. Prophylaxis (typically with trimethoprim-sulfamethoxazole) is mandatory for all high-risk immunocompromised patients until their CD4 count successfully remains above 200 cells/µL for at least 6 consecutive months.
Pathogen 4: Aspergillus Species
Aspergillus is a ubiquitous environmental mould found worldwide, thriving in rotting vegetation and soil. It is entirely non-commensal (not part of the normal flora). Airborne conidia are inhaled constantly; in healthy individuals, they are cleared via mucociliary action and phagocytosis. Thus, finding Aspergillus in sputum can represent a simple environmental contaminant, but in vulnerable hosts, it triggers severe pathology via allergy (such as ABPA) or invasive necrotizing infection (Aspergillosis).
Invasive Aspergillosis occurs almost exclusively in severely immunocompromised cohorts, particularly patients with profound, prolonged neutropenia, acute myeloid leukemia, or individuals undergoing cytotoxic chemotherapy or hematopoietic stem cell or solid organ transplantation. Driven by airborne spore inhalation, the conidia germinate into hyphae in the absence of sufficient pulmonary macrophage and neutrophil defenses. These hyphae show angioinvasion, physically penetrating blood vessel walls, which induces local infarction, necrosis, and rapid tissue destruction.
Early clinical symptoms include a non-specific dry cough and mild fever. As the infection progresses, it induces sharp pleuritic chest pain and hemoptysis (coughing up blood due to vascular erosion). While primarily localized to the respiratory tract, it can disseminate to the brain, causing focal neurological deficits. Chest X-rays show non-specific patchy consolidation. The gold standard for radiological screening is a high-resolution chest CT scan, which reveals new pulmonary nodules surrounded by an area of ground-glass attenuation known as the 'halo sign', which can later cavitate. Histological diagnosis requires a tissue biopsy confirming tissue invasion by septate, acutely branching (45-degree) hyphae. Non-invasive biomarker support includes the serum or BAL Galactomannan assay (an Aspergillus cell-wall antigen test) and the generic β-D-Glucan assay. The primary clinical species include Aspergillus fumigatus (the most common cause of invasive disease), Aspergillus flavus, Aspergillus niger, and Aspergillus terreus. Invasive aspergillosis remains exceptionally lethal, carrying mortality rates between 40% and 90%.
6. Clinical Summary & Instructor's Takeaway
Fungi are highly diverse eukaryotic pathogens causing diseases that span from simple superficial cutaneous infections to rapid, universally fatal systemic invasions.
The fungal cell wall and membrane contain specific, unique structural elements—glucans, chitin, and ergosterol—that are entirely absent in human and bacterial cells. These components serve as optimal targets for diagnostic biomarker assays and selective antifungal drug discovery.
The clinical prevalence of invasive fungal infections has escalated dramatically due to medical advancements that create large populations of immunocompromised individuals (HIV/AIDS, transplant recipients, oncology patients).
Invasive fungal diseases are characterized by high mortality rates, difficult diagnostic workups, and a growing trend of healthcare-associated multi-drug resistance (as seen with Candida auris and specific azole-resistant strains). Immediate, accurate diagnosis and species identification are paramount to improving survival.
Course: MED1100/1200 — The Enemies of the Cells
Lecturer: Dr. Meredith Hughes, Monash University
Document Type: Comprehensive Medical Instructor Study Guide
Property
Fungi
Bacteria
Nucleus
Eukaryotic; defined nuclear membrane; multiple chromosomes; undergoes mitosis
Prokaryotic; no nuclear membrane; nucleoid structure containing a single chromosome
Cytoplasm
Contains membrane-bound organelles (mitochondria, endoplasmic reticulum); 80S ribosomes
Lacks mitochondria and endoplasmic reticulum; contains 70S ribosomes
Cytoplasmic Membrane
Contains sterols (principally ergosterol)
Lacks sterols (with rare exceptions like Mycoplasma)
Cell Wall
Composed of complex polymers: glucans, mannans, chitin, and chitosan
Composed of murein (peptidoglycan), teichoic acids (Gram-positive), and lipopolysaccharides/proteins
Metabolism
Heterotrophic; mostly obligate aerobes; entirely lack photosynthetic capacity
Heterotrophic or autotrophic; ranges across obligate aerobes, obligate anaerobes, and facultative anaerobes
Size (Mean Diameter)
Yeast cells: 3–10 µm; Molds: macroscopically indefinable variable lengths
Significantly smaller: typically 1–5 µm
Dimorphism
Present in select highly pathogenic species (temperature-dependent shift)
Absent across all bacterial species",
Innate responses to pathogens,"Comprehensive Reference Article:
Innate Responses to Pathogens
Monash School of Medicine | Course: MED1100/1200
Based on Lectures by Dr. Kim Murphy, Department of Immunology
Introduction and Core Learning Objectives
The human immune system serves as an essential defense framework against invading pathogens. It plays a dual, critical role: protecting the host from infectious threats while actively mediating or suppressing inflammation linked to a spectrum of non-communicable diseases. For a comprehensive conceptual understanding, the innate immune response is evaluated across four integrated domains:
1. Barriers to Infection: The continuous mechanical, chemical, and microbiological boundaries that shield host tissues.
2. Innate Immune Cells: The primary cellular responders—such as neutrophils, macrophages, eosinophils, basophils, mast cells, and natural killer (NK) cells—that orchestrate rapid pathogen elimination.
3. Pathogen Profiling: The mechanism of broad molecular pattern recognition that allows the innate system to rapidly differentiate self-antigens from foreign invaders.
4. Leukocyte Migration: The biochemical cascade of cytokines, chemokines, selectins, and integrins governing the precise movement of immune cells from the vasculature into infected tissues.
1. The Response to Infection and Global Burden of Disease
Epidemiological data from the Global Burden of Disease confirms that the immune system operates at the intersection of infectious and non-communicable pathology. While it directly fights communicable, maternal, neonatal, and nutritional diseases, sustained or dysregulated immune inflammation is an underlying driver in major non-communicable diseases (e.g., ischemic heart disease [IHD], stroke, diabetes, chronic obstructive pulmonary disease [COPD], cirrhosis, and Alzheimer's disease).
When host physical boundaries are breached, the defensive response progresses sequentially through four main phases. Built-in redundancy ensures that if an early mechanism fails, subsequent induction pathways are triggered to guarantee host survival:
Phase 1: Anatomic Containment. Immediate protection via anatomical boundaries (skin, gut, lungs, etc.). Failure allows micro-organisms to colonize and establish an infection.
Phase 2: Broad Nonspecific Recognition. Immediate engagement by preformed, nonspecific, and broadly specific effectors (such as complement proteins and lysozymes) aiming for rapid clearance.
Phase 3: Early Induced Innate Response (4–96 Hours). Recruitment of dedicated effector cells, recognition of Pathogen-Associated Molecular Patterns (PAMPs), activation of tissue-resident leukocytes, and initiation of acute inflammation.
Phase 4: Late Adaptive Immune Response (>96 Hours). Transport of antigens to secondary lymphoid organs, recognition by naive B and T cells, clonal expansion, and differentiation into pathogen-specific effector cells (plasma cells and effector T cells).
2. Anatomical Boundaries: Mechanical, Chemical, and Microbiological Barriers
Anatomical barriers serve as the first line of defense against invasion. The table below outlines the precise mechanisms operating within key anatomical zones:
3. The Complement System: Activation Pathways and Outcomes
The complement system comprises preformed plasma proteins that circulate in an inactive state and can be triggered via three distinct molecular initiation cascades. Each pathway converges at a central checkpoint: the generation of a C3 convertase enzyme. This enzyme cleaves complement protein C3 into two structurally and functionally distinct units: C3a (released) and C3b (bound).
Three Activation Mechanisms
The Lectin Pathway: Initiated when Mannose-Binding Lectin (MBL) or ficolins recognize and bind specific carbohydrate structures on the pathogen surface, activating MBL-Associated Serine Proteases (MASPs) to cleave C4 and C2.
The Classical Pathway: Initiated by the binding of the C1q complex (comprising C1q, C1r, C1s) directly to the pathogen surface or to antigen-bound antibodies (IgG or IgM), triggering sequential cleavage of C4 and C2.
The Alternative Pathway: Driven by the continuous, low-level spontaneous hydrolysis of C3 to C3(H2O) in plasma. This leads to the deposition of a fluid-phase or surface-bound C3 convertase (C3bBb) on foreign microbial surfaces, stabilized by properdin (Factor P) and mediated by Factor B and Factor D.
Three Key Functional Outcomes
1. Recruitment and Inflammation: The small cleavage fragments, C3a and C5a, act as potent anaphylatoxins. They bind to specific endothelial and leukocyte receptors to recruit phagocytic cells to the infection site and up-regulate acute local inflammation.
2. Enhanced Phagocytosis (Opsonization): The large fragment C3b binds covalently to the microbial membrane. Phagocytes (neutrophils and macrophages) expressing Complement Receptors (CR1, CR2, CR3) tightly bind C3b, leading to rapid engulfment and destruction.
3. Direct Cell Lysis: The terminal components of the complement cascade combine sequentially (C5b recruits C6, C7, and C8, followed by polymerization of multiple C9 molecules) to assemble the Membrane Attack Complex (MAC). The MAC forms a functional pore through the pathogen cell membrane, destroying osmotic integrity and causing target cell lysis.
4. Differentiation of Innate and Adaptive Immunity
To establish immediate control, the innate immune response relies on germline-encoded components that recognize structurally conserved patterns, differentiating it fundamentally from the adaptive arm:
Innate Immunity: Recognizes highly conserved macromolecular structures shared by thousands of pathogens (recognizes ~1,000 unique structures critical for survival). Receptors are germline-encoded and identical across all cells of a specific lineage. The kinetic response is instantaneous, and the magnitude and characteristics of the response remain identical during every subsequent infection.
Adaptive Immunity: Recognizes distinct, fine structural details unique to individual pathogens. Pathogen-specific receptors are expressed exclusively on the plasma membranes of B and T lymphocytes. These receptors are created post-embryonically via somatic recombination (not germline-encoded), meaning each lymphocyte expresses a unique receptor configuration. Crucially, the adaptive response displays immunological memory, meaning it is significantly enhanced in speed and magnitude upon each subsequent encounter.
5. Primary Cellular Responders of the Innate System
Neutrophils (Polymorphonuclear Leukocytes)
Neutrophils are the most abundant circulating leukocytes, numbering approximately 4,000 to 10,000 cells per microliter (µl) of blood. They are specialized for immediate bactericidal activity and possess three primary effector mechanisms:
Phagocytosis:  Engulfment of micro-organisms into a phagosome, which fuses with lysosomes to form a phagolysosome. Destruction is mediated via Reactive Oxygen Species (ROS), nitric oxide, and lysosomal proteases.
Degranulation: Release of toxic enzymatic granules into the extracellular space to kill surrounding microbes. This process results in neutrophil death.
Neutrophil Extracellular Traps (NETs): Dying neutrophils extrude their nuclear contents, forming an extracellular network of chromatin fibers studded with antimicrobial proteins. NETs physically trap and kill bacteria and fungi.
Kinetics: Neutrophils are short-lived effectors that die rapidly after activation. During acute infection, bone marrow production increases dramatically, raising circulating levels up to 20,000 cells/µl.
Monocytes and Macrophages
Monocytes circulate in the blood at concentrations of 500 to 1,000 cells/µl. Upon sensing inflammatory cues, they extravasate into tissue spaces and differentiate into highly phagocytic macrophages. This population exists alongside tissue-resident macrophages, which establish tissue-specific protective functions early during embryonic development. Macrophages act across distinct functional states:
M1 Profile (Classical Macrophage Activation): Induced by microbial Toll-Like Receptor (TLR) ligands and pro-inflammatory cytokines such as interferon-gamma (IFN-γ). M1 macrophages exhibit robust microbicidal activity, generating ROS and nitric oxide to eliminate bacteria and fungi, while secreting pro-inflammatory cytokines (TNF, IL-1, IL-6, IL-12) to drive acute inflammation.
M2 Profile (Alternative Macrophage Activation): Triggered in the absence of strong microbial signals by interleukins IL-4 and IL-13. M2 macrophages produce anti-inflammatory cytokines (IL-10, TGF-β) that inhibit inflammation, clear dead tissue debris, and promote wound healing and tissue fibrosis.
Eosinophils, Basophils, and Mast Cells
Eosinophils and basophils reside predominantly as rare cells within blood circulation, whereas mast cells localize heavily throughout peripheral tissue boundaries. These three cell lineages provide a coordinated line of defense against large, non-phagocytosable parasites, particularly helminths (parasitic worms). Upon activation, they release preformed toxic granules to breach the parasite cuticle. They are also primary drivers of hypersensitivity and allergic reactions.
Natural Killer (NK) Cells
Natural Killer cells are cytolytic innate lymphoid cells that eliminate virally infected cells and tumor cells. They release specialized cytotoxic granules that enter target cells and trigger programmed cell death (apoptosis).
NK cell activation is tightly governed by a balance between activating and inhibitory surface receptors. Inhibitory receptors recognize Major Histocompatibility Complex (MHC) Class I molecules, which are constitutively expressed on all healthy, nucleated host cells. Binding of MHC Class I delivers an inhibitory signal that prevents NK cell activation, protecting normal tissues. However, many viruses and malignant cells selectively down-regulate surface MHC Class I expression to evade T cell detection. When an NK cell encounters a cell lacking MHC Class I, its inhibitory receptors are unengaged. This shifts the balance to activating receptors, triggering immediate cytolytic degranulation and killing the compromised cell.
Furthermore, a reciprocal activation loop exists between NK cells and macrophages: cytokines released by activated macrophages or dendritic cells (such as IL-12) enhance NK cell cytotoxicity, while activated NK cells secrete IFN-γ to stimulate the M1 microbicidal actions of macrophages.
6. Pathogen Profiling: Molecular Pattern Recognition
To reliably identify infectious threats while protecting host tissues, the innate immune system utilizes a highly regulated recognition architecture centered on structural profiling:
PAMPs and DAMPs
Pathogen-Associated Molecular Patterns (PAMPs): Conserved, structural macromolecules produced exclusively by microbes that are essential for their survival and cannot be easily mutated. Classical examples include Lipopolysaccharide (LPS) on Gram-negative bacterial outer membranes, double-stranded RNA (dsRNA) generated during viral replication, and unmethylated CpG nucleotides characteristic of bacterial and viral DNA genomes.
Damage-Associated Molecular Patterns (DAMPs): Endogenous danger signals released by stressed, damaged, or necrotic host cells that alert the immune system to tissue injury in the absence of infection.
Pattern Recognition Receptors (PRRs)
Innate immune cells express specialized, inherited sensor receptors known as Pattern Recognition Receptors (PRRs) that bind specifically to PAMPs and DAMPs. PRRs are strategically distributed across multiple cellular compartments to detect pathogens at their point of entry or replication:
Toll-Like Receptors (TLRs): Expressed on the cell surface to monitor the extracellular environment (detecting bacterial membrane components like LPS) and inside endosomal membranes to scan internalized materials for microbial nucleic acids.
RIG-I-Like Receptors (RLRs): Cytosolic sensors that selectively bind and identify viral RNA genomes and replication intermediates within the cell cytoplasm.
NOD-Like Receptors (NLRs): Cytoplasmic receptors that recognize intracellular bacterial PAMPs and intracellular host-derived DAMPs.
TLR Downstream Signalling
When a TLR binds its ligand, it initiates a downstream signaling cascade that activates key transcription factors (such as NF-κB and IRFs). This triggers the expression of critical cytokines, chemokines, and antimicrobial enzymes. Inherited mutations in these downstream signaling components impair this defense cascade, leading to severe, recurrent clinical infections.
In response to viral nucleic acids, PRR signaling induces the synthesis of Type I Interferons (IFN-α and IFN-β). Type I interferons bind to target cell receptors to establish a localized 'antiviral state' by inducing host proteins that inhibit translation, block viral replication, and degrade viral genomes. They also up-regulate activating ligands on surrounding cells and enhance the cytolytic capacity of NK cells.
7. Leukocyte Migration and The Acute Inflammatory Cascade
When tissue-resident macrophages identify PAMPs via their PRRs, they initiate acute inflammation by secreting pro-inflammatory cytokines and chemokines. These small, soluble signaling molecules function in autocrine, paracrine, or endocrine fashions to modulate local and systemic host physiology.
The Principal Inflammatory Cytokines
IL-1β and TNF-α: Increase the expression of adhesion molecules on vascular endothelial cells and enhance vascular permeability, allowing plasma fluids and proteins to exit into the tissues.
IL-6: Acts on hepatocytes to induce the systemic synthesis of acute-phase proteins (e.g., C-reactive protein) and signals the hypothalamus to raise core body temperature (fever).
CXCL8 (IL-8): A specialized chemotactic cytokine (chemokine) that forms a localized gradient to guide migrating neutrophils directly to the site of infection.
IL-12: Stimulates NK cells and promotes the differentiation of T helper cell lineages.
GM-CSF: Signals the bone marrow to increase the production and mobilization of granulocytes and monocytes.
The Step-by-Step Cascade of Leukocyte Extravasation
Leukocytes circulating at high velocities within the bloodstream leave the vasculature and enter infected tissues through a tightly orchestrated, multi-step adhesion cascade:
Step 1: Endothelial Activation. Local macrophage-derived TNF-α and IL-1β stimulate the surrounding vascular endothelial cells, triggering the surface expression of selectin adhesion molecules (P-selectin and E-selectin).
Step 2: Rolling Adhesion. Circulating neutrophils express carbohydrate ligands that form low-affinity, transient bonds with these endothelial selectins. Under the shear stress of blood flow, these bonds continually form and break, causing the leukocyte to slow down and roll along the inner blood vessel wall.
Step 3: Chemokine Binding & Integrin Activation. As the cell rolls, its surface chemokine receptors bind to tissue-derived chemokines (such as CXCL8) immobilized on the endothelial surface. This signaling induces a rapid conformational change in the leukocyte's surface integrins (e.g., LFA-1), converting them from a low-affinity state to a high-affinity state.
Step 4: Stable Adhesion. The high-affinity integrins bind tightly to counter-receptors on the endothelial cells (such as ICAM-1). This high-affinity interaction arrests the leukocyte's movement, causing it to flatten against the vessel wall.
Step 5: Diapedesis (Transendothelial Migration). The arrested leukocyte squeezes between adjacent endothelial cells at the tight junctions, crossing the vascular basement membrane without disrupting vascular integrity.
Step 6: Chemotaxis. Once inside the extracellular matrix, the leukocyte follows the concentrated chemical gradient of chemokines directly to the point of origin of the pathogen invasion.
8. Key Summary Concepts
To synthesize your learning, always review the four core concepts of innate immunity:
1. Multilayered Barriers: The host body relies on a combination of mechanical tight junctions, chemical enzymes, and resident microbiota to prevent microbial colonization under physiological conditions.
2. Rapid Recognition: When boundaries are breached, conserved PAMPs signal to germline-encoded PRRs, indicating that host barriers have been compromised.
3. Specialized Cellular Armament: The cellular innate system utilizes highly coordinated effectors, including short-lived phagocytic neutrophils, long-lived M1/M2 macrophages, granulocytic antiparasitic cells, and cytolytic NK cells.
4. Precision Homing: Leukocytes are directed from blood circulation to infected tissues via a step-by-step adhesion cascade governed by cytokines and a chemokine gradient.
Instructor Note: By mastering these concepts, you will understand how the innate immune system forms an immediate, robust response that controls infections during the crucial 0-96 hour window before adaptive immunity becomes fully operational.
Barrier Category
Skin
Gut
Lungs
Eyes / Nose / Oral Cavity
Mechanical
Epithelial cells joined by tight junctions; longitudinal flow of air or fluid.
Epithelial cells joined by tight junctions; longitudinal flow of fluid.
Movement of mucus by specialized cilia.
Tears; nasal cilia movement.
Chemical
Fatty acids.
Low pH environment; digestive enzymes (e.g., pepsin).
Pulmonary surfactant.
Enzymes in tears and saliva (e.g., lysozyme).
Antimicrobial Peptides
α-defensins; lamellar bodies; cathelicidin.
α-defensins (cryptdins); RegIII (lecticidins); cathelicidin.
α-defensins; cathelicidin.
Histatins; β-defensins.
Microbiological
Normal resident microbiota.
Normal resident microbiota.
Inhaled air filtering (microbiota absent/protective at entries).
Normal resident microbiota.
Clinical Correlation: The identical biophysical cascade governs the homing of adaptive B and T lymphocytes toward secondary lymphoid organs to facilitate antigen presentation and adaptive activation, utilizing distinct combinations of selectins, integrins, and chemokines.",
The adaptive immune system,"Comprehensive Medical Guide to the Adaptive Immune System
Based on Monash School of Medicine Lecture Notes (MED1100/1200)
Comprehensive Instructor-Compiled Review Article
Introduction: Innate vs. Adaptive Immunity
The human immune system relies on a coordinated dual-defense strategy comprised of innate and adaptive immune branches to safeguard survival against pathological challenges. While both systems cooperate closely, they are fundamentally distinguished by their recognition mechanisms, genetics, and kinetics.
Innate Immunity: This system recognizes structural features common to broad groups of pathogens (approximately 1,000 evolutionarily conserved structures known as Pathogen-Associated Molecular Patterns, or PAMPs). Receptors are germline-encoded and identical across all cells expressing them. Consequently, the innate immune response remains identical in every subsequent encounter, providing immediate but fixed protection critical for initial survival.
Adaptive Immunity: This branch recognizes distinct molecular details unique to any specific pathogen. Pathogen receptors are located on the plasma membrane of B and T lymphocytes. Unlike innate receptors, adaptive receptors are formed post-germline via complex somatic recombination processes. Crucially, the adaptive immune response is enhanced with each subsequent encounter, providing immunological memory and tailored, highly potent defense mechanisms.
Section 1: Antigen Processing and Presentation
T lymphocytes cannot directly bind or recognize native, intact pathogens. Instead, they require pathogens to be fragmented into short peptides, loaded onto specific surface molecules, and presented on plasma membranes. This sequence is known as the Major Histocompatibility Complex (MHC) presentation pathway.
The Three-Signal Model for T Cell Activation
To switch a naive T cell from a resting state to an active effector state, three distinct sequential signals must be delivered. This robust threshold prevents accidental activation and subsequent autoimmunity. Only professional Dendritic Cells (DCs) possess the full suite of cellular machinery necessary to deliver all three signals simultaneously:
Signal 1 (Antigen Recognition): The T Cell Receptor (TCR) directly interacts with the peptide:MHC complex presented on the surface of an Antigen-Presenting Cell (APC).
Signal 2 (Co-stimulation): The co-receptor on the T cell interacts with co-stimulatory molecules (e.g., B7 family molecules) upregulated on the mature APC following pathogen recognition.
Signal 3 (Cytokines): The APC secretes specific polarizing cytokines that bind to receptors on the T cell, directing its differentiation into tailored functional subsets.
MHC Structural Architecture and Expression Profiles
MHC Class I and Class II molecules share a common structural layout designed to safely exhibit antigens, consisting of a transmembrane domain, an invariant domain, and a highly specialized peptide binding cleft.
MHC Class I: Expressed on all nucleated cells in the human body. Its invariant domain is identical across all Class I molecules and serves as the specific docking site for the CD8 co-receptor of cytotoxic T cells. This allows any cell to report intracellular viral infections or malignant transformations.
MHC Class II: Expressed exclusively on professional Antigen-Presenting Cells (APCs), including Dendritic Cells, Macrophages, and B cells. Its invariant domain is universally recognized by the CD4 co-receptor of helper T cells, limiting its display to cells capable of orchestrating systemic immune responses.
Dual Antigen Presentation Pathways
MHC Class II (Extracellular Pathway): Processes antigens originating from extracellular sources (e.g., extracellular bacteria, fungi). Pathogens are internalized via phagocytosis or endocytosis and degraded into small peptides within endosomes. Concurrently, MHC Class II molecules synthesized in the Endoplasmic Reticulum (ER) travel in vesicles that fuse with these antigen-containing endosomes. Peptides are loaded into the cleft, and the stable peptide:MHC Class II complex is transported to the cell surface for presentation to CD4+ T helper cells.
MHC Class I (Intracellular/Cytosolic Pathway): Processes antigens originating from internal, cytosolic sources (e.g., replicating viruses, obligate intracellular bacteria). Cytosolic proteins are tagged with ubiquitin and targeted to the barrel-shaped proteasome complex for degradation into short peptides. These peptides are actively pumped across the ER membrane via the Transporter associated with Antigen Processing (TAP). Inside the ER, the peptides are loaded onto freshly synthesized MHC Class I molecules before the stable peptide:MHC Class I complex is trafficked to the cell surface for display to CD8+ cytotoxic T cells.
The Genetics of MHC: Polygenism, Co-dominance, and Polymorphism
Because pathogen recognition by T cells is absolutely vital to the survival of a species, human genetics has evolved to ensure that every individual can process and present an exceptionally wide array of structural fragments. This is achieved through three genetic properties:
Polygenic: The human genome contains multiple distinct genes encoding separate MHC classes on each chromosome. For MHC Class I, individuals possess three distinct genes per chromosome: HLA-A, HLA-B, and HLA-C (six total). For MHC Class II, there are three distinct genes: HLA-DR, HLA-DQ, and HLA-DP (six total). Each gene encodes a fully functional, separate presenting protein.
Co-dominant Expression: Every single inherited MHC gene is actively expressed simultaneously on the cell surface. There are no recessive MHC alleles; the maternal and paternal sets are co-expressed, maximizing the diversity of presentation on an individual cell.
Polymorphic: MHC genes represent some of the most polymorphic loci in the entire human genome, meaning hundreds to thousands of different alleles exist across the global population. Point mutations that alter the amino acid sequence of the peptide-binding cleft are selected for over evolutionary time because they broaden the species' protective repertoire. Population allele estimates include over 8,098 HLA-A, 9,656 HLA-B, 8,084 HLA-C, and thousands of HLA-DR, DQ, and DP variants, providing massive herd protection against pandemic pathogens.
Section 2: Antigen Receptors (BCR and TCR)
Lymphocytes do not synthesize receptors in response to encountering a pathogen. Instead, a vast pre-existing repertoire of billions of distinct B and T cell receptors is generated during development in the primary lymphoid organs (bone marrow for B cells, thymus for T cells). These receptors must recognize a foreign structural shape before an active adaptive response can be mounted.
The B Cell Receptor (BCR)
The BCR is a membrane-bound antibody molecule shaped like a symmetric 'Y' structure with two identical antigen-binding sites. It contains:
Heavy and Light Chains: Composed of two identical heavy chains and two identical light chains, stabilized by disulfide bonds.
Variable and Constant Regions: The variable regions form the antigen-binding sites at the tips of the 'Y' arms, recognizing the 'shape' (native tertiary conformation) of intact antigens. The constant region forms the stem and dictates effector handling.
Fab and Fc Domains: The Antigen-Binding Fragments (Fab) are flexible via a central hinge region, while the Crystallizable Fragment (Fc) stem anchors the receptor into the plasma membrane.
Ligand Range: Unlike T cells, BCRs can directly recognize an immense structural range of native molecules from varying sources, including proteins, lipids, carbohydrates, nucleic acids, and small chemical moieties.
The T Cell Receptor (TCR)
The TCR is a strictly membrane-bound heterodimer composed of an alpha (α) chain and a beta (β) chain that form a single antigen-binding site. The TCR is never secreted. It interacts tightly with both the antigenic peptide and the surrounding alpha-helices of the presenting self-MHC molecule (peptide:MHC complex). Functional identity is reinforced by co-receptors:
CD4 Expression: Restricts the T cell to interacting with MHC Class II, driving development into a T helper cell.
CD8 Expression: Restricts the T cell to interacting with MHC Class I, directing development into a cytotoxic killer T cell.
Somatic Recombination: Mechanics of Repertoire Diversity
The near-limitless diversity of the lymphocyte receptor repertoire is generated through an elegant genetic shuffling mechanism termed somatic recombination (or V(D)J recombination). Rather than dedicating a distinct gene to every individual receptor, lymphocyte precursors combinatorially combine distinct gene segments at random:
Gene Segments: The heavy chains of BCRs and the beta chains of TCRs are assembled from Variable (V), Diversity (D), and Joining (J) gene segments. The light chains of BCRs and the alpha chains of TCRs omit the D segment, using only Variable (V) and Joining (J) segments.
Combinatorial Shuffling: Precursor cells physically cut and splice germline DNA, sequentially joining a D segment to a J segment, and then a V segment to the combined DJ product. Because there are dozens of different V, D, and J segments in the germline, random combinatorial assembly generates millions of unique sequence combinations.
Junctional Diversity: During the cutting and joining process, specialized enzymes randomly add or delete nucleotides at the splice junctions. This random modification creates an essentially infinite number of unique genetic sequences, ensuring a total receptor repertoire capable of recognizing any potential foreign antigen.
Section 3: Effector Mechanics of T Cell-Mediated Immunity
CD4+ Helper T Cells: Orchestrators of the Immune Response
Once activated by professional dendritic cells, CD4+ T helper cells differentiate into highly specialized functional subsets tailored to combat specific categories of microscopic invaders. They coordinate the systemic response by producing distinct cytokine profiles:
Intracellular Pathogen Profiles: Drive classical macrophage activation, substantially increasing their phagocytic capacity, production of inflammatory mediators, and efficiency of antigen presentation to clear intracellular bacteria or viruses.
Extracellular Parasite/Helminth Profiles: Recruit and activate eosinophils and mast cells, inducing toxic granule release, hyper-secretion of mucus, and elevated intestinal peristalsis to physically expel large multi-cellular parasites, while driving B cell class-switching to IgE.
Extracellular Bacteria and Fungi Profiles: Promote high-volume neutrophil recruitment and activation, driving robust phagocytosis and the localized production of antimicrobial defensins to secure epithelial barriers.
Immunological Tolerance Profiles: Inhibit the expression of APC co-stimulatory molecules, suppress active T cells, secrete anti-inflammatory cytokines, and promote functional anergy or regulatory control to limit tissue damage.
CD8+ Cytotoxic T Cells: Serial Killers of the Immune System
CD8+ Cytotoxic T Lymphocytes (CTLs) are dedicated to eliminating virally infected cells and altered tumor targets. Like B cells and CD4+ T cells, naive CD8+ cells require three independent signals to activate, frequently relying on CD4+ T helper cells to supply critical Signal 3 cytokines. However, once a CD8+ T cell is fully activated into an effector cell, its requirements change dramatically: it becomes a highly efficient serial killer that only requires Signal 1 (antigen recognition of peptide:MHC Class I) to destroy a target cell. CTLs deliver lethal hits through two primary pathways:
Perforin and Granzyme Secretion: CTLs exocytose specialized cytolytic granules directly into the immunological synapse formed with the target cell. Perforin molecules polymerize to form physical channels or pores in the target cell's membrane. Granzymes (serine proteases) enter through these pores and enzymatically trigger executioner cascades, driving rapid, clean apoptosis.
Pro-inflammatory Cytokine Secretion: CTLs release high concentrations of Interferon-gamma (IFN-γ) and Tumor Necrosis Factor-alpha (TNF-α), which mediate potent antiviral, anti-tumor, and localized tissue-regulatory actions.
Section 4: Effector Mechanics of B Cell-Mediated (Humoral) Immunity
Class Switching to Plasma Cells
Naive B cells express surface-bound IgM and IgD. When activated by an antigen encounter and supported by helper T cell cytokines (Signal 3), they undergo a permanent genetic rearrangement within the germinal centers of the spleen or lymph nodes known as class switching (or isotype switching).
Antibody Isotype Profiles and Anatomical Distribution
The heavy chain isotype determines the antibody's spatial configuration and its systemic anatomical distribution, placing specific functional defenses where they are most critically required:
Immunoglobulin G (IgG): The most abundant antibody in blood and extracellular fluids. It is uniquely capable of cross-placental transfer, providing vital passive immunity to the developing fetus.
Immunoglobulin M (IgM): Secreted as a high-molecular-weight pentamer linked by a J chain. It is heavily restricted to blood and lymphatic circulation, forming an efficient early line of defense.
Immunoglobulin A (IgA): Secreted as a dimeric molecule linked by a secretory component. It is selectively transported across epithelial sheets onto mucosal surfaces (gastrointestinal, respiratory, and urogenital tracts) and into breast milk, neutralizing pathogens before they cross epithelial barriers.
Immunoglobulin E (IgE): Found at low circulating levels in blood, but binds with extremely high affinity to specialized Fc receptors on the surface of mast cells and basophils located below the skin and mucosal borders.
The Four Effector Functions of Humoral Immunity
Antibodies are dual-function adaptors: their variable Fab arms bind exclusively to the foreign antigen, while their constant Fc stems interact with host immune cells or complement proteins to execute a range of clearance mechanisms:
1. Neutralization: Antibodies completely block the infectivity of microbes and the pathological actions of toxins. By binding to microbial surface proteins, antibodies physically prevent the microbe from crossing epithelial barriers or engaging host cell receptors. Similarly, they block toxin molecules from binding to their target receptors, neutralizing their cellular toxicity.
2. Opsonization: Antibodies coat the surface of a pathogen, acting as flags (opsonins) that markedly enhance phagocytosis. Phagocytic cells (macrophages and neutrophils) express surface Fc receptors that bind tightly to the exposed Fc stems of the bound antibodies, inducing rapid engulfment and destruction.
3. Complement Activation: When multiple IgG molecules or a pentameric IgM molecule bind to a pathogen's surface, their Fc regions undergo a conformational change that exposes binding sites for the C1q complement factor. C1q docking initiates the classical complement cascade, creating a biochemical amplification loop that deposits opsonins on the pathogen and forms the lytic Membrane Attack Complex (MAC).
4. Antibody-Dependent Cellular Cytotoxicity (ADCC): When a host cell becomes infected with an intracellular virus or undergoes malignant changes, it displays foreign antigens on its plasma membrane. IgG antibodies bind to these surface antigens. Natural Killer (NK) cells express low-affinity Fc receptors that engage these bound antibodies. Cross-linking of these receptors triggers directional exocytosis of cytolytic granules, destroying the target cell.
5. Sensitization of Mast Cells: IgE antibodies bind via their Fc stems to high-affinity receptors on mast cells. When a pathogen or allergen subsequently cross-links these bound IgE molecules, it triggers immediate mast cell degranulation. This releases potent inflammatory mediators, driving a localized allergic or anti-parasitic response.
Conclusion: Phases of the Adaptive Immune Response and Memory
A classic adaptive immune response proceeds through five strictly controlled, highly predictable physiological phases:
1. Infection: The host barrier is breached, allowing a pathogen to gain entry and establish a local infection.
2. Innate Response: Innate immune cells immediately respond, attempting to contain the threat and initiating localized inflammation.
3. Induction of Adaptive Response: Antigen concentrations surpass a critical activation threshold, driving professional dendritic cells to mature, migrate to secondary lymphoid tissues, and deliver the three necessary activation signals to naive lymphocytes.
4. Effector Mechanisms: Clonal expansion generates large numbers of effector T cells and plasma cells. These exit primary tissues and travel via circulation to eliminate the pathogen via cell-mediated and humoral mechanics.
5. Memory: Following pathogen clearance, the vast majority of effector cells undergo apoptosis to maintain homeostasis. However, a small fraction differentiates into long-lived memory T and B lymphocytes. These memory populations survive for decades, providing rapid, highly potent responses upon subsequent re-exposure to the same pathogen. This rapid reactivity forms the biological basis of naturally acquired immunity and modern vaccination strategies.
The Role of Dendritic Cells as Cellular Instructors:
Dendritic cells patrol peripheral tissues as highly efficient phagocytes but poor antigen presenters. Upon capturing a pathogen via Pattern Recognition Receptors (PRRs), they migrate to regional lymph nodes. This migration triggers DC maturation: they stop phagocytosis and become supercharged antigen-presenting cells. During migration, they process the pathogen via the MHC pathway (Signal 1), upregulate co-stimulatory molecules (Signal 2), and produce pro-inflammatory cytokines tailored to the specific type of PAMP detected (Signal 3).
The Peptide Binding Cleft:
The cleft can only accommodate a single peptide at a time, but it exhibits broad binding specificity, allowing many different peptides with matching anchor residues to 'fit'. The binding between the peptide and the cleft is remarkably stable, ensuring that the complex remains intact long enough for surveying T cells to interact. Crucially, empty MHC molecules are unstable and degrade rapidly; an MHC molecule is only stable when a peptide is securely bound within its cleft.
The Principles of Isotype Switching:
During class switching, the variable antigen-binding domain remains completely unaltered, meaning the antibody's specificity for its target stays identical. However, the constant region of the heavy chain undergoes loop-out DNA recombination. This replaces the default IgM constant region with a downstream constant region (such as IgG, IgA, or IgE). Isotype switching is strictly dependent on antigen encounter and helper T cell instruction; without these, switching is impossible. Furthermore, because intervening genomic DNA is physically excised and discarded, isotype switching is completely irreversible.",
Infection and immunity,"1. Foundations of Immunology: Innate vs. Adaptive Immunity
The human immune system is a beautifully integrated, redundant network designed to neutralize foreign pathogens while maintaining homeostatic self-tolerance. The immune response operates across a spectrum of sophistication that scales dynamically with the severity and duration of an infectious threat. This system is classically bifurcated into two primary branches—innate and adaptive immunity—which perform distinct yet deeply interdependent functions.
Comparative Analysis of Core Features
The concept of redundancy and sophistication is critical: as a pathogen evades early mechanisms, the body deploys progressively targeted weapons. Importantly, a complete absence of either branch yields fatal outcomes. A lack of the innate immune system causes an immediate, uncontrolled vertical spike in pathogen load, resulting in rapid mortality. Conversely, a lack of the adaptive immune system allows the innate response to initially control the pathogen load, plateauing the kinetics temporarily, but the inability to clear the agent ultimately leads to chronic progression and death.
2. Host Defense Against Viral Pathogens
Viruses are obligate intracellular pathogens that must infect host cells to replicate, hijacking host metabolic machinery before lysing or budding from the cell to infect subsequent targets. Viruses induce pathology via cellular destruction, interference with normal physiological cell functions (including direct suppression of host immune cells), and cellular transformation (oncogenesis).
Innate Antiviral Responses
Upon breaching the skin or epithelial barriers, viral entry activates structural cells and resident leukocytes via Pattern Recognition Receptors (PRRs). Multiple distinct classes of PRRs are activated simultaneously by viral nucleic acids (such as double-stranded RNA or uncapped DNA) or viral capsids. This concurrent activation tails and strengthens the downstream response by stimulating transcription factors that drive expression of pro-inflammatory cytokines, chemokines, and Type I Interferons (IFN-α and IFN-β).
Type I Interferons (IFN-α/β): Directly inhibit intracellular viral replication in neighboring cells by inducing an 'antiviral state' (upregulating protein kinase R and MX proteins) and concurrently enhance the cytotoxic capabilities of Natural Killer (NK) cells.
Natural Killer (NK) Cells: Innate cytotoxic lymphocytes that induce apoptosis in virally infected cells. They release perforin and granzymes, secrete high levels of IFN-γ to activate local macrophages, and recognize coated target cells via Antibody-Dependent Cellular Cytotoxicity (ADCC).
Neutrophils: While phagocytosis is not the predominant viral clearance mechanism, it does occur for certain viral particles. Critically, neutrophils execute degranulation and project Neutrophil Extracellular Traps (NETs)—chromatin meshworks detailed with antimicrobial proteins—to physically trap and neutralize circulating virions.
Adaptive Antiviral Responses
The adaptive clearance of viruses involves a tightly orchestrated combination of cell-mediated and humoral mechanisms. Humoral immunity focuses primarily on free extracellular virions, whereas cell-mediated immunity destroys infected host cells.
Cytotoxic T Lymphocytes (CD8+ CTLs): The cornerstone of viral eradication. CTLs identify specific viral peptides presented on the surface of host cells within Major Histocompatibility Complex (MHC) Class I molecules. Upon ligation, they discharge specialized cytotoxic granules, inducing target cell apoptosis, and secrete potent pro-inflammatory cytokines like IFN-γ and TNF-α.
B Lymphocytes and Antibodies: B cells function as professional Antigen-Presenting Cells (APCs), presenting endocytosed viral components on MHC Class II to CD4+ helper T cells, further driving T-cell activation and cytokine production. Differentiated plasma cells produce neutralizing antibodies that physically block viral entry into host receptors, act as opsonins for phagocytosis, and trigger ADCC.
Systemic Coordination: The Physiology of Fever
The production of Tumor Necrosis Factor-alpha (TNF-α) and other acute-phase pyrogenic cytokines coordinates systemic physiological changes, most notably fever. Clinically, fever is an evolutionarily conserved mechanism that significantly improves survival and accelerates infection resolution. Fever functions by directly slowing the replication rate of temperature-sensitive microbes and augmenting host immune cell performance:
NK cell migration and effector functions are dramatically increased.
Dendritic cells demonstrate enhanced phagocytic capability, upregulate MHC expression, and increase IFN-α output.
Lymphocyte (T and B cell) transendothelial migration into lymphoid tissues is amplified.
Lymphocyte activation and subsequent clonal proliferation rates are augmented.
Clinical Note: Antipyretic medications given to reduce fever can be associated with prolonged infection or decreased survival, though uncontrolled hyperpyrexia must be carefully managed to avoid direct tissue damage.
Viral Immune Evasion Strategies
Viruses have evolved elegant evasion strategies to counter these mechanisms:
Latency: Entering a quiescent genetic state within host cells, avoiding presentation and detection (e.g., Herpesviruses).
Antigenic Variation: Rapidly mutating surface epitopes (antigenic drift/shift) to render pre-existing antibodies obsolete (e.g., Influenza, HIV).
Inhibition of MHC Class I Expression: Blocking antigen processing or transport (e.g., TAP inhibition), hiding infected cells from CD8+ CTL recognition.
Suppression of NK Cell Activity: Expressing decoy MHC homologues to deliver inhibitory signals to NK cell receptors.
Production of Inhibitory Cytokines: Synthesizing viral homologues of immunosuppressive cytokines (e.g., viral IL-10) to quiet down localized inflammation.
3. Host Defense Against Extracellular Bacterial Pathogens
Bacterial pathogens present unique metabolic and structural challenges. While some bacteria are obligate intracellular pathogens (requiring host machinery) or facultative intracellular pathogens (invading cells optionally to escape antibody recognition), extracellular bacteria replicate primarily outside of host cells, colonizing mucosal linings, interstitial spaces, and vascular fluids.
Pathology and Bacterial Evasion Mechanisms
Extracellular bacteria drive damage via localized tissue destruction, toxic byproduct secretion, and the induction of profound inflammatory cascades. In severe instances, systemic dissemination leads to sepsis, characterized by severe abnormalities in blood perfusion, disseminated intravascular coagulation (DIC), metabolic crises, and multiorgan failure—primarily driven by macrophage-derived overproduction of hyper-inflammatory cytokines. Furthermore, bacteria expressing 'superantigens' cause non-specific, massive polyclonal T-cell activation, precipitating a life-threatening cytokine storm. Some bacteria also synthesize disease-producing antibodies that cross-react with self-tissues via molecular mimicry.
Bacterial evasion mechanisms include:
Antigenic Variation: Altering surface pili or capsular polysaccharides to evade memory humoral responses.
Inhibition of Complement Activation: Degrading complement fragments or binding regulatory proteins (like Factor H) to prevent MAC formation.
Resistance to Phagocytosis: Developing thick, hydrophilic polysaccharide capsules that hide surface ligands from phagocytic receptors.
Scavenging of Reactive Oxygen Species (ROS): Producing catalase or superoxide dismutase to neutralize the oxidative burst within host phagolysosomes.
Innate Defenses at Mucosal and Cutaneous Interfaces
Transmission occurs mostly via environmental contact, contaminated food, or direct contact with vectors, typically targeting host mucosal surfaces. At these sites, the host maintains an sophisticated innate barrier system:
Commensal Microbiota: Normal resident microflora outcompete pathogens for metabolic niches, prime local immune cells, strengthen anatomical tight junctions, and present decoy antigens that divert bacterial pathogenic binding.
Antimicrobial Peptides (AMPs): Defensins, secreted by both host epithelial cells and resident microbiota, possess broad-spectrum activity against Gram-positive and Gram-negative species by directly disrupting their cellular membranes. Upregulated by specific cytokine pathways, they destroy bacterial structural integrity.
Lysozymes: Enzymes rich in cutaneous secretions, tears, and saliva that enzymatically cleave the peptidoglycan cell walls of Gram-positive bacteria.
Cellular and Humoral Eradication Pathways
Once barriers are breached, phagocytic recruitment and the complement system serve as the primary innate effectors, which are subsequently amplified and directed by adaptive T helper cell subsets.
Phagocytosis and PRR Upregulation: Neutrophils and macrophages migrate toward chemokine gradients. The engagement of specific PRRs (primarily TLRs) by bacterial PAMPs (like LPS or peptidoglycan) triggers intracellular signaling loops that enhance the phagocyte's enzymatic and oxidative killing mechanisms within the phagolysosome.
The Complement Cascade: Acts as a potent opsonin (C3b coating) to facilitate phagocytosis, functions as an inflammatory chemoattractant (C3a, C5a), and directly punches holes in susceptible bacterial membranes via the Membrane Attack Complex (MAC).
Dendritic Cell Orchestration: Dendritic cells process bacterial proteins and map the exact nature of the infection via the specific subset of PRRs stimulated. This dictates the downstream differentiation of naive CD4+ T cells into specific T-helper lineages and coordinates antibody isotype switching.
TH17 Lineage Polarization: CD4+ T helper cells responsive to extracellular bacteria differentiate into TH17 cells, which secrete IL-17 and IL-22. These cytokines drive mass recruitment of neutrophils and monocytes to the infection site, enhance neutrophil effector functions, and induce local epithelial cells to produce broad-spectrum antimicrobial peptides.
Humoral Isotype Execution: The humoral response utilizes distinct antibody isotypes tailored to specific anatomical compartments. For T-independent antigens (such as bacterial capsular polysaccharides), B cells produce rapid IgM to efficiently activate complement. For T-dependent protein antigens, isotype switching occurs: IgG is synthesized to act as a systemic opsonin, neutralize bacterial toxins, and drive complement; while dimeric IgA is actively secreted across mucosal surfaces to neutralize bacteria in the lumens of the respiratory and gastrointestinal tracts.
Conclusion: The Integrated Immune Paradigm
Ultimately, the innate and adaptive immune responses are not independent paths but rather an integrated system. The innate response acts as the critical, rapid-acting vanguard; it restricts early pathogen kinetics and gathers vital structural intelligence. These initial innate-pathogen interactions determine the exact transcription factor pathways activated, tailoring the slower, hyper-sophisticated adaptive response to the precise type of invading pathogen. In return, the adaptive response deploys antigen-specific antibodies and helper cytokines that supercharge the clearance efficiency of innate phagocytes, granulocytes, and chemical networks, achieving pathogen clearance and establishing long-term protective immunity.
References
Document generated using content integrated from Monash University School of Medicine lecture notes on 'Innate and adaptive immune responses to infection' (MED1100/1200 Immunology Core Curriculum).
Innate and Adaptive Immune Responses to Infection
Comprehensive Medical Reference Guide & Lecture Integration
The Four Key Phases of the Immune Response:
1. Containment by Anatomic Barriers: The immediate prevention of entry via physical and chemical barriers. If this fails, infection is established.
2. Recognition by Preformed, Non-Specific, and Broadly Specific Effectors: Occurs instantly to neutralize early threats. If failed, it triggers next steps.
3. Early Induced Innate Response (4 to 96 Hours): Involves the recruitment of effector cells, recognition of Pathogen-Associated Molecular Patterns (PAMPs), activation of localized inflammation, and chemical clearance mechanisms.
4. Adaptive Immune Response (>96 Hours): Triggered by the active transport of antigen to peripheral lymphoid organs, where naive B and T lymphocytes recognize specific epitopes, leading to massive clonal expansion, differentiation, and systemic execution.
Feature
Innate Immunity
Adaptive Immunity
Response Time
Immediate (minutes to hours); requires a single activating signal.
Delayed (days to weeks); requires multiple coordinating signals and clonal expansion.
Response to Repeat Exposure
Identical to primary exposure; no alteration in kinetics or magnitude.
Rapid and highly augmented; relies on the generation of robust immunological memory.
Major Components
Physical/chemical barriers, Pattern Recognition Receptors (PRRs), complement cascade, phagocytes (macrophages, neutrophils), and granulocytes.
Antigen-specific receptors (TCR/BCR), lymphocytes (T and B cells), plasma cells, and antibodies.",
Antimicrobial resistance and resistance transfer,"Antimicrobial Resistance and Resistance Transfer
Monash School of Medicine | MED1100/1200: The Enemies of Cells
Based on lectures by Associate Professor Meredith Hughes
Compiled by PHE Champions: Jesselyn Sin, James Sharp, and Hugo Vu
1. Educational Framework & Learning Outcomes
This document compiles a comprehensive, expert-level analysis of antibiotic resistance and genetic transfer mechanisms based on core medical curriculum materials. The pedagogical framework centers around four foundational learning outcomes:
Outcome 1: Define antibiotic resistance and systematically appreciate its multi-faceted impact within healthcare environments.
Outcome 2: Enumerate the major cellular targets of antimicrobial agents and relate them explicitly to the structural and biochemical differences between prokaryotic bacteria and eukaryotic cells.
Outcome 3: Characterize the distinct phenotypic mechanisms of antibiotic resistance and map how resistance components are transferred vertically and horizontally.
Outcome 4: Elucidate the core socioeconomic and environmental drivers of antibiotic resistance and demonstrate how a collaborative One-Health approach can be implemented to combat them.
2. Definitive Medical Terminology
To engage in advanced antimicrobial pharmacology, precise clinical definitions are mandatory:
Antimicrobials: Classes of medicines engineered to inhibit the growth of or directly eliminate pathogenic infectious disease agents in humans, animals, and agricultural ecosystems. This broad umbrella includes antibiotics (antibacterial), antivirals, antifungals, and antiparasitics.
Antimicrobial Resistance (AMR): The biological capability of a microorganism (bacterium, virus, fungus, or parasite) to withstand, neutralize, or completely resist the bactericidal, fungicidal, viricidal, or parasiticidal effects of a specific chemotherapeutic agent.
Antibiotic Resistance (Bacterial): A clinical-microbiological state where bacterial growth and replication are completely uninhibited by an antibiotic at drug concentrations that can be safely achieved in a patient's body using approved dosing regimens and protocols.
3. Epidemiological Burden & The Resistance Pipeline Crisis
Antimicrobial resistance stands as one of the preeminent global public health crises of the modern era. According to validated multi-country reviews (e.g., Murray et al., 2022), AMR directly contributed to approximately 5 million deaths globally in 2019 alone. Hospital-Acquired Infections (HAIs) and community-acquired multi-drug resistant strains are experiencing exponential growth, resulting in severe clinical complications, prolonged hospital stays, extreme financial strains on healthcare infrastructures, and elevated patient morbidity and mortality.
The Collapse of Therapeutic Pipeline Innovation
Concurrently, the pharmacological pipeline for novel anti-infective agents is in a critical state of decline. Market approvals for novel antibiotics have plummeted dramatically over the past four decades:
Peak Era: 1983–1987: ~16 new antibiotic approvals
Decline Begins: 1988–1992: ~14 approvals
Mid-Stage Decline: 1993–1997: ~10 approvals
Late-Stage Decline: 1998–2002: ~7 approvals
Critical Deficit: 2003–2007: ~5 approvals
Pipeline Crisis: 2008–2012: ~2 approvals
This rapid collapse in innovation means clinicians are exhausting therapeutic options while microbial selection continues unabated. Historically, the timeline reveals that almost immediately following the deployment of an antibiotic, resistance mechanisms are identified in clinical isolates (e.g., Salvarsan in 1910, Sulfonamides in 1935, Penicillin G in the 1940s, followed by Streptomycin, Chloramphenicol, Erythromycin, Tetracycline, Vancomycin, Cephalosporins, Linezolid, Daptomycin, and Ceftolozane/tazobactam).
The 2050 Macro-Projections
If systematic global intervention is not achieved, macro-projections model an catastrophic shifts by the year 2050, where annual AMR-related deaths are anticipated to surge to 10,000,000. For epidemiological context, this would match or exceed modern cancer mortality rates and dwarf other major global causes of death:
AMR: AMR Projected (2050): 10,000,000 deaths annually (vs. 1,270,000 baseline current deaths)
Cancer Context: Malignant Neoplasms (Cancer): ~10,000,000 deaths currently
Metabolic Context: Diabetes Mellitus: ~1,500,000 deaths
Gastrointestinal Context: Diarrhoeal Diseases: ~1,400,000 deaths
Trauma Context: Road Traffic Accidents: ~1,200,000 deaths
Viral Disease Context: Measles: ~130,000 deaths
Bacterial Enteric Context: Cholera: 100,000–120,000 deaths
Clostridial Context: Tetanus: ~60,000 deaths
Clinical Implication: A failure to curb the AMR pandemic threatens to return modern medicine to the pre-antibiotic era. Under such conditions, routine medical interventions—including minor surgeries, elective joint replacements, caesarean sections, and cancer chemotherapy—would become inherently life-threatening due to untreatable opportunistic infections.
4. Case Study: Urgent Public Health Threat of Neisseria gonorrhoeae
The Centers for Disease Control and Prevention (CDC) and World Health Organization (WHO) classify drug-resistant Neisseria gonorrhoeae as an 'Urgent Threat' requiring immediate and aggressive action. N. gonorrhoeae is a highly infectious, easily transmissible, and common sexually transmitted pathogen responsible for severe reproductive complications, pelvic inflammatory disease, and systemic clinical manifestations. It presents with discharge and acute localized inflammation across the urethra, cervix, pharynx, and rectum.
Statistical Breakdown of Resistant Isolates
Out of an estimated 820,000 gonococcal cases occurring annually in the United States, approximately 30% (246,000 cases) present with confirmed resistance to at least one standard therapeutic antibiotic class. The internal breakdown highlights varying degrees of susceptibility:
Tetracycline Resistance: Confirmed resistance in 23% of annual cases (equivalent to ~188,600 patients).
Azithromycin Susceptibility Decline: Reduced susceptibility observed in <3% of isolates (~2,460 patients).
Ceftriaxone (Injectable Cephalosporin): Reduced susceptibility emerging in <1% of isolates (~3,280 patients). This is highly alarming as ceftriaxone forms the back-bone of current therapy.
Cefixime (Oral Cephalosporin): Reduced susceptibility emerging in <1% of isolates (~11,480 patients).
Globally, more than 10 countries have documented definitive clinical treatment failures secondary to N. gonorrhoeae strains displaying complete resistance to third-generation cephalosporins—our traditional 'last-line' defenses. Without continuous novel vaccine and drug development, gonorrhea is on a trajectory to becoming completely untreatable. In response, clinical guidelines have been strictly updated, restricting first-line therapy exclusively to a dual-regimen of injectable ceftriaxone combined with either oral azithromycin or doxycycline to delay further select resistance.
5. The 5 Major Cellular Targets of Antimicrobial Agents
The fundamental principle of antimicrobial chemotherapy is selective toxicity: a drug must be highly toxic to the targeted pathogen while remaining non-toxic to the eukaryotic host cell. This is achieved by targeting biochemical pathways and anatomical structures unique to prokaryotes. There are 5 major targets:
1. Cell Wall Synthesis Inhibition
Prokaryotes maintain an external peptidoglycan cell wall to withstand high internal osmotic pressures; eukaryotic human cells entirely lack this structure, providing an ideal target for selective toxicity. Antibiotics in this class disrupt peptidoglycan cross-linking or synthesis, precipitating osmotic lysis.
Key Pharmacology: Beta-lactams (Penicillins, Cephalosporins), Glycopeptides (Vancomycin), Bacitracin, and antimycobacterial agents like Isoniazid and Ethambutol (which specifically target the mycolic acid layer of the Mycobacterial cell wall).
2. Protein Synthesis Inhibition
Disruption of translation is achieved by selectively exploiting differences between the structural subunits of the prokaryotic ribosome (70S ribosome, composed of 50S and 30S subunits) and the eukaryotic ribosome (80S ribosome).
Key Pharmacology: Aminoglycosides and Tetracyclines (bind and inhibit the 30S subunit); Chloramphenicol and Macrolides (bind and inhibit the 50S subunit).
3. Cell Membrane Function Disruption
These agents bind specifically to distinct lipid molecules within the microbial membrane, altering its physical permeability and leading to immediate leakage of essential intracellular metabolites.
Key Pharmacology: Polymyxins (interact with lipid A/lipopolysaccharide in outer membranes); Polyenes (such as Amphotericin B, which function as antifungals by binding to fungal ergosterol while ignoring human cholesterol).
4. Metabolic Pathway Inhibition (Antimetabolites)
These drugs function as competitive structural analogs that bind and inhibit essential enzymes within metabolic cascades. A premier example is the bacterial folic acid synthesis pathway; bacteria must synthesize folates de novo, whereas humans ingest pre-formed dietary folic acid.
Key Pharmacology: Sulfonamides (competitively inhibit dihydropteroate synthase); Trimethoprim (inhibits dihydrofolate reductase); Dapsone.
5. Nucleic Acid Synthesis Inhibition
These agents inhibit the core machinery involved in replication and transcription by exploiting structural variations in bacterial topoisomerases and polymerases.
Key Pharmacology: Quinolones/Fluoroquinolones (inhibit DNA gyrase/topoisomerase II, preventing DNA unwinding); Rifampin (selectively binds and blocks bacterial RNA polymerase, preventing transcription); Actinomycin; specialized Nucleotide analogs.
6. Detailed Mechanisms of Antibiotic Resistance
Bacteria deploy distinct physical, genetic, and physiological strategies to resist antimicrobial therapies. These are broadly categorized into three core phenotypes: Intrinsic Resistance, Tolerance, and Acquired Resistance.
Phenotype A: Intrinsic Resistance (Structural/Built-in)
This refers to an inherent, natural, non-adaptive characteristic of a bacterial species due to its wild-type anatomical or structural makeup, rendering an entire class of drugs ineffective from the outset:
Lack of Susceptible Target: The bacterium naturally lacks the specific biochemical target that the drug is engineered to hit.
Natural Impermeability: The physical cell envelope is inherently impermeable to the molecule, preventing the drug from accumulating inside the cell.
Constitutive Enzymes: The species naturally expresses constitutive, baseline enzymes capable of neutralizing the compound.
Clinical Correlations: Classic Examples:
Mycobacterium tuberculosis: Displays absolute intrinsic resistance to Penicillin G due to an exceptionally thick, highly hydrophobic outer mycolic acid cell wall shell that prevents hydrophilic beta-lactams from penetrating.
Gram-Negative Bacteria vs. Vancomycin: Displays intrinsic resistance to Vancomycin. The large glycopeptide molecule is physically too bulky to pass through the porin channels embedded in the outer membrane of Gram-negative bacteria, preventing access to the underlying peptidoglycan layer.
Gram-Positive Bacteria vs. Polymyxins: Display intrinsic resistance to Polymyxins because their cell walls lack lipopolysaccharide (LPS), which is the mandatory initial binding target for polymyxin molecules.
Phenotype B: Tolerance (Non-Genetic/Physiological Phenotype)
In tolerance, the bacterial population remains genotypically sensitive to the antibiotic when tested in vitro, but survives in vivo due to a physiological or physical state that sequesters them from drug access or down-regulates active metabolic pathways:
Abscess Cavity Sequestration: Bacteria inside an encapsulated abscess cavity are physically shielded from the systemic vasculature. Because antibiotics cannot penetrate the thick fibrous wall effectively, successful therapy requires mandatory surgical incision and drainage combined with systemic drugs.
Tissue Dormancy: Bacteria can enter non-replicating, low-metabolic states of dormancy within host tissue for decades (e.g., latent Mycobacterium tuberculosis), remaining completely unaffected by drugs that target active replication or cell wall synthesis.
Protoplast Conversion: Under antibiotic selective pressure, certain bacteria temporarily shed their peptidoglycan cell walls and survive as unstable 'protoplasts' or L-forms. In this state, they are completely insensitive to cell-wall-active drugs, reverting back to walled forms once therapy ceases.
Foreign Bodies & Biofilms: The presence of indwelling foreign medical devices (e.g., prosthetic joints, cardiac valves, central venous catheters) provides an ideal surface for bacteria to form complex extracellular polymeric matrices known as biofilms. Biofilms severely restrict antibiotic penetration and house low-metabolic 'persister' cells.
Phenotype C: Acquired Resistance (Genetic Basis)
Acquired resistance occurs when a previously sensitive bacterial population undergoes a genotypic modification that renders it stable and heritarily resistant. This is driven by two main mechanisms:
Mechanism 1: Spontaneous Random Mutations
This involves stable modifications in the nucleotide sequence of the bacterial chromosome during replication. While these mutations occur at a low background frequency, exposure to sub-lethal, low-dose antibiotic concentrations creates strong selective pressure. It eliminates sensitive wild-type cells while allowing rare mutants to survive, replicate, and become the dominant population. These mutations typically alter the drug target site's conformation (preventing binding) or modify structural porins to restrict drug entry.
Mechanism 2: Horizontal Gene Transfer (HGT) of Mobile Genetic Elements
Unlike vertical inheritance, HGT allows bacteria to rapidly acquire entirely new blocks of pre-functional resistance genes from neighboring organisms, often across completely different species or genera. HGT occurs via three distinct pathways:
1. Transformation: The direct active binding and internal transport of naked, free DNA fragments released into the microenvironment by dead, lysed bacteria, followed by incorporation into the recipient chromosome.
2. Conjugation: The direct transfer of extra-chromosomal circular DNA molecules called plasmids from a donor bacterium to a recipient cell. This process is mediated by the physical assembly of a specialized protein bridge known as a sex pilus. Plasmids frequently encode multi-drug resistance cascades, allowing single-step resistance to multiple antibiotic classes.
3. Transduction: The accidental transfer of bacterial resistance genes from one cell to another via a viral vector (a bacteriophage). During the phage replication cycle, segments of bacterial DNA are mistakenly packaged into the viral capsid and injected into the next host bacterium.
Dissemination Amplification by Transposons: HGT efficiency is further amplified by specialized mobile segments of DNA known as Transposons ('jumping genes'). Transposons can actively excise themselves and move between the primary bacterial chromosome, plasmids, and bacteriophages, dramatically accelerating the intra-cellular and inter-cellular dissemination of resistance traits.
Biochemical Mechanisms of Acquired Resistance
Once a bacterium acquires resistance genes, it executes resistance through two primary biochemical strategies:
Modification or Destruction of the Agent: Production of specialized enzymes that chemically break down the antibiotic molecule (e.g., beta-lactamase cleavage of the penicillin ring) or append blocking chemical groups (e.g., phosphorylation, adenylation, or acetylation) that neutralize its pharmacological activity.
Active Efflux Mechanisms: Expression of specialized, energy-dependent transmembrane active transport proteins called Efflux Pumps. These pumps continuously capture antibiotic molecules that have crossed the cell envelope and actively eject them back into the extracellular space, keeping intracellular drug concentrations below toxic thresholds.
7. Current Preeminent Pathogen Threats
In clinical medicine, several multi-drug resistant pathogens pose severe treatment challenges:
1. MRSA & VRSA: Staphylococcus aureus displaying stable acquired resistance to all beta-lactams via altered penicillin-binding proteins (MRSA), and emerging strains showing high-level resistance to vancomycin via modified cell-wall precursors (VRSA).
2. Vancomycin-Resistant Enterococci (VRE): Enterococcus faecium and Enterococcus faecalis strains displaying modified target sites that render them completely resistant to glycopeptides, leaving few therapeutic alternatives.
3. Multi-Drug Resistant Gram-Negative Bacilli (MDR-GNB): Gram-negative bacilli (including Klebsiella pneumoniae, Escherichia coli, Acinetobacter baumannii, and Pseudomonas aeruginosa) that express advanced beta-lactamases:
• Extended-Spectrum Beta-Lactamases (ESBLs): Enzymes that neutralize all penicillins and cephalosporins.
• Carbapenem-Resistant Enterobacteriaceae (CRE) / Carbapenem-Resistant Organisms: Enzymes that degrade carbapenems—our premier last-resort drug class.
Molecular Genetics of Concern: Two specific high-priority resistance genes drive this Gram-negative resistance:
• blaKPC Gene: Encodes the Klebsiella pneumoniae carbapenemase enzyme, conferring high-level resistance to all standard beta-lactams and carbapenems.
• blaNDM-1 Gene: Encodes the New Delhi metallo-beta-lactamase-1 enzyme, an exceptionally aggressive carbapenemase that eliminates virtually all standard beta-lactam alternatives.
8. The One-Health Strategy to Combat the AMR Pandemic
Antimicrobial resistance cannot be resolved by focusing exclusively on human clinical medicine. AMR is a complex, interconnected planetary crisis spanning human healthcare, veterinary medicine, agricultural food production, and environmental ecology. To address this, international bodies champion the One-Health Framework.
The Core Anthropogenic and Environmental Drivers of AMR
1. Climate Change: Fluctuations in temperature and climate boundaries alter vector geography, accelerate microbial replication rates, and increase global infectious disease transmission, expanding the need for antimicrobial interventions.
2. Commercial Agriculture and Veterinary Overuse: Massive over-prescription and inappropriate use of antibiotics in human clinics (e.g., prescribing for viral upper respiratory infections), combined with the routine usage of critical human antibiotic classes as growth promoters in livestock and aquaculture.
3. Poverty and Poor Sanitation: A lack of clean water infrastructure, hand hygiene resources, and systematic infection isolation protocols facilitates the rapid, unchecked spread of resistant pathogens across populations.
4. Environmental Pollution and Microplastics: The release of active pharmaceutical effluent from manufacturing plants, hospital wastewater, and farm agricultural runoff directly into rivers and waterways. Crucially, microplastic pollution in waterways provides an optimal hydrophobic surface for bacteria to assemble in high-density biofilms, creating 'hotspots' that accelerate horizontal gene transfer.
Strategic Interventions of the One-Health Framework
To effectively mitigate the AMR crisis, five core pillars must be executed simultaneously:
1. Comprehensive Global Surveillance: Implementing unified international monitoring networks to dynamically track emerging infectious diseases and map evolving resistance patterns across human clinics, livestock populations, and environmental waterways.
2. Infection Prevention and Diagnostic Innovation: Enforcing stringent hygiene standards, universal handwashing protocols, and public health education. Simultaneously deploying rapid, point-of-care molecular diagnostics to distinguish viral from bacterial infections within minutes, and expanding global vaccine utilization to prevent infections from occurring.
3. Rigorous Global Stewardship: Executing aggressive Antibiotic Stewardship programs to restrict overuse. Clinicians must strictly adhere to validated clinical guidelines (such as the MIND ME CREED for prescribing), enforce an absolute ban on using critical human-class antibiotics in livestock growth promotion, and eliminate inappropriate prescriptions for viral etiologies.
4. Novel Antimicrobial Research: Accelerating investment and public policy into alternative anti-infective modalities, including targeted Phage Therapy (utilizing specific bacteriophages to lyse resistant strains) and advanced novel therapeutic vaccines.
5. Environmental and Socioeconomic Remediation: Concurrently mitigating climate change, resolving sanitation deficits, securing food production chains, and cleaning aquatic ecosystems of pharmaceutical and microplastic waste to systematically disrupt the environmental lifecycle of AMR.",
Parasitic infections,"A Comprehensive Reference Guide to Human Parasitic Infections
This guide provides a comprehensive synthesis of the medical microbiology, pathology, clinical manifestations, diagnosis, and pharmacological treatment of major human parasitic diseases, categorized into unicellular Protozoa and multicellular Helminths.
1. Foundations of Parasitology & Global Health Impact
In clinical medicine, while all infectious pathogens technically function as parasites, the specialized discipline of Parasitology focuses strictly on two distinct eukaryotic kingdoms: Protozoa and Helminths. Unlike simple prokaryotic bacteria or sub-microscopic viral particles, these organisms possess complex structures, sophisticated survival strategies, and intricate life cycles often utilizing multiple developmental stages and animal hosts.
Core Classifications
Protozoa: Unicellular eukaryotic pathogens that are dynamic, microscopic, and capable of rapid replication within a single host.
Helminths: Multicellular parasitic worms equipped with highly complex organ systems, ranging from microscopic larvae to extraordinary species reaching up to 10 metres in length.
The Epidemiology of Poverty and Neglected Tropical Diseases (NTDs)
The vast majority of globally significant parasitic infections are categorized by the World Health Organization as Neglected Tropical Diseases (NTDs). These conditions primarily affect impoverished, rural populations in tropical and subtropical zones. Their persistence is heavily driven by poor environmental sanitation, insufficient waste management, and unsafe drinking water, leading to a profound cycle of morbidity, nutritional deficiencies, and economic stagnancy.
2. Protozoan Parasitic Infections
A. Malaria (Plasmodium species)
Malaria remains the most lethal and economically destructive vector-borne disease affecting humankind. Over one-third of the global population resides within endemic tropical regions, with the disease precipitating over 200 million clinical cases and approximately 650,000 deaths annually, disproportionately claiming the lives of children under five and pregnant women. The economic toll in Africa alone is estimated at a staggering US $12 billion per year.
Etiology: Malaria is caused by five distinct species of the intracellular protozoan genus Plasmodium, most notably:
Plasmodium falciparum: The most severe, virulent, and lethal species, known for causing high parasitemia and microvascular obstruction.
Plasmodium vivax: Widespread species characterized by relapsing profiles due to dormant liver stages.
Other species: Plasmodium ovale, Plasmodium malariae, and Plasmodium knowlesi.
Transmission: Transmitted via the bite of infected female Anopheles (and occasionally Culex) mosquitoes, which inject motile sporozoites into the host during a blood meal.
Pathogenesis and Lifecycle: The lifecycle features a complex progression through multiple distinct anatomical phases:
1. Exoerythrocytic (Hepatic) Phase: Sporozoites rapidly migrate through the peripheral circulation to invade the liver, infecting hepatocytes where they undergo asymptomatic mitotic replication (schizogony).
2. Erythrocytic (Asexual/Symptomatic) Phase: Hepatocytes rupture, releasing thousands of merozoites into the blood. These merozoites infect erythrocytes, initiating a cyclical asexual replication loop (progression from ring stage to trophozoite, then to multinucleated schizont). The synchronous rupture of these red blood cells releases new merozoites and metabolic waste products, driving the clinical paroxysms of severe fever, chills, and sweating.
3. Sexual Phase: A subset of merozoites differentiates into sexual forms (male and female gametocytes), which are ingested by a feeding mosquito, completing the cycle via meiotic reproduction and oocyst formation in the insect's midgut.
Clinical Features and Complications: Uncomplicated malaria presents with flu-like symptoms, including cyclical paroxysms of intense coldness followed by spiking fevers and profuse sweating. Severe malaria, primarily caused by P. falciparum, features immense parasitemia and capillary obstruction via the adherence of infected red cells to vascular endothelial walls.
Cerebral malaria (leading to encephalopathy, seizures, and coma).
Severe hemolytic anemia and respiratory distress.
Hypoglycemia, acute kidney injury (AKI), and jaundice.
Placental insufficiency in pregnant individuals, resulting in low birth weight, stillbirth, and maternal mortality.
Diagnostic and Management Strategies: Diagnosing and managing malaria effectively requires multiple laboratory strategies:
Microscopy (Gold Standard): Thick smears maximize sensitivity for parasite detection, while thin smears permit definitive species identification. Staining is completed rapidly using Giemsa within hours of sample collection, requiring specialized microscopy staff.
Rapid Diagnostic Tests (RDTs): Immensely valuable field assays that detect specific malarial antigens from a single drop of blood within 15 minutes, though ideally confirmed later via microscopy.
Polymerase Chain Reaction (PCR): Highly advanced molecular assays providing roughly 10x greater sensitivity than traditional microscopy, though limited by higher operational costs in resource-poor endemic regions.
Treatment and Prevention: Widespread drug resistance complicates therapy, necessitating Artemisinin-based Combination Therapies (ACTs) such as Artesunate. Prophylaxis is critical for travelers, and rigorous vector management—including insecticide-treated bed nets, residual spraying, and DEET-based repellents—is essential.
B. Trichomoniasis (Trichomonas vaginalis)
Trichomonas vaginalis is a flagellated, motile protozoan that causes one of the most prevalent sexually transmitted infections globally. The organism colonizes the urogenital epithelium, specifically targeting the vagina and cervix in females, and the urethra and prostate gland in males. It has an incubation period spanning 5 to 28 days.
Clinical Presentation: Approaching 70% of infected individuals show no obvious signs of disease. Men are almost entirely asymptomatic vectors.
Pathology: Symptomatic women display classic malodorous, frothy vaginal discharge, severe dysuria, dyspareunia, and lower abdominal discomfort. Clinical speculum examination frequently reveals marked mucosal erythema and punctate ulcerations across the cervix, commonly referred to as a 'strawberry cervix'.
Complications: Chronic untreated infections can persist for months or years, significantly increasing vulnerable hosts' susceptibility to tracking other STDs, such as HIV, Chlamydia, and Gonorrhea.
Diagnosis: Direct wet-mount microscopy of vaginal fluid or urine looking for active, flagellated trophozoites (approx. 10 µm in size with an undulating membrane). If microscopy yields negative findings despite high suspicion, automated Rapid Antigen Tests or highly precise PCR options are utilized.
Treatment: Highly effective treatment is achieved via systemic Metronidazole. It is clinically essential to simultaneously screen for concurrent STDs and strictly treat all sexual partners to prevent cycle-based reinfection.
C. Toxoplasmosis (Toxoplasma gondii)
Toxoplasma gondii is a globally pervasive zoonotic protozoan capable of infecting up to one-third of the human population. Felines serve as the definitive host, where the parasite replicates sexually within the gastrointestinal tract and sheds highly resilient oocysts into the environment via cat feces.
Transmission Routes: Consuming raw or undercooked meats harboring tissue cysts; direct ingestion of infective oocysts via contaminated cat litter, soil, gardening, or compromised drinking water/food sources; and vertical transplacental transmission from a newly infected mother to her developing fetus.
Disease in Immunocompetent Individuals: In healthy hosts, infection initiates an acute, self-limiting systemic inflammatory response that is mostly unapparent or presents mildly with flu-like symptoms, myalgia, and localized lymphadenopathy. As the immune response controls the acute tachyzoite phase, the parasite differentiates into bradyzoites, forming persistent tissue cysts primarily within skeletal muscle, ocular structures, and the central nervous system.
Disease in Immunocompromised & Pregnant Individuals: Presents severe pathological risks. Immunocompromised patients (e.g., advanced HIV/AIDS) frequently face life-threatening reactivation of latent tissue cysts, manifesting as toxoplasmic encephalitis, focal brain lesions, or severe chorioretinitis. Primary maternal infection during pregnancy can lead to congenital toxoplasmosis, resulting in hydrocephalus, intracranial calcifications, chorioretinitis, neonatal jaundice, or stillbirth.
Diagnosis: Achieved through coordinated serology (IgG/IgM tracking), direct histology, and neuroradiology (CT/MRI finding classic ring-enhancing lesions in the brain). Advanced PCR testing of amniotic fluid or cerebrospinal fluid (CSF) provides definitive molecular evidence.
Treatment: Typically managed using combinations of Pyrimethamine and Sulfadiazine.
D. Giardiasis (Giardia duodenalis / intestinalis / lamblia)
Giardia duodenalis is a flagellated protozoan with a worldwide distribution, famously responsible for geographic clinical conditions like 'Bali belly' or 'hikers' diarrhea'. Remarkably, this parasite achieves successful propagation without relying on any insect vectors or specialized animal intermediate hosts.
Transmission and Pathogenesis: Acquired via the fecal-oral route through the ingestion of sturdy, infective cysts from contaminated water sources or food. Ingested cysts safely pass through stomach acid and hatch into active, binucleated trophozoites within the duodenum. These trophozoites utilize a specialized ventral feeding groove (sucker disk) to mechanically adhere to the small bowel microvilli, causing malabsorption of nutrients and fats.
Clinical Features: Characterized by severe abdominal pain, persistent bloating, flatulence, nausea, and acute or chronic diarrhea (lasting 6–8 weeks). Stools characteristically progress from watery to greasy, voluminous, and foul-smelling (steatorrhea) due to impaired fat absorption.
Diagnosis: Direct microscopy of stool samples to visualize characteristic tear-drop shaped trophozoites or oval cysts. To optimize diagnostic sensitivity, immunofluorescent antibody (IFA) staining or targeted molecular PCR panels are frequently utilized.
Treatment and Prevention: The frontline drug of choice is systemic Metronidazole or Tinidazole. Prevention is grounded in strictly avoiding potentially contaminated water, implementing thorough sanitation hygiene, and boiling questionable water sources for 1 to 3 minutes.
3. Multicellular Helminth Infections
Helminths are complex, macroscopic multicellular worms featuring specialized tissue layers and differentiated organ systems. They are medically divided into two major phyla based on their anatomical architecture:
A. Cestodes (Tapeworms)
Cestodes are elongated, segmented flatworms that colonize the human intestinal tract as adults. Medically important species include Taenia solium (pork tapeworm), Taenia saginata (beef tapeworm), Diphyllobothrium latum (fish tapeworm), and Echinococcus granulosus (the causative agent of hydatid cyst disease).
Pathogenesis and Lifecycle: Humans acquire the intestinal infection by consuming raw or undercooked meats containing encysted larvae (cysticerci). In the small intestine, the worm's specialized anterior attachment head—the scolex—anchors firmly into the mucosa. Taenia solium features an armature of four large suckers alongside two distinct rows of hooks, whereas Taenia saginata relies exclusively on four suckers without hooks. Once anchored, the worm buds off successive reproductive segments called proglottids, growing up to several meters long.
Clinical Picture: Adult intestinal infections are often completely asymptomatic or mild. However, they can contribute to progressive host malnutrition, anemia, and weight loss. Patients often first realize they are infected when they notice motile proglottid segments in their feces. A critical hazard occurs with T. solium: if humans accidentally ingest the eggs directly via fecal-oral contamination, the larvae can migrate to deeper tissues, causing neurocysticercosis (cysts in the brain), which leads to severe seizures.
B. Trematodes (Flukes)
Trematodes are unsegmented flatworms featuring flattened leaf-like bodies equipped with highly specialized muscular suckers or hooks for anatomical anchorage. While various fluke species mature within human intestines, liver tissue, or lungs, the blood flukes of the genus Schistosoma represent the most medically significant group, causing Schistosomiasis (Bilharzia). Globally, Schistosomiasis ranks second only to malaria in total socioeconomic impact and parasite-induced public health morbidity.
Medically Relevant Species: Schistosoma mansoni, Schistosoma hematobium, and Schistosoma japonicum.
Lifecycle and Transmission: Infective, free-swimming larval forms known as cercariae are released from specific freshwater snail intermediate hosts. These larvae actively penetrate the intact skin of humans swimming or working in contaminated water. They enter the venous circulation, migrate through the lungs and liver, and ultimately mature into adult worm pairs that reside within the venous plexuses surrounding the intestines or urinary bladder.
Pathology and Clinical Presentation: Adult worm pairs can survive and mate for 3 to 10 years within the host's venous system, continually producing hundreds of eggs. Disease pathology is not driven by the intravascular worms themselves, but by a chronic, granulomatous host immune response directed against eggs trapped in adjacent tissues. This causes extensive local fibrosis, chronic inflammation, portal hypertension, hepatosplenomegaly, or severe hematuria and bladder cancer (associated with S. hematobium).
Diagnosis: Microscopic identification of characteristic morphologically unique eggs in the stool or urine. Serological testing can also be used to track specific circulating antigens or antibodies.
Treatment: The standard treatment is the highly effective anti-helminthic drug Praziquantel.
C. Nematodes (Roundworms)
i. Hookworms (Ancylostoma duodenale & Necator americanus)
Hookworms are highly significant soil-transmitted helminths (STHs) affecting approximately 740 million people worldwide, primarily in regions with poor sanitation.
Acquisition and Migration: Infective microscopic larvae develop within warm, moist soil contaminated by human feces. These larvae actively penetrate the bare skin of a human host (typically through the feet), enter the bloodstream, travel to the lungs, are coughed up, and are then swallowed to reach their definitive home in the small intestine.
Intestinal Pathogenesis: Equipped with specialized, razor-sharp cutting mouthparts (teeth or plates), the 1 cm adult worms latch tightly onto the intestinal mucosa. They actively graze on tissue and suck blood, producing up to 7,000 eggs per day, which pass out with the feces.
Clinical Presentation: Hookworm infection is the leading global cause of severe iron-deficiency anemia and protein malnutrition due to chronic intestinal blood loss. Acute stages can cause localized skin reactions ('ground itch'), transient pulmonary infiltration (Loeffler's syndrome) during larval migration, and gastrointestinal symptoms like nausea, vomiting, and abdominal pain.
Diagnosis: Microscopic examination of stool wet mounts to identify characteristic thin-shelled hookworm eggs.
Treatment: Highly responsive to standard anti-helminthic medications, specifically Albendazole.
ii. Lymphatic Filariasis (Elephantiasis)
Lymphatic Filariasis is a vector-borne nematode infection caused by three distinct species: Wuchereria bancrofti, Brugia malayi, and Brugia timori. It represents a leading cause of permanent, profound physical disability worldwide.
Transmission and Lifecycle: Transmitted through the bites of infected mosquitoes from multiple genera (Anopheles, Culex, Aedes, Mansonia). The injected larvae migrate directly into the host's lymphatic vessels, where they mature into adult worms (reaching up to 10 cm in length) and can live for more than 5 years.
Microfilarial Periodicity: Mature female worms release millions of microscopic larvae called microfilariae into the bloodstream. These microfilariae exhibit a strict nocturnal periodicity, circulating in high numbers in the peripheral blood primarily at night to coincide with the biting habits of the mosquito vectors.
Clinical Phases: Patients frequently remain completely asymptomatic for the first year of infection or longer. Over years, the continuous presence of adult worms triggers chronic lymphadenitis, marked blood eosinophilia, and progressive endothelial damage to the lymphatic architecture. This results in severe lymphatic dilation, stasis, and permanent mechanical obstruction.
Elephantiasis: Long-term chronic obstruction leads to profound, disfiguring lymphedema and elephantiasis, typically involving the lower extremities and genitalia.
Diagnosis: Microscopic visualization of motile microfilariae on thick blood smears stained with Giemsa, collected precisely at midnight ('midnight blood smear'). Serology for specific filarial antigens or molecular PCR assays can also be utilized.
Management: Preventative management focuses on vector control and annual mass drug administration (MDA) of prophylactic anti-helminthic therapies to interrupt transmission across endemic communities.
iii. Pinworms / Threadworms (Enterobius vermicularis)
Enterobius vermicularis is the most prevalent human worm infection across developed, high-income nations. It is uniquely adapted to institutional environments and crowded households.
Epidemiology: Highly common in young children aged 5 to 10 years and their parents or caregivers.
Transmission: Transmission occurs easily via the direct ingestion or inhalation of microscopic pinworm eggs, which are lightweight and highly resilient, often contaminating clothing, bedding, toys, or hands.
Pathogenesis and Lifecycle: Adult worms live in the lumen of the cecum. At night, gravid female worms migrate out through the host's anus onto the perianal skin to deposit up to 11,000 eggs over a 3-week span. The sticky fluid containing the eggs causes intense local inflammation, leading to classic, persistent perianal pruritus (itching), particularly at night, which often disrupts sleep.
Diagnosis: Standard stool ova-and-parasite examinations are ineffective because eggs are rarely deposited in feces. Instead, diagnosis relies on the 'cellotape test' (or sticky-tape test) performed first thing in the morning, where clear adhesive tape is pressed against the perianal skin and examined under a microscope to visualize characteristic asymmetrical, flat-sided eggs.
Treatment: Easily treated with standard over-the-counter Mebendazole. Because of the high risk of asymptomatic household transmission, it is clinical standard practice to treat the entire family simultaneously, repeating the dose two weeks later to catch any newly hatched larvae.
4. Key Curricular Takeaways
Global Scope:  Parasitic diseases pose an immense public health challenge, causing extensive global morbidity and mortality, particularly in regions with poor infrastructure and sanitation.
Transmission Dynamics:  Many human parasites function as zoonoses, surviving within diverse environmental and animal reservoirs, while others rely on specific insect or arthropod vectors.
Diagnostic Principles:  Because parasites are complex eukaryotic organisms, their larger size makes direct microscopic visualization of adult worms, larval stages, trophozoites, or eggs a cornerstone of definitive clinical diagnosis.
Clinical Timeline:  These infections routinely present as chronic, decade-long conditions capable of evading host immune defenses while causing progressive nutritional, structural, and systemic pathology.
Medical Phyla of Helminths:
1. Nematodes (Roundworms): Cylindrical bodies with complete digestive tracts (e.g., Hookworms, Filariasis, Pinworms).
2. Platyhelminths (Flatworms): Dorsoventrally flattened bodies; further divided into Cestodes (segmented tapeworms) and Trematodes (unsegmented flukes).",
Introduction to pharmacokinetics,"Comprehensive Reference Guide: Introduction to Pharmacokinetics
Based on Monash School of Medicine Lecture Notes
Course Instructor: A/Prof Barb Kemp-Harper | Assisted by: Dr. Benjamin Seyer
Topic 1: Fundamental Principles of Pharmacokinetics
Pharmacology is split into two foundational disciplines that detail the interaction between a therapeutic substance and the biological system: Pharmacokinetics (PK) and Pharmacodynamics (PD).
• Pharmacokinetics defines 'what the body does to the drug.' It studies the quantitative movement of drug molecules into, within, around, and out of the body, encompassing the physiological phases of Absorption, Distribution, Metabolism, and Excretion (commonly abbreviated as ADME).
• Pharmacodynamics characterizes 'what the drug does to the body.' It focuses on the molecular mechanism of action, biological target binding (receptors, enzymes, or transporters), the subsequent cellular signal transduction (stimulus), and the final observable physiological effect.
Phases of Drug Action
The timeline of an administered medicine from its delivery package to clinical effect operates across three sequential phases:
1. Pharmaceutical Phase: Covers the physical administration of the formulated medicine and the subsequent release/dissolution of the active pharmaceutical ingredient (API) from its chemical 'package' or vehicle (e.g., tablet breakdown, suspension dispersion).
2. Pharmacokinetic Phase: Governs the physiological handling of the drug via ADME mechanisms to establish a systemic plasma concentration profile.
3. Pharmacodynamic Phase: Describes the unbound, active drug molecules reaching the target site, binding to specific molecular targets, initiating a biochemical cascade, and generating a therapeutic or untoward effect.
Clinical Relevance of Pharmacokinetic Mastery
A comprehensive understanding of pharmacokinetic profiles is vital for physicians and medical professionals to achieve rational drug therapy. Specifically, it enables:
• Precision Dosing Regimens: Determining the optimal drug dose amount and timing (frequency of administration) based on the patient's clear biological parameters.
• Route Customization: Selecting the most clinically appropriate route of administration (e.g., intravenous vs. oral) based on patient status and urgency.
• Interaction Avoidance: Preventing dangerous drug-drug interactions that occur when multiple agents share or alter identical metabolic pathways or carrier proteins.
• Minimizing Toxicity & Managing Overdose: Avoiding dose-dependent side effects, ensuring the drug stays within the safe therapeutic window, and establishing detoxification routes during clinical toxicity.
Comprehensive Analysis of Routes of Administration
The selection of an administration route dictates the speed, efficacy, and bioavailability of the drug. Below is an exhaustive summary based on clinical classifications:
While oral administration is universally preferred due to high patient compliance and cost-effectiveness, alternative pathways are indicated under specific clinical criteria: (a) if the drug is highly unstable or rapidly inactivated by the low pH of gastric acid or digestive enzymes in the GIT; (b) if physiological absorption is compromised by active vomiting, pathological short-gut syndrome, or deep GIT disease states; (c) if the patient is acutely unconscious, uncooperative, or unable to swallow safely; or (d) if a clinician wishes to maximize a highly localized effect and avoid systemic adverse reactions.
Topic 2: Mechanics of Drug Absorption
Absorption measures the translocation of drug molecules from the peripheral site of administration across biological barrier membranes into systemic venous circulation (the plasma compartment).
Physicochemical Properties Modulating Absorption
The biological movement and rate of a drug's absorption are determined by four main molecular attributes:
1. Pharmaceutical Form: The nature of the preparation (e.g., capsule, immediate-release compressed tablet, sustained slow-release polymer matrix, aqueous suspension, or lipid-soluble ointment).
2. Dispersion and Dissolution Kinetic Properties: How quickly a solid vehicle breaks down into fine particles (disperses) and solubilizes into an unaggregated molecular solution (dissolves) within local body fluids.
3. Lipid Solubility and Ionization Status: Only unionized, lipophilic molecules can pass directly through lipid bilayers. Highly polarized, ionized molecules remain trapped in aqueous environments.
4. Molecular Size and Geometric Shape: Large, bulky, high-molecular-weight molecules face substantial steric hindrance, diffusing at dramatically slower rates than small, compact chemical structures.
Mechanisms of Membrane Permeation
Drugs cross cell membranes via three primary physical mechanisms:
• Passive Diffusion across Lipid Membranes: The most common route. Lipophilic molecules dissolve directly in the membrane lipid bilayer and cross down their concentration gradient without energy consumption.
• Passive Diffusion through Aqueous Channels (Paracellular Pathway): Small, water-soluble, hydrophilic molecules slip through aqueous pores or tight junctions between adjacent cell structures.
• Carrier-Mediated Transport (Active or Facilitated): Specialized transmembrane carrier proteins transport specific drug molecules across the membrane. This mechanism is crucial for drugs that structurally mimic endogenous biochemical substrates (e.g., L-Dopa exploiting native amino acid transporters to pass the blood-brain barrier).
The Crucial Role of pH, Ionization, and pKa Values
Because the majority of therapeutic drugs are chemically weak electrolytes (weak acids or weak bases), they exist in an aqueous solution in a dynamic equilibrium between their ionized (charged) and unionized (uncharged) forms. The ratio of these forms depends on the local pH of the physiological compartment.
• Ionized Form (Charged): Exhibits high water solubility (hydrophilic) but exceptionally low lipid solubility. It is unable to cross the core of lipid membranes via passive diffusion.
• Unionized Form (Uncharged): Features outstanding lipid solubility (lipophilic). It can freely cross cell membranes via passive diffusion.
The exact pKa of a drug represents the logarithmic ionization constant—specifically defined as the ambient pH at which exactly 50% of the drug molecules exist in the ionized state and 50% in the unionized state.
Mathematical Equilibria for Weak Acids and Bases:
• For a Weak Acid (e.g., Aspirin): The equilibrium is written as: AH ⇌ A⁻ + H⁺. In an acidic environment (excess H⁺, low pH), the equilibrium shifts to the left, favoring the uncharged, highly lipophilic 'AH' form. Hence, acidic drugs are rapidly absorbed in acidic environments like the stomach.
• For a Weak Base: The equilibrium is written as: BH⁺ ⇌ B + H⁺. In a basic environment (low H⁺, high pH), the equilibrium shifts to the right, favoring the uncharged lipophilic 'B' form. Thus, basic drugs are preferentially absorbed in basic environments like the small intestine.
Aspirin possesses a benchmark pKa of 3.5. When introduced to the extreme acidity of the gastric lumen (stomach pH ~ 2.0), the environment sits well below the drug's pKa. This forces the aspirin equilibrium completely into the uncharged, unionized state. Consequently, it displays excellent passive absorption across the gastric mucosal barrier.
Bioavailability (F) and Determinants of Gastrointestinal Absorption
Bioavailability (F) is defined as the exact percentage or fraction of an administered drug dose that successfully reaches the systemic bloodstream in an unaltered, active state. It reflects the absolute efficiency of movement from the peripheral site of administration to the central blood compartment. When analyzing an oral medication, oral bioavailability is mathematically compared against an equal intravenous dose (where F is defined as 100% or 1.0).
The velocity and extent of oral absorption are modulated by five distinct factors:
1. Disintegration and dissolution kinetics of the formulation.
2. Fundamental chemical properties of the drug molecule (lipid partition coefficient, molecular mass).
3. Gastric Emptying Time: The transit time required for a stomach bolus to enter the duodenum. This is dramatically influenced by the presence, composition, and food matrix.
4. Ambient Gastric and Intestinal pH: Dictates the ionization fraction of weak acids or weak bases.
5. Small Intestine Surface Area and Transit Time: Majorly altered by mucosal diseases or hypermotility states (e.g., diarrhea).
Clinical Strategies to Alter or Delay Absorption
Deliberately slowing or localizing drug absorption can provide substantial therapeutic benefits:
• Co-administration of Local Anaesthetics with Adrenaline: Vasoconstriction induced by adrenaline reduces local blood flow, delaying systemic absorption of the anaesthetic. This prolongs its local action and minimizes systemic cardiovascular toxicity.
• Insulin Formulation Modifications: Complexing native insulin with zinc or protamine precipitates the peptide, slowing dissolution and providing sustained, long-acting glycemic control.
The Ion Trapping Phenomenon
Because cell membranes are permeable only to uncharged molecules, a weak electrolyte can become 'trapped' when moving between compartments with different pH values. Once an uncharged molecule diffuses across a membrane and enters an environment that favors its ionized form, it converts to a charged state and is unable to diffuse back. As a result, weak electrolytes accumulate in the physiological compartment where they are most highly ionized. For example, since aspirin is a weak acid, it becomes highly ionized in basic urine (pH ~ 8.0). This traps it in the renal tubule lumen, preventing reabsorption and accelerating its clearance during toxicity management.
Topic 3: Kinetics of Drug Distribution
Distribution describes the reversible transport of drug molecules from the circulating plasma compartment into the extravascular interstitial and intracellular spaces of various peripheral tissues.
The Significance of Plasma Protein Binding
Within systemic circulation, drug molecules exist in a dynamic equilibrium between being unbound ('free') or reversibly bound to circulating plasma proteins (primarily albumin for acidic drugs, and alpha-1-acid glycoprotein for basic drugs).
• Bound molecules are too large to cross vascular endothelial fenestrations. They are pharmacologically inert, unable to interact with cellular target receptors, enter peripheral cells, or pass the blood-brain barrier.
• Bound molecules are protected from metabolic biotransformation in the liver and are not filtered by renal glomeruli, which significantly prolongs their half-life.
• Only the unbound ('free fraction') can distribute into tissues, bind to therapeutic targets, and undergo clearance.
Competitive Displacement Interactions
Because plasma proteins like albumin contain a finite number of saturable binding sites, different drugs with similar binding affinities will compete directly for the same locations. If an individual taking a highly protein-bound medication (e.g., Drug A, 90% bound, 10% free) is given a second competing agent (Drug B), Drug B can competitively displace Drug A from albumin. This shifts Drug A's equilibrium, doubling its free active concentration (e.g., from 10% to 20% free). This sudden spike in unbound drug levels can trigger severe, dose-dependent clinical toxicity without any change in the absolute dose administered. High-risk classes for displacement interactions include oral anticoagulants (e.g., warfarin), systemic steroids, and non-steroidal anti-inflammatory drugs (NSAIDs).
Therapeutic Index, Window, and Plasma Concentration Dynamics
To maximize therapeutic success while ensuring patient safety, plasma drug concentrations must be maintained within a precise range called the Therapeutic Range or Therapeutic Window.
• Minimum Effective Concentration (MEC): The lower threshold of plasma drug concentration required to initiate a measurable therapeutic response.
• Minimum Toxic Concentration (MTC): The upper threshold of plasma drug concentration above which dose-dependent toxicity occurs.
• Subtherapeutic Zone: Any concentration profile below the MEC line, which risks therapeutic failure.
The therapeutic profile of a single oral dose follows a classic plasma concentration-time curve characterized by three phases:
1. Onset of Action: The time delay required post-administration for the plasma concentration to cross the MEC threshold.
2. Duration of Action: The total time window during which plasma levels remain safely between the MEC and MTC thresholds, driving active therapeutic effects.
3. Termination of Action: The point at which elimination pathways lower the plasma concentration back below the MEC boundary.
Defining the Therapeutic Index (TI):
The Therapeutic Index is the quantitative ratio of the drug dose that produces toxic adverse effects to the dose that yields the desired therapeutic effect. It serves as a benchmark for a drug's relative safety margin:
• High Therapeutic Index: Features an extensive safety margin (e.g., Penicillin). Small dosing errors are unlikely to cause severe patient harm.
• Low Therapeutic Index: Features a narrow safety window (e.g., anti-epileptic drugs, digoxin). Minor changes in dose or systemic distribution can lead to subtherapeutic failure or severe systemic toxicity, requiring precise therapeutic drug monitoring.
Steady State and Dosing Adjustments
In chronic disease management, continuous or repetitive long-term dosing is required to reach a dynamic balance known as Steady State. At steady state, the rate of drug absorption matches the rate of drug elimination, stabilizing average plasma concentrations within the therapeutic window.
• Repeated Dosing Intervals: Because continuous intravenous infusion is rarely practical, medications are given at fixed intervals. The choice of dosing interval is governed by the drug's biological half-life (t½) to avoid excessive peak-to-trough fluctuations.
• Loading Dose vs. Maintenance Dose: For drugs with a long half-life, reaching steady state through standard maintenance dosing can take days or weeks. In urgent clinical scenarios, a large initial Loading Dose is given to rapidly fill the volume of distribution and bring plasma concentrations immediately into the therapeutic window. Once inside the window, therapy switches to a lower Maintenance Dose designed to balance ongoing elimination and maintain stable drug levels over time.
Topic 4: Elimination: Metabolism and Excretion
Elimination refers to the irreversible removal of active drug molecules from the body. It is achieved through two distinct pathways: metabolism (biochemical transformation) and excretion (physical expulsion).
Drug Metabolism (Biotransformation)
Metabolism primarily takes place within the hepatic parenchyma, though secondary biotransformations occur in the gut lumen, blood plasma, and kidneys. The core purpose of metabolism is to biochemically convert lipid-soluble, lipophilic compounds into highly water-soluble, hydrophilic metabolites, enabling efficient excretion by the kidneys.
• Role of Cytochrome P450 (CYP450) Enzymes: Most metabolic pathways rely on the Cytochrome P450 monooxygenase enzyme superfamily in the liver. These enzymes are highly susceptible to induction or inhibition by drugs or diet.
• Hepatic First-Pass Metabolism: Following oral administration, absorbed drugs enter the mesenteric venules and travel directly to the liver via the portal circulation before reaching the systemic bloodstream. This 'first pass' can heavily metabolize and degrade the drug, substantially reducing its absolute bioavailability.
Enzyme Kinetics: First-Order vs. Zero-Order Elimination
The rate at which enzymes clear a drug determines its systemic elimination kinetics:
• First-Order Elimination Kinetics: The absolute rate of drug metabolism is directly proportional to its plasma concentration. A constant percentage of the drug is cleared per unit of time. Most therapeutic agents operate under first-order kinetics at standard doses because liver enzymes are abundant and unsaturated.
• Zero-Order Elimination Kinetics (Saturating Kinetics): When drug concentrations rise sufficiently to saturate all available metabolic enzyme binding sites, the rate of elimination becomes constant and independent of the drug concentration. Under zero-order kinetics, fixed amounts of the drug are cleared per unit of time. Once saturation occurs, even minor increases in dose can cause rapid, unpredictable spikes in plasma concentration, significantly increasing the risk of profound toxicity.
• Clinical Examples of Zero-Order Agents: Alcohol (ethanol) exhibits zero-order elimination across virtually all standard consumption levels. Aspirin (acetylsalicylic acid) shifts from first-order to zero-order kinetics at moderate-to-high therapeutic or toxic doses as metabolic enzymes become saturated.
Excretion Pathways
Excretion is the physical expulsion of a drug or its metabolites from internal compartments to the external environment through specialized physiological pathways:
1. Kidneys (Renal Clearance): The primary organ system responsible for excreting water-soluble drugs and polar metabolites. Lipophilic parent compounds filtered at the glomerulus are easily reabsorbed across the tubule wall into the bloodstream, highlighting the vital role of prior hepatic metabolism.
2. Lungs (Pulmonary Clearance): The primary route for eliminating gaseous compounds and highly volatile liquids, such as general anesthetic gases.
3. Gastrointestinal Tract and Bile (Biliary Clearance): Certain drugs are actively secreted by hepatocytes into bile, entering the duodenum to be excreted in the feces. This pathway is susceptible to enterohepatic recirculation.
4. Peripheral Secretions (Sweat, Saliva, Mucous, Tears, and Breast Milk): These pathways handle minor fractional amounts of drugs. However, the excretion of lipophilic basic compounds into breast milk can expose nursing infants to dangerous drug levels.
KEY LEARNING OUTCOMES
Describe the fundamental principles of pharmacokinetics relating to drug absorption, distribution, metabolism, and excretion (ADME).
Explain the underlying advantages, clinical indications, and disadvantages of different routes of drug administration.
Discuss how pharmacokinetic knowledge governs decisions regarding administration routes, customized dosing schedules, loading vs. maintenance doses, and clinical drug overdose management.
Define and differentiate core pharmacological indices: Therapeutic Index (TI), Bioavailability (F), Half-life (t½), Clearance (Cl), Plasma Protein Binding, Biotransformation, First-order vs. Zero-order kinetics, and Liver Enzyme Induction.
Route & Classification
Physiological Target & Properties
Clinical Examples
Injection (Parenteral)
• Intravenous (i.v.)
• Intramuscular (i.m.)
• Subcutaneous (s.c.)
Rapid onset of action. Intravenous injection bypasses all barriers to entry, offering immediate systemic availability (100% absorption) directly into the vena cava.
Many systemic medications, emergency drugs, biologicals
Oral (p.o.)
• Per os / By mouth
Delivered directly into the gastrointestinal tract (GIT). Excellent patient compliance and convenience. Must dissolve in gastric or intestinal fluids and pass biological membranes.
Many standard outpatient prescription drugs
Sublingual
• Under the tongue
Enters the systemic circulation directly via the sublingual venous plexus draining into the superior vena cava. Avoids stomach acid, gut breakdown enzymes, and hepatic first-pass metabolism.
Nitroglycerin (glyceryl trinitrate) for acute angina pectoris
Rectal
Fairly rapid systemic or local absorption via hemorrhoidal veins. Provides an alternative route for pediatric patients or when oral intake is compromised.
Diazepam for the emergency treatment of status epilepticus in children
Intravaginal
Designed primarily for localized therapeutic actions within the vaginal mucosa, minimizing systemic absorption.
Antifungal agents (e.g., clotrimazole) for vulvovaginal candidiasis (thrush)
Intraurethral
Targeted local actions within the urethral pathway to manage local vascular or mechanical conditions.
Prostaglandins for the treatment of erectile dysfunction/impotence
Transdermal
Drug diffuses slowly across the epidermal layers into dermal capillaries, providing sustained, long-acting systemic effects.
Nicotine replacement patches, fentanyl patches for chronic pain
Inhalational
Targeted delivery to the pulmonary alveolar and bronchial epithelial lining. Minimizes systemic exposure while delivering high local concentrations.
Bronchodilators and corticosteroids (e.g., salbutamol) for asthma
Intranasal
Delivers local anti-inflammatory or systemic vascular actions via the highly vascular nasal mucosal surface.
Corticosteroid sprays for allergic rhinitis
Topical
Applied directly to mucosal surfaces or external structures (skin, eyes, ears) for strictly localized clinical effects.
Hydrocortisone cream for eczema flare-ups; antibiotic eye drops",
Antibiotics,"General Principles of Antimicrobial Therapy: A Comprehensive Guide
Author: Department of Pharmacology, Monash University (Course Reference: MED1101)
Instructor Notes Compiled for Medical Students
1. Introduction to Anti-Infective Chemotherapy
Chemotherapy is defined scientifically as the use of chemical substances to treat or control diseases caused by infectious agents. Antimicrobial therapy constitutes a major arm of pharmacology, establishing an intricate tripartite dynamic known as the Patient-Drug-Pathogen interaction. Unlike drugs targeting host physiology, the primary goal of an anti-infective agent is the selective disruption of the invading pathogen with minimal detriment to the patient.
The Ideal Chemotherapeutic Agent and Selective Toxicity
The guiding clinical philosophy of antimicrobial development and administration is Selective Toxicity. To achieve an optimal therapeutic outcome, an ideal chemotherapeutic agent must fulfill several strict pharmacokinetic and pharmacodynamic criteria:
Effective Delivery: The drug must achieve adequate penetration and reach the specific biological anatomical site of infection.
Targeted Destruction: It must destroy the pathogenic microorganisms or facilitate their clearance by host immune mechanisms.
Sustained Bioavailability: It must remain at the target site at therapeutic concentrations for a sufficient duration to prevent bacterial resurgence.
Host Preservation: It must be metabolized and eliminated from the body without adversely affecting the structures or normal cellular functions of host cells.
Classification of Anti-Infective Chemotherapy
Depending on the clinical presentation, diagnosis, and laboratory evidence, anti-infective chemotherapy is classified into three distinct strategies:
Directed Therapy: Treatment initiated once definitive microbiological culture and antimicrobial susceptibility testing (AST) results are available. This represents the narrowest and most precise therapeutic approach.
Empirical Therapy: Treatment commenced before a definitive causative organism has been laboratory-proven. Selection is based on clinical presentation, historical statistical data of regional prevalence, and suspected pathological presentation.
Prophylactic Therapy: Preemptive administration of antimicrobials to prevent an infection from establishing in specific clinical situations where there is a statistically high risk of infection occurring (e.g., perioperative windows or severe immunosuppression).
2. Core Concepts in Antibacterial Action (Pharmacodynamics & Pharmacokinetics)
Understanding the relationship between drug concentrations and microbiological survival is essential for designing effective dosing regimens.
Spectrum of Activity and Microbiological Efficacy
The spectrum of activity refers to the diversity and specific number of pathogenic species sensitive to the action of an antimicrobial agent. Clinical selection strictly balances these types:
Narrow-Spectrum: Agents that target a highly restricted selection of microbes (e.g., only Gram-positive bacteria). This minimizes disruption to the patient's protective resident microflora.
Broad-Spectrum: Agents effective against a wide range of diverse pathogens (e.g., overlapping Gram-positive, Gram-negative, and atypical organisms). While highly useful in critical empirical settings, broad-spectrum agents present an elevated risk of selection pressure and collateral damage to host flora.
Antimicrobial efficacy is broadly divided into two distinct mechanistic outcomes:
Bacteriostatic Action: Mechanisms that temporarily inhibit cellular replication and bacterial growth without actively killing the cells. Eradication of the infection is ultimately dependent upon a competent host immune response. Examples include: Chloramphenicol, Erythromycin, Clindamycin, Sulfonamides, Trimethoprim, and Tetracyclines.
Bactericidal Action: Mechanisms that directly cause irreversible cellular damage and bacterial death. This is often required for deep-seated or life-threatening infections and immunosuppressed patients. Examples include: Aminoglycosides, Beta-lactams, Vancomycin, Fluoroquinolones, Rifampicin, and Metronidazole.
Quantifying Antimicrobial Action: MIC, MBC, and MEC
To establish clinical efficacy, laboratory parameters must be correlated with clinical plasma values:
Minimum Inhibitory Concentration (MIC): The lowest concentration of an antibacterial agent that visibly inhibits the standard in vitro growth of a specific microorganism after overnight incubation.
Minimum Bactericidal Concentration (MBC): The lowest concentration of an antibacterial agent that results in a 99.9% reduction (active killing) of the initial bacterial inoculum over a standardized period.
Minimum Effective Concentration (MEC): In vivo, this represents the minimum threshold plasma concentration required to produce a therapeutic response. Plasma concentrations below the MEC exert no significant antimicrobial effect; values matching or exceeding the MIC/MBC produce bacteriostatic or bactericidal outcomes respectively.
Dosing Dynamics: Time-Dependent vs. Concentration-Dependent Killing
The relationship between pharmacokinetics (drug concentration over time) and pharmacodynamics dictates specific dosing schedules:
Time-Dependent Antibacterials: These agents exert their optimal microbiological kill when the free serum concentration remains continuously above the MEC for an extended portion of the dosing interval (T > MEC). Increasing the peak concentration far above the MEC does not accelerate killing. The primary therapeutic goal is optimizing the duration of exposure (typically aiming for >= 60% of the dosing interval). Examples include: Beta-lactams (Penicillins, Cephalosporins).
Concentration-Dependent Antibacterials: These agents achieve a progressively greater rate and extent of bacterial eradication as the peak plasma concentration exceeds the MEC (Cmax > MEC). The goal is to maximize peak blood concentrations safely. Examples include: Aminoglycosides and Fluoroquinolones.
Post-Antibiotic Effect (PAE): This phenomenon refers to the continuous, extended suppression of bacterial replication even after the serum drug levels have fallen below the MEC. A prominent PAE allows for more flexible, extended dosing intervals despite short drug half-lives.
3. Major Antibacterial Classes and Mechanisms of Action
Selective toxicity is achieved by targeting biochemical structures or metabolic pathways unique to prokaryotic cells that are either completely absent or structurally distinct in eukaryotic mammalian hosts.
Class A: Cell Wall Synthesis Inhibitors
Mammalian cells possess only a flexible phospholipid bilayer membrane, whereas bacterial cells require a rigid external peptidoglycan cell wall to withstand internal osmotic pressure. Inhibiting cell wall synthesis leads to osmotic lysis.
Transpeptidase Inhibitors (Beta-lactams): These agents bind to and inhibit penicillin-binding proteins (PBPs), preventing the cross-linking of peptidoglycan chains. Examples include Penicillins (e.g., Amoxicillin) and Cephalosporins (e.g., Cephalexin).
Transglycosidase Inhibitors (Glycopeptides): These agents bind directly to the D-alanyl-D-alanine termini of nascent peptidoglycan layers, physically blocking glycan chain elongation. Example: Vancomycin. Vancomycin is a large molecule with poor Gram-negative outer membrane penetration, making it highly specific for Gram-positive organisms.
Mycobacterial Cell Wall Inhibitors: Mycobacteria display a complex, waxy cell wall rich in mycolic acids, requiring specialized staining techniques (e.g., Ziehl-Neelsen stain) and specific pharmacological targeting to disrupt this unique lipid layer.
Class B: Folate Synthesis and Utilization Inhibitors
Bacteria must synthesize their own folic acid de novo for nucleic acid production, whereas mammalian cells lack this synthetic pathway and rely entirely on dietary absorption.
Folate Synthesis Inhibitors: Sulfonamides and sulfones serve as structural analogues to para-aminobenzoic acid (pABA), competitively inhibiting dihydropteroate synthase.
Folate Utilisation Inhibitors: Dihydrofolate reductase (DHFR) inhibitors, such as Trimethoprim, target the downstream enzymatic step blocking the conversion of dihydrofolate to the active tetrahydrofolate, systematically halting DNA synthesis.
Class C: Bacterial Protein Synthesis Inhibitors
Bacterial ribosomes have structurally distinct subunits (70S ribosome comprising 50S and 30S subunits) compared to mammalian ribosomes (80S ribosome), allowing selective binding.
Ribosomal Translocation Inhibitors: Macrolides (e.g., Erythromycin) bind reversibly to the 50S subunit, preventing the movement of the ribosome along the mRNA strand.
mRNA Misreading Inducers: Aminoglycosides (e.g., Gentamicin) bind irreversibly to the 30S subunit, distorting its structure and forcing the insertion of incorrect amino acids, yielding lethal, non-functional protein fragments.
tRNA Binding Inhibitors: Tetracyclines (e.g., Doxycycline) bind reversibly to the 30S subunit, preventing access of aminoacyl-tRNA complexes to the ribosomal acceptor site.
Peptidyl Transferase Inhibitors: Chloramphenicol blocks peptide bond formation by preventing peptide transfer from the tRNA molecule.
Class D: Nucleic Acid Synthesis Inhibitors
DNA Synthesis Inhibitors: Fluoroquinolones (e.g., Ciprofloxacin) inhibit bacterial DNA gyrase and topoisomerase IV, trapping the enzymes at DNA replication forks and causing lethal double-stranded breaks. Nitroimidazoles (e.g., Metronidazole) undergo intracellular reductive activation within anaerobic environments, forming unstable reactive intermediates that break bacterial DNA strands.
RNA Synthesis Inhibitors: Rifamycins (e.g., Rifampicin) bind to and block bacterial DNA-dependent RNA polymerase, thoroughly halting transcription.
4. Complications of Therapy: Resistance and Toxicity
The clinical utility of any antimicrobial agent is severely threatened by evolutionary resistance and physiological toxicity within the host patient.
The Growing Threat of Antimicrobial Resistance
Resistance represents a specific reduction in the biological effectiveness of a drug against a pathogen, consequently driving elevated patient morbidity and mortality. Evolution of resistance is profoundly accelerated by exposing microbes to sub-lethal, sub-therapeutic drug selections. Common causative practices include: wrong drug choice, inadequate or low dosing, and clinical non-adherence (failing to complete an appropriately prescribed course). Without strict global stewardship, it is projected that by 2050, deaths resulting from multi-drug resistant superbugs will eclipse annual cancer mortality.
Host Toxicity and Side Effects
Despite selective toxicity, structural overlaps or high drug concentrations can damage human cellular structures, falling outside the ideal therapeutic window:
Gastrointestinal Disturbances: Nausea, vomiting, and diarrhea caused by direct mucosal irritation or structural disruption of the normal gut microbiome.
Ototoxicity and Nephrotoxicity: Irreversible structural damage to cochlear/vestibular sensory hair cells and renal proximal tubule cells, highly characteristic of Aminoglycosides (e.g., Gentamicin) and certain Cephalosporins.
Allergic and Hypersensitivity Reactions: Ranging from benign cutaneous rashes to life-threatening Type I immediate IgE-mediated anaphylaxis.
Drug-Drug Interactions: Enzymatic induction of hepatic cytochrome P450 pathways (notably by Rifampicin), rapidly accelerating the metabolism and failure of concomitant drug treatments.
Superinfections: A distinct clinical secondary infection arising due to widespread eradication of normal non-pathogenic protective microflora. A classic, high-mortality example is Clostridioides difficile overgrowth inside the colon post-antibiotic exposure.
5. Clinical Decision-Making and the Antimicrobial Creed
To optimize therapeutic outcomes while minimizing the emergence of resistant strains, the selection of an antibacterial must strictly evaluate three main parameters:
Bacterial Factors: Identification of the specific infecting organism and its current localized resistance status.
Host Factors: Precise anatomical site of infection (to evaluate drug penetration across barriers like the blood-brain barrier), known drug allergies, renal and hepatic clearance function, patient age, and concurrent drug lists.
Drug Factors: The spectrum of activity, specific pharmacokinetic capabilities, total adverse effect profile, and economic cost.
The drug of choice represents the compound that provides maximum microbiological efficacy against the infecting organism combined with the narrowest spectrum, best host tolerability, and lowest side-effect profile.
The MINDME Antimicrobial Stewardship Creed
All modern medical prescribers are bound to integrate the core mnemonic pillars of the MINDME creed into daily clinical operations:
M – Microbiology guides therapy wherever possible.
I – Indications should be strictly evidence-based.
N – Narrowest spectrum agent required must be chosen.
D – Dosage must be individualised and appropriate to the type and specific site of infection.
M – Minimise the total duration of therapeutic exposure.
E – Ensure oral therapy is utilized where clinically appropriate and bioavailable.
Clinical Note on Bactericidal Lysis: Practitioners must remain aware that rapid physical destruction of bacterial membranes by highly bactericidal agents can precipitate the systemic release of lipopolysaccharides and other toxic cell-wall components (endotoxins), temporarily exacerbating the host's inflammatory status.",
Antivirals,"Comprehensive Reference Guide on Antiviral Pharmacology
Academic Instructor Guide Based on Monash University Lectures (MED1101)
1. Overview of Viral Infections and Clinical Manifestations
Viruses are intracellular pathogens that exhibit a vast diversity of shapes, sizes, and genomic structures. They target virtually every major organ system in the human body, resulting in a wide array of clinical conditions. According to the foundational Monash University pharmacology curriculum (MED1101 developed by Prof. Jane Bourke and A/Prof Liz Davis), the mapping of virus families to human diseases spans the following primary clinical systems:
Encephalitis and Meningitis: JC virus, Measles virus, Lymphocytic Choriomeningitis (LCM) virus, Arboviruses, and Rabies virus.
Pharyngitis: Adenovirus.
Common Cold: Rhinoviruses, Parainfluenza virus, and Respiratory Syncytial Virus (RSV).
Gingivostomatitis & Mononucleosis: Epstein-Barr Virus (EBV) and Cytomegalovirus (CMV).
Cardiovascular Infections: Herpes Simplex Virus Type 1 (HSV-1) and Coxsackie B virus.
Hepatitis: Hepatitis viruses types A, B, C, D, and E.
Skin and Cutaneous Infections: Varicella Zoster Virus (VZV), Human Herpesvirus 6 (HHV-6), Smallpox, Molluscum Contagiosum, Human Papillomavirus (HPV), Parvovirus B19, Rubella, Measles, and Coxsackie A virus.
Sexually Transmitted Diseases: Herpes Simplex Virus Type 2 (HSV-2), Human Papillomavirus (HPV), and Human Immunodeficiency Virus (HIV).
Eye Infections: Herpes Simplex Virus (HSV), Adenovirus, and Cytomegalovirus (CMV).
Parotitis: Mumps virus.
Pneumonia and Lower Respiratory Tract Infections: Influenza virus (Types A and B), Parainfluenza virus, Respiratory Syncytial Virus (RSV), Adenovirus, and SARS Coronavirus.
Myelitis: Poliovirus and Human T-Lymphotropic Virus Type I (HTLV-I).
Gastroenteritis: Adenovirus, Rotavirus, Norovirus, Astrovirus, and Coronavirus.
Pancreatitis: Coxsackie B virus.
2. Classification of Viral Genomes and Morphologies
Viruses lack autonomous metabolic machinery and are classified primary by their replication strategy and nucleic acid type. The structural architecture varies heavily across distinct archetypes such as the complex geometric symmetry of the Adenovirus, the enveloped sphere of Influenza, the elongated helical tube of the Tobacco Mosaic Virus, the filovirus threads of Ebola, and the complex structural head-and-tail fiber configuration of Bacteriophages.
From a genomic perspective, human pathogenic viruses are divided into three overarching classes based on their nucleic acid composition:
1. DNA Viruses: Can be single-stranded (ssDNA) or double-stranded (dsDNA). Key clinical examples include Adenoviridae (causing colds and conjunctivitis) and Herpesviridae (encompassing CMV, HSV, chickenpox, and shingles).
2. RNA Viruses: Can be single-stranded (ssRNA) or double-stranded (dsRNA). Key clinical examples include Orthomyxoviridae (influenza), Flaviviridae (Hepatitis C), and Paramyxoviridae (measles, mumps, and RSV).
3. RNA-DNA Transiting Viruses: These unique entities utilize the enzyme reverse transcriptase to transit intermediate stages between RNA and DNA forms. This includes ssRNA retroviruses like Human Immunodeficiency Virus (HIV) and dsDNA hepadnaviruses like Hepatitis B Virus (HBV).
3. Core Principles of Antiviral Chemotherapy
The absolute goal of any antimicrobial or chemotherapeutic intervention is the achievement of Selective Toxicity. An ideal antiviral agent must effectively migrate to the anatomic site of infection, selectively destroy or inhibit the pathogenic organism or infected cells, maintain a therapeutic local concentration at the target site for a sufficient duration, and undergo clearance and elimination from the host without altering or destroying the baseline structure or function of normal host cells.
Pharmacokinetic and Dosing Parameters
To achieve clinical success, dosing regimens must be meticulously calibrated. Clinicians must account for the Area Under the Curve (AUC), the Peak Concentration (Cmax), the Minimum Effective Concentration (MEC), and the Minimum Inhibitory Concentration (MIC). The critical parameter dictating efficacy for many agents is the duration of time that the free drug concentration remains above the MIC (Time > MIC).
Determinants of Antiviral Selection
The clinical selection of an appropriate antiviral agent is a multifactorial decision matrix involving three primary components:
Viral Factors: Identification of the infecting organism and its baseline or acquired resistance status.
Host Factors: Anatomic site of infection, patient drug allergies, baseline renal and hepatic clearance function, patient age, and the presence of concomitant drugs that risk toxicity or drug-drug interactions.
Drug Factors: The drug's specific spectrum of activity, clinical pharmacokinetics, adverse event (AE) profile, and cost.
4. Mechanisms of Action and Therapeutic Blockade Sites
Antiviral drugs are classified dynamically by the specific phase of the viral replication lifecycle they disrupt. The clinical lifecycle features six major targetable steps, blocked by standard core agents:
1. Viral Attachment and Entry: Disrupts the initial interaction with host surface receptors. Standard examples include enfuvirtide and maraviroc for HIV, docosanol for Herpes Simplex Virus (HSV), and the monoclonal antibody palivizumab for Respiratory Syncytial Virus (RSV).
2. Cellular Penetration: Inhibits the internalization of the viral particle into the host cytoplasm. This stage is classically targeted and blocked by systemic Interferon-alfa therapy in chronic Hepatitis B (HBV) and Hepatitis C (HCV) infections.
3. Uncoating: Prevents the release of the viral genome from its protective protein capsid. This mechanism is uniquely blocked by the M2 ion channel inhibitors amantadine and rimantadine during early-stage Influenza virus infections.
4. Nucleic Acid Synthesis: Directly halts replication of the viral genome. This is the largest class of antivirals and includes Nucleoside Reverse Transcriptase Inhibitors (NRTIs) for HIV and HBV, Non-Nucleoside Reverse Transcriptase Inhibitors (NNRTIs) for HIV, acyclovir for HSV DNA polymerase, and foscarnet for CMV polymerase.
5. Late Protein Synthesis and Processing: Inhibits the processing of viral precursor polyproteins into structural and functional units. This step is potently blocked by Protease Inhibitors (PIs) in HIV and direct-acting antivirals in HCV.
6. Packaging, Assembly, and Viral Release: Prevents mature virions from escaping the host cell to propagate infection. Neuraminidase Inhibitors (such as oseltamivir) block the neuraminidase enzyme of Influenza A and B, trapping the replicated virus on the host cell surface.
5. Reference Table of Primary Antiviral Classifications
The following matrix summarizes the standard drug classifications, primary clinical indications, and molecular targets covered in core medical training:
6. Safety Profiles, Adverse Effects, and Drug Interactions
While many contemporary antiviral drugs are extremely well-tolerated, substantial physiological toxicity can occur. Mild to moderate systemic reactions include headache, malaise, and generalized fatigue, commonly seen with guanine analogues used for HSV/CMV and neuraminidase inhibitors for influenza. However, severe, dose-limiting clinical toxicities must be stringently monitored:
Lactic Acidosis and Severe Hepatomegaly:All systemic anti-Hepatitis B nucleoside analogues carry a prominent black-box warning for the development of metabolic lactic acidosis and severe, progressive hepatomegaly with steatosis.
Myelosuppression:Ganciclovir therapy, used for severe CMV retinitis or systemic infection, causes critical bone marrow suppression, manifesting as severe leukopenia, neutropenia, and anemia.
Significant Drug Interaction Potential:Protease inhibitors utilized in HIV therapy are potent inhibitors of host hepatic cytochrome P450 enzymes (specifically CYP3A4), predisposing patients to major toxicity from co-administered medications.
Summary of Antiretroviral Adverse Effects by Class
Bleeding Risks: Associated predominantly with specific older Protease Inhibitors (PIs).
Bone Density Loss: Seen with specific Nucleoside Reverse Transcriptase Inhibitors (NRTIs), Non-Nucleoside Reverse Transcriptase Inhibitors (NNRTIs), and PIs.
Cardiac Toxicities: Associated with specific NNRTIs and PIs.
Gastrointestinal Distress: Highly prevalent across several NRTIs, PIs, Integrase Strand Transfer Inhibitors (INSTIs), and Entry Inhibitors (EIs).
Hepatic Toxicity: Exhibited by examples across all antiretroviral classes except INSTIs.
Hypersensitivity Reactions: Observed in examples across all classes except PIs.
Nervous System and Psychiatric Effects: Prevalent in certain NRTIs, NNRTIs, and all INSTIs.
7. Special Focus: Human Immunodeficiency Virus (HIV) and Antiretroviral Therapy (ART)
The clinical management of HIV represents one of the most significant achievements of modern pharmacology. Therapeutic progress has transitioned HIV from a universally fatal disease into a manageable chronic condition. Therapeutic efficacy is continuously quantified and tracked via two primary clinical biomarkers:
1. CD4+ T-Lymphocyte Count: Serves as the primary surrogate marker of real-time immune competence and overall susceptibility to opportunistic pathogens.
2. Viral Load: Quantifies the number of HIV RNA copies per milliliter of plasma, acting as the direct metric of viral replication intensity.
These parameters dictate clinical entry timelines. For instance, guidelines traditionally mandated the immediate initiation of antiretroviral therapy in asymptomatic individuals when CD4+ counts dropped below 350 cells/µL, though modern practices frequently push for immediate initiation upon diagnosis to achieve maximal and durable suppression of viral load (<50 HIV RNA copies/mL).
The Evolution of Antiretroviral Strategies
In 1987, the first approved antiretroviral agent, zidovudine (AZT, an NRTI), prolonged short-term survival and delayed progression in asymptomatic patients, but failed to alter overall long-term mortality due to the rapid selection of resistant mutants. A revolutionary paradigm shift occurred in 1996 with the introduction of Protease Inhibitors (PIs) and the inception of combination therapy, known as Highly Active Antiretroviral Therapy (HAART). By hitting multiple distinct steps in the viral cycle simultaneously, the probability of the virus acquiring multiple mutations concurrently dropped to near-zero, drastically shifting survival curves upward.
Today, over 30 separate antiretroviral drugs are approved across multiple classes. To achieve optimal viral suppression, modern treatment regimens utilize a minimum of three distinct drugs chosen from at least two separate pharmacological classes. To counteract patient non-compliance due to pill burden, pharmaceutical engineering has produced fixed-dose combination medications. The modern first-line standard of care for a newly infected patient is a single fixed-dose combination pill taken once per day.
Epidemiological Impact and Prophylaxis
Beyond individual clinical management, aggressive suppression of viral replication has profound epidemiological benefits. Antiretroviral therapy administered to an infected mother during pregnancy and directly to the infant post-delivery reduces perinatal vertical transmission rates from a baseline of 25–30% down to less than 2%. Furthermore, viral suppression effectively eliminates horizontal transmission to sexual partners. This pharmacological barrier forms the foundation of modern preventative medicine via Post-Exposure Prophylaxis (PEP) and Pre-Exposure Prophylaxis (PrEP).
8. Therapeutic Barriers: Latency, Resistance, and Management Principles
Despite vast technological strides, complete viral eradication remains unachievable with current drugs. This barrier is driven by two key pharmacological realities:
1. Intracellular Latency and the Virustatic Barrier: Certain viruses (such as the Herpesviridae family and HIV) possess the capacity to enter a dormant or latent phase inside host cells (such as memory CD4+ T cells or neural ganglia). Because currently available antiviral drugs are strictly virustatic, they only affect actively replicating viral forms. Latent viral reservoirs remain entirely invisible to the drug molecules and host immune response, allowing rapid clinical recrudescence if therapy is stopped.
2. Genetic Mutation and Acquired Resistance: Viruses mutate and replicate at extraordinarily high frequencies. Under the selective pressure of a single antiviral drug, a mutated, drug-resistant genotype will rapidly become the dominant strain within the host. Resistance is relative; a strain is deemed resistant if it replicates in the presence of drug concentrations that completely halt 'sensitive' strains. Mutations usually modify the primary amino acid configuration of genes encoding the drug's protein targets, fully rendering mono-therapy obsolete.
Guiding Principles of Clinical Management
Given the toxicity profiles and resistance risks of antiviral drugs, clinicians must adhere to the foundational guideline: Most viral diseases in healthy individuals are self-limiting, do not require specific antiviral therapy, and are effectively resolved by the host's innate and adaptive immune responses. Antiviral treatment must be reserved for high-risk populations—including the heavily immunocompromised, pregnant individuals, neonates, and the elderly—or for severe, unremitting chronic infections (HIV, HBV, HCV) where the immune system cannot clear the pathogen autonomously.
References and Resource Links
For verified clinical guidelines, pharmacology updates, and grading criteria, clinicians and students should consult the official regulatory frameworks cited in the Monash University syllabus:
Textbook Reference: Katsung & Trevor's Basic & Clinical Pharmacology (2015), Chapter 49: Antiviral Agents.
Australian Antiretroviral Guidelines: http://arv.ashm.org.au/
NIH AIDS Info Guidelines: https://aidsinfo.nih.gov/guidelines
British HIV Association (BHIVA): http://bhiva.org/
European AIDS Clinical Society (EACS): http://eacsociety.org/
Australian Medicines Handbook (AMH): https://www.amh.net.au/
Therapeutic Guidelines (Antibiotic and Antiviral Frameworks): http://www.tg.com.au/
Clinical Warning: Because viruses replicate intracellularly utilizing normal host cell metabolic machinery, the number of truly unique, virus-specific protein targets is drastically reduced compared to bacteria. Consequently, achieving a true 'broad-spectrum' antiviral is exceptionally difficult, and most available therapies are targeted to specific viral mechanisms.
Virus Family
Primary Clinical Use
Core Therapeutic Agents
Mechanism of Action
Herpesviridae
Herpes Simplex Virus (HSV), Varicella-Zoster (VZV)
Aciclovir, Valaciclovir
DNA polymerase inhibitors; guanine analogues that induce chain termination.
Herpesviridae
Cytomegalovirus (CMV)
Ganciclovir, Valganciclovir, Cidofovir, Foscarnet
DNA polymerase inhibitors; target aggressive CMV replication in immunocompromised hosts.
Orthomyxoviridae
Influenza Virus A & B
Neuraminidase Inhibitors (Oseltamivir), Amantadine
Inhibition of viral release via neuraminidase blockade or viral uncoating via M2 channel inhibition.
Paramyxoviridae
Respiratory Syncytial Virus (RSV)
Palivizumab, Ribavirin
Monoclonal antibody blocking entry (Palivizumab) or nucleoside analog blocking RNA synthesis.
Flaviviridae
Hepatitis C Virus (HCV)
Peginterferon, Ribavirin, HCV Protease Inhibitors
Direct-acting antivirals blocking HCV protease and nucleoside polymerase inhibitors.
Hepadnaviridae
Hepatitis B Virus (HBV)
Nucleoside/Nucleotide Analogues, Peginterferon
Inhibition of HBV reverse transcriptase and viral DNA replication assembly.
Retroviridae
Human Immunodeficiency Virus (HIV)
NRTIs, NNRTIs, PIs, Integrase Inhibitors (IIs), Fusion Inhibitors (FIs), CRAs
Highly Active Antiretroviral Therapy (HAART) hitting multiple points of retroviral machinery.",