lecture_id,content,flashcards
Y2S2,,
Overview of the pelvis,"Anatomy of the Human Pelvis: A Comprehensive Masterclass
In-Depth Medical Reference & Lecture Review Guide | Assoc. Prof. Georgina C. Stephens (Monash University)
Instructor's Overview & Curriculum Scope
Welcome to this exhaustive review of pelvic anatomy. As your medical instructor, I have compiled every detail, clinical relationship, structural boundary, and functional reflex covered in our multi-part lecture series. The pelvis serves as the vital anatomical intersection between the trunk, vertebral column, abdominal cavity, and lower limbs. Master this material thoroughly for your clinical, surgical, and anatomical examinations.

Part 1: Pelvic Osteology, Articulations, Ligaments, and Passageways
1.1 Functions and Anatomical Context of the Bony Pelvis
The bony pelvis sits at the pivotal junction connecting the vertebral column, the abdominal cavity, and the lower limbs. It fulfills three primary biomechanical and protective functions:
•	1. Weight Transmission: Transfers the weight of the axial skeleton from the vertebral column down into the lower limbs during standing and locomotion.
•	2. Muscle Attachment & Lower Limb Articulation: Provides expansive bony surfaces and processes for muscle attachments that act on the hip and lower limb, while presenting the acetabula for articulation with the heads of the femurs.
•	3. Viscera Protection: Encloses and shields the pelvic viscera, including the distal alimentary tract, urinary bladder, reproductive organs, and internal neurovascular bundles.
1.2 Components of the Hip Bone (Os Coxa / Innominate Bone)
Each hip bone (os coxa or innominate bone) is a composite structure formed by the fusion of three primary bones at the triradiate cartilage during growth:
A. The Ilium (Superior Component)
•	• Iliac Crest: The prominent superior margin of the ilium, serving as an important landmark and muscle attachment site.
•	• Anterior Superior Iliac Spine (ASIS): A prominent anterior bony projection located at the anterior termination of the iliac crest. In standard anatomical positioning, the ASIS and the pubic tubercle lie in the exact same vertical coronal plane.
•	• Iliac Fossa (Wing / Ala): The broad, smooth, concave anterior surface of the ilium that forms the lateral wall of the false (greater) pelvis.
•	• Auricular Surface: An ear-shaped rough articular surface located posteromedially for articulation with the sacrum at the sacroiliac joint.
B. The Ischium (Posteroinferior Component)
•	• Ischial Spine: A sharp posterior projection that separates the greater sciatic notch superiorly from the lesser sciatic notch inferiorly.
•	• Ischial Tuberosity: A large, rugged, weight-bearing bony prominence posteroinferiorly that supports body weight when sitting.
•	• Ischial Ramus: An inferior bony projection that extends anteriorly to fuse with the inferior pubic ramus, forming the composite ischiopubic ramus.
C. The Pubis (Anteroinferior Component)
•	• Pubic Tubercle: A prominent bony knob on the superior border of the pubic body near the midline.
•	• Superior Pubic Ramus: Extends posterolaterally from the pubic body toward the acetabulum, forming the anterior border of the obturator foramen.
•	• Inferior Pubic Ramus: Extends posteroinferiorly to fuse with the ischial ramus.
D. Composite Bony Features of the Hip Bone
•	• Acetabulum: The deep, cup-shaped socket on the lateral aspect of the hip bone where the head of the femur articulates to form the hip joint. All three component bones (ilium, ischium, and pubis) contribute to the structure of the acetabulum.
•	• Obturator Foramen: A large oval/irregular opening bounded primarily by the rami of the pubis and ischium.
•	• Sciatic Notches: Indentations along the posterior border of the hip bone. The greater sciatic notch lies superior to the ischial spine, and the lesser sciatic notch lies inferior to the ischial spine.
1.3 The Sacrum and Coccyx
The sacrum and coccyx represent the terminal, specialized segments of the vertebral column:
•	• Sacrum: Formed by the fusion of five sacral vertebrae (S1–S5). It houses the sacral canal (the distal continuation of the vertebral canal) and features four pairs of anterior (ventral) and posterior (dorsal) sacral foramina for the exit of ventral and dorsal primary rami of sacral spinal nerves. The anterior projecting superior margin of the S1 vertebral body is termed the sacral promontory.
•	• Coccyx: Formed by three to five (typically four) fused rudimentary coccygeal vertebrae.
1.4 Pelvic Articulations and Ligaments
The pelvic girdle is stabilized by robust fibrous and cartilaginous joints as well as critical ligaments:
•	• Sacroiliac (SI) Joints: Paired synovial/syndesmotic joints between the auricular surfaces of the sacrum and ilia. They function primarily to transmit body weight from the axial skeleton down into the hip bones and lower limbs.
•	• Pubic Symphysis: A midline secondary cartilaginous joint (symphysis) joining the left and right pubic bones via an fibrocartilaginous interpubic disc.
•	• Sacrospinous Ligament: A triangular ligament attaching medially to the lateral border of the sacrum and coccyx, and laterally to the ischial spine.
•	• Sacrotuberous Ligament: A massive, strong ligament extending from the posterior sacrum/iliac spines down to the ischial tuberosity.
•	• Conversion of Sciatic Notches into Foramina: The sacrospinous and sacrotuberous ligaments span the posterior pelvic framework, converting the greater sciatic notch into the greater sciatic foramen, and the lesser sciatic notch into the lesser sciatic foramen.
•	• Obturator Membrane: A sheet of fibrous tissue that largely closes the obturator foramen, except for a small gap superiorly called the obturator canal. The membrane is flanked on its inner and outer surfaces by the obturator internus and obturator externus muscles, respectively (note: 'obturator' derives from Latin obturare, meaning to stop up or block up).
1.5 Morphological Variation
There is extensive population-level and sexual dimorphism/variation in human pelvic morphology, affecting overall shape, proportions, and the dimensions of the pelvic inlet and outlet (e.g., gynecoid, android, anthropoid, and platypelloid classifications).
1.6 The Five Major Anatomical Passageways into and out of the Pelvis
Structures enter and exit the pelvic cavity via five critical anatomical gateways:
Passageway	Anatomical Boundaries	Key Structures Transmitted
1. Deep to Inguinal Ligament	Between inguinal ligament and anterior pelvic brim	Femoral nerve, femoral artery, femoral vein, femoral canal, lateral cutaneous nerve of thigh, psoas major, iliacus
2. Inguinal Canal	Superior to medial half of inguinal ligament through abdominal wall	Spermatic cord (in people assigned male at birth / AMAB) OR Round ligament of uterus (in people assigned female at birth / AFAB), ilioinguinal nerve
3. Obturator Canal	Superior gap in obturator membrane at top of obturator foramen	Obturator nerve, obturator artery, obturator vein (to medial compartment of thigh)
4. Greater Sciatic Foramen	Bounded by greater sciatic notch, sacrum, sacrospinous & sacrotuberous ligs	Piriformis muscle, sciatic nerve, superior & inferior gluteal vessels/nerves, internal pudendal vessels, pudendal nerve, nerves to obturator internus & quadratus femoris
5. Urogenital Hiatus	Anterior midline gap in levator ani pelvic diaphragm	Urethra, vagina (AFAB), autonomic nerves to external genitalia

Part 2: Pelvic Regions, Walls, and Pelvic Diaphragm Muscles
2.1 Regional Subdivisions of the Pelvis
The interior of the pelvis is anatomically categorized into distinct regions based on key boundaries:
•	• Pelvic Inlet (Superior Pelvic Aperture / Pelvic Brim): The oblique plane dividing the false pelvis from the true pelvis. It is defined by continuous bony landmarks: the sacral promontory and ala posteriorly, the arcuate line of the ilium laterally, and the pecten pubis (pectineal line) and pubic crest anteriorly. The inlet slopes obliquely inferiorly from sacrum to pubis.
•	• Greater (False) Pelvis: Superior to the pelvic inlet, bounded laterally by the iliac fossae; functionally continuous with the abdominal cavity superiorly.
•	• Lesser (True) Pelvis: Located between the pelvic inlet superiorly and the pelvic outlet inferiorly. Encloses the true pelvic cavity.
•	• Pelvic Outlet (Inferior Pelvic Aperture): Diamond-shaped aperture bounded anteriorly by the pubic symphysis and pubic arch (ischiopubic rami), laterally by the ischial tuberosities, and posteriorly by the sacrotuberous ligaments and coccyx.
•	• Perineum: The diamond-shaped region inferior to the pelvic diaphragm, bounded by the boundaries of the pelvic outlet (pubic symphysis anteriorly, ischial tuberosities laterally, coccyx posteriorly). An imaginary transverse line connecting the ischial tuberosities divides the perineum into an anterior urogenital triangle (containing urogenital structures) and a posterior anal triangle (containing the anal canal and ischioanal fossae).
2.2 Muscles of the Pelvic Wall and Pelvic Diaphragm
The musculoskeletal framework of the pelvic basin consists of wall muscles and floor muscles:
A. Muscles of the Lateral & Posterior Pelvic Walls
•	• Obturator Internus: Covers the lateral pelvic wall. Originates from the inner surface of the obturator membrane and surrounding margin of the obturator foramen. Its tendon passes posteriorly through the lesser sciatic foramen, makes a 90° turn, and attaches to the greater trochanter of the femur.
•	• Piriformis: Forms the posterior pelvic wall. Originates from the anterior surface of the sacrum, passes laterally out of the pelvis through the greater sciatic foramen, and attaches to the greater trochanter of the femur.
B. Muscles of the Pelvic Floor (Pelvic Diaphragm)
The pelvic diaphragm forms a muscular hammock/sling separating the pelvic cavity from the underlying perineum. It provides crucial dynamic support for pelvic viscera and maintains urinary and fecal continence. It consists of:
•	1. Levator Ani Muscle Complex: A broad muscular sheet divided into three primary named components:
•	a. Puborectalis: Medial fibers arising from the pubic bone, forming a U-shaped muscular sling around the anorectal junction. Pulls the junction anteriorly to create the anorectal angle.
•	b. Pubococcygeus: Main intermediate portion arising from the pubis and passing posteriorly to insert on the coccyx and anococcygeal ligament.
•	c. Iliococcygeus: Posterior portion arising from the tendinous arch of levator ani (a thickened specialized band of fascia covering obturator internus) and inserting on the coccyx.
•	2. Coccygeus (Ischiococcygeus): Located posterior to levator ani, completing the pelvic diaphragm. Arises from the ischial spine and inserts into the lateral margin of the lower sacrum and coccyx.
Part 3: Pelvic Peritoneum, Viscera, and Sphincter Mechanisms
3.1 Pelvic Peritoneum and Peritoneal Pouches
The parietal peritoneum descends from the abdominal cavity into the pelvis to drape over superior surfaces of pelvic viscera, forming characteristic pouches (recesses):
•	• Visceral Coverage: Sigmoid colon and uterus (when present) are extensively covered by peritoneum. The bladder and upper rectum are partially covered (superior surfaces).
•	• Pouches in AFAB Individuals (with a uterus):
•	-Vesicouterine Pouch: A shallow peritoneal reflection between the anterior surface of the uterus and the superior surface of the urinary bladder.
•	-Rectouterine Pouch (Pouch of Douglas): A deep peritoneal pouch between the posterior wall of the uterus/posterior vaginal fornix and the anterior surface of the rectum. Represents the lowest point of the peritoneal cavity in standing AFAB individuals.
•	• Pouches in AMAB Individuals:
•	-Rectovesical Pouch / Space: A single deep peritoneal reflection situated between the posterior surface of the urinary bladder/seminal vesicles and the anterior surface of the rectum.
3.2 The Urinary Bladder and Sphincter Dynamics
The urinary bladder is the most anterior midline pelvic organ, resting immediately posterior to the pubic symphysis.
•	• Detrusor Muscle: The thick wall of the bladder composed of network-like smooth muscle that contracts during micturition.
•	• Trigone of Bladder: A smooth triangular area on the internal posterior wall defined by three openings: the right and left ureteric orifices superiorly and the internal urethral orifice inferiorly. Unlike the rest of the bladder wall, the trigone mucosa is smooth and tightly bound.
•	• Functional Ureteric Sphincter Mechanism: The ureters enter the bladder wall obliquely. When the detrusor muscle contracts during micturition, it compresses the intramural ureteric passages, preventing vesicoureteral reflux (backflow of urine toward the kidneys).
•	• Sphincter Control:
•	-Internal Urethral Sphincter: Involuntary smooth muscle sphincter located at the neck of the bladder/internal urethral orifice (prominent in males to prevent retrograde ejaculation).
•	-External Urethral Sphincter: Voluntary striated (skeletal) muscle surrounding the urethra in the deep perineal pouch.
3.3 Urethral Anatomy: Comparative AFAB vs. AMAB Features
Significant anatomical differences exist in urethral structure between sexes:
•	• AFAB Urethra: Short (~4 cm long) and straight. Extends from internal urethral orifice to external urethral orifice located in the vestibule between the labia minora (posterior to glans clitoris, anterior to vaginal orifice). Paraurethral glands (Skene's glands) open into the distal urethra and secrete mucus (homologous to the prostate).
•	• AMAB Urethra: Longer (~18–20 cm) and multi-part. Conveys both urine and semen. Divided into three main sections:
•	-1. Prostatic Urethra: Traverses the prostate gland; site where urinary and reproductive pathways converge.
•	-2. Membranous Urethra: Shortest section, passing through the perineal membrane and external urethral sphincter.
•	-3. Spongy (Penile) Urethra: Passes through the corpus spongiosum of the penis to exit at the external urethral orifice.
•	• Anatomical Narrowings in AMAB Urethra: Urethra curves ~90° in the perineum and has four luminal narrowings: (1) Internal urethral sphincter, (2) Prostatic urethra (susceptible to benign prostatic hyperplasia), (3) Membranous urethra (compressed by sphincter), and (4) External urethral orifice (narrowest point of entire urethra).
3.4 The Rectum, Anal Canal, and Defecation Mechanics
The rectum is the most posterior midline pelvic structure, lying immediately anterior to the sacrum.
•	• Peritoneal Coverings of Rectum: Superior third has peritoneum on anterior and lateral aspects; middle third has peritoneum on anterior aspect only; distal third is subperitoneal (no peritoneal covering).
•	• Anal Canal (~4–5 cm long): The terminal continuation of the rectum as it pierces the levator ani muscle to enter the perineum.
•	• Anal Columns & Pectinate Line: Internal mucosal folds called anal columns terminate at the pectinate (dentate) line, which marks the embryological junction between endoderm (hindgut) and ectoderm (proctodeum).
•	• Continence and Sphincter Control Mechanisms:
•	-Internal Anal Sphincter: Involuntary circular thickening of smooth muscle at the upper end of the anal canal.
•	-External Anal Sphincter: Voluntary striated muscle encircling the lower anal canal, blending superiorly with puborectalis.
•	-Puborectalis Sling Mechanism: The puborectalis muscle forms a tight sling around the anorectal junction, pulling it forward to create an acute anorectal angle that mechanically blocks fecal passage. Voluntary relaxation of puborectalis straightens this angle, permitting defecation.
Part 4: Pelvic Arterial Supply and Lymphatic Drainage
4.1 Arterial Supply: The Internal Iliac Artery and Branches
The abdominal aorta bifurcates at L4 into the common iliac arteries, which then divide into the external iliac artery (heading to the lower limb) and the internal iliac artery (supplying pelvic viscera, walls, gluteal region, and perineum). The internal iliac artery splits into anterior and posterior divisions:
Division	Arterial Branch	Primary Target / Supply Territory
Posterior (Parietal)	Iliolumbar Artery	Ilium, iliacus muscle, posterior abdominal wall, psoas major, lower back
Posterior (Parietal)	Lateral Sacral Arteries	Sacrum, sacral canal structures, contents of sacral foramina
Posterior (Parietal)	Superior Gluteal Artery	Gluteal muscles (exits greater sciatic foramen superior to piriformis)
Anterior (Parietal)	Obturator Artery	Medial compartment of thigh (exits via obturator canal)
Anterior (Parietal)	Inferior Gluteal Artery	Gluteal muscles, posterior thigh (exits greater sciatic foramen inferior to piriformis)
Anterior (Parietal)	Internal Pudendal Artery	Perineum, erectile tissues (exits greater sciatic foramen, re-enters via lesser sciatic)
Anterior (Visceral)	Umbilical & Superior Vesical Aa.	Distal umbilical artery obliterates (medial umbilical lig); superior vesical supplies bladder
Anterior (Visceral)	Middle Rectal Artery	Distal rectum, anastomosing with superior and inferior rectal arteries
Anterior (Visceral)	Inferior Vesical / Uterine & Vaginal	AMAB: Inferior vesical (bladder base, prostate, ductus deferens). AFAB: Uterine & Vaginal aa.

4.2 Additional Direct Arterial Sources to the Pelvis
In addition to the internal iliac system, three other distinct paired or single arteries supply pelvic structures directly from the abdominal aorta or IMA:
•	1. Gonadal Arteries (Testicular / Ovarian Arteries): Paired branches arising directly from the abdominal aorta at level L2. They descend retroperitoneally into the pelvis (ovaries) or pass through the inguinal canal (testes).
•	2. Superior Rectal Artery: The direct terminal continuation of the inferior mesenteric artery (IMA, arising at L3), supplying the proximal rectum.
•	3. Median Sacral Artery: A small single midline branch arising from the posterior aspect of the distal abdominal aorta just above its bifurcation, descending over the sacrum.
•	4. Clinical Significance of Anastomoses: Extensive collateral circulation exists across the pelvic midline and between internal iliac, aorta, and femoral branches. While protective against ischemia, severe pelvic fractures can rupture these networks, causing extensive, life-threatening hemorrhage.
4.3 Lymphatic Drainage Pathways: Pelvis vs. Perineum
Lymphatic drainage follows arterial pathways with strict regional separation between deep pelvic viscera and superficial perineal structures:
•	• Parietal Pelvic Lymph Node Groups:
•	-Internal Iliac Nodes: Drain pelvic urethra, middle rectum, prostate, cervix, and lower vagina.
•	-External Iliac Nodes: Drain bladder, prostate, uterine body, and ductus deferens.
•	-Sacral Nodes: Drain cervix, prostate, and posterior rectal wall.
•	-Common Iliac Nodes: Receive drainage from internal, external, and sacral nodes, sending lymph superiorly to Para-aortic (Lumbar) Nodes.
•	• Direct Para-aortic (Lumbar) Drainage: The gonads (testes and ovaries), uterine tubes, and superior fundus of the uterus drain directly to para-aortic nodes near L2 (following their embryonic origin and blood supply).
•	• Perineal Lymphatic Drainage Pathway:
•	-Superficial Inguinal Nodes: Drain the skin of the perineum, vulva, scrotum, penis/prepuce, and anal canal distal to the pectinate line.
•	-Deep Inguinal Nodes: Receive drainage from superficial inguinal nodes and direct drainage from the glans penis and glans clitoris (running along the femoral vein).
Part 5: Pelvic Innervation, Micturition, and Defecation Reflexes
5.1 Autonomic and Somatic Innervation Framework
Pelvic functions require coordinated integration between sympathetic, parasympathetic, and somatic nerve divisions:
•	• Sympathetic Division (~T11–L2/3): Originates from thoracolumbar spinal segments. Reaches the pelvis via lumbar and sacral splanchnic nerves and hypogastric plexuses (superior and inferior). Functions in urine and fecal storage ('rest and retain'): relaxes bladder/rectal wall smooth muscles and contracts internal sphincters.
•	• Parasympathetic Division (S2–S4): Arises from sacral spinal cord segments S2, S3, and S4. Carried by Pelvic Splanchnic Nerves through the inferior hypogastric plexus. Functions in emptying/voiding: contracts bladder detrusor and rectal wall smooth muscles, while relaxing internal sphincters.
•	• Somatic Division (S2–S4 Pudendal Nerve): Originates from ventral rami of S2–S4. Travels via the pudendal nerve to supply voluntary skeletal muscles: the external urethral sphincter, external anal sphincter, and pelvic floor/perineal muscles.
5.2 The Micturition Reflex (Urination Control)
Micturition involves a sensory-autonomic-somatic loop:
•	• 1. Receptor & Afferent Pathway: Progressive bladder filling stimulates stretch receptors in the detrusor muscle wall. Sensory visceral afferent fibers travel alongside pelvic splanchnic nerves back to S2–S4 spinal cord segments.
•	• 2. Storage Phase (Sympathetic Dominance): Sympathetic efferents relax the detrusor muscle (allowing filling) and contract the internal urethral sphincter. The somatic pudendal nerve maintains tonic contraction of the external urethral sphincter.
•	• 3. Voiding Phase (Parasympathetic Activation): When micturition is initiated, parasympathetic efferents via pelvic splanchnic nerves contract the detrusor muscle and relax the internal urethral sphincter. Inhibitory cortical signals relax the somatic pudendal nerve, relaxing the external urethral sphincter and levator ani (puboprostaticus/pubovaginalis) to allow complete voiding.
5.3 The Defecation Reflex (Fecal Elimination Control)
Defecation operates via an analogous reflex mechanism:
•	• 1. Receptor & Afferent Pathway: Fecal movement into the rectal ampulla distends the rectal wall, activating stretch receptors. Visceral afferents convey impulses via pelvic splanchnic nerves to S2–S4 spinal cord segments.
•	• 2. Storage Phase (Sympathetic Dominance): Sympathetic fibers relax rectal smooth muscle and contract the internal anal sphincter. The puborectalis muscle contracts, maintaining the acute anorectal angle, and the pudendal nerve keeps the external anal sphincter closed.
•	• 3. Defecation Phase (Parasympathetic Activation): Parasympathetic efferents contract the smooth muscle coats of the rectum and relax the internal anal sphincter. Voluntary relaxation of the puborectalis muscle straightens the anorectal angle, while voluntary inhibition of the pudendal nerve relaxes the external anal sphincter, allowing fecal discharge.
Reflex Function	Sympathetic Effect (T11-L2)	Parasympathetic Effect (S2-S4)	Somatic Effect (Pudendal S2-S4)
Urine Storage	Relaxes Detrusor; Contracts Internal Urethral Sphincter	Inhibited / Inactive	Contracts External Urethral Sphincter (Voluntary Hold)
Micturition (Voiding)	Inhibited / Inactive	Contracts Detrusor; Relaxes Internal Urethral Sphincter	Relaxes External Urethral Sphincter (Voluntary Release)
Defecation (Passage)	Inhibited / Inactive	Contracts Rectal Smooth Muscle; Relaxes Internal Anal Sphincter	Relaxes Puborectalis & External Anal Sphincter

Summary of Key High-Yield Anatomical Pearls
•	1. Hip bone fusion: Ilium, ischium, and pubis fuse at the acetabulum.
•	2. Ligamentous conversion: Sacrospinous ligament (sacrum to ischial spine) and sacrotuberous ligament (sacrum to ischial tuberosity) convert sciatic notches into greater and lesser sciatic foramina.
•	3. Sciatic foramen transit: Piriformis exits greater sciatic foramen; obturator internus tendon exits lesser sciatic foramen; pudendal nerve & internal pudendal artery exit greater sciatic foramen then loop back in through lesser sciatic foramen into perineum.
•	4. Pelvic floor composition: Levator ani (puborectalis, pubococcygeus, iliococcygeus) and coccygeus form the pelvic diaphragm.
•	5. Pelvic peritoneal pouches: Vesicouterine and rectouterine (Pouch of Douglas) pouches in AFAB with uterus; rectovesical pouch in AMAB.
•	6. Internal iliac divisions: Posterior division gives parietal branches (iliolumbar, lateral sacral, superior gluteal); anterior division gives parietal (obturator, inferior gluteal, internal pudendal) and visceral branches (umbilical/superior vesical, middle rectal, uterine/vaginal/inferior vesical).
•	7. Lymphatic separation: Pelvic viscera drain to internal/external/common iliac and sacral nodes; gonads drain directly to para-aortic nodes (L2); perineal skin and external genitalia drain to superficial and deep inguinal nodes.
•	8. Autonomic control mnemonic: 'Point & Shoot' / Parasympathetics (S2-S4) evacuate (micturition/defecation & erection), Sympathetics (T11-L2) retain urine/stool & ejaculate.",
Histology of the reproductive tract 1,"1.2 Histology of the Male Reproductive Tract
Comprehensive Medical Lecture Guide & Detailed Histological Analysis
Lecturer: Dr Chantal Hoppe | Acknowledgments: Dr Julia Young & A/Prof Kerr (Monash University)
📌 TERMINOLOGY & INCLUSIVITY ACKNOWLEDGMENT
We are striving to use language and terminology that is inclusive of LGBTQI+ individuals wherever possible.
However, we acknowledge that some of the terminology used in this medical lecture is not inclusive of transgender, gender diverse, and intersex anatomy/experiences. This reflects a deficit in currently available anatomical terminology that academic institutions are actively working to improve.

1. Learning Objectives & Core Competencies
Upon completing this module on male reproductive histology, medical students should master the following five fundamental domain competencies:
•	1. General Microscopic Organization:  Understand the gross, lobular, and microvascular architecture of the testis, rete testis, efferent ductules, epididymis, ductus deferens, and accessory sex glands.
•	2. Testicular Cell Types & Identification:  Identify Sertoli cells, Leydig cells, peritubular myoid cells, and spermatogenic cells on histological sections, detailing their morphological criteria and physiological roles.
•	3. Stages of Spermatogenesis & Sperm Morphology:  Trace the cytodifferentiation and chromosomal transitions from diploid spermatogonia through meiotic spermatocytes to haploid round spermatids and mature spermatozoa.
•	4. Primary Tissue Contributions:  Explain how Epithelial, Connective, Muscle, and Nervous tissues integrate to construct functional reproductive structures.
•	5. Male Fertility & Clinical Correlations:  Analyze the etiologies of male factor infertility, anti-sperm autoimmunity, anatomical blockages, hormonal dysregulation, and principles of ART (IVF & ICSI).
2. Organization & Gross Histology of the Testis
The testes are paired ovoid organs suspended within the scrotum outside the abdominal cavity, maintaining a temperature 2–3°C below core body temperature, which is essential for normal spermatogenesis.
2.1 Testicular Capsules & Septation
•	Tunica Vaginalis:  Outermost pouch-like serous membrane derived from the abdominal peritoneum during testicular descent. Consists of parietal and visceral mesothelial layers separated by a thin fluid space.
•	Tunica Albuginea:  A dense, fibrous capsule of collagenous connective tissue directly enveloping the testicular parenchyma. Posteriorly, it thickens to form the mediastinum testis.
•	Testicular Septa:  Fibrous connective tissue partitions originating from the tunica albuginea that extend inward to divide the testis into approximately 250 to 300 pyramidal lobules.
•	Tunica Vasculosa:  Highly vascularized loose connective tissue layer situated immediately beneath the tunica albuginea, supplying nutrient capillaries to the septa and lobules.
2.2 Seminiferous Tubule Dimensions & Flow Path
Each testicular lobule contains 1 to 4 highly convoluted seminiferous tubules. In humans, there are approximately 500 seminiferous tubules per testis, yielding a combined total length of roughly 600 meters. These tubules represent the functional parenchyma where spermatozoa are continuously generated.
The luminal pathway of spermatozoa and testicular fluid proceeds sequentially as follows:
Sperm Transit Route: Seminiferous Tubules → Tubuli Recti (straight tubules) → Rete Testis (in mediastinum) → Efferent Ductules (10–12 ductules) → Epididymis (Head → Body → Tail) → Ductus (Vas) Deferens → Ejaculatory Duct → Prostatic Urethra.
3. Seminiferous Epithelium & Peritubular Tissue
Each seminiferous tubule is lined by a specialized, complex stratified epithelium (seminiferous epithelium) surrounded by a distinct boundary layer known as the peritubular tissue or lamina propria.
3.1 Peritubular Tissue (Lamina Propria) Architecture
The peritubular boundary layer envelops the outer basement membrane of the seminiferous tubule. It consists of a well-defined basal lamina, type I and III collagen fibers, and 3–5 layers of flattened, contractile cells termed peritubular myoid cells (myofibroblasts).
The lamina propria fulfills three vital physiological functions:
•	1. Sperm Propulsion:  Peritubular myoid cells display smooth muscle-like rhythmic peristaltic contractions that generate wave-like propulsion, pushing immotile spermatozoa and luminal fluid out of the testis toward the rete testis and epididymis.
•	2. Structural Support:  Provides mechanical framework, elasticity, and turgor, maintaining tubular structural integrity under variable tissue pressures.
•	3. Androgen Responsiveness:  Peritubular myoid cells express functional androgen receptors, responding to paracrine testosterone signals to regulate collagen synthesis and contractility.
3.2 Sertoli Cells (""Nurse Cells"")
First described by Enrico Sertoli in 1865, Sertoli cells are tall, non-dividing columnar somatic cells that span the entire thickness of the seminiferous epithelium, extending from the basal lamina to the tubular lumen.
•	Histological Appearance:  Sertoli cells feature a pale, euchromatic, triangular or pale oval nucleus with a very prominent central nucleolus. Their cytoplasm is intricate and tree-like, producing extensive lateral processes that envelope adjacent germ cells at all stages of development.
•	Resilience & Persistence:  Sertoli cells are highly resistant to adverse physical conditions (e.g., radiation, heat, toxic insults, viral infection). Even in clinical conditions where germ cells are completely destroyed or absent (Sertoli-cell-only syndrome), Sertoli cells persist intact within the tubule.
3.3 The Blood-Testis Barrier (BTB)
Near the basal lamina, adjacent Sertoli cells form extremely tight specialized junctional complexes consisting of tight junctions (zonula occludens), ectoplasmic specializations, desmosomes, and gap junctions. This anatomical specialization constitutes the Blood-Testis Barrier (BTB).
The BTB divides the seminiferous epithelium into two functional micro-environments:
•	1. Basal Compartment:  Located between the basement membrane and the tight junctions. Contains diploid spermatogonia and preleptotene primary spermatocytes. This compartment is open to systemic blood plasma and tissue fluid.
•	2. Adluminal Compartment:  Located above the tight junctions extending to the lumen. Contains meiotic primary/secondary spermatocytes, haploid round spermatids, elongated spermatids, and mature spermatozoa.
📌 PHYSIOLOGICAL IMPORTANCE OF THE BLOOD-TESTIS BARRIER
The Blood-Testis Barrier creates an immune-privileged environment in the adluminal compartment.
Because post-meiotic germ cells express novel haploid cell surface antigens after puberty, they would be recognized as foreign by the host immune system.
The BTB prevents immunoglobulins and immune lymphocytes from reaching haploid germ cells, preventing autoimmune orchitis.
During spermatogenesis, Sertoli-Sertoli and Sertoli-germ cell junctions undergo dynamic restructuring to allow primary spermatocytes to move from the basal to the adluminal compartment without breaking barrier integrity.

3.4 Comprehensive Sertoli Cell Functions
Sertoli cells act as master regulators of testicular biology through seven primary actions:
•	1. Support & Nurture:  Provide physical scaffold, essential nutrients (pyruvate, lactate), and growth factors to developing germ cells.
•	2. Sex Determination:  Express SRY gene (Sex-determining Region Y) on the Y chromosome, initiating testis determination in embryonic gonads.
•	3. Anti-Müllerian Hormone (AMH) Secretion:  Secreted during early fetal life to cause regression of the Müllerian (paramesonephric) ducts, ensuring male tract development.
•	4. Endocrine & Paracrine Regulation:  Synthesize Androgen-Binding Protein (ABP) under FSH stimulation, which binds testosterone to maintain high intratesticular androgen levels required for spermatogenesis. Produce Inhibin B for negative feedback on pituitary FSH, plus Estrogen and Leydig cell stimulatory factors.
•	5. Stem Cell Niche Regulation (GDNF):  Secretes Glial Cell Line-Derived Neurotrophic Factor (GDNF), which precisely controls the self-renewal versus differentiation balance of spermatogonial stem cells.
•	6. Blood-Testis Barrier Formation:  Establishes tight junctions creating the immune-privileged adluminal micro-environment.
•	7. Luminal Fluid Secretion & Phagocytosis:  Produce electrolyte-rich luminal fluid to suspend and carry immotile spermatozoa out of the testis, and phagocytose discarded residual bodies during spermiogenesis.
4. Intertubular (Interstitial) Tissue & Leydig Cells
The intertubular interstitial space separates adjacent seminiferous tubules. It consists of loose connective tissue containing fenestrated capillaries, lymphatic channels, autonomic nerves, fibroblasts, mast cells, and testicular macrophages.
4.1 Leydig Cells (Interstitial Cells)
Leydig cells are large, polygonal somatic cells present in prominent clusters within the interstitial space, frequently associated with macrophages and capillary networks.
•	Morphology:  Epithelioid polygonal cells with round vesicular nuclei and strongly eosinophilic cytoplasm rich in lipid droplets and abundant Smooth Endoplasmic Reticulum (SER), reflecting active steroidogenesis.
•	Crystals of Reinke:  Pathognomonic, rod-shaped proteinaceous crystalline inclusions found exclusively within the cytoplasm of human Leydig cells (function remains under investigation).
•	Endocrine Function:  Primary endocrine site for testosterone production in males.
4.2 Leydig Cell Hormonal Control & Testosterone Fate
Leydig cells possess membrane receptors for Luteinizing Hormone (LH), secreted by the anterior pituitary gland. Binding of LH stimulates cholesterol side-chain cleavage, driving testosterone biosynthesis.
Synthesized testosterone follows two primary distribution pathways:
•	1. Intratesticular Diffusion:  Crosses the peritubular lamina propria to enter the seminiferous tubule. Bound by Sertoli cell ABP, high local concentrations drive spermatogenesis.
•	2. Systemic Circulation:  Enters interstitial fenestrated capillaries to circulate throughout the body. Acts on male target organs (prostate, seminal vesicles, epididymis, ductus deferens, penis, scrotum) and maintains male secondary sexual characteristics, libido, muscle mass, and bone density.
5. Endocrine Regulation: The Hypothalamic-Pituitary-Gonadal (HPG) Axis
Spermatogenesis is strictly dependent on gonadotropic hormones from the pituitary gland and androgen signaling:
•	GnRH (Gonadotropin-Releasing Hormone):  Secreted by the hypothalamus in a pulsatile manner, stimulating the anterior pituitary gland.
•	LH (Luteinizing Hormone):  Binds LH receptors on Leydig cells → stimulates Testosterone production.
•	FSH (Follicle-Stimulating Hormone):  Binds FSH receptors on Sertoli cells → stimulates ABP secretion, fluid production, Inhibin B release, and supports germ cell maturation.
📌 GONADOTROPIN MECHANISM OF ACTION
CRITICAL ENDOCRINE CONCEPT: NO hormone receptors for FSH or Testosterone exist on germ cells!
All hormonal signals controlling spermatogenesis are mediated through Sertoli cells.
Testosterone (from Leydig cells) and FSH (from pituitary) bind exclusively to Sertoli cells, which then transduce physical and biochemical signals to nurture germ cell maturation.
Feedback Loops: Testosterone exerts negative feedback on LH and GnRH. Inhibin B (from Sertoli cells) exerts selective negative feedback on pituitary FSH secretion.

6. Spermatogenesis & Morphological Differentiation
Spermatogenesis is the complete developmental process of germ cell proliferation and maturation from diploid stem cells into haploid spermatozoa over a period of approximately 70 days in humans.
Spermatogenic kinetic output is exceptionally high:
•	Daily Production:  ~100 million spermatozoa produced per day.
•	Rate:  ~4 million per hour | ~60,000 per minute | ~1,000 per second.
•	Ejaculate:  Normal ejaculate volume is ~2 mL, containing ~40 million or more spermatozoa.
6.1 Three Histological Phases of Spermatogenesis
Spermatogenesis proceeds through three sequential cellular phases:
•	1. Mitotic Phase (Spermatogoniogenesis):  Stem cells located on the basal lamina undergo mitotic divisions. Type Ad (Dark) spermatogonia act as reserve stem cells. Type Ap (Pale) spermatogonia divide to self-renew or produce Type B spermatogonia, which undergo final mitosis to form primary spermatocytes.
•	2. Meiotic Phase (Spermatocytogenesis):  Primary spermatocytes (diploid, 4C DNA) enter a prolonged meiotic prophase I (leptotene, zygotene, pachytene, diplotene). Division I yields short-lived secondary spermatocytes (haploid, 2C DNA). Division II rapidly yields haploid round spermatids (haploid, 1C DNA).
•	3. Spermiogenesis (Cytodifferentiation):  Transformation of non-dividing round spermatids into elongated, motile spermatozoa without further cell division.
Table 1: Cytological & Genetic Characteristics of Spermatogenic Cells
Cell Type	Location in Epithelium	Nuclear / Cytoplasmic Appearance	Ploidy	DNA Content
Spermatogonia (A & B)	Basal compartment	Round cell, dark or pale chromatin, adjacent to basement membrane	Diploid (2n)	2C DNA
Primary Spermatocyte	Adluminal boundary	Largest germ cell, prominent condensed coarse chromatin strands	Diploid (2n)	4C DNA
Secondary Spermatocyte	Adluminal compartment	Small round cell, short-lived (rarely seen in sections)	Haploid (1n)	2C DNA
Round Spermatid	Near tubular lumen	Small round central nucleus, abundant Golgi apparatus, spherical	Haploid (1n)	1C DNA
Spermatozoon (Elongated)	Lumen surface	Condensed condensed dark head, distinct midpiece and flagellum	Haploid (1n)	1C DNA

6.2 Spermiogenesis & Spermatozoon Microstructure
Spermiogenesis involves four major structural reorganizations:
•	1. Nuclear Compaction:  Protamines replace histones, causing extreme condensation of nuclear DNA into an elongated, hydrodynamic head, shutting down transcription.
•	2. Acrosome Formation:  Golgi apparatus forms an acrosomal vesicle containing hydrolytic enzymes (hyaluronidase, acrosin) that caps the anterior 2/3 of the nucleus.
•	3. Flagellar Development:  Centrioles migrate to the posterior nuclear pole. The distal centriole extends an axoneme (9+2 microtubule arrangement) to form the flagellar tail.
•	4. Mitochondrial Sheath & Residual Body Clearance:  Mitochondria arrange spirally around the proximal tail, forming the mitochondrial sheath of the midpiece. Excess cytoplasm is shed as residual bodies and phagocytosed by Sertoli cells.
6.3 The Spermatogenic Syncytium
During all mitotic and meiotic divisions, cytokinesis is incomplete. Daughter cells remain interconnected by intercellular cytoplasmic bridges, forming a functional syncytium.
•	Functional Significance:  Syncytial interconnection allows sharing of RNA and protein gene products across haploid spermatids (including products encoded by the X chromosome sharing with Y-bearing spermatids), ensuring synchronized development and equal maturation capability.
6.4 Cycle of the Seminiferous Epithelium & Species Differences
Germ cell development occurs in precise temporal and spatial associations along the seminiferous tubule wall:
•	Rodent Pattern:  In rodents, specific cellular associations are arranged in linear, consecutive segments along the length of the tubule. A single cross-section displays only ONE cellular stage.
•	Human Pattern:  In humans, stages display a complex helical or spiral arrangement along the tubule. Consequently, a single cross-section of a human seminiferous tubule displays MULTIPLE cellular associations (arranged in pie/wedge sectors).
7. Excretory Duct System & Post-Testicular Events
Spermatozoa exiting the seminiferous tubules are morphologically complete but immotile and incapable of fertilization. They undergo post-testicular transit and functional maturation through a series of specialized ducts.
7.1 Rete Testis & Efferent Ductules
•	Rete Testis:  Network of interconnected channels within the dense mediastinum testis, lined by simple cuboidal/low columnar epithelium bearing single cilia and short microvilli.
•	Efferent Ductules (Ductuli Efferentes):  10 to 12 coiled ducts connecting the rete testis to the epididymal head. Lined by pseudostratified columnar epithelium with alternating tall ciliated cells (which sweep sperm forward) and short non-ciliated absorptive cells (which absorb >90% of testicular fluid).
7.2 Epididymis
The epididymis is a single, intensely coiled muscular tube 4 to 5 meters in length, divided into three anatomical regions: Caput (head), Corpus (body), and Cauda (tail).
•	Histological Structure:  Pseudostratified columnar epithelium composed of tall principal cells with long, non-motile stereocilia (extremely long microvilli) and short basal stem cells, surrounded by a thin layer of peritubular smooth muscle and dense connective tissue.
•	Functions:  Spermatozoa acquire forward progressive motility and fertilization capacity (glycoprotein surface modification) during their 2–3 week transit. Sperm are stored in the cauda epididymis.
7.3 Ductus Deferens (Vas Deferens)
A thick-walled muscular tube that conveys spermatozoa from the cauda epididymis to the ejaculatory duct.
•	Mucosa:  Lined by pseudostratified columnar epithelium with stereocilia resting on a thin lamina propria.
•	Muscularis Layer:  Characterized by an exceptionally thick smooth muscle coat organized into three distinct layers:
•	 Inner Longitudinal Smooth Muscle ($SM_L$)
•	 Middle Circular Smooth Muscle ($SM_C$)
•	 Outer Longitudinal Smooth Muscle ($SM_L$)
•	Function:  During ejaculation, powerful sympathetic peristaltic contractions rapidly propel sperm through the ductus deferens. The epithelium can also absorb fluid and residual sperm (e.g., clearance following vasectomy).
8. Accessory Sex Glands & Seminal Fluid Composition
The male accessory sex glands secrete the non-cellular fluid component of semen (seminal plasma), providing nutrients, buffering agents, and enzymatic factors.
8.1 Seminal Vesicles (Seminal Glands)
Paired, highly convoluted tubular glands located posterior to the urinary bladder.
•	Histology:  Extremely folded, honeycomb-like mucosal ridges lined by pseudostratified columnar epithelium, supported by a thin lamina propria and surrounded by a smooth muscle wall.
•	Secretion:  Produces a thick, yellowish, alkaline fluid (~60–70% of total semen volume) rich in fructose (primary energy source for sperm motility), prostaglandins (stimulate smooth muscle contraction in male/female tracts), clotting proteins (semenogelin), and ascorbic acid.
8.2 Prostate Gland
The largest accessory gland, surrounding the prostatic urethra. Encapsulated by dense connective tissue with rich fibromuscular stroma (smooth muscle mixed with collagenous fibers) dividing the organ into lobules.
•	Histology:  Contains 30 to 50 branched tubuloalveolar glands lined by a heterogeneous epithelium (simple cuboidal, columnar, or pseudostratified columnar depending on functional state).
•	Secretion:  Secretes a thin, milky, slightly acidic fluid containing zinc (stabilizes chromatin), citric acid (nutrient), Prostate-Specific Antigen (PSA - serine protease that liquefies clotted semen), and proteolytic enzymes.
•	Hormonal Dependence:  Highly dependent on dihydrotestosterone (DHT) and testosterone for structural and secretory maintenance.
9. Integration of the 4 Primary Tissue Types in Male Anatomy
The male reproductive tract provides a classic example of how all four primary biological tissues cooperate to form complex organs:
Table 2: Contribution of Primary Tissue Types to Male Reproductive Organs
Primary Tissue Type	Specific Histological Manifestations	Organ Locations & Primary Roles
1. Epithelial Tissue	Complex stratified (seminiferous), simple cuboidal (rete testis), pseudostratified columnar with stereocilia (epididymis, vas deferens), tubuloalveolar glandular (prostate, seminal vesicles)	Spermatogenesis, fluid absorption/secretion, protection, luminal lining, enzymatic synthesis
2. Connective Tissue	Dense collagenous capsules (tunica albuginea), interstitial loose connective tissue, vascular basement membranes, fibromuscular stroma	Capsular protection, testicular lobulation, passage of fenestrated capillaries, nerves, and lymphatics
3. Muscle Tissue	Peritubular myoid cells (myofibroblasts), 3-layered thick smooth muscle coat ($SM_L, SM_C, SM_L$), prostatic fibromuscular stroma	Peristaltic propulsion of spermatozoa, forceful ejaculate expulsion during sympathetic emission
4. Nervous Tissue	Autonomic nerve fibers, sensory innervations, neurovascular bundles in spermatic cord and interstitial stroma	Control of vascular tone, contraction of smooth muscle walls, reflex ejaculatory control

10. Clinical Correlations & Male Factor Infertility
Infertility is defined as the inability to conceive after 12 months of regular unprotected intercourse. Approximately 1 in 6 couples in Australia experience infertility, with male factor abnormalities contributing to up to 50% of cases.
10.1 Sperm Morphology & Normal Variations
Normal human ejaculate exhibits significant morphological heterogeneity. In fact, up to 10% of spermatozoa in normal fertile ejaculate display abnormal morphology (e.g., small head/microcephaly, large head/macrocephaly, double head, double tail, bent tail). Higher percentages of abnormal morphology lead to teratozoospermia.
10.2 Etiological Classification of Male Infertility
Male infertility can be categorized into five major clinical etiologies:
•	1. Sperm Production Dysfunction:  Chromosomal/genetic causes (e.g., Klinefelter syndrome 47,XXY; Y-chromosome microdeletions), Cryptorchidism (undescended testes leading to hyperthermia-induced germ cell apoptosis), Infections (mumps orchitis, epididymo-orchitis), Testicular Torsion (ischemic necrosis), Environmental Heat, Varicocele (dilated pampiniform plexus elevated temperature), Toxins/Radiation, or Idiopathic causes.
•	2. Blockage of Sperm Transport (Obstructive Azoospermia):  Post-infectious duct strictures, Prostate pathology, Congenital Bilateral Absence of Vas Deferens (CBAVD, strongly associated with CFTR gene mutations in cystic fibrosis), or elective Vasectomy.
•	3. Anti-Sperm Antibodies:  Autoimmune response against sperm antigens triggered by disruption of the Blood-Testis Barrier following vasectomy, testicular trauma, torsion, or severe infection.
•	4. Sexual & Ejaculatory Problems:  Erectile dysfunction, Retrograde ejaculation into the urinary bladder, Premature/failed ejaculation, spinal cord injury, or surgical nerve damage during pelvic/prostate surgery.
•	5. Hormonal Disturbances:  Hypothalamic/pituitary tumors, Congenital Hypogonadotropic Hypogonadism (Kallmann syndrome), or exogenous Anabolic-Androgenic Steroid (AAS) abuse (which suppresses gonadotropins via negative feedback, causing testicular atrophy).
10.3 Assisted Reproductive Technologies (ART)
When conservative or surgical interventions fail, advanced ART techniques are utilized:
•	In Vitro Fertilization (IVF):  Oocytes are incubated with isolated spermatozoa in vitro for spontaneous fertilization.
•	Intracytoplasmic Sperm Injection (ICSI):  A single, morphologically normal spermatozoon is directly microinjected into the cytoplasm of a mature oocyte. This technique bypasses severe sperm motility or count deficits.
📌 SUMMARY FOR MEDICAL EXAMINATIONS
Mastery of male reproductive histology provides the foundation for understanding reproductive endocrinology, urology, pathology, and assisted reproduction.
Remember to systematically correlate microscopic structures (Sertoli cells, Leydig cells, BTB) with their endocrine drivers (FSH, LH, Testosterone) and clinical presentations (azoospermia, infertility, varicocele).
",
Histology of the reproductive tract 2,"1.3 Histology of the Reproductive Tract
Comprehensive Study Guide & Medical Lecture Review: Microscopic Architecture of the Ovary, Fallopian Tube, and Uterus Across the Menstrual Cycle
ACADEMIC MODULE: Histology of the Reproductive Tract
COURSE LECTURER: Dr. Chantal Hoppe (chantal.hoppe@monash.edu) | Dept. of Anatomy & Developmental Biology, Monash University
DOCUMENT TYPE: Comprehensive Medical Student Study Guide & Comprehensive Lecture Review
INCLUSIVITY STATEMENT: We strive to use terminology inclusive of LGBTQI+ individuals. We acknowledge that standard biological/medical literature terms may present deficits regarding gender diversity, which academic institutions are actively working to refine.

1. Overview & Primary Tissue Architecture
The female reproductive system is a dynamic, hormone-responsive organ system designed for gametogenesis (oogenesis), steroidogenesis, fertilization, and housing/nourishing the developing embryo and fetus. The organs comprising the female reproductive tract—specifically the ovaries, fallopian tubes (oviducts), and uterus—are structurally built from the four basic primary tissue types. Understanding how these four tissues integrate provides the foundation for identifying normal histology and clinical pathology.
•	Epithelial Tissue: Forms protective outer coverings (germinal epithelium of the ovary, uterine serosa), specialized secretory linings (endometrial glands, oviductal peg cells), and gamete-supporting cellular layers (follicular/granulosa cells).
•	Connective Tissue: Provides structural support, vascular conduits, and metabolic exchange. Includes the fibrous tunica albuginea, the cellular ovarian stroma (rich in spindle-shaped fibroblasts), loose lamina propria in the oviduct and endometrium, and outer serosal/adventitial matrices.
•	Muscle Tissue: Composed primarily of smooth muscle. Provides peristaltic movement in the fallopian tubes to propel gametes/embryos, massive contractile capability in the myometrium of the uterus, and localized contractility in the theca externa myofibroblasts of mature ovarian follicles.
•	Nervous & Vascular Tissue: Extensive capillary networks and autonomic nerve plexuses penetrate the ovarian medulla, inner theca layer, and uterine wall (arcuate, radial, straight, and spiral arteries) to deliver systemic hormones (FSH, LH) and respond to local ovarian steroid signals.
2. Gross & Microscopic Architecture of the Ovary
The ovaries are paired, almond-shaped organs measuring approximately 3 cm in length, 1.5 cm in width, and 1 cm in thickness. Functionally, the ovary performs dual roles: an exocrine role (releasing mature oocytes via ovulation) and an endocrine role (synthesizing and secreting estrogen and progesterone under anterior pituitary gonadotropin control).
Microscopic Zonation of the Ovary
•	Germinal Epithelium: A single layer of simple squamous or simple cuboidal cells covering the outer surface of the ovary. Note: The term 'germinal epithelium' is a histological misnomer; historical anatomists incorrectly believed it gave rise to germ cells. In reality, germ cells originate from the embryonic yolk sac endoderm and migrate into the genital ridge.
•	Tunica Albuginea: A dense, irregular collagenous connective tissue layer situated immediately beneath the germinal epithelium. It imparts a whitish capsule appearance to the gross ovary.
•	Ovarian Cortex: The peripheral region surrounding the medulla. The cortex consists of ovarian follicles at various stages of maturation (primordial, primary, secondary, antral, pre-ovulatory/Graafian) and post-ovulatory structures (corpora lutea, corpora albicantia) embedded in a dense, highly cellular stroma of spindle-shaped fibroblast-like cells and collagen fibers.
•	Ovarian Medulla: The central vascular core of the ovary. Consists of loose connective tissue, elastic fibers, smooth muscle surrounding large tortuous blood vessels, lymphatic channels, and autonomic nerve fibers. The medulla contains no ovarian follicles.
Age-Dependent Structural Alterations
The histological landscape of the human ovary changes dramatically across a female's lifespan:
•	Young Adult Ovary (e.g., Age 19): Characterized by a thick cortex densely populated with thousands of resting primordial follicles, alongside multiple growing primary, secondary, and antral follicles. Active corpora lutea and minimal fibrotic tissue are present.
•	Peri-Menopausal / Older Ovary (e.g., Age 49): Exhibits a significantly thinned cortex with a severely depleted pool of follicles. The stroma becomes predominant, dense, and hyalinized. Multiple inactive collagenous scars (corpora albicantia) occupy the cortex and medulla, and blood vessels show prominent hyalinization and thick muscular walls.
3. Life History of Germ Cells, Oogenesis, and Meiotic Arrest
Unlike male spermatogenesis, which begins at puberty and continues continuously throughout adult life, female oogenesis begins during early fetal development and follows a highly restricted, finite timeline punctuated by prolonged meiotic arrests.
Quantitative Timeline of the Ovarian Reserve
•	Fetal Peak (5–6 Months Gestation): Germ cells (oogonia) undergo rapid mitotic proliferation, reaching a peak population of 5.0 to 6.0 million in the paired fetal ovaries.
•	At Birth: Prenatal attrition reduces the germ cell pool to approximately 1.0 million primary oocytes, all encased within primordial follicles.
•	At Puberty: Ongoing steady-state degeneration reduces the reserve to approximately 400,000 primary oocytes.
•	Reproductive Lifespan: Over a typical 30- to 40-year reproductive lifespan (from menarche to menopause), an individual will undergo approximately 400 to 450 ovulatory cycles, releasing only ~400–450 mature ova (typically 1 ovum per 28-day cycle).
•	Accelerated Decline (>38 Years): Follicular attrition accelerates markedly after age 38.
•	Menopause (~50 Years): The follicular reserve is completely exhausted (drops to zero). Without growing follicles, the primary source of endogenous estrogen and progesterone is eliminated.
Follicular Atresia: The Fate of 99.9% of Follicles
With ~400,000 follicles present at puberty and only ~400 ovulated over a lifetime, over 99.9% of all ovarian follicles die via programmed cell death, a process termed follicular atresia. Atresia occurs at all stages of development (primordial, primary, secondary, and antral). It is primarily driven by apoptosis of granulosa cells when tonic pituitary FSH levels are insufficient to maintain non-dominant growing follicles. Morphologically, atretic follicles display pyknotic granulosa cell nuclei, a thick wavy basement membrane ('glassy membrane'), and degeneration of the oocyte. Compare this to adult males who produce ~1,000 spermatozoa every second!

Meiotic Stages & Arrest Dynamics
•	Fetal Origin & First Meiotic Arrest: In the fetus, oogonia enter Meiosis I and transform into primary oocytes. However, they arrest during the diplotene stage of Prophase I. Primary oocytes remain dormant in Prophase I inside primordial follicles for 12 years (puberty) up to 50 years (menopause).
•	Resumption of Meiosis I: Just prior to ovulation, the pre-ovulatory surge of Luteinizing Hormone (LH) stimulates the dominant follicle's primary oocyte to resume and complete Meiosis I. Cytokinesis is asymmetric, producing one large Secondary Oocyte (containing almost all cytoplasm) and a tiny, non-functional First Polar Body (which degenerates or may briefly divide).
•	Second Meiotic Arrest: The secondary oocyte immediately enters Meiosis II but arrests at Metaphase II. It is ovulated in this arrested state.
•	Completion of Meiosis II: Meiosis II is completed ONLY if a spermatozoon successfully fertilizes the secondary oocyte within the fallopian tube. Penetration triggers asymmetric division, extruding a Second Polar Body and forming the mature female pronucleus, which then fuses with the male pronucleus to form a diploid zygote.
4. Folliculogenesis: Microscopic Stages of Follicle Growth
Folliculogenesis is the complex developmental process by which a resting primordial follicle grows and differentiates into a mature pre-ovulatory follicle.
Critical Clarification: Folliculogenesis Timeframe
Standard medical textbook diagrams often oversimplify the menstrual cycle by depicting a resting follicle growing into a pre-ovulatory follicle within the 14 days of the follicular phase. THIS IS INCORRECT! In the human ovary, folliculogenesis is a protracted process requiring OVER 6 MONTHS (>180 days) for a primordial follicle to progress to the ovulatory stage. Beginning at puberty, a continuous cohort of approximately 20 primordial follicles per day is recruited from the resting pool to begin this long developmental journey.

Histological Stages of Follicle Development
1. Primordial Follicle (Resting Pool)
•	Size: Primary oocyte diameter ~25 µm; total follicle diameter ~35 µm.
•	Location: Situated in the far outer cortex, directly beneath the tunica albuginea.
•	Histology: Consists of a small primary oocyte (arrested in diplotene of Prophase I) with a large, pale nucleus and prominent nucleolus, surrounded by a single layer of flattened, squamous follicular cells resting on a thin basal lamina.
2. Primary Follicle
•	Size: Grows to approximately 75 µm in diameter.
•	Histology: Follicular cells undergo a morphological shape change from squamous to cuboidal, becoming granulosa cells. When a single layer of cuboidal granulosa cells surrounds the oocyte, it is a unilaminar primary follicle; as granulosa cells proliferate into a stratified epithelium, it becomes a multilaminar primary follicle.
•	Zona Pellucida: A conspicuous, acellular, strongly eosinophilic glycoprotein layer (comprising ZP1, ZP2, ZP3) secreted into the space between the oocyte and the innermost granulosa cells. Gap junctions extend through microvilli and filopodia across the zona pellucida to allow nutrient and signal transfer.
•	Theca Folliculi Formation: Stromal cells immediately adjacent to the basal lamina organize into a wrapped connective tissue sheath, the theca folliculi.
3. Secondary (Pre-Antral & Early Antral) Follicle
•	Histology: Under pituitary FSH stimulation, granulosa cells continue to multiply. Small fluid-filled spaces begin to appear between granulosa cells, containing liquor folliculi (antral fluid).
•	Theca Differentiation: The theca folliculi differentiates into two distinct functional layers:
•	• Theca Interna: Highly vascularized inner layer of large, cuboidal steroidogenic cells expressing LH receptors. In response to LH, theca interna cells synthesize androgens (androstenodione) from cholesterol.
•	• Theca Externa: Outer layer composed mostly of fibrous connective tissue, smooth muscle cells, and collagen fibers, merging gradually with the ovarian stroma.
4. Antral (Vesicular) Follicle
•	Size: Expands to ~400 µm in diameter, becoming visible to the naked eye.
•	Histology: Individual fluid pockets coalesce into a single, continuous, fluid-filled cavity known as the antrum. The antral fluid is rich in glycosaminoglycans (hyaluronic acid), steroid-binding proteins, progesterone, androgens, and estrogens.
•	Cumulus Oophorus: The oocyte is now positioned eccentrically, surrounded by a solid mound of granulosa cells called the cumulus oophorus, which anchors it to the wall of the follicle.
5. Graafian (Mature / Pre-Ovulatory) Follicle
•	Size: Enormous growth reaching 20 to 25 mm (20,000 to 25,000 µm) in diameter.
•	Selection & Dominance: Under FSH action, one secondary/antral follicle outgrows the rest, becoming the dominant follicle. Granulosa cells in the dominant follicle express abundant aromatase enzyme, which converts theca-derived androgens into estrogens (estradiol). High systemic estrogen exerts negative feedback on pituitary FSH, depriving smaller non-dominant follicles of FSH and driving them into atresia.
•	Corona Radiata: The innermost layer of cumulus granulosa cells directly surrounding the zona pellucida forms the corona radiata. Radial cell processes penetrate the zona pellucida to communicate with the oocyte.
•	Pre-Ovulatory Detachment: Prior to ovulation, the cumulus bridge is severed, leaving the cumulus-oocyte complex (oocyte + zona pellucida + corona radiata) floating freely in the antral fluid. The huge Graafian follicle bulges against the surface of the ovary.
5. Ovulation & Post-Ovulatory Ovarian Structures
The Ovulation Process
Ovulation is the hormone-induced rupture of the Graafian follicle and release of the secondary oocyte. Triggered by a surge in LH from the anterior pituitary, the process takes approximately 15 minutes:
•	1. Stigma Formation: The bulging surface of the Graafian follicle against the ovarian tunic causes local ischemia, creating a pale, avascular spot called the stigma.
•	2. Enzymatic Degradation: LH stimulates local release of plasminogen activator, collagenases, and prostaglandins, which break down the collagen matrix of the tunica albuginea and ovarian capsule.
•	3. Expulsion: Increased intra-follicular fluid volume and smooth muscle contraction in the theca externa cause the stigma to rupture. Viscous follicular fluid flows out, carrying the cumulus-oocyte complex into the peritoneal cavity near the open end of the fallopian tube.
Corpus Luteum ('Yellow Body')
Following ovulation, the collapsed wall of the ruptured follicle undergoes rapid structural and biochemical transformation under LH stimulation, forming a temporary endocrine organ called the corpus luteum:
•	Granulosa Lutein Cells: Derived from the original granulosa cells. They constitute ~80% of the corpus luteum. These large, pale-staining polyhedral cells develop abundant smooth endoplasmic reticulum and lipid droplets, actively secreting large quantities of progesterone and estrogen.
•	Theca Lutein Cells: Derived from the original theca interna. Located in the peripheral folds and deeply staining vascular septa, these smaller, darker cells synthesize progesterone and androgens.
•	Vascularization: Blood vessels from the theca layer invade the granulosa layer, creating a rich capillary network surrounding the luteal cells. The center of the cavity forms a fibrous blood clot (corpus hemorrhagicum).
•	Function: High progesterone levels produced by the corpus luteum act on the uterine endometrium to prepare it for embryo implantation and inhibit pituitary gonadotropin release (FSH and LH). During the first 2 months of pregnancy, human chorionic gonadotropin (hCG) from the syncytiotrophoblast maintains the corpus luteum.
Corpus Albicans ('White Body')
If fertilization and implantation do not occur, the lack of hCG causes the corpus luteum to degenerate after 10–12 days (luteolysis):
•	Histology: Luteal cells undergo apoptosis, lipid content is resorbed, and macrophages clear cellular debris. Fibroblasts lay down dense collagenous matrix, transforming the luteal mass into an acellular, deeply folded, pale scar tissue known as the corpus albicans.
•	Resorption: Over subsequent months, the corpus albicans is slowly resorbed by the ovarian stroma, leaving tiny scarring remnants.
6. Histology of the Fallopian Tube (Oviduct)
The fallopian tubes (oviducts or uterine tubes) are paired, muscular tubes measuring ~10–12 cm in length that extend laterally from the uterus toward the ovaries. They collect the ovulated secondary oocyte, provide the microenvironment for fertilization, and transport the fertilised conceptus to the uterine cavity.
Anatomical Subdivisions
•	Infundibulum: The trumpet-shaped distal end featuring finger-like mucosal projections called fimbriae that drape over the ovary.
•	Ampulla: The dilated, tortuous middle segment comprising over half the length of the tube. This is the physiological site of fertilization.
•	Isthmus: The narrow, thick-walled medial segment connecting to the uterine horn.
•	Intramural / Uterine Part: The segment traversing the muscular wall of the uterus.
Histological Layers of the Oviduct Wall
•	1. Mucosa: Displays intricate branching longitudinal folds, which are most dense and complex in the ampulla and become simpler toward the isthmus. Lined by a simple columnar epithelium resting on a loose connective tissue lamina propria. The epithelium contains two major cell types:
•	   • Ciliated Cells: Possess apical cilia that beat in unison toward the uterus. Approximately 50% of epithelial cells in the fimbriae are ciliated. Estrogen increases ciliary height and beating frequency; progesterone reduces them.
•	   • Peg Cells (Secretory Cells): Non-ciliated, narrow columnar cells with apical microvilli. They secrete a nutrient-rich fluid containing glycoproteins, amino acids, and ions that nourishes the unfertilized ovum/embryo and promotes sperm capacitation (functional activation of spermatozoa).
•	2. Muscularis: Composed of two smooth muscle layers: an inner circular layer and an outer longitudinal layer. Peristaltic contractions of the muscularis, combined with ciliary beating and tubal fluid currents, propel the oocyte or embryo toward the uterus.
•	3. Serosa: Outer layer consisting of visceral peritoneum (simple squamous mesothelium) supported by a thin layer of connective tissue.
Clinical Integration: Smoking & Ectopic Pregnancy
Cigarette smoke toxins (such as nicotine) impair ciliary beat frequency and disrupt normal smooth muscle peristalsis in the fallopian tubes. This functional impairment dramatically increases the risk of tubal ectopic pregnancy—where the conceptus implants within the oviduct wall rather than traveling to the uterus. Over 95% of all ectopic pregnancies occur in the fallopian tube. Ectopic pregnancies represent a critical surgical emergency due to risk of tubal rupture and fatal internal hemorrhage.

7. Histology of the Uterus and the Menstrual Cycle
The uterus is a pear-shaped, thick-walled muscular organ comprising three main anatomical regions: the fundus (superior dome), the body or corpus (main central portion), and the cervix (inferior cylindrical portion opening into the vagina).
Layers of the Uterine Wall
•	Perimetrium: The outer serosa (visceral peritoneum covering the fundus and posterior body) or adventitia (connective tissue attached to surrounding retroperitoneal structures).
•	Myometrium: A massive layer of smooth muscle (~2 cm thick) organized into three poorly defined sublayers (inner longitudinal, middle circular/stratum vasculare rich in large blood vessels, outer longitudinal). During pregnancy, the myometrium undergoes dramatic growth via smooth muscle cell hypertrophy (expanding from 50 µm to >500 µm) and hyperplasia, driven by estrogen.
•	Endometrium: The inner mucosal lining consisting of a simple columnar epithelium (containing ciliated and non-ciliated secretory cells) and a cellular lamina propria containing simple tubular endometrial glands.
Structural Zonation & Vascular Architecture of the Endometrium
The endometrium is subdivided into two structurally and functionally distinct zones:
•	Stratum Functionale (Functional Layer): The thick, superficial 2/3 of the endometrium. It undergoes extensive cyclic proliferation, vascularization, and secretory modification during each cycle, and is sloughed off during menses if pregnancy does not occur.
•	Stratum Basale (Basal Layer): The deep 1/3 adjacent to the myometrium. It is retained during menses and contains the base of the endometrial glands and abundant stem cells, serving as the regenerative source for rebuilding the stratum functionale.
Endometrial Arterial Supply
•	Uterine Artery → Arcuate Arteries (within myometrium) → Radial Arteries (penetrate inner myometrium) → gives rise to two distinct arterial sets:
•	• Straight Arteries: Short, straight vessels supplying the stratum basale. Unresponsive to cyclic ovarian hormone fluctuations.
•	• Spiral Arteries: Long, highly coiled vessels extending into the stratum functionale. Highly responsive to estrogen and progesterone. Sudden withdrawal of progesterone causes intense vasospasm of spiral arteries, leading to ischemic necrosis and menses.
Phases of the Menstrual Cycle (Average 28 Days)
The structural appearance of the endometrium changes predictably across the three phases of the menstrual cycle, directly reflecting ovarian hormone activity:
1. Menstrual Phase (Days 1–4)
•	Hormonal Status: Sharp decline in progesterone and estrogen levels due to degeneration of the corpus luteum.
•	Histological Landmarks: Rhythmic constriction and spasm of spiral arteries lead to localized ischemia and hypoxia in the stratum functionale. Lysosomal enzymes leak, arterial walls rupture, and blood leaks into the stroma. Desquamated fragments of functionalis tissue, blood, and uterine fluid are discharged through the vagina. The stratum basale remains fully intact.
2. Proliferative (Follicular) Phase (Days 5–14)
•	Hormonal Driver: Ovarian Estrogen produced by growing antral follicles.
•	Histological Landmarks: Estrogen stimulates intense mitotic activity in epithelial cells of basal gland stumps and stromal fibroblasts. The surface epithelium is restored, and the functionalis thickens from 1 mm to 2–4 mm. Endometrial glands appear simple, straight, narrow, and tubular. Abundant mitotic figures are present in the epithelium and stroma. Gland lumens are narrow and empty (lack of secretions).
3. Secretory (Luteal) Phase (Days 15–28)
•	Hormonal Driver: Ovarian Progesterone (plus estrogen) secreted by the corpus luteum.
•	Histological Landmarks: Endometrium thickens further (reaching 5–7 mm) due to marked stromal edema and hypervascularity. Endometrial glands become long, tortuous, highly coiled, and distended, taking on a characteristic 'sawtooth' or serrated appearance in section. Glandular epithelial cells accumulate subnuclear glycogen vacuoles, which later shift apically to release glycogen-rich, nutrient fluid into gland lumens. Mitotic figures are absent. Spiral arteries elongate and coil intensely, extending to the surface. The endometrium is now maximally prepared for blastocyst implantation.
8. Detailed Summary Tables
Table 1: Stages of Folliculogenesis
Follicle Stage	Approx. Size	Oocyte State	Surrounding Cells	Key Histological Features
Primordial	35 µm	Primary Oocyte (Diplotene Prophase I)	Single layer of flattened squamous cells	Outer cortex beneath tunica albuginea; quiescent resting pool.
Primary	75 µm	Primary Oocyte (Diplotene Prophase I)	Single (unilaminar) or stratified (multilaminar) cuboidal granulosa cells	Zona pellucida appears; early theca layer begins organizing in stroma.
Secondary (Pre-Antral)	120–200 µm	Primary Oocyte	Multilayered granulosa cells + differentiated theca	Theca interna (LH receptors, androgen synthesis) and theca externa form.
Antral (Vesicular)	400 µm	Primary Oocyte	Granulosa cells lining cavity + theca layers	Liquor folliculi coalesces into antrum; oocyte anchored in cumulus oophorus.
Graafian (Mature)	20–25 mm	Secondary Oocyte (Metaphase II arrest prior to ovulation)	Granulosa cells + Corona Radiata + Theca Interna/Externa	Enormous fluid-filled antrum; dominant follicle; bulges against ovarian surface.

Table 2: Comparison of Menstrual Cycle Phases
Cycle Phase	Days	Dominant Hormone	Endometrial Histology	Gland Morphology
Menstrual Phase	Days 1–4	Progesterone & Estrogen Withdrawal	Sloughing of stratum functionale; ischemic necrosis; intact basale layer.	Broken gland stumps in basalis.
Proliferative Phase	Days 5–14	Estrogen (from growing follicles)	Rebuilding functionalis (thickens 1→2-4mm); high mitotic activity; thin stroma.	Simple, straight, narrow tubular glands; no secretions; abundant mitoses.
Secretory Phase	Days 15–28	Progesterone (from Corpus Luteum)	Maximal thickness (5-7mm); edematous vascular stroma; coiled spiral arteries.	Long, tortuous, 'sawtooth' coiled glands distended with glycogen secretions.

Key Takeaways for Medical Examinations
1. Germinal epithelium does NOT produce germ cells; it is simple squamous/cuboidal outer mesothelium.
2. Primary oocytes are arrested in Prophase I (Diplotene) until the pre-ovulatory LH surge.
3. Secondary oocytes are arrested in Metaphase II until fertilization in the fallopian tube.
4. Folliculogenesis takes >6 months (>180 days), not 14 days.
5. Over 99.9% of follicles undergo atresia.
6. Fallopian tube peg cells nourish gametes & promote sperm capacitation; ciliated cells propel conceptus.
7. Proliferative phase endometrium = simple straight glands, estrogen-driven, high mitoses, no secretion.
8. Secretory phase endometrium = tortuous sawtooth glands, progesterone-driven, rich glycogen secretion, no mitoses.
",
Adult reproductive development,"MONASH UNIVERSITY | CENTRE FOR HUMAN ANATOMY EDUCATION
Comprehensive Medical Guide: Adult & Developmental Reproductive Anatomy
Detailed Study Notes Based on Lecture Series by Assoc. Prof. Georgina C. Stephens MBBS (Hons.), PhD, SFHEA

This comprehensive instructional document integrates the four-part lecture series on Adult and Developmental Reproductive Anatomy. Designed specifically for medical students, this guide comprehensively covers the macroscopic, structural, relational, and developmental aspects of the human male and female reproductive systems. In alignment with modern anatomical education standards, inclusive terminology is utilized throughout (including AFAB - Assigned Female at Birth, and AMAB - Assigned Male at Birth).
Part 1: Female Internal Reproductive Tract (AFAB Anatomy)
The internal reproductive organs in a person assigned female at birth (AFAB) comprise paired ovaries, paired uterine tubes, a single midline uterus, and the vagina. Clinically, the term adnexa (Latin for 'attached to') refers collectively to the structures most closely related to the uterus, primarily the ovaries, uterine tubes, and supporting ligaments.
1. Ovaries
•	Anatomy & Location: The ovaries are paired female gonads, roughly the size and shape of an almond, situated near the lateral walls of the pelvic cavity.
•	Dual Function: They serve as the site of oocyte development (gametogenesis) and act as endocrine glands producing primary sex steroids (estrogen and progesterone).
•	Peritoneal Coverings & Layering: Ovaries are enclosed by an inner tunica albuginea and an outer ovarian epithelium. During ovulation, mature follicles rupture directly through these covering layers, releasing the oocyte into the peritoneal cavity before it enters the uterine tube.
•	Corpus Luteum: Following ovulation, the remnants of the ruptured follicle transform into the corpus luteum, a temporary endocrine structure responsible for producing high levels of progesterone to maintain the endometrial lining.
•	Ligamentous Attachments: The ovary is anchored by three primary structures:
•	Ovarian Ligament: Connects the uterine (medial) pole of the ovary directly to the lateral aspect of the uterus.
•	Suspensory Ligament of the Ovary: Extends from the lateral pelvic wall to the ovary and conveys the ovarian neurovascular bundle (ovarian artery, vein, nerves, and lymphatics).
•	Mesovarium: A specific fold of peritoneum derived from the posterior layer of the broad ligament that suspends the ovary.
2. Uterine Tubes (Fallopian Tubes / Oviducts)
The uterine tubes are paired muscular tubes located within the mesosalpinx (the superior margin of the broad ligament). They connect the peritoneal cavity adjacent to the ovaries directly to the internal lumen of the uterus.
•	Anatomical Subdivisions (Lateral to Medial):
•	1. Infundibulum: The funnel-shaped lateral extremity opening into the peritoneal cavity via the abdominal ostium. It bears finger-like projections called fimbriae that sweep across the ovarian surface to direct the released oocyte into the tube.
•	2. Ampulla: The wide, tortuous central portion (Greek for 'flask'). This is the longest segment and represents the typical site of fertilization.
•	3. Isthmus: The narrow, thick-walled medial segment adjoining the uterus (Greek for 'narrow neck').
•	4. Uterine (Intramural) Part: The short segment traversing the muscular wall of the uterus to open into the uterine cavity via the uterine ostium.
3. Uterus
The non-pregnant uterus is a hollow, thick-walled muscular organ shaped like an inverted pear, situated in the lesser pelvis between the urinary bladder anteriorly and the rectum posteriorly.
•	Anatomical Regions: The superior 2/3 forms the body (corpus), while the inferior 1/3 forms the cervix (neck). The rounded region of the body situated superior to the entry point of the uterine tubes is designated as the fundus.
•	Uterine Wall Layers: The uterine wall consists of three distinct layers:
•	Endometrium: The inner mucosal lining. It serves as the site for blastocyst implantation and undergoes cyclical proliferation and shedding during menstruation.
•	Myometrium: The thick middle layer of smooth muscle. Highly vascularized, it contracts rhythmically during parturition and dysmenorrhea.
•	Perimetrium: The outer serous layer, formed by peritoneum supported by a thin layer of connective tissue.
4. Vagina & External Genitalia (Vulva)
•	Vagina: A musculomembranous canal extending from the cervix of the uterus to the external vaginal orifice. The upper 2/3 resides within the pelvic cavity, whereas the lower 1/3 traverses the perineum (inferior to the levator ani). The cervix projects into the superior vagina, creating ring-like recesses called vaginal fornices (anterior, posterior, and lateral). The cervix is easily accessible via the vagina for cervical screening tests (Pap/HPV tests).
•	External Genitalia (Vulva): Collectively includes the mons pubis, labia majora (outer fatty folds), labia minora (inner skin folds enclosing the vestibule of the vagina), glans clitoris, prepuce of clitoris, external urethral orifice, and vaginal orifice.
5. Peritoneal Folds & Support Structures of the Uterus
•	Broad Ligament: A wide double layer of peritoneum (mesentery) draped over the uterus and uterine tubes. It contains connective tissue, smooth muscle, and neurovascular structures. It has three functional subdivisions:
•	Mesosalpinx: Superior fold enclosing the uterine tube.
•	Mesovarium: Posterior extension suspending the ovary.
•	Mesometrium: The largest portion, extending from the lateral pelvic walls to the main body of the uterus.
•	Active Support: Provided dynamically by the muscular pelvic floor (primarily levator ani), which prevents visceral prolapse during spikes in intra-abdominal pressure (e.g., coughing, straining).
•	Passive Support: Provided by fibrous condensation of pelvic fascia and ligaments (cardinal/transverse cervical ligaments, uterosacral ligaments, and round ligament of the uterus) as well as normal anatomical positioning.
•	Uterine Position Variations: Normally, the uterus is anteverted (angled anteriorly relative to the axis of the vagina) and anteflexed (bent anteriorly over the urinary bladder at the level of the isthmus). Variations include retroversion and retroflexion, which can alter pelvic mechanics and exam findings.
CRITICAL SURGICAL RELATIONSHIP: 'Water Under the Bridge'
The uterine artery (a major branch of the internal iliac artery) travels medially through the base of the broad ligament to reach the cervix. Directly lateral to the cervix, the uterine artery crosses SUPERIOR to the ureter.

Mnemonic: 'Water (ureter) under the bridge (uterine artery).' Modern surgical trainee takeaway: During hysterectomy or pelvic surgery, absolute identification and isolation of the uterine artery is essential to avoid accidental ligation or transection of the ureter.

Part 2: Male Internal Reproductive Tract (AMAB Anatomy)
The reproductive system in individuals assigned male at birth (AMAB) comprises paired testes, epididymides, ductus deferentes, accessory sex glands (paired seminal vesicles, single prostate, paired bulbourethral glands), and the penis.
1. Testes & Scrotum
•	Thermoregulation: The testes are housed in the extra-abdominal scrotum where temperatures remain 2–3°C lower than core body temperature, an absolute requirement for normal spermatogenesis. Temperature is regulated by:
•	Cremaster Muscle: Contracts to elevate the testes towards the body warm fold during cold stress.
•	Dartos Muscle: Smooth muscle in the scrotal wall that wrinkles scrotal skin to minimize heat loss.
•	Pampiniform Venous Plexus: A venous network surrounding the testicular artery acting as a counter-current heat exchanger.
•	Spermatic Cord Coverings: The spermatic cord suspends the testis and contains the ductus deferens, testicular artery, pampiniform plexus, autonomic nerves, and genital branch of the genitofemoral nerve. Its fascial layers are direct continuations of anterior abdominal wall layers (External spermatic fascia from external oblique aponeurosis; Cremasteric fascia from internal oblique; Internal spermatic fascia from transversalis fascia).
2. Sperm Pathway & Duct Systems
•	Seminiferous Tubules → Rete Testis → Efferent Ductules: Spermatozoa develop in the seminiferous tubules within testicular lobules, pass into the network of the rete testis, and traverse efferent ductules to reach the head of the epididymis.
•	Epididymis: Composed of a highly convoluted duct divided into head, body, and tail regions. Serves as the site for sperm storage, transport, and functional maturation.
•	Ductus Deferens (Vas Deferens): Direct continuation of the tail of the epididymis. It ascends in the spermatic cord, passes through the superficial and deep inguinal rings, crosses over the external iliac vessels to enter the pelvis, and arches over the ureter on the posterior wall of the urinary bladder.
3. Accessory Glands & Semen Production
•	Seminal Vesicles (Glands): Paired tubular glands situated posterior to the bladder. They secrete a thick, alkaline fluid rich in fructose (primary energy substrate for sperm), coagulating enzymes, and prostaglandins. This fluid accounts for ~70% of total semen volume.
•	Ejaculatory Ducts: Formed by the union of the duct of the seminal vesicle and the ampulla of the ductus deferens. They pierce the posterior capsule of the prostate to open directly into the prostatic urethra.
•	Prostate Gland: A dense fibromuscular and glandular organ situated inferior to the bladder neck, anterior to the rectum. It secretes a thin, milky, slightly acidic fluid containing proteolytic enzymes (e.g., PSA) necessary for semen liquefaction (~20% of semen volume). Can be clinically evaluated via Digital Rectal Examination (DRE).
•	Bulbourethral (Cowper's) Glands: Paired pea-sized glands located in the deep perineal pouch. They secrete a clear mucus during sexual arousal to lubricate the urethra and neutralize acidic urinary residue.
CLINICAL CORRELATE: Vasectomy & Sphincteric Physiology
Vasectomy: Surgical transection/ligation of a segment of the ductus deferens within the proximal scrotum. It provides permanent male contraception. Note that semen volume remains virtually unchanged post-procedure as seminal vesicle and prostatic secretions continue normally (semen analysis is required to confirm complete azoospermia).

Retrograde Ejaculation Prevention: During ejaculation, sympathetic stimulation causes smooth muscle contraction of the internal urethral sphincter at the bladder neck, preventing semen from entering the urinary bladder.

Part 3: Perineum, Fasciae & Erectile Tissues
1. Perineal Boundaries & Triangles
The perineum is the diamond-shaped region inferior to the pelvic floor (pelvic diaphragm). It is bounded anteriorly by the pubic symphysis, anterolaterally by the ischiopubic rami, laterally by the ischial tuberosities, posterolaterally by the sacrotuberous ligaments, and posteriorly by the coccyx. An imaginary line connecting the ischial tuberosities divides the perineum into:
•	Anterior Urogenital (UG) Triangle: Contains the external genitalia and openings of the urogenital tract. Closed inferiorly by the tough perineal membrane.
•	Posterior Anal Triangle: Contains the anal canal, internal and external anal sphincters, and paired fat-filled ischioanal fossae.
•	Perineal Body: A central fibromuscular node in the midline between the two triangles. Serves as a vital anchor point for levator ani, external anal sphincter, and superficial perineal muscles.
2. Fascial Layers & Perineal Spaces
The urogenital triangle is arranged in distinct coronal layers creating functional surgical compartments:
•	Superficial Perineal Pouch (Space): Bounded inferiorly by Colles' fascia (membranous subcutaneous layer) and superiorly by the perineal membrane. Contains superficial perineal muscles (ischiocavernosus, bulbospongiosus, superficial transverse perineal) and erectile structures (crura and bulbs).
•	Deep Perineal Pouch (Space): Bounded inferiorly by the perineal membrane and superiorly by the pelvic diaphragm. Contains deep transverse perineal muscle, external urethral sphincter, and bulbourethral glands (in AMAB).
•	Ischioanal Fossae: Wedge-shaped spaces on either side of the anal canal containing abundant adipose tissue, allowing dilation during defecation. The anterior recesses extend deep to the perineal membrane into the UG triangle. The lateral wall contains Alcock's (pudendal) canal housing the internal pudendal vessels and pudendal nerve.
PATHOLOGY: Urinary Extravasation Dynamics
Rupture of the spongy urethra (e.g., straddle injury) beneath Colles' fascia allows urine extravasation into the superficial perineal space. Due to fascial attachments, urine spreads into the scrotum (deep to Dartos fascia), penis (deep to Buck's fascia), and inferior abdominal wall (deep to Scarpa's fascia). Urine CANNOT pass posteriorly into the anal triangle or down into the thighs due to attachment of fascia to the posterior border of the perineal membrane and pubic rami.

3. Erectile Tissue Comparison: Clitoris vs. Penis
Erectile tissues contain specialized vascular sinuses that engorge with blood during arousal. Cavernous tissue provides structural rigidity, whereas spongy tissue preserves tubular patency.
Structure / Feature	AFAB (Clitoris)	AMAB (Penis)
Cavernous Tissue (Rigidity)	Crura & Body of Clitoris
(Corpora Cavernosa)	Crura & Shaft of Penis
(Corpora Cavernosa)
Spongy Tissue (Patency)	Bulbs of Vestibule & Glans Clitoris
(Corpus Spongiosum)	Bulb of Penis, Shaft & Glans Penis
(Corpus Spongiosum)
Urethral Course	Urethra opens BETWEEN the bulbs
(Independent of erectile tissue)	Urethra traverses INSIDE the corpus spongiosum (Spongy Urethra)
Anchorage	Anchored to perineal membrane and ischiopubic rami	Anchored to perineal membrane and ischiopubic rami

Part 4: Embryology & Reproductive Development
1. Spectrum of Development & Indifferent Stage
Sexual differentiation proceeds across genetic, gonadal, and phenotypic levels. During weeks 5–6, human embryos exhibit an indifferent stage where gonads and duct systems are identical regardless of genetic sex.
•	Gonadal Ridge & Primordial Germ Cells: Intermediate mesoderm forms urogenital ridges. Primordial germ cells migrate from the yolk sac wall along the dorsal mesentery into the gonadal ridge.
•	Dual Duct Systems Present initially:
•	Mesonephric (Wolffian) Ducts: Flank the mesonephros; cranial ends connect via mesonephric tubules, caudal ends drain into urogenital sinus.
•	Paramesonephric (Müllerian) Ducts: Longitudinal ducts; cranial ends open into peritoneal cavity, caudal ends fuse in midline.
2. Male Differentiation (Testosterone & AMH Dependent)
•	SRY Gene Drive: The SRY gene on the Y chromosome encodes Testis-Determining Factor (TDF), directing gonadal ridge differentiation into testes.
•	Sertoli Cells: Secrete Anti-Müllerian Hormone (AMH / MIS), inducing complete degeneration and regression of paramesonephric ducts.
•	Leydig Cells: Secrete Testosterone, stimulating mesonephric ducts to differentiate into male internal structures:
•	Wolffian Derivatives: Epididymis, Ductus Deferens, Seminal Vesicles, Ejaculatory Ducts (Efferent ductules derive from mesonephric tubules).
3. Female Differentiation (Default / Hormone-Independent Path)
•	Absence of SRY / AMH / Testosterone: Without SRY, gonads develop into ovaries. Mesonephric ducts degenerate due to lack of testosterone.
•	Paramesonephric Duct Maturation: In the absence of AMH, paramesonephric ducts persist and differentiate:
•	Müllerian Derivatives: Unfused cranial portions become Uterine Tubes. Fused caudal portions form the Uterine Primordium (forming Uterus and Upper 2/3 of Vagina).
•	Dual Vaginal Origin: The upper 2/3 of the vagina derives from fused paramesonephric ducts. The lower 1/3 derives from sinovaginal bulbs extending from the urogenital sinus.
4. Development Anomalies & Duct Remnants
•	Uterine Anomalies: Incomplete fusion of paramesonephric ducts leads to anatomical variations including Uterus Didelphys (double uterus), Bicornuate Uterus (two-horned), or Septate Uterus.
•	Vestigial Remnants: Regressed duct segments leave non-functional adult anatomical vestiges:
•	Male Remnants (from Müllerian duct): Appendix testis, Prostatic utricle.
•	Female Remnants (from Wolffian duct): Epoophoron, Paraoophoron, Gartner's duct cyst.
5. Gonadal Descent & Gubernaculum Role
The gubernaculum is a mesenchymal band extending from the inferior pole of the gonad to the labioscrotal swelling.
•	Testicular Descent: Guided by gubernaculum shortening through the inguinal canal into the scrotum by ~8 months gestation. The remnant remains as the testicular ligament.
•	Ovarian Descent: Ovaries descend only into the pelvis. The gubernaculum attaches to the uterus, arresting descent, and persists as two adult structures: Ovarian Ligament (ovary to uterus) and Round Ligament of the Uterus (uterus through inguinal canal to labium majus).
6. Differentiation of External Genitalia
External genitalia begin at week 7 in an indifferent state featuring a Genital Tubercle, Urogenital Folds, and Labioscrotal Swellings.
Indifferent Embryonic Structure	AFAB Phenotype (No Testosterone)	AMAB Phenotype (+ Dihydrotestosterone)
Genital Tubercle	Glans Clitoris	Glans Penis
Urogenital Folds	Labia Minora (Remain separate)	Ventral aspect of Penis (Fuse in midline)
Labioscrotal Swellings	Labia Majora (Remain separate)	Scrotum (Fuse in midline)
Developmental Malformations	N/A	Hypospadias (Incomplete ventral fusion of UG folds)
Epispadias (Urethra opens on dorsal aspect)
Summary & Integration
Understanding adult reproductive anatomy requires integrating structural relationships, fascial boundaries, and embryonic origins. Surgical navigation of the pelvis relies heavily on recognizing key arterial-ureteric crossings, peritoneal spaces, and homologous structures across the developmental spectrum.",
Anatomy of the labia and clitoris,"Anatomy of the Labia and Clitoris
A Study Guide on Vulval and Clitoral Anatomy, Normal Variation, and Development
Based on the lecture series by Dr. Georgina C. Stephens, Senior Lecturer
Centre for Human Anatomy Education (CHAE), Monash University
Parts 1–4: Terminology, Labial Anatomy, Clitoral Anatomy, and Embryological Development
Content advisory: This guide contains clinical descriptions of, and references to, anatomical images and illustrations of the vulva (mons pubis, labia, clitoris, and associated structures) used for medical education purposes.
Introduction and a Note on Inclusive Language
This guide consolidates a four-part lecture series on the anatomy of the labia and clitoris, delivered as part of the Monash University human anatomy curriculum. It is intended to give students a complete, detailed account of the surface anatomy, deep structure, neurovascular supply, normal variation, and embryological development of the vulva and clitoris.
The Centre for Human Anatomy Education (CHAE) frames this content with an explicit commitment to inclusive anatomical language:
“We, in the Centre for Human Anatomy Education (CHAE), are focused on anatomical structures. We are striving to use language and terminology that is inclusive where possible… The reality is that your future patients, as well as peers within your class, will have a variety of anatomical variation, and our goal is to provide you exposure to an anatomical foundation to help you better serve the patient community.”
A full statement and recommended resources accompany the original practical manual.
Why This Topic Matters: Anatomical Neglect and Its Consequences
The lecture opens by highlighting a long-standing gap in anatomical education. Several converging issues motivate a dedicated focus on the labia and clitoris:
•	Underrepresentation within anatomical and gynaecological texts (Andrikopoulou et al. 2013; Hayes & Temple-Smith 2022). A striking illustration is given from Last's Anatomy (9th edition): the penis receives 747 words of description and the scrotum 229 words, while the clitoris receives only 55 words and the labia 141 words.
•	A documented disconnect between societal ideals and anatomical reality (Howarth et al. 2016).
•	A lack of knowledge about normal anatomy that is considered a likely contributor to increasing rates of cosmetic surgery of the labia (Hayes & Temple-Smith 2020; Simonis et al. 2016).
The lecture notes that newer editions of major texts, such as Moore's Clinically Oriented Anatomy (9th edition), are beginning to address this inequity with more comprehensive coverage.
Learning Objectives
Across the four parts of this lecture series, students should be able to:
1.	Define the vulva.
2.	Describe the structure, function, and neurovascular supply of the labia minora and majora.
3.	Understand the range of normal anatomical variation in the appearance of the labia.
4.	Describe the structure, function, and neurovascular supply of the clitoris.
5.	Compare and contrast development of the labia and clitoris with development of the penis and scrotum.
Reflection Exercise
Before working through the anatomical detail, the lecture invites students to pause and reflect on their existing knowledge, considering:
•	The size, shape, and symmetry of the labia minora and labia majora.
•	The parts of the clitoris that can be viewed externally.
•	Naturally hair-bearing versus hairless structures.
•	The relations of the labia and clitoris to other structures, such as the external urethral orifice, vaginal orifice, and anus.
Part 1: Terminology and the Hymen
Key Terminology
The vulva is the term for the region consisting of the following structures:
•	Mons pubis
•	Labia majora
•	Labia minora
•	Clitoris
•	Vestibule of the vagina
•	Greater vestibular glands
Two additional points of terminology are important to note. First, the older term “pudendum” (from the Latin pudère, “to be ashamed”) has been removed from Terminologia Anatomica as of 2019 in favour of more neutral language such as “external genitalia.” Second, and critically, the vulva is not synonymous with the vagina — the vagina is an internal structure, while the vulva refers to the external region.
Overview of Key Structures
On inferior view of the vulva with the labia minora separated, the following structures are identified from anterior to posterior:
•	Mons pubis — the fatty eminence anterior to the pubic symphysis
•	Glans clitoris
•	Labia majora and labia minora
•	External urethral orifice
•	Vestibule of the vagina (the space between the labia minora)
•	Vaginal orifice
•	Opening of the greater vestibular gland
•	Anus — explicitly noted as not part of the vulva
The Hymen: Highly Variable and Misunderstood
The hymen is a thin membrane located at, and partially occluding, the vaginal orifice. The lecture emphasises that hymen morphology is highly variable and is not always the simple annular (ring-shaped) structure commonly depicted. Recognised morphological variants include:
•	Annular
•	Crescentic
•	Septate
•	Fimbriated / denticular
•	Cribriform
This variability has social and clinical significance, since misconceptions about hymen appearance have historically been used to make unfounded judgements about a person's sexual history — a myth addressed in the referenced TEDxOslo talk “The Virginity Fraud” by Nina Dølvik Brochmann and Ellen Støkken Dahl.
Key Points: Part 1
•	Historical underrepresentation of the anatomy of the labia and clitoris has likely contributed to a lack of knowledge of the appearance of normal anatomy.
•	The vulva refers to the region consisting of the mons pubis, labia majora, labia minora, clitoris, vestibule of the vagina, and vestibular glands.
•	The hymen is highly variable in morphology (it is not always annular).
Part 2: Labia Majora and Labia Minora
Labia Majora: External Anatomy
The labia majora are prominent, bilateral folds of skin that form the lateral boundaries of the vulva. Key landmarks on external inspection include:
•	The anterior commissure of the labia majora, where the two folds meet anteriorly, just inferior to the mons pubis.
•	The posterior commissure of the labia majora, which overlies the perineal body posteriorly.
•	The genitofemoral sulcus, marking the border between the vulva and the thigh.
•	The border between the labia majora and the labia minora.
Labia Majora: Subcutaneous Structure
Deep to the skin, the labia majora contain loose connective and adipose tissue intermixed with smooth muscle. This subcutaneous tissue is organised into two layers:
•	A superficial fatty layer
•	A deep membranous layer, known as Colles’ fascia
The labia majora are highly vascular. Notably, the round ligament of the uterus terminates within the substance of the labium majus — a key relation shown on dissection of the perineum with the skin removed.
Labia Minora
The labia minora (singular: labium minus) lie medial to the labia majora (singular: labium majus), either side of the pudendal cleft. On close inspection of the anterior labia minora, several finer structures are visible:
•	The prepuce of the clitoris, formed by the lateral lamina of each labium minus meeting anterior to the glans
•	The frenulum of the clitoris, formed by the medial lamina of each labium minus meeting posterior to the glans
•	The frenulum of the labia minora (also called the fourchette), where the labia minora meet posteriorly
Functionally, the labia minora contain many sensory nerve endings and are rich in elastic fibres and small blood vessels arranged to form erectile tissue.
Labial Neurovascular Supply
The labia receive a rich blood supply from two arterial sources:
•	Anterior labial branches of the external pudendal artery (itself a branch of the femoral artery)
•	Posterior labial branches of the internal pudendal artery (itself a branch of the internal iliac artery)
Venous drainage occurs via tributaries of the internal pudendal veins, and lymphatic drainage is to the inguinal nodes.
Innervation follows a similar anterior/posterior division that mirrors the arterial supply:
•	Anterior labial nerves, branches of the ilioinguinal nerve (spinal level L1), supply the anterior one-third of the labia majora.
•	Posterior labial nerves, branches of the pudendal nerve (spinal level S3), supply the posterior two-thirds of the labia majora and the labia minora.
Research Spotlight: The Disconnect Between Societal Ideals and Anatomical Reality
A qualitative study by Howarth, Hayes, Simonis, and Temple-Smith (2016), published in Culture, Health & Sexuality, examined young women's views on desirable vulval anatomy. The lecture highlights the following finding:
“We found that many women were unsure what constitutes normal genital anatomy. Few women knew to which parts the word vulva refers. All participants identified a photograph of hairless female genitals with no visible labia minora as the societal ‘ideal’.”
This finding underscores the gap between the socially perceived “ideal” appearance and the genuine anatomical diversity documented in the population.
Normal Variation of the Labia
A landmark study by Lloyd, Crouch, Minto, Liao, and Creighton (2005), published in BJOG, examined genital appearance in 50 patients undergoing non-vulval gynaecological surgery who consented to participate. The study established a standardised approach to vulval measurement, recording clitoris-to-urethra distance, labia minora width and length, labia majora length, and the distance to the perineum.
Key measurements reported by Lloyd et al. (2005) for the labia minora were as follows:
Measurement	Range	Mean (Standard Deviation)
Labia minora length (mm)	20–100	60.6 (17.2)
Labia minora width (mm)	7–50	21.8 (9.4)

The authors concluded:
“We have examined the normal ranges of genital measurements … and demonstrated that there is far greater diversity than previously documented relating to labial … size, colour and rugosity.”
Accompanying photographs in the study visually demonstrate this normal variation across differences in colour, symmetry, and protrusion of the labia minora relative to the labia majora.
Systematic Review of Normative Data
A subsequent systematic review by Hayes and Temple-Smith (2020), published in the Australian and New Zealand Journal of Obstetrics and Gynaecology, synthesised findings from 10 population-based studies published between 2005 and 2020. Key findings included:
•	Significant variation in labia minora length (5–100 mm) and width (1–60 mm).
•	Differences pre- and post-menopause, with the labia minora tending to be wider pre-menopause.
•	Labia minora protruding beyond the labia majora were found to be more common than not.
•	Asymmetry between the left and right sides was common.
Resources for Awareness of Labial Variation
The lecture points students toward two public resources that visually document the diversity of normal vulval anatomy:
•	The Labia Library (labialibrary.org.au), an initiative of Women's Health Victoria featuring a gallery of photographs demonstrating natural variation.
•	The Great Wall of Vagina (greatwallofvagina.co.uk/education), an art installation by Jamie McCartney comprising hundreds of plaster casts of vulvas, intended to normalise the diversity of appearance.
Key Points: Part 2
•	The labia majora are bilateral, prominent folds of skin that extend from the mons pubis anteriorly to the perineum posteriorly, and form the lateral boundaries of the vulva.
•	The labia minora lie between the labia majora and are two cutaneous folds devoid of fat and hair that surround the vestibule of the vagina.
•	The labia receive a rich neurovascular supply from multiple sources.
•	There is significant variation in normal labial anatomy that is not well illustrated within many anatomical texts.
Part 3: The Clitoris
Rewriting Anatomy Books: The Contribution of Professor Helen O'Connell
The modern understanding of clitoral anatomy owes much to the work of Professor Helen O'Connell, a Melbourne-based urologist. Her cadaveric and MRI studies defined the full extent of the clitoris — both its internal and external components — along with its relations and innervation, substantially revising earlier, incomplete anatomical descriptions.
External View: Only the Glans Is Visible
On external inspection of the vulva with the labia minora separated, only the glans of the clitoris is visible at the surface. The surrounding visible structures are:
•	The prepuce (“hood”) of the clitoris, formed by the lateral lamina of the labia minora
•	The glans of the clitoris itself
•	The frenulum of the clitoris, formed by the medial lamina of the labia minora
The much larger body of the clitoris lies deep to the surface and is not visible externally.
Surface Anatomy and Parts of the Clitoris
Beneath the visible glans, the clitoris comprises several parts, best appreciated on dissection:
•	Glans clitoris — the visible external tip
•	Body of clitoris — lying deep to the mons pubis
•	Crus of clitoris (paired) — the attached, diverging limbs of the body
•	Bulb of clitoris (paired) — previously termed the “bulb of the vestibule”
The greater vestibular (Bartholin's) glands are also identified in this region, situated posterolateral to the vaginal orifice, close to the bulbs of the clitoris.
Erectile Tissues of the Clitoris
The clitoris is composed of two pairs of erectile tissue:
•	The corpora cavernosa, which form the crura and the body of the clitoris. In cross-section, the body of the clitoris is seen to contain two corpus cavernosum structures side by side, immediately deep to the skin.
•	The bulbs of the clitoris, positioned either side of the vaginal orifice, adjacent to the greater vestibular glands (which sit within the superficial perineal pouch).
The crus of clitoris represents the attached part of the corpus cavernosum, anchored to the ischiopubic ramus on each side.
Muscles Related to the Clitoris
Several perineal muscles relate directly to the erectile tissues of the clitoris:
•	Ischiocavernosus — overlies each crus of the clitoris, attaching along the ischiopubic ramus
•	Bulbospongiosus — overlies each bulb of the clitoris
•	Superficial transverse perineal muscle — runs transversely, contributing to the perineal body
The suspensory ligament of the clitoris anchors the body of the clitoris to the pubic symphysis, providing structural support. The perineal body, external urethral orifice, and vaginal orifice are all closely related to this muscular arrangement.
Multiplanar Views of the Clitoris
Dissection from inferior and lateral planes demonstrates the full three-dimensional structure of the clitoris in relation to the ischiopubic ramus, pubic symphysis, external urethral orifice, and vaginal orifice. From this perspective, the crura are seen extending posterolaterally along the ischiopubic rami, while the bulbs sit more medially, flanking the vaginal orifice, all ensheathed within the perineal membrane.
Imaging work by O'Connell et al. (2005), ‘Anatomy of the Clitoris,’ used cadaveric dissection with probes placed through the urethra and paraurethral tissue to clearly delineate the clitoral body, glans, crus, and bulb on lateral view, and to demonstrate the close relationship of the clitoris to the vaginal introitus and vaginal wall.
Relation of the Clitoris to the Urethra and Vagina
Axial MRI studies by O'Connell and DeLancey (2005), conducted in nulliparous, healthy, premenopausal volunteers, demonstrated that the body of the clitoris, urethra, and vagina together form a triangular clitoro-urethral vaginal complex. On axial imaging, the body of the clitoris sits at the apex of this triangle anteriorly, with the urethra centrally placed and the left and right bulbs forming the lateral borders, and the vagina positioned posteriorly, close to the anus.
Neurovascular Supply of the Clitoris
The clitoris receives a dedicated, rich neurovascular supply distinct from that of the labia:
Arterial Supply
•	The dorsal artery of the clitoris runs along the dorsal aspect of the body.
•	The deep artery of the clitoris runs within the substance of each corpus cavernosum.
•	The artery of the bulb supplies the bulb of the clitoris.
On transverse section of the body of the clitoris, the paired corpus cavernosum structures are flanked by the dorsal artery and dorsal vein centrally, with the dorsal nerve (a branch of the pudendal nerve) situated adjacent to the vessels, just deep to the skin.
Venous and Lymphatic Drainage
•	Venous drainage occurs via the dorsal vein.
•	Lymphatic drainage is to the deep inguinal nodes.
Innervation
•	Sensory innervation is via the dorsal nerve of the clitoris, a branch of the pudendal nerve.
•	Parasympathetic (autonomic) innervation is carried via cavernous nerves arising from the uterovaginal plexus.
Function of the Clitoris: The Erection Reflex Arc and Orgasm
The clitoris is an erectile structure whose function relates to sexual arousal and pleasure. The reflex arc underlying clitoral erection can be summarised as follows:
•	Afferent sensory signals travel via the pudendal nerve.
•	These signals are relayed at spinal cord segments S2–S4.
•	Efferent parasympathetic output travels via the cavernous nerves.
•	This parasympathetic output causes dilatation of the arterioles supplying the erectile tissue, producing engorgement (erection).
Orgasm itself is a distinct, sympathetically mediated event (originating from spinal levels T12–L1), involving reflex contraction of the surrounding perineal musculature.
Key Points: Part 3
•	The clitoris is an erectile structure, the function of which is related to sexual arousal and pleasure.
•	The parts of the clitoris are the glans, body, crura, and bulbs, with only the glans visible externally.
•	There are two pairs of erectile tissues that form the clitoris: the corpora cavernosa (forming the crura and body) and the bulbs.
•	Arterial supply is via branches of the internal pudendal artery, and venous drainage is via the dorsal vein to the vesical venous plexus.
•	Sensory innervation is via the pudendal nerve; parasympathetic supply via the cavernous nerves produces arteriolar dilatation in the erectile tissues.
Part 4: Embryological Development
Development of the Labia and Clitoris
The external genitalia of all sexes arise from a common set of embryonic structures during an initial undifferentiated stage, comprising:
•	The genital tubercle (a midline swelling)
•	Paired urogenital folds
•	Paired labioscrotal swellings, lateral to the urogenital folds
In the female-typical developmental pathway, by approximately 10 weeks the labioscrotal swellings have enlarged and the urogenital folds have begun to separate rather than fuse. In the fully developed state, this yields:
•	The glans clitoris, derived from the genital tubercle
•	The labia minora, derived from the (unfused) urogenital folds, flanking the vestibule of the vagina
•	The labia majora, derived from the (unfused) labioscrotal swellings
Comparing Development of the Labia and Clitoris with the Penis and Scrotum
The male-typical developmental pathway arises from the identical undifferentiated structures, but follows a different course. From the same starting point — genital tubercle, urogenital folds either side of a urogenital groove, and labioscrotal swellings — development at approximately 10 weeks instead shows the genital tubercle elongating, with the urogenital folds beginning to fuse over the urogenital groove. In the fully developed state, this yields:
•	The glans penis, derived from the genital tubercle
•	The penile shaft, formed as the urogenital folds fuse in the midline to enclose the penile urethra
•	The scrotum, derived from fusion of the labioscrotal swellings
Homologous Structures: A Comparative Table
Because the labia, clitoris, penis, and scrotum arise from the same embryonic precursors, each structure has a direct developmental homologue. This homology is summarised below:
Embryonic Precursor	Female-Typical Structure	Male-Typical Structure
Genital tubercle	Glans clitoris	Glans penis
Genital tubercle (paired cavernosal tissue)	Corpora cavernosa of clitoris	Corpora cavernosa of penis
Genital tubercle / urogenital fold tissue	Bulbs of the clitoris	Corpus spongiosum of penis
Urogenital folds	Labia minora	Ventral aspect of penis
Labioscrotal swellings	Labia majora	Scrotum
The lecture frames this shared developmental origin within the broader concept of a spectrum of sex designations, reflecting that these structures develop from common tissue along a continuum rather than as entirely separate systems.
Key Points: Part 4
•	Development of the external genitalia passes through an initial undifferentiated stage.
•	The genital tubercle may develop into a clitoris or a penis.
•	In development of the labia, the urogenital and labioscrotal folds remain separate, forming the labia minora and labia majora respectively.
•	In development of the penis and scrotum, the urogenital folds fuse to enclose the penile urethra, and the labioscrotal swellings also fuse to form the scrotum.
Overall Summary
Across this four-part series, the anatomy of the labia and clitoris is presented as clinically important, highly variable, and historically under-taught territory within anatomical education. Key threads running through the lecture include:
•	The vulva is a defined anatomical region (mons pubis, labia majora, labia minora, clitoris, vestibule of the vagina, and vestibular glands) that is distinct from the vagina.
•	Both the hymen and the labia (particularly the labia minora) show substantial, well-documented normal variation in size, shape, symmetry, and colour — variation that is frequently at odds with narrow societal ideals.
•	The labia majora and labia minora each have distinct structural features and a dual (anterior/posterior) neurovascular supply.
•	The clitoris is a much larger structure than its external appearance suggests, comprising a glans, body, paired crura, and paired bulbs, all composed of erectile tissue, with a dedicated neurovascular supply and a defined role in the physiology of sexual arousal and orgasm.
•	The labia and clitoris are embryologically homologous to the scrotum and penis respectively, arising from shared undifferentiated structures (the genital tubercle, urogenital folds, and labioscrotal swellings).
A recurring clinical message is that improved anatomical literacy — among both clinicians and patients — is an important tool for correcting misconceptions, supporting informed decision-making (including around cosmetic genital procedures), and providing better patient-centred care.
References and Further Reading
Andrikopoulou, M., Michala, L., Creighton, S. M., & Liao, L. M. (2013). The normal vulva in medical textbooks. Journal of Obstetrics and Gynaecology, 33(7), 648–650. https://doi.org/10.3109/01443615.2013.807782
Fyfe, M. (2018). Get cliterate: how a Melbourne doctor is redefining female sexuality. The Age. Available from https://www.smh.com.au/lifestyle/health-and-wellness/get-cliterate-how-a-melbourne-doctor-is-redefining-female-sexuality-20181203-p50jvv.html
Hayes, J. A., & Temple-Smith, M. J. (2021). What is the anatomical basis of labiaplasty? A review of normative datasets for female genital anatomy. Australian and New Zealand Journal of Obstetrics and Gynaecology, 61, 331–338. https://doi.org/10.1111/ajo.13298
Hayes, J. A., & Temple-Smith, M. J. (2022). New context, new content—Rethinking genital anatomy in textbooks. Anatomical Sciences Education, 00, 1–14. https://doi.org/10.1002/ase.2173
Hoag, N., Keast, J. R., & O'Connell, H. E. (2017). The “G-Spot” Is Not a Structure Evident on Macroscopic Anatomic Dissection of the Vaginal Wall. Journal of Sexual Medicine, 14, 1524–1532.
Howarth, C., Hayes, J., Simonis, M., & Temple-Smith, M. (2016). ‘Everything's neatly tucked away’: young women's views on desirable vulval anatomy. Culture, Health & Sexuality, 18(12), 1363–1378. https://doi.org/10.1080/13691058.2016.1184315
Lloyd, J., Crouch, N. S., Minto, C. L., Liao, L.-M., & Creighton, S. M. (2005). Female genital appearance: ‘normality’ unfolds. BJOG: An International Journal of Obstetrics & Gynaecology, 112, 643–646. https://doi.org/10.1111/j.1471-0528.2004.00517.x
Moore, K., Persaud, T. V. N., & Torchia, M. G. (2016). The Developing Human: Clinically Oriented Embryology (10th ed.), Chapter 12: Urogenital System.
O'Connell, H. E., Hutson, J. M., Anderson, C. R., & Plenter, R. J. (1998). Anatomical Relationship Between Urethra And Clitoris. The Journal of Urology, 159(6), 1892–1897.
O'Connell, H. E., Sanjeevan, K. V., & Hutson, J. M. (2005). Anatomy of the Clitoris. The Journal of Urology, 174(4), 1189–1195.
O'Connell, H. E., & DeLancey, J. O. (2005). Clitoral anatomy in nulliparous, healthy, premenopausal volunteers using unenhanced magnetic resonance imaging. The Journal of Urology, 173(6), 2060–2063. https://doi.org/10.1097/01.ju.0000158446.21396.c0
Pauls, R. N. (2015). Anatomy of the clitoris and the female sexual response. Clinical Anatomy, 28, 376–384. https://doi.org/10.1002/ca.22524
Simonis, M., Manocha, R., & Ong, J. J. (2016). Female genital cosmetic surgery: a cross-sectional survey exploring knowledge, attitude and practice of general practitioners. BMJ Open, 6, e013010. doi:10.1136/bmjopen-2016-013010
Vieira-Baptista, P., Lima-Silva, J., Preti, M., Xavier, J., Vendeira, P., & Stockdale, C. K. (2021). G-spot: Fact or Fiction? A Systematic Review. Sexual Medicine, 9(5), 100435. https://doi.org/10.1016/j.esxm.2021.100435
Ask Anatomist Podcast, Season 1, Episode 8: “Genetics and the Spectrum of Sex Designations.” Hosts: Michelle D. Lazarus, Georgina C. Stephens, and Craig Smith. Available from https://www.askanatomist.com/
TEDxOslo: The Virginity Fraud. Nina Dølvik Brochmann & Ellen Støkken Dahl. Available from https://www.youtube.com/watch?v=fBQnQTkhsq4
The Great Wall of Vagina by Jamie McCartney. Available from https://www.greatwallofvagina.co.uk/
Women's Health Victoria (2013). The Labia Library. Women's Health Victoria, Melbourne. Available from http://www.labialibrary.org.au/",
Male reproduction,"Male Reproductive Physiology & Anatomy
Comprehensive Medical Lecture Guide & Reference Notes | Year 2 Medicine
MEDICAL INSTRUCTOR CURRICULUM OVERVIEW
Notice: This instructional document incorporates complete physiological and anatomical details from the Monash University Second-Year Medical Curriculum (MED YR2: Male Reproductive Physiology). It encompasses anatomy, spermatogenesis, spermiogenesis, fluid dynamics, accessory gland function, and hypothalamic-pituitary-gonadal endocrine regulation.

1. Overview of the Male Reproductive System
The male reproductive system is organized into four major functional components, each playing a specialized role in male fertility, gamete production, transport, and endocrine regulation:
•	1. Testes (Gonads): Primary sites for the production of male gametes (spermatozoa) and major steroid sex hormones (androgens, primarily testosterone).
•	2. Paired Duct System: A highly specialized continuous duct network designed to collect, mature, store, and transport spermatozoa from each testis to the urethra. Includes the efferent ductules, epididymis, and vas deferens (ductus deferens).
•	3. Accessory Exocrine Glands: Exocrine glands responsible for secreting the majority (~90–95%) of the fluid volume in which ejaculated sperm are suspended. Includes the seminal vesicles, prostate gland, and bulbourethral (Cowper's) glands.
•	4. External Copulatory Organ (Penis): The copulatory organ providing the physical mechanism for erection, copulation, and the deposition of semen into the female reproductive tract.
2. Anatomy and Physiology of the Penis
2.1 Gross External Regions
The penis comprises three principal anatomical regions:
•	Root: The attached internal region securing the organ to the pelvic floor and pubic arch.
•	Shaft (Body): The tubular, mobile, free region extending externally.
•	Glans Penis: The expanded, highly sensitive distal tip covered by a loose fold of skin known as the prepuce (foreskin). Circumcision is the surgical removal of the prepuce.
2.2 Internal Erectile Tissue Architecture
In cross-section, the penile shaft contains three cylindrical columns of erectile tissue wrapped in fibrous connective tissue and skin:
•	Corpora Cavernosa (2x): Paired dorsal erectile bodies that form the bulk of the penile shaft. Surrounded by a dense, fibrous sheath called the tunica albuginea and separated along the midline by a median septum. Deep arteries run centrally through each corpus cavernosum.
•	Corpus Spongiosum (1x): Single ventral erectile body that surrounds the spongy (penile) urethra. It expands distally to form the glans penis. Its function is to keep the urethra open during erection and ejaculation.
•	Neurovascular Bundle: The deep dorsal vein, paired dorsal arteries, and dorsal nerves lie beneath the outer fascia, dorsal to the corpora cavernosa.
2.3 Hemodynamic Mechanism of Erection
Penile erection is a vascular event governed by autonomic parasympathetic nervous innervation:
•	Parasympathetic Activation: Sexual stimulation or excitement triggers parasympathetic autonomic nerve fibers supplying the penile resistance arteries to release Nitric Oxide (NO).
•	Nitric Oxide (NO) Signaling: NO diffuses into the vascular smooth muscle cells of the penile cavernous arteries and erectile tissue trabeculae, inducing smooth muscle relaxation and prominent arterial dilation.
•	Engorgement: The resulting surge of blood engorges the vascular spaces (lacunae) within the corpora cavernosa and corpus spongiosum.
•	Rigidity: As the corpora cavernosa expand, they compress the surrounding venous outflow channels against the rigid tunica albuginea (venocclusive mechanism), trapping blood under high pressure and causing full erection.
3. The Scrotum and Testicular Thermoregulation
3.1 Anatomy of the Scrotum
The scrotum is a cutaneous sac composed of skin and superficial fascia hanging outside the abdominopelvic cavity. A median septum divides the interior into two separate compartments, each housing a single testis, epididymis, and lower portion of the spermatic cord.
3.2 Physiological Importance of Thermoregulation
Normal, viable spermatogenesis cannot occur at core body temperature (37°C). The scrotum maintains the testes at an optimal temperature of approximately 34°C (3°C cooler than core body temperature).
3.3 Thermoregulatory Mechanisms & Muscles
Temperature homeostasis of the testes is actively maintained by two distinct muscle systems working in response to ambient ambient thermal changes:
•	1. Dartos Muscle: Smooth muscle integrated within the superficial fascia of the scrotal wall. In cold conditions, it contracts to wrinkle the scrotal skin, decreasing surface area and reducing heat loss. In warm environments, it relaxes to smooth the skin and facilitate cooling.
•	2. Cremaster Muscle: Bands of skeletal muscle extending from the internal oblique muscle along the spermatic cord. In response to cold temperatures, it contracts to elevate the scrotum and draw the testes closer to the pelvic floor for warmth. In warm conditions, it relaxes, allowing the testes to descend away from the body.
•	3. Pampiniform Venous Plexus: A extensive venous network (pampiniform venous plexus) surrounds the incoming testicular artery within the spermatic cord. Warm arterial blood flowing toward the testis transfers heat to the cooler venous blood returning to the trunk (countercurrent heat exchange), ensuring arterial blood is pre-cooled before entering the testicular parenchyma.
4. Internal Architecture, Histology, and Blood Supply of the Testes
4.1 Testicular Tunics
Each testis is encased by two distinct anatomical tunics:
•	1. Tunica Vaginalis: Outer double-layered serous membrane derived from the peritoneum during embryonic testicular descent.
•	2. Tunica Albuginea: Inner, tough, fibrous connective tissue capsule directly surrounding the testicular parenchyma.
4.2 Lobules and Tubules
Fibrous septa extend inward from the tunica albuginea, partitioning the interior of each testis into approximately 250 wedge-shaped lobules:
•	Seminiferous Tubules: Each lobule contains 1 to 4 highly convoluted, tightly packed seminiferous tubules, which represent the precise anatomical sites of spermatogenesis.
•	Rete Testis: Seminiferous tubules converge into straight tubules (tubuli recti) that lead into a meshwork of interconnected tubular channels located in the mediastinum testis, known as the rete testis.
•	Efferent Ductules: From the rete testis, fluid and sperm leave the testis via 10 to 20 efferent ductules to enter the head of the epididymis.
4.3 Histological Compartments
Microscopically, the testicular parenchyma is divided into two major functional compartments:
•	1. Seminiferous Tubule Compartment: Lined by a complex stratified epithelium containing two populations of cells: germ cells at various stages of meiotic and post-meiotic development, and supportive somatic Sertoli cells (sustentacular cells).
•	2. Interstitial Compartment: Loose connective tissue space situated between adjacent seminiferous tubules. Contains blood vessels, lymphatics, and interstitial Leydig cells, which are responsible for the synthesis and secretion of testosterone.
4.4 Vascular and Nerve Supply (The Spermatic Cord)
The spermatic cord passes through the inguinal canal via the superficial inguinal ring and encloses:
•	Testicular Arteries: Branching directly from the abdominal aorta to deliver oxygenated blood to the testes.
•	Pampiniform Venous Plexus: Surrounds the testicular artery to form the countercurrent thermal exchange system, draining testicular venous blood into the inferior vena cava (right) and left renal vein (left).
•	Neurovascular & Duct Content: Autonomic nerve fibers (sympathetic and parasympathetic), lymphatic vessels, and the vas deferens.
5. Spermatogenesis
5.1 Overview and Timeline
Spermatogenesis is the complete process of male gamete production occurring within the seminiferous tubules. Key operational characteristics include:
•	Onset & Duration: Initiates at puberty under gonadotropic stimulation and continues uninterrupted throughout adult life.
•	High Yield Output: Produces up to 400 million new spermatozoa per day (approximately 1,500 sperm generated every single second).
•	Developmental Period: The total developmental duration required to transform a stem cell into a mature spermatozoon is approximately 10 weeks (64 days).
5.2 Spermatogenic Cell Lineage and Meiotic Divisions
Spermatogenesis progresses through distinct mitotic, meiotic, and differentiation phases:
Cell Type	Chromosomes (n)	Chromatids/Chr	Ploidy	Key Event / Process
Spermatogonia (A & B)	46	2	Diploid (2n)	Mitotic self-renewal (Type A) & differentiation into Type B.
Primary Spermatocytes	46	2	Diploid (2n)	Cross BTB; undergo 1st Meiotic Division (crossing over).
Secondary Spermatocytes	23	2	Haploid (1n)	Undergo 2nd Meiotic Division rapidly without DNA synthesis.
Spermatids	23	1	Haploid (1n)	Early round haploid cells; undergo Spermiogenesis.
Spermatozoa	23	1	Haploid (1n)	Mature elongated gametes released into tubule lumen.

5.3 The Blood-Testis Barrier (BTB) and Sertoli Cell Architecture
Sertoli cells extend from the basement membrane of the seminiferous tubule all the way to the central lumen. Specialized tight junctions between adjacent Sertoli cells create the Blood-Testis Barrier (BTB), partitioning the tubule epithelium into two functional compartments:
•	1. Basal Compartment: Outer zone situated between the basement membrane and tight junctions. Contains Type A and Type B spermatogonia.
•	2. Adluminal Compartment: Inner zone extending from the tight junctions to the tubule lumen. Houses primary spermatocytes, secondary spermatocytes, spermatids, and spermatozoa.
CRITICAL PHYSIOLOGICAL CONCEPT: BLOOD-TESTIS BARRIER
Functional Significance of the BTB:
Meiotic and haploid germ cells express novel cell-surface auto-antigens that develop long after immune tolerance is established in early life. The BTB isolates these haploid cells from circulating immune lymphocytes and antibodies, preventing autoimmune destruction of sperm. Furthermore, tight junctions dynamically remodel to allow primary spermatocytes to migrate from the basal to the adluminal compartment without compromising barrier integrity.

5.4 Key Functions of Sertoli Cells
•	1. Support and Nutrition: Provide structural matrix, metabolic energy substrates (e.g., lactate), and paracrine growth factors to developing germ cells.
•	2. Phagocytosis: Ingest and digest residual bodies (excess cytoplasm shed during spermiogenesis).
•	3. Blood-Testis Barrier Creation: Form tight junctions protecting haploid cells from immune destruction.
•	4. Fluid Secretion: Secrete liquid into the tubule lumen to flush immotile sperm toward the rete testis.
•	5. Endocrine & Paracrine Synthesis: Synthesize Androgen-Binding Protein (ABP) to concentrate testosterone in tubules, and Inhibin to provide negative feedback on pituitary FSH secretion.
6. Spermiogenesis and Sperm Morphology
6.1 The 7 Sequential Steps of Spermiogenesis
Spermiogenesis is the ~24-day maturation process by which spherical, unspecialized round spermatids undergo metamorphosis into streamlined spermatozoa:
•	Step 1: Enzyme Packaging: The Golgi apparatus packages hydrolytic enzymes into a membrane-bound acrosomal vesicle.
•	Step 2: Acrosome & Centriole Positioning: The acrosomal vesicle flattens over the anterior region of the spermatid nucleus to form the acrosome. Centrioles relocate to the opposite pole.
•	Step 3: Flagellar Formation: Microtubules organize from the centrioles and elongate outward to construct the flagellum (tail).
•	Step 4: Mitochondrial Spiral Ringing: Mitochondria multiply and arrange spirally around the proximal portion of the flagellum, forming the midpiece energy engine.
•	Step 5: Sloughing of Excess Cytoplasm: Excess organelles and cytoplasm are condensed into residual bodies and shed, to be phagocytosed by Sertoli cells.
•	Step 6: Luminal Release (Spermiation): Immature, non-motile spermatozoa are released from Sertoli cells into the seminiferous tubule lumen (spermiation).
•	Step 7: Epididymal Maturation: Spermatozoa enter the epididymis where they undergo final biochemical and physiological maturation.
6.2 Structural Components of Mature Spermatozoa
A mature spermatozoon consists of three main structural units:
•	1. Head: Contains highly condensed haploid nuclear DNA (23 chromosomes). Capped anteriorly by the acrosome, an enzyme-filled vesicle containing hyaluronidase and acrosin necessary to penetrate the zona pellucida of the oocyte.
•	2. Midpiece: Packed with densely organized spiral mitochondria that generate ATP via oxidative phosphorylation to power flagellar movement.
•	3. Tail (Flagellum): A central axoneme composed of a 9+2 microtubule arrangement that performs whip-like undulating movements to propel the cell forward.
6.3 The Spermatogenic Cycle
Spermatogenesis does not occur simultaneously across the entire length of a seminiferous tubule. Instead, developmental stages are organized into spatial and temporal waves ('spermatogenic cycle' or 'stages I–XIV' in rodents/human equivalents) along the tubule length, ensuring continuous, uninterrupted sperm output over time.
7. Sperm Transport and Accessory Reproductive Glands
7.1 Epididymis
A highly coiled duct (~6 meters long uncoiled) positioned along the posterior aspect of each testis:
•	1. Functional Maturation: Immature spermatozoa arriving from efferent ductules are non-motile and incapable of fertilization. Over ~20 days of transit through the epididymal duct, sperm gain progressive motility and fertilizing capacity.
•	2. Storage: Spermatozoa can be stored in the tail (cauda) of the epididymis for several months while retaining viability.
•	3. Recycling Center: Epithelial cells reabsorb and recycle damaged, old, or degenerate sperm cells.
•	4. Fluid Reabsorption: Continuously absorbs and adjusts the ionic composition of luminal fluid.
7.2 Vas Deferens (Ductus Deferens)
A thick-walled muscular tube running from the tail of the epididymis, through the inguinal canal inside the spermatic cord, into the pelvic cavity. It loops over the ureter and descends along the posterior bladder wall, expanding into an ampulla before joining the duct of the seminal vesicle to form the ejaculatory duct. Peristaltic smooth muscle contractions propel stored sperm during ejaculation.
7.3 Seminal Vesicles
Paired glands located on the posterior surface of the bladder. They secrete a thick, yellowish, viscous alkaline fluid that accounts for approximately 70% of total semen volume. Key components include:
•	Fructose: Serves as the primary metabolic energy substrate for sperm motility.
•	Prostaglandins: Stimulate smooth muscle contractions in both male ducts and the female reproductive tract to facilitate sperm transport.
•	Alkaline pH & Clotting Factors: Neutralize the acidic environment of the male urethra and female vagina, protecting sperm viability.
7.4 Prostate Gland
A single doughnut-shaped gland surrounding the prostatic urethra directly below the bladder. It secretes a milky, slightly acidic fluid contributing approximately 30% (one-third) of semen volume. Key constituents include:
•	Citrate: Nutrient source for sperm oxidative metabolism.
•	Prostate-Specific Antigen (PSA): Proteolytic enzyme that liquefies coagulated semen post-ejaculation, releasing sperm to swim through female cervical mucus.
•	Sperm Activators: Contains factors essential for activating full sperm motility.
7.5 Bulbourethral Glands (Cowper's Glands)
Pea-sized glands situated inferior to the prostate along the membranous urethra. Prior to ejaculation, parasympathetic stimulation causes them to produce a clear, thick alkaline mucus that:
•	1. Neutralization: Neutralizes traces of acidic urine remaining within the spongy urethra.
•	2. Lubrication: Lubricates the glans penis and urethral meatus for copulation.
7.6 Urethra and Ejaculate Characteristics
The urethra extends from the bladder to the tip of the penis (divided into prostatic, membranous, and spongy/penile regions) and serves as a shared passage for urine and semen (never simultaneously).
•	Ejaculate Volume: Average ejaculate volume ranges between 2.0 and 5.0 mL.
•	Sperm Concentration: Normal sperm concentration ranges from 20 million to 150 million sperm per milliliter.
•	Semen Composition: Spermatozoa make up only 5–10% of total semen volume; the remaining 90–95% consists of seminal plasma secreted by accessory glands.
8. Endocrine Control of Male Reproductive Function
8.1 The Hypothalamic-Pituitary-Gonadal (HPG) Axis
Male reproductive activity is tightly regulated by a neuroendocrine cascade involving the hypothalamus, anterior pituitary, and testes:
•	1. GnRH Secretion: Synthesized in the arcuate nucleus/preoptic area of the hypothalamus and secreted in episodic, pulsatile bursts into the hypophyseal portal system.
•	2. Gonadotrope Activation: GnRH binds to specific G-protein-coupled receptors on gonadotrope cells in the anterior pituitary gland.
•	3. Gonadotropin Release: Stimulates synthesis and pulsatile secretion of two peptide gonadotropins: Follicle-Stimulating Hormone (FSH) and Luteinizing Hormone (LH).
8.2 Target Cell Actions in the Testes
•	Luteinizing Hormone (LH) Action: LH binds to LH receptors on interstitial Leydig cells, stimulating the intracellular conversion of cholesterol to testosterone.
•	Testosterone Diffusion: Diffuses from interstitial space into seminiferous tubules, where high intratesticular concentrations bind Sertoli cells to initiate and sustain spermatogenesis.
•	Enzymatic Conversion: Enzymatic conversion occurs in target tissues: 5α-reductase converts Testosterone into Dihydrotestosterone (DHT) (more potent androgen), while Aromatase converts Testosterone into Estradiol.
•	Follicle-Stimulating Hormone (FSH) Action: FSH binds to receptors on Sertoli cells, stimulating synthesis of paracrine growth factors, Androgen-Binding Protein (ABP), and Inhibin.
8.3 Negative Feedback Control Loops
•	1. Testosterone Negative Feedback: Rising blood testosterone levels exert negative feedback control on both the hypothalamus (inhibiting GnRH pulse frequency) and the anterior pituitary (suppressing LH release).
•	2. Inhibin Negative Feedback: Sertoli cells secrete Inhibin in response to FSH stimulation. Inhibin acts directly on gonadotropes in the anterior pituitary to selectively suppress FSH synthesis and secretion.
•	3. Activin-Inhibin Antagonism: In the pituitary, Activin normally acts in concert with GnRH to promote FSH production. Inhibin binds to activin receptors/co-receptors, antagonizing activin signaling and halting FSH release.
9. Physiological Effects of Testosterone in the Male
Testosterone is the principal circulating male androgen. Its extensive physiological actions include:
•	Spermatogenesis: Required for initiating and maintaining normal spermatogenic cycles (acting locally via Sertoli cells).
•	Endocrine Feedback: Inhibits GnRH secretion at the hypothalamus and LH secretion at the anterior pituitary.
•	Reproductive Tract Development: Induces embryonic differentiation of male duct systems (Wolffian ducts) and maintains adult structural integrity and secretory function of the penis, epididymis, vas deferens, prostate, and seminal vesicles.
•	Secondary Sex Characteristics: Drives pubertal development including facial/body hair growth, laryngeal enlargement (deepening voice), male pattern fat distribution, and suppression of breast tissue growth (opposing estrogen).
•	Anabolic Actions: Stimulates skeletal muscle growth, protein synthesis, bone matrix deposition, and ultimate epiphyseal plate closure.
•	Central Nervous System: Essential for adult libido (sex drive) and plays a role in male aggressive behaviors.
•	Erythropoiesis: Stimulates erythropoietin (EPO) secretion by renal juxtaglomerular cells, resulting in higher average hemoglobin and hematocrit levels in males compared to females.
•	Metabolic Rate: Generally increases basal metabolic rate (BMR) and cellular protein turnover.",
Female reproduction,"DEPARTMENT OF PHYSIOLOGY & MEDICAL EDUCATION
Comprehensive Medical Lecture Study Guide:
Female Reproductive Physiology
Monash University Medical Curriculum | Human Anatomy & Physiology Series
Instructor Reference & Student Master Study Document
1. Overview of Female Reproductive Physiology
Welcome to this comprehensive medical study guide on female reproductive physiology. As your instructor, I have synthesized every clinical, anatomical, cellular, and endocrine concept covered in our lecture slides into this single, exhaustive document. Female reproductive physiology operates on an exquisitely coordinated, cyclic mechanism controlled by complex feedback loops within the Hypothalamic-Pituitary-Ovarian (HPO) axis, driving both the ovarian cycle (gametogenesis and steroidogenesis) and the uterine/menstrual cycle (endometrial preparation and shedding).
2. Anatomical Foundations & Histology of the Female Reproductive System
2.1 Gross Anatomy & Structural Layout
The female reproductive system comprises internal genitalia situated within the pelvic cavity and external genitalia located in the perineal region. Below is a complete breakdown of structural components:
•	Ovaries: Paired, almond-shaped primary female gonads responsible for producing female gametes (oocytes) and secreting steroid hormones (estrogen and progesterone) as well as peptide hormones (inhibin). Structurally divided into an inner, highly vascularized Medulla and an outer Cortex containing maturing ovarian follicles.
•	Fallopian Tubes (Uterine Tubes / Oviducts): Ducts that transport the secondary oocyte from the ovaries to the uterine cavity. Composed of three primary anatomical regions: the fimbriae (finger-like projections that sweep over the ovarian surface), the infundibulum (funnel-shaped distal opening), and the ampulla (wide central region where fertilization typically occurs).
•	Uterus: A hollow, thick-walled, highly muscular organ situated in the pelvis between the bladder and rectum. It consists of the fundus (superior rounded region above entry of fallopian tubes), body (major central portion), lumen (internal cavity), and cervix (narrow inferior neck projecting into the vagina). Supported by key ligaments including the broad ligament, ovarian ligament, and round ligament of the uterus.
•	Vagina: A thin-walled, distensible muscular tube (8–10 cm long) composed of smooth muscle and elastic fibers, extending from the cervix to the body exterior.
•	External Genitalia (Vulva): Includes the mons pubis (fatty pad overlying the pubic symphysis), labia majora (outer pigmented skin folds), labia minora (inner mucosal folds enclosing the vestibule), clitoris (erectile tissue homologous to the penis), vestibule (space enclosing urethral and vaginal openings), hymen (vascularized mucosal membrane partially covering vaginal orifice), and greater vestibular glands (Bartholin's glands, secreting lubricating mucus).
2.2 Functional Discontinuity of the Female Duct System
A critical distinction between the male and female reproductive tracts lies in structural continuity. Unlike the male reproductive system, where sperm travels through an uninterrupted closed tube system (testis -> epididymis -> vas deferens -> urethra), the female duct system is NOT continuous. There exists a distinct physical gap between the ovary and the infundibulum/fimbriae of the fallopian tube. During ovulation, the secondary oocyte is released directly into the peritoneal cavity. The beating cilia of the fimbriae create a fluid current to sweep the oocyte into the uterine tube; however, a small percentage of oocytes fail to enter the tube and are lost and degraded within the peritoneal cavity.
2.3 Physiology & Roles of the Vagina
The vagina serves three primary anatomical and physiological roles:
1. Elimination of Menstrual Fluids: Serves as the discharge pathway for shedding endometrial lining and blood during menses.
2. Copulation: Receives the penis and semen during sexual intercourse.
3. Parturition: Acts as the inferior birth canal to expel the fetus during childbirth.
Microenvironment Note: Resident vaginal bacteria (primarily Lactobacillus species) metabolize glycogen into lactic acid, creating an acidic luminal environment (pH ~3.8–4.5). This acidity is vital for preventing bacterial and fungal infections; however, it also renders the vagina inherently hostile to sperm, requiring buffering by alkaline seminal fluid during ejaculation.
2.4 Uterine Wall Microanatomy & Endometrial Layers
The uterine wall consists of three distinct histological layers:
•	Perimetrium: The outermost serous layer (visceral peritoneum).
•	Myometrium: The bulky middle layer composed of interlacing bundles of smooth muscle. Expands tremendously during pregnancy and undergoes powerful, oxytocin- and prostaglandin-driven contractions to expel the fetus during labor.
•	Endometrium: The inner mucosal lining composed of simple columnar epithelium and a thick connective tissue stroma containing abundant uterine glands.
The Endometrium is further sub-divided into two functional zones with distinct vascular supply:
•	Stratum Functionalis (Functional Layer): The dynamic superficial layer bordering the uterine lumen. It contains the main secretory bodies of uterine glands and an extensive capillary plexus supplied by spiral (coiled) arteries. This layer expresses high densities of estrogen and progesterone receptors, undergoes dramatic morphological thickening and remodeling across the menstrual cycle, and is sloughed off during menses if fertilization does not occur.
•	Stratum Basalis (Basal Layer): The deep, permanent stromal layer adjacent to the myometrium. Supplied by straight radial arteries, the stratum basalis is unresponsive to ovarian steroids and is NOT shed during menstruation. Instead, it serves as the regenerative stem cell reservoir that rebuilds a new stratum functionalis after every menses.
2.5 Cervical Mucus Dynamics
Mucosa-secreting glands within the cervical canal produce cervical mucus, which serves a dual biological function based on hormonal influence:
•	Protection Against Pathogens: During most of the ovarian cycle (and under the influence of progesterone in the luteal phase), cervical mucus is thick, viscous, and sticky, forming a physical plug that prevents bacteria from the vagina from invading the uterine cavity.
•	Mid-Cycle Sperm Facilitation: At mid-cycle (just prior to ovulation), under the influence of peak estrogen levels, the mucus becomes thin, watery, clear, elastic (spinnbarkeit), and alkaline. This allows rapid passage of sperm through the cervical os into the uterus.
★  CLINICAL CORRELATES: CERVICAL CANCER & UTERINE PROLAPSE
1. Cervical Cancer & HPV Vaccination: Cervical cancer affects approximately 450,000 women worldwide each year. The vast majority of cases are driven by chronic infection with high-risk strains of Human Papillomavirus (HPV). Gardasil is a highly effective recombinant vaccine that confers immunity against major oncogenic HPV strains, dramatically lowering cervical cancer incidence when administered prior to exposure.
2. Prolapse of the Uterus: Childbirth and aging can stretch and tear the pelvic floor musculature (levator ani) and supporting uterine ligaments (cardinal, uterosacral, and round ligaments). Without adequate structural support, the uterus sinks inferiorly through the pelvic floor and can protrude through the external vaginal opening—a condition termed uterine prolapse.

3. Ovarian Reserve & Lifetime Dynamics of Oogenesis
Unlike male spermatogenesis, which begins at puberty and continues continuously throughout life, female gametogenesis (oogenesis) is finite and established entirely during fetal development. Primordial germ cells (PGCs) migrate to the embryonic gonadal ridge around 32 days of gestation.
Stage of Life / Age	Total Number of Oocytes (Ovarian Reserve)
PGC Stage (32 Days Gestation)	< 100 Primordial Germ Cells
Prenatal / Fetal Peak (5–7 Months Gestation)	6,000,000 (6 Million) Primary Oocytes
Birth	1,000,000 (1 Million) Primary Oocytes
Puberty	300,000 Primary Oocytes
Age 38	25,000 Oocytes
Menopause	< 1,000 Oocytes

Primary oocytes remain arrested in Prophase I of Meiosis I from before birth until they are recruited during an ovarian cycle following puberty. At puberty, under gonadotropin stimulation, cohorts of follicles resume growth. The primary oocyte completes Meiosis I only immediately prior to ovulation (triggered by the LH surge), producing a secondary oocyte (arrested in Metaphase II) and the first polar body.
4. Folliculogenesis & Stages of Follicle Growth
The Ovarian Cycle spans approximately 28 days and is divided into two distinct phases separated by ovulation: the Follicular Phase (Days 1–14) and the Luteal Phase (Days 15–28). Folliculogenesis describes the structural maturation of ovarian follicles through 7 defined stages:
•	1. Primordial Follicle: Present within the ovary before birth. Consists of a primary oocyte arrested in Prophase I surrounded by a single layer of flattened, squamous granulosa cells.
•	2. Primary Follicle: Activated primordial follicle. Granulosa cells proliferate and transform into cuboidal epithelium. The oocyte grows, and a protective extracellular glycoprotein layer—the Zona Pellucida—is secreted around the oocyte.
•	3. Preantral Follicle: Granulosa cells proliferate into multiple concentric layers. Connective tissue stromal cells condense around the outer follicle boundary to form an early Theca layer (theca folliculi).
•	4. Early Antral Follicle: Granulosa cells begin secreting follicular fluid into small intercellular spaces, which coalesce to form a fluid-filled cavity called the Antrum.
•	5. Atresia (Follicular Degeneration): Crucial Physiological Principle: Approximately 95% of all recruited early antral follicles undergo a programmed degenerative apoptotic process known as atresia due to declining FSH support during the mid-follicular phase.
•	6. Mature (Graafian / Vesicular) Follicle: The single dominant follicle that escapes atresia expands dramatically. The antrum fills with fluid, isolating the oocyte surrounded by a mound of granulosa cells termed the cumulus oophorus.
•	7. Pre-Ovulatory Separation: As ovulation approaches following the LH surge, the cumulus-oocyte-complex (COC) detaches from the follicle wall, floating freely in the antral fluid within the distended follicle, which bulges from the ovarian surface.
4.1 Ovulation & Formation of the Corpus Luteum
Ovulation occurs on Day 14. Driven by enzymatic digestion and elevated intra-follicular pressure, the mature Graafian follicle ruptures through the ovarian wall, expelling the secondary oocyte along with its surrounding cumulus cells (corona radiata) into the peritoneal cavity, where it is captured by the fimbriae.
Following ovulation, the collapsed remnants of the follicle undergo profound structural transformation to form the Corpus Luteum (luteal phase, Days 15–28):
•	Cellular Transformation: Under LH stimulation, remaining granulosa and theca cells hypertrophy and luteinize into granulosa lutein and theca lutein cells.
•	Endocrine Activity: The corpus luteum acts as a powerful transient endocrine gland, secreting massive amounts of Progesterone, as well as Estrogen and Inhibin A.
•	Pregnancy vs. Regression: If pregnancy occurs, human chorionic gonadotropin (hCG) secreted by the syncytiotrophoblast maintains the corpus luteum for approximately 3 months until the placenta assumes steroidogenesis. If fertilization does NOT occur, the corpus luteum degenerates after approximately 10–12 days, regressing into a white fibrous scar called the Corpus Albicans.
5. Hormonal Control of Ovarian Function (The HPO Axis)
Regulation of the ovarian cycle depends upon the pulsatile release of Gonadotropin-Releasing Hormone (GnRH) from the hypothalamus, which acts on the anterior pituitary to stimulate synthesis and release of Follicle-Stimulating Hormone (FSH) and Luteinizing Hormone (LH). The frequency and amplitude of GnRH pulses vary dynamically across the cycle.
5.1 The Two-Cell, Two-Gonadotropin Model
Estrogen biosynthesis in the ovarian follicle requires strict biochemical cooperation between two distinct cell types:
•	1. Theca Cells (LH Responsive): Express LH receptors. In response to LH, theca cells synthesize androgens (androstenedione and testosterone) from cholesterol. However, theca cells lack the enzyme aromatase and cannot convert these androgens to estrogens.
•	2. Diffusion: Androgens diffuse across the basement membrane from the theca layer into the adjacent granulosa layer.
•	3. Granulosa Cells (FSH Responsive): Express FSH receptors. FSH stimulates granulosa cells to express the enzyme Aromatase (CYP19A1). Aromatase converts the incoming thecal androgens into Estrogens (primarily Estradiol).
5.2 Step-by-Step Cascade of Ovarian Endocrine Control
The complete endocrine cascade spanning Days 1 to 28 is delineated in 13 sequential steps:
Step 1 (GnRH Stimulates Gonadotropins): Hypothalamic GnRH stimulates anterior pituitary secretion of LH and FSH.
Step 2 (Target Cell Action): FSH binds granulosa cells; LH binds theca cells.
Step 3 (Androgen & Estrogen Production): Theca cells produce androgens under LH control; granulosa cells aromatize these androgens into estrogen under FSH control.
Step 4 (Negative Feedback): Rising plasma estrogen levels exert negative feedback on the hypothalamus and anterior pituitary, inhibiting GnRH, FSH, and LH release.
Step 5 (Inhibin B Secretion): Granulosa cells secrete Inhibin B, which acts directly on the anterior pituitary to selectively suppress FSH release.
Step 6 (Dominant Follicle Selection): The selective dip in FSH causes subordinate growing follicles to undergo atresia. Only the single dominant follicle—which possesses the highest density of FSH receptors and acquires LH receptors on its granulosa cells—survives this FSH decline.
Step 7 (Surging Estrogen): The dominant follicle grows rapidly, producing extraordinarily high concentrations of plasma estrogen.
Step 8 (Feedback Switch to Positive Feedback): When plasma estrogen levels reach and exceed a high threshold for sustained duration (~36 hours), estrogen switches from negative feedback to powerful POSITIVE feedback on the hypothalamus and pituitary.
Step 9 (The LH Surge): Positive feedback triggers a massive release of LH from the anterior pituitary—the pre-ovulatory LH Surge (accompanied by a smaller FSH surge).
Step 10 (Ovulatory Events Triggered by LH Surge): The LH surge triggers four essential physiological events: (a) Primary oocyte completes Meiosis I to become a secondary oocyte; (b) Intra-follicular blood flow and antrum size expand markedly; (c) Granulosa cells synthesize prostaglandins and proteolytic enzymes that break down the follicular-ovarian wall; (d) Granulosa cells luteinize, initiating progesterone synthesis and suppressing estrogen production.
Step 11 (Luteinization): LH surge converts remaining granulosa and theca cells into the Corpus Luteum.
Step 12 (Luteal Negative Feedback): The Corpus Luteum secretes massive amounts of Progesterone, Estrogen, and Inhibin A. This combination exerts intense negative feedback on the pituitary and hypothalamus, keeping FSH and LH levels extremely low and preventing new follicle development.
Step 13 (Luteolysis & Cycle Restart): In the absence of hCG, the corpus luteum degenerates (luteolysis). Steroid hormone levels plummet, removing negative feedback. Pituitary FSH and LH secretion rises, initiating Step 1 of a new ovarian cycle.
6. The Uterine (Menstrual) Cycle
The Uterine Cycle consists of cyclic structural changes occurring within the stratum functionalis of the endometrium, driven directly by the fluctuating plasma levels of ovarian steroids (estrogen and progesterone).
6.1 Phase 1: Menstrual Phase (Menses, Days 1–5)
Initiated by the degeneration of the corpus luteum at the end of the preceding cycle. Falling estrogen and progesterone levels deprive the fully developed endometrium of hormonal support:
•	1. Prostaglandin Induction: Local endometrial prostaglandin synthesis surges, inducing intense vasoconstriction of spiral arterioles and rhythmic myometrial smooth muscle contractions.
•	2. Ischemia & Cell Death: Spiral artery constriction denies oxygen and nutrients to the stratum functionalis, causing widespread ischemic necrosis of tissue and capillary breakage.
•	3. Sloughing & Flow: Spiral arterioles briefly dilate, causing blood to flush through weakened vessels. The necrotic stratum functionalis detaches and passes out through the cervix and vagina as menstrual flow (containing blood, uterine fluid, and stromal debris).
6.2 Phase 2: Proliferative (Preovulatory) Phase (Days 6–14)
Driven by rising estrogen secreted by the growing dominant follicle during the follicular phase:
•	1. Tissue Rebuilding: The stratum basalis undergoes rapid mitosis to regenerate a new stratum functionalis. Endometrial thickness increases dramatically from 2 mm up to 8 mm.
•	2. Structural Remodeling: Glandular epithelial cells, connective tissue stroma, and spiral arteries proliferate rapidly; uterine glands elongate.
•	3. Induction of Progesterone Receptors: Estrogen upregulates Progesterone Receptor (PR) expression on endometrial cells, priming the tissue to respond to progesterone during the upcoming luteal phase.
•	4. Cervical Mucus Changes: Estrogen thins cervical mucus, creating clear, stretchy, watery pathways to facilitate sperm entry at ovulation.
6.3 Phase 3: Secretory (Postovulatory) Phase (Days 15–28)
Driven by high progesterone (and estrogen) levels secreted by the corpus luteum following ovulation:
•	1. Glandular Secretion: Uterine glands become highly coiled, tortuous, and enlarge significantly. They secrete glycogen-rich, nutrient-dense mucus ('uterine milk') into the lumen to nourish a potential blastocyst.
•	2. Vascularization: Spiral arteries elongate further and coil extensively throughout the stratum functionalis.
•	3. Cervical Plug Formation: Progesterone causes cervical mucus to become thick and viscous, forming a firm mucus plug that seals the cervical os against sperm and ascending bacterial pathogens.
•	4. Myometrial Quiescence: Progesterone directly inhibits prostaglandin synthesis and smooth muscle contractions in the myometrium, ensuring a quiet, hospitable environment for embryo implantation.
7. Master Chronological Integration Table (Vander's Table 17.7)
Below is the complete, definitive chronological summary table integrating every hormonal, ovarian, and uterine event across the 28-day cycle:
Cycle Day(s)	Major Hormonal, Ovarian & Uterine Events
Days 1–5	• Estrogen and progesterone concentrations are low due to regression of the previous corpus luteum.
• Endometrial stratum functionalis sloughs off (Menses).
• Secretion of FSH and LH is released from negative feedback inhibition; plasma FSH/LH concentrations rise.
• A cohort of growing antral follicles is recruited and stimulated to mature.
Day 7	• A single follicle (usually) is selected to become the dominant follicle.
Days 7–12	• Plasma estrogen increases rapidly due to high secretion by the dominant follicle.
• Endometrium is stimulated to proliferate (thickness increases from 2 mm to 8 mm).
• LH and FSH drop due to estrogen and inhibin negative feedback, causing degeneration (atresia) of non-dominant follicles.
Days 12–13	• High, sustained plasma estrogen secreted by dominant follicle induces the Pre-ovulatory LH Surge.
• LH surge induces primary oocyte to complete first meiotic division.
• Follicle synthesizes prostaglandins and digestive enzymes to weaken wall.
Day 14	• Ovulation occurs: mature follicle ruptures, expelling secondary oocyte and cumulus complex mediated by follicular enzymes and prostaglandins.
Days 15–25	• Corpus luteum forms from remaining follicle cells and secretes high concentrations of progesterone, estrogen, and inhibin.
• Secretory endometrium develops: glycogen secretion, vessel coiling, myometrial quiescence, cervical plug formation.
• Secretion of FSH and LH is intensely inhibited via negative feedback; no new follicles develop.
Days 25–28	• Corpus luteum degenerates (if conceptus implantation does not occur).
• Plasma estrogen and progesterone concentrations plummet.
• Endometrium loses hormonal support, initiating spiral artery spasm at conclusion of Day 28.
End of Day 28	• Endometrium begins to slough; Day 1 of new cycle begins.

★  STUDY & EXAM TIP FROM INSTRUCTOR
Key Exam Tip: Always remember the exact mechanism of dominant follicle selection and the dual feedback role of estrogen. In early/mid follicular phase, moderate estrogen exerts negative feedback (reducing FSH/LH). In late follicular phase, high sustained estrogen exerts positive feedback (triggering the pre-ovulatory LH surge).
",
Introduction to health promotion,"Comprehensive Medical Study Guide:
Introduction to Health Promotion
Based on Lecture by Dr. Asika Pelenda | School of Public Health and Preventative Medicine, Monash University

1. Lecture Overview & Core Foundations
Welcome to this comprehensive study guide on Introduction to Health Promotion, originally delivered by Dr. Asika Pelenda from the School of Public Health and Preventative Medicine (Monash University, 553 St Kilda Road, Melbourne; Contact: asika.pelenda@monash.edu). This module serves as an essential foundation for medical students, general practitioners, and public health practitioners in understanding how modern clinical care intersects with systemic health promotion, outbreak control, and global environmental health.
Defining Health Promotion vs. Health Education
A fundamental concept emphasized in medical training is distinguishing between Health Education and Health Promotion. While health education focuses primarily on delivering knowledge and fostering health literacy, health promotion encompasses a broader, multi-faceted structural approach.
CORE DEFINITION: Adapted from the World Health Organization (WHO) and VicHealth, Health Promotion is formally defined as: ""The process of improving health outcomes by enabling people to take control over their health and its determinants.""

Health promotion goes beyond personal behavior change. It addresses the broader social, environmental, economic, and political determinants of health, providing individuals and communities with both the capacity and the supportive environments needed to achieve optimal well-being.
2. Outbreak Control & The Clinical Role of the Medical Practitioner
In the context of communicable disease outbreaks (such as COVID-19 or Dengue Fever), clinicians do not operate in isolation. Rather, they serve as the crucial frontline sensor and intervention point within the broader public health network.
The Four Primary Roles of the Clinician in Outbreak Response
•	1. Tests & Investigations: Promptly conducting diagnostic testing and clinical investigations to confirm suspected cases.
•	2. Contact Tracing: Identifying, notifying, and monitoring individuals who have come into contact with confirmed cases to break transmission chains.
•	3. Treatment & Containment: Administering appropriate clinical protocols, symptom management, and enforcing isolation/quarantine measures where necessary.
•	4. Notification & Reporting: Fulfilling statutory obligations by rapidly reporting mandatory cases to public health authorities for disease surveillance.
Outbreak Control 101: The Information Pathway
Efficient outbreak control relies on a seamless 5-step communication and action pipeline across key stakeholders (Patient, Healthcare Worker, Government Official, and the Media):
• Step 1: Patient Presentation: A sick patient presents to a Healthcare Worker (HCW) with clinical symptoms.
• Step 2: Frontline Management: The HCW identifies potential infectious disease, orders diagnostic tests, provides treatment, initiates contact tracing, and monitors patient status.
• Step 3: Public Health Notification: The HCW officially informs Public Health Officials regarding confirmed or suspect cases.
• Step 4: Population Data Aggregation: Public Health Officials gather, aggregate, and analyze population-level epidemiological data, reporting trends and risks to Government Officials.
• Step 5: Evidence-Based Public Communication: Government Officials communicate evidence-based, salient health information to the media and general public to enact community-wide preventive measures.
3. WHO Outbreak Toolkit: Framework for Investigation
When investigating a disease outbreak, public health teams and epidemiologists utilize the World Health Organization (WHO) Outbreak Toolkit. A structured investigation must answer four key dimensions: Describe, Analyse, Response Capacity, and Perception.
Toolkit Dimension	Key Evaluative Questions & Parameters
1. Describe
(Epidemiological Profile)	• Who: Age, sex, clinical signs and symptoms of affected individuals.
• Where: Specific settings (e.g., displaced camp, rural area, town, remote area).
• How Many: Total case numbers, severity, and mortality/death counts.
• How: Transmission links between cases (family, classroom, workplace, travel/trips), identification of population groups at risk, and recent environmental/social events.
2. Analyse
(Etiology & Impact)	• Cause of death and precise timelines (date of death).
• Identification of suspected vehicles, products, vectors, or exposure sources causing the disease.
3. Response Capacity
(Health System Readiness)	• Hospital and laboratory capacity (testing turnaround, bed availability).
• Immediate resource priorities and logistical needs.
• Availability of infection prevention and control (IPC) materials on site.
4. Perception & Context
(Local Insights)	• Local clinical and community team sentiment regarding the outbreak.
• Cultural factors, community resistance, or additional contextual information.

4. Ideal Health Systems vs. Systemic Realities
In an ideal healthcare ecosystem, systems function seamlessly across both curative and preventive domains:
•	Sick Individuals: Supported by an accessible, responsive health system where individuals promptly recognize symptoms and present to clinics or hospitals for early testing and treatment.
•	Well Individuals: Operate within supportive health-promoting environments where they understand, adopt, and maintain preventive measures to stay healthy.
Why Do Health Systems Fail in Practice?
Despite technological and medical advancements, health outcomes frequently fall short due to structural vulnerabilities:
•	Pandemic Exploitation of Fault Lines: Pandemics aggressively exploit underlying system weaknesses, socioeconomic inequities, and commercial determinants of health (such as over-reliance on ultra-processed foods, poor housing, and environmental pollutants).
•	Over-Focus on Single Disease Management: Historically, healthcare improvements have concentrated on vertical, disease-specific clinical interventions (e.g., treating acute illnesses) rather than building resilient, integrated health promotion systems.
•	Under-Investment in Public Health: Societies and governments consistently under-invest in public health infrastructure, health promotion, and primary preventive systems.
Multilevel Public Health Interventions & Public Communication
Effective health promotion requires coordinated, multi-lingual, and culturally adapted public messaging. Examples highlighted in the lecture from the Victorian COVID-19 response (e.g., Centre for Community Child Health, Royal Children's Hospital Melbourne, Victorian State Government) illustrate key multi-tiered preventive strategies:
•	Mask Wearing: Mandatory fitted face masks in public spaces, public transport, and high-risk settings.
•	Hygiene Practices: Hand sanitization, respiratory etiquette, and surface disinfection.
•	Physical Distancing: Maintaining physical distance to interrupt airborne and droplet transmission.
•	Accessible Testing: Low-barrier community testing for symptomatic individuals.
•	Vaccination Campaigns: Broad rollout of free and safe vaccines to build population immunity.
Crucially, public health campaigns must also address broader psycho-social impacts, including the burden of social isolation, school closures, economic hardship on families, and systemic disadvantages faced by vulnerable children.
5. Health Promotion in Clinical Practice & Medical Colleges
Health promotion is not solely the responsibility of public health agencies; it is a core competency embedded within clinical medical practice. In Australia, major specialist medical colleges actively integrate health promotion into clinical standards and patient advocacy:
•	RACGP (Royal Australian College of General Practitioners): Focuses on preventative health assessments, lifestyle counseling, chronic disease management, and early risk factor intervention in primary care.
•	RANZCOG (Royal Australian and New Zealand College of Obstetricians and Gynaecologists): Promotes maternal-fetal health education, antenatal screening, reproductive health rights, and early childhood developmental support.
•	RACP (Royal Australasian College of Physicians): Advocates for health equity, environmental health policies, non-communicable disease prevention, and systemic healthcare reform.
•	RACS (Royal Australasian College of Surgeons): Integrates trauma prevention, surgical safety, injury control policies, and post-operative lifestyle rehabilitation.
6. Case Study: Primary Health Care (PHC) Program for Dengue Fever (Kerala, India)
To illustrate comprehensive health promotion in action, the lecture examined the Primary Health Care (PHC) framework implemented for Dengue Fever management in Kerala, India. This case study demonstrates how essential health care integrates across six core dimensions:
• 1. Evidence-Based Approach & Surveillance: Systematic epidemiological surveillance, rapid diagnostic algorithms, and clinical protocols for dengue vector tracking.
• 2. First Contact & Health Workforce Engagement: Utilizing primary care networks—engaging Nurse Practitioners, General Practitioners (GPs), and Community Health Workers—for early diagnosis, health education, triage, and outpatient management.
• 3. Cultural Acceptability & Community Engagement: Holding regular community meetings and actively involving key local stakeholders to ensure health interventions respect local cultural norms.
• 4. Participatory Approach: Empowering local community members to participate directly in vector elimination drives and localized public health decision-making.
• 5. Accessibility of Technology & Interventions: Providing affordable, accessible preventive tools including insecticide-treated bed nets, protective clothing, mosquito repellents, and diagnostic testing kits.
• 6. Affordability of Services & Clinical Care: Ensuring equitable access to essential hospital services, inpatient beds, IV fluid therapy, and fluid resuscitation for severe dengue cases.
• 7. Inter-sectoral Collaboration & Social Determinants: Partnering across sectors to tackle root environmental drivers: municipal waste management, poverty alleviation, vector control programs, and climate change mitigation.
7. Planetary Health & Eco-Social Perspectives
Modern health promotion expands beyond human biology to encompass Planetary Health—recognizing that human health and flourishing depend directly on the health of Earth's natural ecosystems.
The Three Pillars of Planetary Health
•	Inter-generational Equity: Ethical obligation to preserve the planet and safeguard environmental resources for the next generations who will inherit them.
•	Eco-Social Perspective of Health: A systems-thinking paradigm that views health through the interconnectedness of natural ecosystems, social structures, and human biological systems.
•	Transdisciplinary Approach: Formulating integrated policies across health, economic, environmental, and social sectors to address holistic drivers of well-being.
Three Key Challenges to Be Addressed
To achieve meaningful health promotion on a global scale, health systems must overcome three structural roadblocks:
1. Imagination Challenges (Conceptual & Empathy Failures)
• Over-reliance on Gross Domestic Product (GDP) as the sole measure of human progress.
• Failure to account for long-term health and environmental damage in pursuit of short-term economic gains.
• Disproportionate impact of environmental degradation and health harms on impoverished populations.
2. Research & Information Challenges (Knowledge Failures)
• Persistent failure to investigate and address the social and environmental drivers of ill health.
• Scarcity of transdisciplinary research models and dedicated cross-sector funding.
3. Governance Challenges (Implementation Failures)
• Institutional delays, political reluctance, and government inaction in recognizing and responding to emerging environmental and health threats.
INSTRUCTOR SUMMARY: As medical trainees and future doctors, interrogating health systems through these planetary, ecological, and social frameworks is essential for designing sustainable healthcare interventions and advocating for patient health in the 21st century.
",
Fertilisation,"Comprehensive Medical Lecture Guide: Human Fertilization & Early Embryogenesis
Advanced Reproductive Physiology, Gametogenesis, Molecular Fusion Mechanisms, and Egg Activation
Course: Reproductive Physiology (Monash University Lecture Series)   |   Level: Medical / Advanced Biomedical Science   |   Topic: Fertilization I & II

Instructor Note & Overview
This informative article compiles every clinical, physiological, and molecular detail from the Monash University lecture series on Human Fertilization. It covers the full continuum from pre-gamete origin and folliculogenesis to sperm capacitation, zona pellucida penetration, cell-membrane fusion, and egg activation.

1. Preparing for Fertilization
1.1 Oocyte Development: Oogenesis & Folliculogenesis
Female gametogenesis requires the synchronized progression of nuclear maturation (oogenesis) and surrounding somatic cell support structures (folliculogenesis). Understanding the precise timing and arrest points of these processes is critical in reproductive medicine.
• Pre-birth (Fetal Development): Primordial germ cells undergo repeated mitotic cell divisions and migrate to the ovarian cortex to become oogonia (primordial ova). These oogonia differentiate into primary oocytes and enter Meiosis I. Crucially, they are arrested in Prophase I prior to birth. At birth, the female ovary contains approximately 1 million primary oocytes, each surrounded by a single layer of flattened granulosa cells, forming primordial follicles.
• Puberty to Menopause (Monthly Cycles): Under hormonal regulation during each menstrual cycle, a cohort of follicles is recruited. Folliculogenesis progresses through defined morphological stages:
•	Primordial Follicle: Primary oocyte arrested in Prophase I, enclosed by flattened granulosa cells.
•	Primary Follicle: Granulosa cells become cuboidal and begin proliferating.
•	Secondary Follicle: Addition of outer theca cell layers (theca interna and externa) and multilaminar granulosa cell proliferation.
•	Preovulatory (Graafian / Antral) Follicle: Characterized by the formation of a fluid-filled cavity known as the antrum. Just prior to ovulation, in response to the LH surge, the primary oocyte completes Meiosis I, yielding a large secondary oocyte and a small first polar body (which degenerates).
• Ovulation & Second Arrest: The ovulated secondary oocyte enters Meiosis II but immediately arrests at Metaphase II. Meiosis II will only be completed if the secondary oocyte is successfully fertilized by a sperm cell. If fertilization occurs, a second polar body is extruded (and subsequently degenerates), leaving the mature haploid zygote.
1.2 Breakthrough Biotechnology: In Vitro Gametogenesis (IVG)
Recent landmark research (Yoshino et al., Science 373:298–306, 2021) has demonstrated the complete reconstruction of functional ovarian follicles in vitro using mouse embryonic stem cells (mESCs). This technological milestone provides profound insights into reproductive biology:
•	Dual Differentiation Pathways: Pluripotent stem cells are directed into both Primordial Germ Cell-Like Cells (PGCLCs) and Fetal Ovarian Somatic Cell-Like Cells (FOSLCs).
•	Reconstitution & Maturation: Combining FOSLCs and PGCLCs in culture reconstitutes 3D follicle structures capable of supporting full follicular development, oocyte growth, and subsequent generation of viable, fertile offspring.
•	Clinical & Research Significance: This system proves that functional gonadal somatic cells can be induced entirely in vitro. It eliminates the need for primary embryonic ovarian tissue, circumventing major ethical and technical hurdles, and accelerates our understanding of gonadal development, somatic-germ cell crosstalk, and alternative gamete sources for fertility preservation.
1.3 Timing of Coitus & Gamete Transport Mechanics
• Fertile Window: For successful fertilization, coitus must occur within a strict temporal window—specifically between 3 days prior to ovulation and 1 day post-ovulation. This window accounts for sperm longevity in the female tract (~3–5 days) and the brief survival of the ovulated oocyte (~12–24 hours).
• Egg Transport: At ovulation, the finger-like fimbriae of the fallopian tube sweep over the ovarian surface to capture the ovulated secondary oocyte together with its surrounding cumulus granulosa cells (forming the Cumulus-Oocyte Complex, COC). Scanning electron microscopy reveals that the infundibulum and fallopian tube lumen are lined with ciliated epithelial cells. Synchronized beating of these cilia propels the egg toward the uterus over a span of ~4 days.
• Sperm Transport & Barriers: While hundreds of millions of sperm are deposited into the vagina during ejaculation, only approximately 1,000 sperm successfully reach the ampulla of the fallopian tube. The massive loss of spermatozoa is driven by three major physiological barriers:
•	Vaginal Reflux & Leakage: Immediate physical loss from the vaginal vault.
•	Acidic Vaginal Environment: Sperm motility and viability are rapidly impaired by low vaginal pH.
•	Anatomical Distance & Energy Constraints: Negotiating cervical mucus, the uterine cavity, and the uterotubal junction requires immense metabolic energy.
1.4 Sperm Capacitation
Freshly ejaculated spermatozoa are incapable of fertilizing an egg. They must undergo a biochemical and physiological maturation process within the female reproductive tract known as capacitation.
Sperm State	Membrane Molecular Composition	Functional Capability
Epididymal Sperm	Plasma membrane coated with intrinsic membrane proteins and cholesterol.	Immotile / Non-functional in fertilization.
Ejaculated Sperm	Coated with additional seminal plasma decapacitation proteins during ejaculation.	Motile (wave-like tail beat), but uncapacitated and unable to penetrate zona pellucida.
Capacitated Sperm	In female tract: seminal proteins removed, membrane cholesterol depleted, destabilizing plasma membrane.	Hyperactivated motility (whip-like tail beat); membrane destabilized for acrosome reaction.

2. Penetration of the Zona Pellucida
2.1 Molecular Architecture of the Zona Pellucida
The Zona Pellucida (ZP) is a specialized extracellular matrix surrounding the oocyte. It performs three critical functions: (1) mediates species-specific gamete recognition, (2) prevents polyspermy, and (3) protects the cleavage-stage embryo prior to implantation.
• Structural Glycoproteins:  synthesized by growing oocytes. In mice, the ZP consists of three glycoproteins (ZP1, ZP2, ZP3). In humans, there are four glycoproteins (ZP1, ZP2, ZP3, and ZP4). In terms of architecture, ZP2 and ZP3 form repeating heterodimers that assemble into long fibrillar filaments. These filaments are cross-linked by ZP1 homodimers to create a porous, mesh-like structural matrix.
• Knockout Phenotypes (Rankin et al., 2000): Gene knockout experiments in mice demonstrate the absolute necessity of ZP proteins. Loss of Zp1, Zp2, or Zp3 disrupts normal zona assembly and leads to varying degrees of female infertility. Notably, Zp3-null mice completely lack a zona pellucida.
2.2 Step-by-Step Mechanism of Penetration & Acrosome Reaction
Penetration through the protective layers surrounding the oocyte occurs through five sequential steps:
1. Dispersal of Cumulus Cells: Capacitated sperm weave through the outer cumulus granulosa cell matrix aided by surface-bound hyaluronidase enzymes on the sperm head.
2. ZP3 Binding & Intracellular Calcium Spike: The intact sperm head binds directly to ZP3 glycoproteins in the zona pellucida. Binding triggers a rapid influx of Ca²⁺ into the sperm cytoplasm through T-type voltage-gated calcium channels and TRPC2 cation channels.
3. Signaling Cascade & Acrosome Exocytosis: The ZP3-receptor binding activates G-proteins and Phospholipase C (PLC), generating Inositol 1,4,5-trisphosphate (InsP3) and lipid metabolites. InsP3-mediated and sustained Ca²⁺ entry triggers exocytosis: the outer sperm plasma membrane fuses with the outer acrosomal membrane, releasing hydrolytic and glycolytic acrosomal enzymes (e.g., acrosin, hyaluronidase).
4. Enzymatic Tunneling & Secondary ZP2 Binding: Acrosomal enzymes digest a localized hole through the zona pellucida. As the sperm penetrates deeper, the now acrosome-reacted sperm shifts its binding target: while acrosome-intact sperm bind ZP3, acrosome-reacted sperm bind strictly to ZP2 (Mortillo et al., 1991). Combined with hyperactivated (whip-like) flagellar motility, the sperm propels itself through the matrix.
5. Perivitelline Space Entry: The sperm forms an acrosomal process and crosses the perivitelline space, bringing its plasma membrane into direct contact with the oocyte plasma membrane (oolemma).
Sequence of Events in Zona Pellucida Penetration
CAPACITATION → HYPERACTIVATION (Whip-like motility)
        ↓
CAPACITATED SPERM BINDS TO ZP3 → Intracellular Ca²⁺ Surge
        ↓
ACROSOME REACTION (Enzyme Release & Membrane Fusion)
        ↓
ACROSOME-REACTED SPERM BINDS TO ZP2 → Localized Matrix Digestion & Penetration

3. Fusion of the Oocyte and Sperm Membranes
Once in the perivitelline space, the sperm plasma membrane fuses with the oolemma. Genetic knock-out studies have identified exactly eight (8) essential mammalian cell-surface proteins required for sperm-egg fusion and successful fertilization.
3.1 Key Experimental Knockout Models
• Oocyte CD9 (Kaji et al., Nature Genetics, 2000): CD9 is a tetraspanin protein located on the oolemma. In Cd9 knockout mice (Cd9 -/-), females are severely infertile with near-zero litter sizes. Although Cd9 -/- oocytes bind normal numbers of sperm in the perivitelline space (~30 sperm/egg), sperm-egg fusion is completely abolished (<5% fusion vs. >90% in wild type).
• Sperm IZUMO1 (Inoue et al., Nature, 2005): Named after a Japanese shrine dedicated to marriage, IZUMO1 is an immunoglobulin superfamily protein on the sperm membrane. Izumo1 -/- male mice produce normal, motile sperm that bind and penetrate the zona pellucida but are completely unable to fuse with the oolemma, resulting in male sterility.
3.2 Comprehensive Inventory of the 8 Essential Fusion Proteins
Recent structural and functional studies (Bianchi et al., PLOS Biology, 2020) have mapped the interactome across the perivitelline space between the sperm membrane and the oolemma:
Protein Name	Localization	Functional Role in Gamete Fusion
IZUMO1	Sperm Membrane	Transmembrane protein that directly binds egg receptor JUNO to establish initial gamete adhesion.
TMEM95	Sperm Membrane	Transmembrane protein essential for post-binding fusion events.
SOF1	Sperm Membrane	Sperm-organelle fusiogenic factor 1; required for membrane clearance/fusion.
SPACA6	Sperm Membrane	Sperm acrosome associated 6; essential Ig-like domain fusion factor.
FIMP	Sperm Membrane	Fertilization-influencing membrane protein; small transmembrane protein needed for fusion.
JUNO	Oocyte Membrane (Oolemma)	GPI-anchored folate-receptor-like protein; primary high-affinity binding partner for IZUMO1.
CD9	Oocyte Membrane (Oolemma)	Tetraspanin protein; organizes membrane microdomains (lipid rafts) for fusion pore assembly.
CD81	Oocyte Membrane (Oolemma)	Tetraspanin protein working cooperatively with CD9 to facilitate membrane fusion.

4. Egg Activation & Transition to Embryo
4.1 Calcium Oscillations & PLC Zeta
Sperm-egg membrane fusion delivers sperm cytosolic contents into the oocyte, most notably Phospholipase C zeta (PLCζ). PLCζ triggers repetitive, periodic intracellular Ca²⁺ oscillations (transients) within the oocyte cytoplasm (Trebechalska et al., 2020). These Ca²⁺ transients drive the master process of 'Egg Activation', orchestrating five major biological events:
•	Block to Polyspermy: Triggers cortical granule exocytosis and zinc spark to prevent fertilization by multiple sperm.
•	Meiotic Resumption: Liberates the oocyte from Metaphase II arrest, driving completion of Meiosis II.
•	Maternal mRNA Remodeling: Selectively recruits and degrades maternal mRNAs to prepare for zygotic transition.
•	Pronuclear Development: Promotes nuclear envelope remodeling and swelling of male and female pronuclei.
•	Embryonic Gene Expression: Initiates transcription of the newly formed embryonic genome.
4.2 Tripartite Block to Polyspermy
Monospermy is essential for viable embryonic development; polyploidy leads to early embryonic lethality. Upon sperm entry, the oocyte deploys a highly coordinated, multi-layered defense to block further sperm entry:
1. Fast Block (Membrane Depolarization): Immediate electrical depolarization of the oolemma, shifting membrane potential to prevent additional sperm binding.
2. Receptor Shedding (JUNO Shedding): Within minutes of fertilization, JUNO receptors are rapidly shed from the oolemma via extracellular vesicles, rendering the egg membrane completely unreceptive to further IZUMO1-bearing sperm.
3. Slow Block / Zona Reaction (Cortical Granule Exocytosis & Zinc Spark): Sub-cortical Ca²⁺ surges trigger exocytosis of cortical granules and zinc-containing vesicles into the perivitelline space. The released enzymes (such as Ovastacin) cleave ZP2 glycoproteins and modify ZP3, cross-linking and 'hardening' the zona pellucida so no further sperm can penetrate.
4.3 Post-Fertilization Events & Pronuclear Fusion
Following egg activation, the zygote executes a strict sequence of structural milestones:
1. Completion of Meiosis II: The secondary oocyte completes its second meiotic division, extruding the second polar body. The remaining haploid maternal chromosomes form the female pronucleus.
2. Pronuclear Swelling: The condensed sperm nucleus decondenses within the oocyte cytoplasm and swells to form the male pronucleus. Simultaneously, the female pronucleus swells.
3. Spindle Formation & Migration: Centrioles provided by the sperm organize a mitotic spindle between the two pronuclei as they migrate toward each other in the center of the egg.
4. Syngamy & Cleavage Preparation: The pronuclear envelopes breakdown and the maternal and paternal chromosomes intermix (syngamy). Fertilization is now complete! The newly formed diploid zygote immediately replicates its DNA in preparation for the first mitotic cleavage division.
5. Summary Continuum of Fertilization Events
The following master table synthesizes the sequential pathway leading from ejaculation to early embryogenesis:
Step	Biological Process	Key Molecular Mechanisms & Events
1	Capacitation & Hyperactivation	Removal of seminal plasma proteins, cholesterol depletion in female tract; flagellar beat transitions to whip-like motion.
2	Cumulus Penetration	Hyperactivated sperm weave through cumulus granulosa cells using cell-surface hyaluronidase.
3	ZP3 Binding & Acrosome Reaction	Sperm binds ZP3; Ca²⁺ influx via T and TRPC2 channels triggers acrosome membrane fusion and enzyme exocytosis.
4	Zona Digestion & ZP2 Binding	Acrosomal enzymes digest zona pathway; acrosome-reacted sperm binds ZP2 to propel toward perivitelline space.
5	Membrane Adhesion & Fusion	Sperm IZUMO1 binds egg JUNO. Assisted by TMEM95, SOF1, SPACA6, FIMP, CD9, and CD81, sperm and oolemma membranes fuse.
6	Egg Activation	Sperm PLCζ induces intracellular Ca²⁺ oscillations, driving meiotic resumption and maternal mRNA remodeling.
7	Polyspermy Block	Ca²⁺ spikes trigger membrane depolarization, rapid JUNO receptor shedding, and cortical granule/zinc vesicle exocytosis (zona hardening).
8	Syngamy & Zygote Formation	Completion of Meiosis II (2nd polar body extruded); male and female pronuclei swell, intermix chromosomes on mitotic spindle, and initiate DNA replication.

6. Primary Literature & Citation References
•	Guyton and Hall Textbook of Medical Physiology, 14th Edition. Chapter 82: Female Physiology Before Pregnancy and Human Reproduction.
•	Marieb, E. N., & Hoehn, K. (2016). Human Anatomy & Physiology (10th ed.). Pearson Education, Inc.
•	Vander's Human Physiology: The Mechanisms of Body Function (15th ed.). McGraw-Hill Education.
•	Yoshino, T., et al. (2021). Generation of ovarian follicles from mouse pluripotent stem cells in vitro. Science, 373(6552), 298–306.
•	Talbot, P., & Riveles, K. (2005). Cumulus cell-oocyte complex transport in the fallopian tube. Reproductive Biology and Endocrinology, 3, 52.
•	Dun, M., et al. (2010). The biology of zona pellucida glycoproteins. Handbook of Experimental Pharmacology, 198, 139–178.
•	Rankin, T., et al. (2000). Defect in fertilization and loss of the zona pellucida in mice lacking ZP1, ZP2, or ZP3. Reviews of Reproduction, 5(2), 114–121.
•	Mortillo, S., et al. (1991). Differential binding of acrosome-intact and acrosome-reacted sperm to zona pellucida proteins. Development, 113(1), 141–149.
•	Evans, J. P., et al. (2002). The molecular basis of sperm-egg interaction. Nature Medicine, 8, S57–S63.
•	Kaji, K., et al. (2000). The tetraspanin CD9 is required for sperm-egg fusion. Nature Genetics, 24, 279–282.
•	Inoue, N., et al. (2005). The immunoglobulin superfamily protein Izumo is required for sperm-egg fusion. Nature, 434, 234–238.
•	Bianchi, E., et al. (2020). Cell surface proteins in mammalian fertilization. PLOS Biology, 18(11), e3000953.
•	Trebechalska, Z., et al. (2020). Calcium signaling and egg activation mechanisms in mammalian fertilization. Journal of Assisted Reproduction and Genetics, 37, 243–256.",
Pregnancy,"Comprehensive Medical Guide to Human Reproduction: From Fertilization to Maternal Adaptations
An In-Depth Academic & Clinical Monograph for Medical Education
Course: Human Anatomy and Physiology / Obstetrics
Institution: Monash University Faculty of Medicine	Document Type: Comprehensive Study Guide
Source Ref: 2.3 Pregnancy.pdf
―――――――――――――――――――――――――――――――――――――――――――――――――――――――
1. Early Embryonic Development: From Fertilization to Implantation
The transition from fertilization to blastocyst implantation involves a tightly regulated sequence of cellular cleavage, structural morphogenetic changes, and anatomical transport along the female reproductive tract. Understanding this chronological cascade is fundamental to clinical reproductive medicine, assisted reproductive technology (ART), and early gestational pathology.
1.1 Chronological Timeline of Pre-Implantation Events
•	Day 0 - Fertilization & Oocyte Entry: Fertilization occurs within the ampulla of the fallopian tube (oviduct). The sperm penetrates the secondary oocyte, leading to the completion of meiosis II, amphimixis, and the formation of a single-celled diploid zygote enclosed within the protective glycoprotein layer, the zona pellucida.
•	Days 1 to 3 - Blastomere Cleavage & Morula Formation: As the zygote migrates distally along the fallopian tube toward the uterine cavity, it undergoes rapid mitotic divisions known as cleavage. These divisions increase cell numbers without increasing overall embryo volume due to the constraining zona pellucida. The 4-cell blastomere stage progresses into a solid sphere of 16 or more tightly packed cells termed the morula.
•	Days 4 to 5 - Cavitation & Blastocyst Development: Upon reaching the uterine cavity, fluid accumulates within the intercellular spaces of the morula, forming a fluid-filled central cavity (blastocyst cavity or blastocoel). The embryo transitions into an early blastocyst. During this process, the morula 'hatches' by shedding and degenerating the surrounding zona pellucida, exposing the underlying cellular layers.
•	Days 6 to 7 - Cellular Differentiation & Initial Attachment: The blastocyst differentiates into two distinct cell lineages: an outer single-layer sphere of trophoblast cells (which will form the embryonic contribution to the placenta) and an eccentrically located cluster called the inner cell mass (ICM or embryoblast, which gives rise to the fetus proper and extraembryonic structures). The sphere of trophoblasts begins apposition and attachment to the endometrial epithelium.
PHYSIOLOGICAL INSIGHT: The zona pellucida must degrade completely ('hatching') for the blastocyst to interact directly with the endometrial epithelium. Premature hatching in the fallopian tube can lead to ectopic tubal implantation, whereas failure to hatch results in infertility.

1.2 Molecular Mechanism & Dynamics of Implantation
Implantation is restricted to a precise physiological window known as the 'window of implantation,' which occurs between Days 20 and 23 of a standard 28-day menstrual cycle (mid-luteal phase). Under the influence of peak progesterone levels, the endometrium undergoes structural and biochemical maturation to become receptive.
•	Adhesion Molecule Signaling: Cell adhesion molecules, specifically integrin and selectin proteins expressed on the outer membrane of trophoblast cells, selectively bind to specific extracellular matrix (ECM) components and receptors on the receptive endometrial epithelial cells.
•	Topographical Implantation Site: In a normal physiological pregnancy, the blastocyst implants high on the posterior or anterior wall of the uterine fundus.
•	Trophoblast Proliferation & Enzymatic Degradation: Upon initial attachment, trophoblast cells rapidly proliferate and differentiate. The invading trophoblasts secrete proteolytic enzymes (including matrix metalloproteinases) that degrade the underlying endometrial epithelial extracellular matrix and basement membrane, allowing the blastocyst to physically bury itself deep within the vascularized stromal layer of the endometrium.
•	Endometrial Maturity & Detachment: If the endometrium is not fully mature or receptive when the blastocyst arrives, the blastocyst fails to adhere, detaches, floats to a lower uterine segment, and attempts re-implantation. If receptivity remains absent, implantation fails entirely.
1.3 Clinical Pathophysiology: Implantation Failure & Abnormalities
Human reproduction is surprisingly inefficient at the implantation stage. Biological estimates demonstrate that at least 2 out of 3 (66%) blastocysts fail to implant, and approximately one-third of successfully implanted embryos undergo subsequent spontaneous abortion or miscarriage.
Clinical Category	Etiology & Underlying Mechanisms
Uterine Structural Scarring	Pelvic Inflammatory Disease (PID), prior surgical interventions, Asherman syndrome, or severe endometritis causing mechanical disruption of the endometrial architecture.
Hormonal & Metabolic Imbalances	Polycystic Ovary Syndrome (PCOS), luteal phase deficiency, thyroid dysfunction, and endometriosis disrupt the endocrine signals required for endometrial transformation.
Non-Receptive Endometrium	Aberrant molecular expression of integrins/selectins, lack of progesterone receptor responsiveness, or asynchronous embryonic-endometrial development.

1.4 Ectopic Pregnancy & Placenta Praevia
•	Ectopic Pregnancy: Occurs when blastocyst implantation takes place at an extrauterine location. Extrauterine implantations account for significant maternal morbidity. The standard anatomical distribution of ectopic pregnancies includes:
• Tubal Implantation (95%–96% of all ectopic cases):
   - Ampullary Region: 70%
   - Isthmic Region: 12%
   - Fimbrial Region: 11%
   - Interstitial and Cornual Region: 2%–3%
• Non-Tubal Sites:
   - Ovarian Implantation: 3%
   - Abdominal Implantation: 1%
   - Cesarean Scar Implantation: <1%
   - Cervical Implantation: <1%
•	Placenta Praevia: Occurs when the blastocyst implants in the lower uterine segment near or directly over the internal cervical os. Depending on proximity, it is classified as Low Implantation, Partial Placenta Praevia, or Total Placenta Praevia. Clinical risk: As the lower uterine segment stretches during late pregnancy or labor, placental attachments disrupt, predisposing the patient to severe, painless, bright red antepartum hemorrhage and premature placental separation.
2. Placentation, Structural Architecture, and Extraembryonic Membranes
Placentation is the dynamic process by which maternal and fetal tissues integrate to construct a temporary specialized organ: the placenta. The placenta serves as the vital vascular bridge, metabolic hub, and immunological buffer between mother and fetus.
2.1 Morphological & Cellular Glossary of Placentation
•	Placenta: A temporary fetomaternal organ composed of interlocking fetal (chorion frondosum) and maternal (decidua basalis) tissues. Facilitates exchange and hormone secretion.
•	Trophoblast: The outer cell layer of the blastocyst that provides initial nutrients and gives rise to fetal placental structures.
•	Cytotrophoblast: An inner layer of mononucleated, mitotically active stem-like epithelial cells that invade the outer matrix and form the structural core of chorionic villi.
•	Syncytiotrophoblast: An outer multinucleated, continuous syncytial layer formed by the fusion of cytotrophoblasts. It covers the vascular placental villi and actively invades the maternal endometrium, eroding maternal capillaries to establish lacunae.
•	Lacunae: Small fluid-filled spaces or gaps formed within the synctiotrophoblast matrix that coalesce and fill with maternal blood.
•	Chorionic Villi: Finger-like projections sprouting from the chorion into the maternal endometrium, maximizing surface area for exchange.
•	Decidua Basalis: The maternal endometrial layer directly underlying the implantation site that interacts with the fetal chorion.
•	Cytotrophoblastic Shell: A surrounding outer layer of cytotrophoblast cells on the maternal surface anchoring the fetal placenta to the decidua.
•	Anchoring Villi: Stem villi that extend completely across the intervillous space to physically anchor the chorionic plate to the decidua basalis via the cytotrophoblastic shell.
•	Branching Villi: Side-branches arising from stem villi suspended within the blood-filled intervillous spaces; they constitute the primary functional sites of metabolic and gas exchange.
2.2 Vascular Microarchitecture & Placental Circulation
The placenta is structurally organized to ensure close proximity between fetal capillaries and maternal blood without direct cellular mixing. Finger-like chorionic villi project into pools of maternal blood supplied by maternal spiral arterioles. Maternal blood enters the intervillous spaces under arterial pressure, washes over the branching villi containing fetal capillaries, and drains back through uterine veins.
The fetal circulation connects to the placenta via the umbilical cord:
•	Two Umbilical Arteries: Carry deoxygenated, nutrient-depleted blood containing fetal metabolic waste products away from the fetus to the chorionic villi capillaries.
•	One Umbilical Vein: Carries highly oxygenated, nutrient-rich blood from the placental capillaries back to the fetal circulation.
CRITICAL VASCULAR PATHOLOGY: Fetal and maternal blood supplies NEVER mix under normal physiological conditions. They are strictly separated by the placental membrane (trophoblast layers, villous stroma, and fetal capillary endothelium).

2.3 Transport Functions & Permeability Characteristics
Proper placental function is essential for intrauterine fetal survival. Analysis of intrauterine fetal death (IUFD) causes reveals that while only 12% of fatalities are attributable to intrinsic fetal abnormalities, 88% stem from pathologies of the placenta, umbilical cord, and fetal membranes.
•	Organ Systems Analogy: The placenta simultaneously executes functions analogous to four major fetal organ systems: Digestive System (absorbs nutrients/substrates), Renal System (clears nitrogenous waste products like urea), Respiratory System (exchanges O2 and CO2), and Endocrine System (synthesizes vital pregnancy steroids and peptide hormones).
•	Immunological Barrier: Acts as a partial immune privilege site. Because the fetal genotype expresses paternal antigens and is foreign to the maternal immune system, the placenta suppresses localized maternal immune rejection.
2.4 Mechanisms of Transplacental Transport
Transport Mechanism	Key Driving Factors / Mediators	Substrates & Compounds Transported
Simple Diffusion	Concentration gradients, lipid solubility, low molecular weight	Oxygen (O2), Carbon Dioxide (CO2), Water, Urea, Free Fatty Acids (FFAs), lipid-soluble drugs
Facilitated Diffusion	Specific membrane carrier proteins down a concentration gradient	Glucose, Lactate
Active Transport	ATP-dependent transport pumps working against concentration gradients	Amino acids, Calcium ions (Ca2+), essential electrolytes and micronutrients

•	Placental Impermeability: The placental barrier is strictly IMPERMEABLE to large protein molecules (including maternal polypeptide hormones and maternal antibodies, except for select IgG mediated transport) and formed blood elements (RBCs, WBCs, platelets). Thus, direct blood mixing is prevented.
•	Placental Permeability to Teratogens & Pathogens: The placenta is PERMEABLE to lipophilic small molecules and certain pathogens, including ethanol/alcohol, nicotine, illicit and therapeutic drugs, and specific maternal infectious agents (e.g., TORCH pathogens). Exposure can precipitate congenital structural malformations and intrauterine growth restriction (IUGR).
2.5 Extraembryonic Membranes & Amniotic Fluid Dynamics
•	Chorion: The outermost membrane enclosing the embryonic body and all other extraembryonic membranes; actively forms the fetal component of the placenta.
•	Amnion: A transparent, tough inner sac filled with amniotic fluid that envelopes the developing embryo.
•	Yolk Sac: An early membrane that serves as the site of initial hematopoiesis and germ cell origin; progressively decreases in size and significance during human gestation.
•	Allantois: A small structural out-pocketing that forms the structural axis for early umbilical blood vessels and becomes the base of the umbilical cord.
Amniotic Fluid Dynamics: Amniotic fluid volume increases dynamically across gestation, expanding from approximately 10 mL at 8 weeks to a peak of 450 mL by 32 weeks. Fluid volume is maintained predominantly by fetal urine production and fetal swallowing.
•	Key Physiological Functions of Amniotic Fluid:
1. Fluid Reservoir for Tubular Structures: Provides essential hydrostatic pressure for the proper expansion and development of anatomical hollow tube systems, notably the pulmonary airways (fetal breathing movements) and gastrointestinal tract.
2. Mechanical Cushioning: Protects the fetus from external physical abdominal trauma.
3. Musculoskeletal Growth: Creates a buoyant, space-restricted fluid medium allowing the fetus to move and exercise growing skeletal muscles.
4. Structural Protection: Prevents uterine walls from compressing fetal limbs and torso, safeguarding normal lung development.
5. Thermal Regulation: Maintains a constant, optimal homeostatic thermal environment.
3. Endocrine Control of Pregnancy and Maternal Systemic Adaptations
Pregnancy induces an extraordinary hormonal transformation that completely overrides normal ovarian cycles and orchestrates profound physiological changes across every maternal organ system to maintain homeostasis and support fetal development.
3.1 Endocrine Profile & Hormonal Cascades
•	Human Chorionic Gonadotropin (hCG): Synthesized and secreted by invading trophoblast cells immediately upon endometrial penetration. Detectable in maternal blood within 1 week of fertilization; levels peak around the end of the second month before declining. Functions: Rescues the corpus luteum from degeneration, stimulating continued ovarian secretion of progesterone and estrogen. This prevents menstruation, which would otherwise shed the implanted embryo. Standard diagnostic urine pregnancy tests measure hCG.
•	Progesterone ('Pro-gestational'): Plasma levels rise continuously throughout pregnancy (reaching ~250 mg/24 hr near term). Initially produced by the corpus luteum, the placenta assumes dominant production from 3 to 9 months. Key Actions: Maintains electrical quiescence of the myometrium (antagonizes estrogen's contractile action); promotes uterine hypertrophy; relaxes smooth muscle tissue throughout the gastrointestinal, vascular, urinary, and genital tracts. Clinical significance: Blockade or fall of progesterone (e.g., via the receptor antagonist Mifepristone / RU486) results in pregnancy termination.
•	Estrogens (Estradiol, Estriol): Levels increase steadily up to term (~20 mg/24 hr). Stimulates hypertrophy of uterine smooth muscle cells, enhances uterine blood flow, and promotes ductal breast development.
•	Human Placental Lactogen (hPL): Secreted by the placenta; alters maternal metabolic substrate availability. Mobilizes maternal free fatty acids, induces maternal insulin resistance to spare glucose for fetal consumption, and stimulates mammary gland maturation for lactation.
•	Human Chorionic Thyrotropin (hCT): Increases maternal metabolic rate and thyroid activity.
•	Parathyroid Hormone & Activated Vitamin D: Elevated to enhance intestinal calcium absorption and bone turnover, supplying calcium for fetal skeleton mineralization.
•	Relaxin: Produced by the placenta and corpus luteum; softens collagen fibers, relaxing pelvic ligaments and the pubic symphysis to widen the birth canal.
3.2 The Feto-Placental Unit in Estrogen Synthesis
An important physiological concept is that the human placenta lacks specific enzymes (such as 17α-hydroxylase/17,20-lyase) required to synthesize estrogens de novo from cholesterol. Estrogen synthesis requires a collaborative biosynthetis pathway known as the Feto-Placental Unit:
•	Step 1 (Maternal & Placental Precursor): Maternal cholesterol enters the placenta and is converted into Pregnenolone and Progesterone.
•	Step 2 (Fetal Adrenal Cortices): Pregnenolone is transported into the fetus, where fetal adrenal glands convert it into androgen precursors, primarily Dehydroepiandrosterone sulfate (DHEA-S).
•	Step 3 (Fetal Liver Hydroxylation): DHEA-S is hydroxylated in the fetal liver to form 16α-hydroxy-DHEA-S.
•	Step 4 (Placental Aromatization): These fetal androgen precursors return to the placenta, where placental enzymes (steroid sulfatase and aromatase) convert DHEA-S into Estradiol, and 16α-hydroxy-DHEA-S into Estriol.
CLINICAL DIAGNOSTIC MARKER: Measurement of maternal plasma or urinary Estriol (E3) serves as a direct clinical biomarker of both fetal liver/adrenal health and placental enzymatic activity. Falling estriol levels indicate fetal distress or compromised placental function.

3.3 Maternal Anatomical & Metabolic Adaptations
•	Anatomical & Skeletal Changes: Progressive enlargement of the uterus presses against abdominal and pelvic organs, displacing them against the diaphragm and forcing the thoracic cavity to widen. The anterior weight distribution alters the center of gravity, inducing progressive lumbar lordosis (accentuated spinal curvature) and backache. Relaxin action widens the pubic symphysis, frequently causing a characteristic waddling gait.
•	Weight Gain Breakdown: Average gestational weight gain is approximately 13 kg (~28.6 lbs). This is attributed to fetus and placenta growth (~4.5 kg), enlarged uterus and breasts (~2.5 kg), expanded blood volume and extracellular fluid (~3.0 kg), and maternal adipose reserves (~3.0 kg).
•	Metabolic Alterations: Progesterone stimulates maternal appetite in early gestation, building adipose stores to supply energy during rapid late fetal growth. Elevated insulin production occurs; while maternal insulin does not cross the placental barrier, the maternal state of mild insulin resistance ensures high circulating blood glucose levels that readily diffuse across the placenta to fuel the fetus.
3.4 Maternal Systemic Physiological Changes
Organ System	Physiological Adaptations & Clinical Manifestations
Cardiovascular System	• Total plasma volume increases by ~40%–50%.
• Red blood cell (RBC) mass increases to a lesser extent, resulting in physiological 'dilutional anemia of pregnancy.'
• Cardiac output increases significantly to deliver 625 mL/min of blood flow to the placenta.
• Systemic vascular resistance (SVR) decreases due to progesterone-mediated smooth muscle relaxation.
Respiratory System	• Total oxygen consumption and carbon dioxide production increase.
• Progesterone directly stimulates the brainstem respiratory center, driving hyperventilation.
• Uterine pressure on the diaphragm increases susceptibility to dyspnea (shortness of breath).
Gastrointestinal System	• Enhanced intestinal absorption of nutrients and calcium.
• Progesterone decreases GI smooth muscle motility, causing delayed gastric emptying and constipation.
• Elevated estrogen and hCG trigger 'morning sickness.' Relaxed lower esophageal sphincter causes acid reflux/heartburn.
Urinary / Renal System	• Renal blood flow and Glomerular Filtration Rate (GFR) increase markedly, promoting fluid retention.
• Mechanical compression of the urinary bladder by the expanding uterus causes increased urinary frequency.

4. Pathophysiology of Gestational Vascular Disorders: Preeclampsia
Preeclampsia is a complex, multisystem gestational disorder affecting approximately 8% of pregnancies worldwide. It stands as a leading cause of maternal and fetal morbidity and mortality.
4.1 Definition & Clinical Triad
Classically diagnosed after 20 weeks of gestation, preeclampsia is characterized by new-onset hypertension (systolic BP ≥140 mmHg or diastolic BP ≥90 mmHg) accompanied by proteinuria (excess protein in the urine). Systemic manifestations include generalized edema (swelling), persistent severe severe severe severe headaches, visual disturbances (blurred vision, scotomas), and epigastric pain.
4.2 Multi-Stage Etiology & Molecular Pathogenesis
•	1. Inadequate Trophoblast Invasion: In normal pregnancy, cytotrophoblasts invade the maternal decidua and myometrium, remodeling the high-resistance, narrow spiral arteries into large-caliber, low-resistance conduits. In preeclampsia, trophoblast invasion is shallow and incomplete.
•	2. Placental Ischemia & Hypoxia: Failure of spiral artery remodeling restricts blood perfusion to the placenta, leading to severe chronic placental ischemia and hypoxia.
•	3. Angiogenic Factor Imbalance: The ischemic placenta releases toxic soluble factors into the maternal systemic circulation, creating a severe imbalance between pro-angiogenic factors (Placental Growth Factor [PlGF], Vascular Endothelial Growth Factor [VEGF]) and anti-angiogenic factors (soluble fms-like tyrosine kinase-1 [sFlt-1]). Excess sFlt-1 binds and neutralizes maternal circulating PlGF and VEGF.
•	4. Systemic Maternal Endothelial Dysfunction: Deprived of essential angiogenic signaling, maternal vascular endothelial cells undergo widespread dysfunction, triggering widespread abnormal vasoconstriction, activated coagulation cascades, and increased vascular permeability.
Target Organ System	Pathological Outcome / Clinical Manifestation
Vascular & Blood Pressure	Severe hypertension due to systemic vasoconstriction.
Renal System	Glomerular endotheliosis resulting in impaired filtration and heavy Proteinuria.
Central Nervous System	Cerebral edema, severe headaches, visual disturbances, and risk of eclamptic seizures.
Hepatic System	Hepatic ischemia, elevated liver enzymes, periportal necrosis, and subcapsular hematoma.
Placental & Fetal Impact	Chronic insufficiency, Intrauterine Growth Restriction (IUGR), oligohydramnios, placental abruption, and fetal death.
",
Birth,"Comprehensive Guide to Human Parturition, Foetal Maturation, and Postnatal Adaptation
A Detailed Medical Reference & Academic Lecture Monograph
Department of Obstetrics & Gynaecology | Medical Education Monograph Series

1. Overview of Human Gestation and Development
Human pregnancy represents a highly regulated, dynamic physiological process that spans approximately 40 weeks (280 days) when calculated from the first day of the last menstrual cycle (LMC), or approximately 38 weeks (266 days) from the time of ovulation and fertilisation. The developmental journey from a single-celled zygote to a fully developed, viable neonate involves precisely orchestrated cellular, structural, and physiological transformations divided into embryonic and foetal stages.
1.1 Timeline of Embryo and Foetus Development: 'How to Build a Human'
The journey of human development begins at fertilisation and progresses through distinct anatomical milestones:
•	Early Embryonic Stages (Weeks 1–3): Initiating with the fertilised egg (zygote), the single cell undergoes rapid cleavage through 2-cell, 4-cell, and 8-cell stages to form a compacted 8-cell structure, subsequently forming a solid sphere of cells known as the morula. By day 5–6, the blastocyst develops, featuring an Inner Cell Mass (ICM) destined to become the embryo proper. Implantation into the uterine endometrium is completed during week 2, accompanied by the formation of the bilaminar germ disk, amniotic cavity, yolk sac, and extraembryonic mesoderm.
•	Gastrulation and Early Morphogenesis (Weeks 3–4): Hypoblast cells are replaced, and mesoderm immigration occurs, establishing the trilaminar germ disk (ectoderm, mesoderm, and endoderm). Primary and secondary neurulation culminate in the completion of the neural tube. Embryonic folding reshapes the flat disk into a three-dimensional cylindrical body, leading to the formation of the primitive gut tube, major cardiovascular vessels, and early heart structures.
•	Organogenesis and Limb Morphogenesis (Weeks 5–8): Upper and lower limb buds appear sequentially. Hand and foot plates form, progressing from webbed digits to distinct, separated fingers and toes. Gonads begin differentiation by genetic sex (XX or XY). Facial structures develop rapidly, including eyelids and irises. By week 7, the embryo measures approximately 17 mm in length and is supported by a defined amniotic sac, umbilical cord (containing the umbilical vein and two umbilical arteries), and embryonic yolk sac with developing chorionic villi.
•	Foetal Period (Month 3 to Full Term): By Month 3, the foetus measures approximately 6 cm in length. By late in Month 5, length increases to ~19 cm. Key milestones in the second trimester include taste pore development, establishment of the hypothalamic-pituitary-adrenal (HPA) axis, and skin maturation—where fine lanugo hair covers the body before gradually being replaced by vellus hair, and protective vernix caseosa coats the epidermis. Growth benchmarks demonstrate weight progression to ~100g in early second trimester, ~500g at mid-gestation (where survival exceeds 50% if born in a modern tertiary neonatal unit), and ~1000g entering the third trimester.
2. Foetal Maturation Before Birth
Prior to delivery, the foetus cannot simply grow in size; it must undergo profound functional and structural maturation across all organ systems. In utero, placental architecture performs gas exchange, nutrient delivery, waste elimination, and metabolic homeostasis. Transition to extrauterine life demands immediate, autonomous functionality of vital organ systems.
2.1 Essential Systems Requiring Antenatal Preparation
To survive the transition at birth, six core physiological adaptations must be accomplished:
•	Structural and Functional Lung Maturation: Conversion from fluid-filled alveolar sacs to gas-exchanging units, requiring alveolar structural remodeling and pulmonary surfactant production.
•	Gastrointestinal Preparation and Gut Closure: Synthesis of digestive enzymes, establishment of mucosal integrity ('gut closure'), and preparation for enteral nutrient ingestion and absorption.
•	Renal Functional Maturation: Maturation of glomerular filtration rates (GFR) and tubular transport mechanisms to concentrate urine and manage fluid-electrolyte balance postnatally.
•	Thermoregulatory Readiness: Development of brown adipose tissue (BAT) and metabolic pathways required for non-shivering thermogenesis upon exposure to cold extrauterine air.
•	Haemoglobin Transition: Systematic transition from high-affinity foetal haemoglobin (HbF, alpha-2 gamma-2) to adult haemoglobin (HbA, alpha-2 beta-2) to optimize postnatal tissue oxygen delivery.
•	Energy Substrate Storage: Hepatic and cardiac glycogen accumulation along with subcutaneous lipid storage to sustain metabolic demand during the immediate post-delivery fasting window.
2.2 Glucocorticoids as the Master Accelerators of Maturation
Endogenous glucocorticoids (primarily cortisol) serve as the central physiological signal that drives organ maturation late in gestation. Cortisol production is governed by the foetal Hypothalamic-Pituitary-Adrenal (HPA) axis: the foetal hypothalamus secretes Corticotrophin-Releasing Hormone (CRH), which stimulates the anterior pituitary to release Adrenocorticotrophic Hormone (ACTH), prompting the adrenal cortex to synthesise and release cortisol. Additionally, the placenta acts as an endocrine organ, secreting placental CRH directly into foetal circulation, further driving the foetal pituitary-adrenal cascade.
During the majority of gestation, glucocorticoid levels remain low to allow rapid cellular proliferation and tissue growth. However, approaching term (gestational age ratio 0.90 to 0.97+), a dramatic prepartum cortisol surge occurs. During this window, normal negative feedback mechanisms are temporarily overridden, sustaining elevated plasma cortisol levels. This surge shifts foetal tissues from cellular proliferation (growth) to terminal cellular differentiation and organ maturation.
Systemic Actions of Antenatal Glucocorticoids Across Organ Systems
•	Respiratory System: Increases pulmonary compliance and tissue elasticity, upregulates epithelial sodium channels (ENaC) to clear lung liquid, stimulates Type II pneumocyte differentiation to produce surfactant (dipalmitoylphosphatidylcholine), and enhances pulmonary antioxidant enzyme capacity.
•	Cardiovascular System: Increases systemic blood pressure, enhances myocardial contractility, elevates cardiac output, and matures vascular responsiveness to adrenergic catecholamines under acute stress.
•	Metabolic & Gastrointestinal Systems: Induces hepatic gluconeogenic enzymes (e.g., PEPCK), stimulates production and secretion of gastrointestinal digestive enzymes, and drives a metabolic switch toward lipid and fatty acid oxidation.
•	Renal System: Increases Glomerular Filtration Rate (GFR), decreases fractional excretion of sodium (Na+), elevates renin production, and signals the cessation of nephrogenesis to finalize nephron number.
•	Central Nervous System: Regulates glial cell and astrocyte division, facilitates directed neuronal migration, promotes functional synapse formation, and directs programmed cell death (apoptosis) for neural circuit refinement.
•	Hypothalamic-Pituitary-Adrenal (HPA) Axis: Increases pituitary pro-opiomelanocortin (POMC) expression, heightens adrenal cortical responsiveness to ACTH, and prepares robust stress-response mechanisms required during labour.
CLINICAL CORRELATION: ANTENATAL CORTICOSTEROID THERAPY
Antenatal synthetic glucocorticoid administration (e.g., betamethasone or dexamethasone) is a standard of care in obstetric practice when preterm birth is imminent before 34 weeks of gestation. This therapy dramatically reduces the incidence and severity of Respiratory Distress Syndrome (RDS), intraventricular haemorrhage (IVH), and neonatal mortality by accelerating lung and vascular maturity in premature infants.

3. Mechanisms and Endocrinology of Labour Initiation
The maintenance of pregnancy and the subsequent transition to labor represent a tightly controlled biological balance. Successful pregnancy requires that the myometrium remains quiescent for the majority of gestation. At term, the uterus must undergo a dramatic phenotypic switch from quiescent relaxation to an excitable, highly coordinated contractile state.
3.1 Uterine Phases of Parturition
Parturition progresses through four distinct physiological phases:
•	Phase 0 (Quiescence): Encompasses ~95% of pregnancy. Characterized by myometrial smooth muscle relaxation and cervical structural rigidity. Dominant signaling factors include Progesterone, Prostacyclin (PGI2), Nitric Oxide (NO), and Relaxin.
•	Phase 1 (Activation): Prepares the uterus for labor near term. Characterized by uterine responsiveness to contraction-inducing signals, driven by rising Estrogen levels, functional progesterone withdrawal, and expression of Contraction-Associated Proteins (CAPs).
•	Phase 2 (Stimulation): Active labor (parturition proper). Characterized by forceful, rhythmic myometrial contractions and progressive cervical dilation, driven primary by Prostaglandins (PGF2alpha, PGE2) and Oxytocin.
•	Phase 3 (Involution): Postpartum recovery. Characterized by persistent uterine contraction driven by Oxytocin, leading to placental separation, hemorrhage prevention, and structural uterine involution.
3.2 The Functional Progesterone Withdrawal Mechanism
Throughout gestation, placental progesterone maintains uterine quiescence by suppressing expression of genes encoding Contraction-Associated Proteins (CAPs)—including oxytocin receptors, prostaglandin receptors, and gap junction proteins. Unlike many mammalian species where circulating progesterone levels plummet prior to birth, human circulating progesterone levels remain elevated until placental delivery. Human labor is instead initiated via a 'functional progesterone withdrawal' at the cellular receptor level within myometrial tissue.
During Uterine Quiescence, Progesterone binds predominantly to Progesterone Receptor B (PR-B), an transcriptionally active isoform. The PR-B homodimer recruits co-repressors, including Histone Deacetylases (HDACs) and Sin3a/p54 complexes, which bind to promoter regions and actively block transcription of the GJA1 gene (which encodes the gap junction protein Connexin-43 [Cx43]).
At Uterine Activation, expression of Progesterone Receptor A (PR-A)—an inhibitory, truncated isoform—increases relative to PR-B. PR-A homodimerizes and acts dominant-negatively against PR-B. Simultaneously, enzymatic activity of 20alpha-hydroxysteroid dehydrogenase (20alpha-HSD) increases, metabolizing local active progesterone into inactive 20alpha-hydroxyprogesterone. The PR-A complex, together with transcription factors FOS and JUN (AP-1 complex), binds the GJA1 promoter, removing transcriptional repression and actively inducing GJA1 transcription. This yields abundant Connexin-43 (Cx43) proteins, forming low-resistance gap junctions between myometrial cells that enable electrical coupling and synchronized, powerful labor contractions.
3.3 The Foetal Initiator: Endocrine Signaling Cascade
Accumulating evidence indicates that the human foetus determines its own timing of birth based on metabolic and physiological stress. As the foetus reaches maturity and outgrows placental supply capacity, mild foetal physiological stress stimulates the foetal hypothalamic-pituitary-adrenal axis.
•	1. Placental-Foetal CRH & ACTH Trigger: Placental CRH release into foetal circulation rises exponentially near term, stimulating the foetal anterior pituitary to release ACTH.
•	2. Adrenal Steroidogenesis: Foetal ACTH acts on the foetal adrenal cortex, driving production of Cortisol and Dehydroepiandrosterone sulfate (DHEA-S).
•	3. Placental Estrogen Synthesis: DHEA-S is transported to the placenta, where placental aromatase converts it into Estrogens (primarily Estradiol and Estriol). Cortisol establishes a positive feedback loop by further upregulating placental CRH synthesis.
•	4. Estrogen Actions on Uterine Tissue: Rising maternal/myometrial estrogen stimulates: (a) Myometrial synthesis of Connexin-43 gap junctions for coordinated wave-like contractions; (b) Synthesis and density of Oxytocin Receptors; (c) Production of cervical collagenase and matrix metalloproteinases, softening and ripening the cervix.
3.4 Prostaglandins, Oxytocin, and the Ferguson Positive Feedback Loop
Once the myometrium is activated, active labor is driven by paracrine and endocrine agents:
•	Prostaglandins (PGF2alpha and PGE2): Synthesised locally within fetal membranes (amnion and chorion) and decidua. Prostaglandins act as potent stimulators of myometrial smooth muscle contraction and induce enzymatic breakdown of cervical collagen, dramatically increasing cervical compliance.
•	Oxytocin and the Ferguson Reflex: As uterine contractions push the foetal presenting part against the cervix, mechanical stretch receptors in the cervix send afferent nerve signals to the maternal hypothalamus. This stimulates episodic release of Oxytocin from the posterior pituitary. Oxytocin binds its myometrial receptors, triggering intracellular calcium release and robust muscle contraction, which further pushes the baby against the cervix. This self-amplifying neuroendocrine positive feedback loop (the Ferguson Reflex) escalates contraction frequency and force until delivery is accomplished.
4. Stages of Labour and Clinical Management
Clinical labor is defined as progressive cervical effacement and dilation accompanied by regular, painful myometrial contractions. Labor is divided into three sequential clinical stages.
4.1 Clinical Stages of Labour
Labor Stage	Defining Boundaries	Key Physiological & Clinical Events
Stage 1:
Dilation Stage	Onset of regular labor contractions to Full Cervical Dilation (10 cm).	Divided into Latent and Active phases. Contractions progress from weak and irregular to frequent and intense. Amniotic sac ruptures ('breaking of waters'), releasing amniotic fluid and allowing the foetal head to engage directly against the cervix.
Stage 2:
Expulsion Stage	Full Cervical Dilation (10 cm) to Complete Delivery of Infant.	Characterized by intense contractions every 2–3 minutes lasting ~60 seconds. Active maternal abdominal pushing ('bearing down') augments uterine force. The foetal head crowning culminates in delivery of the neonate.
Stage 3:
Placental Stage	Delivery of Infant to Complete Expulsion of Placenta & Membranes.	Uterine muscle fibers constrict forcefully around spiral arteries to prevent postpartum hemorrhage. Placenta detaches from uterine wall and is expelled as the 'afterbirth'. Complete membrane inspection is mandatory.

4.2 Exogenous Induction and Postpartum Haemorrhage Prevention
Pharmacological induction or augmentation of labor utilizes exogenous analogs of endogenous labor mediators: Synthetic Oxytocin (Syntocinon) is administered intravenously to induce myometrial contractions, while Prostaglandin E2 (Dinoprostone) or PGE1 (Misoprostol) intravaginal gels/inserts are applied to promote cervical ripening.
Postpartum Haemorrhage (PPH)—primarily caused by uterine atony—remains a leading cause of maternal mortality worldwide. Administering parenteral oxytocin immediately following delivery of the anterior shoulder or infant promotes vigorous uterine myometrial contraction, occluding severed maternal blood vessels at the placental site.
GLOBAL HEALTH INNOVATION: INHALED OXYTOCIN PROJECT
The Inhaled Oxytocin Project (Monash University) represents a critical global health innovation aimed at preventing Postpartum Haemorrhage in low- and middle-income countries. Standard oxytocin injections require cold-chain storage and sterile administration supplies, which are often unavailable in resource-limited settings. An aerosolized, heat-stable dry-powder oxytocin formulation allows immediate post-delivery inhalation, making life-saving PPH prophylaxis accessible globally.

5. Obstetric Complications and Preterm Birth
While childbirth is a physiological process, clinical management requires constant vigilance for maternal and foetal complications. Understanding labor ward statistics and risk profiles is essential for modern obstetric practice.
5.1 Labour Ward Epidemiology and Complication Rates
Data compiled from the Australian Medical Advisory Board and Bureau of Statistics highlight key clinical frequencies:
Clinical Obstetric Condition / Parameter	Incidence (% of Live Births)
Labour Induction	53%
Caesarean Delivery (Overall Population)	32%
Maternal Obesity	33%
Caesarean Delivery in Obese Women	56% (vs. 12–15% in lean women)
Miscarriage (Spontaneous Pregnancy Loss)	12–20%
Admission to Special Care Nursery (SCN) or NICU	15%
Pre-eclampsia	10%
Intra-uterine Growth Restriction (IUGR)	8%

5.2 Preterm Birth (PTB): Pathophysiology and Long-term Sequel
Preterm Birth (PTB) is defined as delivery occurring between 20+0 and 36+6 weeks of gestation. Affecting 11.1% of pregnancies worldwide, PTB rates continue to rise globally despite technological advances and pharmacological tocolytic interventions.
Preterm birth represents a leading cause of neonatal mortality and short-term morbidity, including acute Respiratory Distress Syndrome (RDS), Intraventricular Haemorrhage (IVH), Necrotising Enterocolitis (NEC), and neonatal sepsis. Long-term neurodevelopmental sequelae include Cerebral Palsy, profound intellectual disability, and visual and hearing impairments. Furthermore, epidemiological research demonstrates that individuals born preterm face elevated risks of chronic disease in adulthood, including hypertension, type 2 diabetes mellitus, cardiometabolic disease, and overall cancer risk.
6. Adjustments of the Infant to Extrauterine Life
Birth subjects the neonate to physical trauma and environmental upheaval—transitioning instantly from a warm, liquid-filled, placenta-dependent environment to an air-breathing, cold, independent existence.
6.1 Respiratory Initiation and Circulatory Transition
The immediate post-birth imperative is the establishment of continuous, autonomous ventilation. As umbilical cord circulation is severed, placental gas exchange ceases, causing rapid arterial hypoxia and hypercapnia. Arterial CO2 buildup causes central systemic acidosis, which directly excites brainstem respiratory centers (medullary chemoreceptors) to trigger the first breath.
Inspiration generates strong negative intrathoracic pressure (-40 to -60 cm H2O) to inflate fluid-filled alveoli, clear residual pulmonary liquid into interstitial lymphatics, and dramatically decrease Pulmonary Vascular Resistance (PVR). The subsequent drop in right atrial pressure and rise in left atrial pressure functionally closes the Foramen Ovale, while elevated arterial oxygen tensions induce constriction and functional closure of the Ductus Arteriosus. The neonatal respiratory rate remains rapid (~45 breaths per minute) throughout the first two weeks of life before gradually declining.
6.2 The Apgar Scoring System
Developed by Dr. Virginia Apgar, the Apgar score provides an immediate, standardized clinical assessment of neonatal physiological status at 1 minute and 5 minutes post-delivery.
Indicator	0 Points	1 Point	2 Points
Activity
(Muscle Tone)	Absent / Limp	Flexed Arms and Legs	Active Movement
Pulse
(Heart Rate)	Absent	Below 100 bpm	Over 100 bpm
Grimace
(Reflex Irritability)	Floppy / No Response	Minimal Response to Stimulation	Prompt Response / Cry
Appearance
(Skin Colour)	Blue, Pale overall	Pink body, Blue extremities (Acrocyanosis)	Completely Pink
Respiration
(Breathing Effort)	Absent	Slow, Irregular	Vigorous Cry

6.3 Transitional Period (First 6–8 Hours)
For the first 6 to 8 hours following birth, the infant passes through a distinct physiological transitional period marked by alternating periods of activity and sleep. During active periods, vital signs are unstable and irregular, and the neonate frequently gags or regurgitates swallowed mucus and amniotic debris. Following this transitional window, the infant stabilizes, entering a predictable routine of waking periods every 3 to 4 hours dictated by hunger cues.
7. Lactation: Anatomy, Endocrinology, and Physiology
Lactation represents the final stage of female reproductive behavior, involving the synthesis, secretion, and ejection of milk from specialized, hormone-prepared mammary glands.
7.1 Mammary Gland Anatomy and Histology
Each adult breast contains numerous compound tubuloalveolar mammary glands embedded within adipose and connective tissue septa. Branching lactiferous ducts converge at the nipple. The primary functional secretory units are spherical alveoli lined with milk-secreting epithelial cells. Surrounding each alveolar cluster are specialized contractile myoepithelial cells (M), which respond to neuroendocrine signals to eject milk into the ductal system.
7.2 Hormonal Control Across Developmental Stages
Breast tissue undergoes profound structural transformation across life stages:
•	Puberty: Elevated Estrogen drives ductal elongation and branching, accompanied by adipose deposition. Progesterone stimulates early lobuloalveolar budding, leaving simple ducts with sparse alveoli prior to pregnancy.
•	Pregnancy: High circulating levels of Estrogen, Progesterone, and Human Placental Lactogen (hPL) drive extensive lobuloalveolar proliferation. In early pregnancy, alveoli proliferate rapidly; by mid-pregnancy, alveoli enlarge and acquire functional lumen.
•	Lactogenesis Phases: 
• Lactogenesis I (Mid-pregnancy to Day 2 Postpartum): Alveolar epithelial cells differentiate into secretory units capable of producing small volumes of colostrum. However, high circulating levels of placental Estrogen and Progesterone competitively block milk protein transcription, restricting copious milk synthesis.
• Lactogenesis II (Days 3 to 8 Postpartum): Prompted by the sudden precipitous fall in Estrogen and Progesterone following placental delivery. Mammary epithelial tight junctions close, and abundant synthesis of milk components occurs.
• Galactopoiesis (Day 9 to Involution): Maintenance of established milk secretion, requiring continuous endocrine support (Prolactin and Oxytocin) and regular physical removal of milk.
7.3 Neuroendocrine Reflexes: Milk Production and Ejection
•	Prolactin and Milk Synthesis Reflex: Suckling stimulates mechanoreceptors in the nipple-areolar complex, sending afferent neural impulses to the maternal hypothalamus. This inhibits dopaminergic neurons (dopamine acts as Prolactin-Inhibiting Hormone) and stimulates Prolactin-Releasing Factors. The anterior pituitary secretes Prolactin into circulation, binding alveolar epithelial receptors to drive continuous milk synthesis. While basal prolactin levels decline to near baseline over post-partum months, each suckling episode triggers a large surge of prolactin to sustain ongoing supply.
•	Oxytocin and the Milk Ejection Reflex (Letdown): Although prolactin drives milk synthesis into the alveolar lumen, passive infant suckling cannot extract milk from alveoli. Afferent suckling impulses prompt the hypothalamus to trigger Oxytocin release from the posterior pituitary. Circulating oxytocin binds receptors on myoepithelial cells surrounding the alveoli, causing forceful contraction. This squeezes milk from alveolar lumens into lactiferous ducts, allowing expression through nipple pores. Oxytocin also induces uterine smooth muscle contractions, accelerating postpartum uterine involution.
•	Lactational Amenorrhea: Elevated Prolactin inhibits hypothalamic GnRH pulse generator activity, suppressing pituitary FSH and LH secretion. This disrupts follicular development and halts ovulation, providing a natural (though variable) contraceptive mechanism.
7.4 Nutritional and Immunological Composition of Human Milk
During the initial 24 to 48 hours post-delivery, the breasts secrete Colostrum—a thick, yellowish, protein-rich fluid low in fat and lactose, but exceptionally rich in immunoglobulins (primarily Secretory IgA). Within 2 to 3 days, mature human milk production begins, providing six essential nutritional categories: Water, Proteins (casein and whey), Lipids (essential fatty acids and triglycerides), Lactose (milk carbohydrates), Minerals (calcium, phosphorus, sodium), and Vitamins.
Beyond nutrition, breast milk serves as an active immunological fluid containing maternal antibodies (IgA), functional leukocytes, complement factors, lysozyme, lactoferrin, interferons, lactoperoxidase, and complex human milk oligosaccharides (HMOs) that protect the neonatal gut against opportunistic pathogens. Furthermore, maternal hormones and bio-active growth factors promote gut mucosal maturation and systemic tissue development.",
Puberty,"THE PHYSIOLOGY AND ENDOCRINOLOGY OF PUBERTY
A Comprehensive Medical Lecture Review on Developmental Stages, Clinical Staging, Neuroendocrine Regulation, and Metabolic Modulation

1. Introduction and Temporal Sequence of Puberty
Puberty represents the transitional biological process through which an immature individual attains sexual maturity and reproductive capacity. This developmental transformation encompasses physical growth, somatic changes, maturation of primary and secondary sexual characteristics, and profound neuroendocrine reorganization.
Milestones and Developmental Timelines in Females (XX Individuals)
In female adolescents, pubertal maturation initiates across an early-to-middle adolescent spectrum (typically commencing between 10 and 12 years of age):
•	Breast Budding (Thelarche): The earliest physical sign of female pubertal onset is budding breasts (thelarche), typically starting around 8.5 to 13 years.
•	Pubic Hair Growth (Pubarche): Commences shortly after thelarche, usually spanning ages 8.5 to 14 years.
•	Growth Spurt: Accelerates between ages 9.5 and 14.5 years.
•	Menarche: The initial menstrual bleed occurs at a mean age of approximately 13 years (normal range: 10 to 16.5 years).
•	Underarm Hair Growth (Axillarche): Appears between ages 10.5 and 15.5 years.
•	Body Shape & Contour Changes: Initiates between 10.5 and 14.5 years, progressing until final adult breast size and pelvic architecture are established around 13 to 17 years.
Milestones and Developmental Timelines in Males (XY Individuals)
In male adolescents, pubertal progression follows a distinct timeline, generally initiating around 9 to 11.5 years of age:
•	Scrotal and Testicular Growth: Enlargement of the scrotum and testes represents the pathognomonic first physical sign of male puberty, commencing between ages 9.5 and 13.5 years.
•	Voice Changes: Voice deepening begins around ages 9.5 to 14 years, extending up to age 18.
•	Penile Lengthening: Initiates between ages 10.5 and 14.5 years.
•	Pubic Hair Growth: Begins between ages 10.5 and 15 years.
•	Somatotropic Growth Spurt: Commences later in males than in females, typically between ages 12 and 16 years.
•	Spermarche / Semenarche: Occurs between 12 and 17 years; first release of spermatozoa/ejaculation occurs between ages 11 and 15 years (Tanner stage 4, corresponding to a testicular volume of 12–20 mL).
•	Facial and Underarm Hair: Facial and axillary hair growth initiates between ages 13.5 and 17 years.
2. Clinical Staging of Pubertal Development (Tanner Scale)
The Tanner scale (Sexual Maturity Rating / SMR) provides an objective clinical metric to categorize pubertal development based on primary and secondary sex characteristics.
Female Tanner Staging (Breast Development)
Tanner Stage	Typical Age Range	Clinical & Morphological Features
Tanner I	Pre-pubertal (< 10 yrs)	Pre-pubertal state; no glandular tissue present. The areola follows the skin contours of the chest.
Tanner II	10.0 – 11.5 yrs	Breast bud forms with a small area of surrounding glandular tissue; the areola begins to widen.
Tanner III	11.5 – 13.0 yrs	Breast tissue becomes further elevated and extends beyond the borders of the areola; areola continues to widen but remains in contour with surrounding breast tissue.
Tanner IV	13.0 – 15.0 yrs	Increased breast size and elevation; the areola and papilla project to form a secondary mound above the contour of the surrounding breast.
Tanner V	15.0+ yrs	Final adult size and shape; the areola recedes back to the contour of the surrounding breast tissue, leaving only a projecting central papilla.

Male Tanner Staging (Genital & Testicular Development)
Tanner Stage	Age Range	Testicular Vol. & Length	Genital Morphological Features
Tanner I	< 9.0 yrs	< 1.5 mL (< 2.5 cm)	Pre-pubertal state; penis length 3 cm or less.
Tanner II	9.0 – 11.0 yrs	1.6 – 6.0 mL (2.5–3.2 cm)	Scrotal skin thins, reddens, and enlarges; penis length remains unchanged.
Tanner III	11.0 – 12.5 yrs	6.0 – 12.0 mL (3.6 cm)	Scrotum enlarges further; penis begins to lengthen to approximately 6 cm.
Tanner IV	12.5 – 14.0 yrs	12.0 – 20.0 mL (4.1–4.5 cm)	Scrotum enlarges further and darkens; penis increases in length to 10 cm and grows in circumference. Spermarche occurs.
Tanner V	14.0+ yrs	> 20.0 mL (> 4.5 cm)	Adult size and shape; adult scrotum and penis length of approximately 15 cm.

3. Sex-Specific Auxology and Growth Dynamics
Growth dynamics during adolescence differ substantially between biological sexes in timing, velocity, duration, and body composition outcomes.
•	Growth Spurt Onset and Velocity: The pubertal growth spurt initiates earlier in XX individuals (around age 10) compared to XY individuals (around age 12). Peak height velocity in females reaches approximately 8–9 cm/year around age 12, followed by epiphyseal closure induced by rising estrogen levels.
•	Male Peak Height Velocity: In XY individuals, the growth spurt begins later, accelerates more slowly, but lasts longer before epiphyseal fusion occurs. Peak height velocity reaches approximately 10 cm/year around age 14.
•	Dimorphic Height Outcomes: Prior to puberty, XY individuals are on average 2 cm shorter than XX individuals. However, due to the delayed onset and extended duration of the male growth spurt, XY individuals finish puberty on average 13 cm taller than XX individuals.
•	Body Composition Changes: Pubertal steroids drive dimorphic somatotropic profiles. Testicular androgens promote increased lean muscle mass and broadening of the shoulders. Ovarian estrogens promote increased fat mass deposition and widening of the pelvic rim/hip dimensions.
4. Key Operational Definitions of Pubertal Stages
Understanding the clinical terminology defining pubertal progression is essential for diagnosing disorders of maturation:
•	Adrenarche: The maturational increase in adrenal androgen secretion originating from the zona reticularis, commencing in pre-pubertal childhood.
•	Pubarche: The physical appearance of pigmented, coarse pubic hair, driven by adrenal and testicular/ovarian androgens.
•	Gonadarche: The activation of hypothalamic-pituitary-gonadal (HPG) axis signaling, leading to gonadal maturation, steroidogenesis, and somatic growth spurts.
•	Thelarche: The initial onset of breast tissue development under the influence of ovarian estrogen.
•	Menarche: The first occurrence of menstrual bleeding, signaling endometrial maturation.
•	Spermarche / Semenarche: The initiation of sperm production and first ejaculate/release of spermatozoa.
5. The Physiology and Enzymology of Adrenarche
Adrenarche represents an independent maturational process characterized by a progressive rise in adrenal androgen output. It occurs independently of gonadotropin secretion.
Zonal Differentiation and Enzymatic Expression
Adrenarche is specifically driven by the structural and functional maturation of the zona reticularis (ZR) in the adrenal cortex, distinct from the outer zona glomerulosa (ZG) and zona fasciculata (ZF):
•	Zona Glomerulosa (ZG): Expresses CYP11B2 (Aldosterone synthase) to produce Aldosterone.
•	Zona Fasciculata (ZF): Expresses HSD3B2, CYP17A1, CYP11B1, and CYP21A2 to synthesize Cortisol.
•	Zona Reticularis (ZR): Undergoes significant development between ages 3 and 8–9, persisting into adulthood. The ZR expresses low HSD3B2 activity alongside elevated levels of CYB5A (Cytochrome b5), SULT2A1 (Sulfotransferase), HSD17B5, and CYP11B1.
This specific enzymatic milieu directs the pathway away from cortisol and towards dehydroepiandrosterone sulfate (DHEAS), Testosterone, 11β-hydroxytestosterone, and ultimately 11-keto-testosterone.
Serum DHEAS Dynamics and Clinical Correlation
Serum DHEAS serves as the primary biochemical marker of adrenarche:
•	Postnatal Decline: Infants exhibit a transient postnatal peak (< 1 year) that rapidly drops during early childhood (ages 1–6).
•	Adrenarchal Rise: Around ages 6 to 8/9, serum DHEAS levels rise significantly (> 40–70 µg/dL) and continue rising through adolescence (ages 11–16), peaking in young adulthood (ages 16–40) at levels up to 250–300 µg/dL.
•	Somatic Manifestations: Adrenarchal androgens stimulate the development of pubic hair (pubarche), axillary hair, and sebaceous/apocrine gland maturation (body odor, acne).
CLINICAL PEARL: PREMATURE ADRENARCHE
Premature adrenarche is the single most common cause of premature pubarche in children. It must be differentiated from central precocious puberty and congenital adrenal hyperplasia (CAH).

6. The Physiology of Gonadarche
Gonadarche marks the reactivation of the gonads (ovaries and testes) driven by pituitary gonadotropins (FSH and LH), leading to full gametogenesis and primary sex steroid synthesis.
Gonadarche in Females (Ovarian Maturation and Folliculogenesis)
The prepubertal ovary is biologically active, constantly initiating early follicular growth. However, in the absence of sustained gonadotropin support during childhood, all growing preantral follicles inevitably undergo atresia (degeneration and resorption).
•	Gonadotropin-Independent Phase: Progression from primordial follicles to activated primordial, primary, secondary, and early antral stages occurs independently of gonadotropins but terminates in atresia.
•	Gonadotropin-Dependent Phase: At puberty, rising serum FSH and LH rescue early antral follicles from atresia, enabling maturation to the dominant antral/preovulatory follicle stage capable of ovulation.
•	Endometrial and Menstrual Regulation: Growing antral follicles secrete escalating amounts of estrogen and progesterone. Estrogen drives the proliferative phase of the uterine endometrium (building the functionalis layer over the basalis). Progesterone drives the secretory phase. Periodic fluctuations and withdrawal of these steroids trigger menses (menarche).
Gonadarche in Males (Testicular Maturation and Spermatogenesis)
Testicular enlargement during puberty is driven by two main histological processes under gonadotropin control:
•	Seminiferous Epithelium Development: FSH acts on Sertoli cells within the seminiferous tubules, stimulating germ cell proliferation, tubule thickening, and complexity.
•	Leydig Cell Hypertrophy: LH acts on interstitial Leydig cells, inducing hypertrophy and a dramatic surge in testosterone production.
Histological evaluation (H&E staining) from age 7 through 11, 13, 14, and adulthood shows progressive expansion of tubular diameter, lumen formation, and completion of full spermatogenesis.
Hormonal Control of Secondary Sexual Characteristics
•	In Females (XX): Ovarian estrogens regulate breast development (thelarche) and female genital maturation. Ovarian and adrenal androgens together stimulate pubic and axillary hair growth.
•	In Males (XY): Testicular androgens (testosterone) regulate penile/scrotal growth and laryngeal enlargement (voice deepening). Testicular and adrenal androgens combined drive pubic, axillary, and facial hair growth.
7. Neuroendocrine Control of the HPG Axis
The hypothalamic-pituitary-gonadal (HPG) axis serves as the master regulatory hierarchy governing reproductive maturity.
Axis Structure and Developmental Secretory Patterns
•	GnRH Neurons: Hypothalamic GnRH neurons project to the median eminence, releasing GnRH in a pulsatile manner into the hypophyseal portal circulation.
•	Pituitary Gonadotrophs: GnRH binds to gonadotroph cells in the anterior pituitary, stimulating pulsatile release of Luteinizing Hormone (LH) and Follicle-Stimulating Hormone (FSH).
•	Gonadal Response & Feedback: LH and FSH stimulate sex steroid secretion (Estradiol, Progesterone, Testosterone) and gametogenesis in the gonads. Sex steroids execute negative (and positive in female ovulation) feedback on the pituitary and hypothalamus.
The HPG axis exhibits a characteristic developmental timeline: active during the perinatal period ('mini-puberty of infancy'), suppressed into profound quiescence during the juvenile stage, and reactivated during the peripubertal/pubertal phase.
Cellular and Structural Hypothalamic Remodeling
Reactivation of GnRH secretion at puberty requires structural reorganization of the preoptic area (POA) and median eminence (ME):
•	Neuronal Plasticity: GnRH neurons undergo dendritic pruning, morphological transitions toward unipolar structures, and enhanced synaptogenesis.
•	Synaptic Projection Shifts: Increased excitatory glutamatergic and inhibitory/modulatory GABAergic neuronal inputs project onto GnRH neurons.
•	Glial Regulation: Glial cells, including astrocytes and tanycytes in the median eminence, actively regulate GnRH terminal exposure and neurohormonal release.
The Kisspeptin (Kiss1) / KNDy Network and Pulsatility
Kisspeptin, encoded by the KISS1 gene, is the primary upstream trigger of GnRH release:
•	Arcuate KNDy Neurons (Pulse Generator): Located in the arcuate nucleus (ARC), KNDy neurons co-express Kisspeptin, Neurokinin B (Tac3), and Dynorphin. They fire synchronously to release kisspeptin onto GnRH dendrons, driving high-frequency pulsatile GnRH and LH secretion essential for pubertal initiation.
•	RP3V Kisspeptin Neurons (Surge Generator): Located in the rostral periventricular area of the third ventricle (RP3V in rodents), these kisspeptin neurons are activated by high estradiol levels to trigger the massive preovulatory GnRH/LH surge required for ovulation.
8. Genetics and Etiology of Pubertal Timing
Pubertal timing is a complex polygenic trait influenced by hypothalamic transcriptional networks, epigenetic regulators, and monogenic factors.
•	General Population Variance: Genome-Wide Association Studies (GWAS) indicate that ~92% of the genetic variance in timing across the healthy population remains unaccounted for.
•	Precocious Puberty Drivers: Paternally imprinted genes such as MKRN3 (Makorin ring finger protein 3) and DLK1 act as central brakes on puberty; loss-of-function mutations lead to central precocious puberty (>60% of familial cases remain unknown).
•	GnRH Deficiency & Delayed Puberty: Inactivations in KISS1, KISS1R, TAC3, TACR3, GnRHR, GnRH, FGFR1, PROKR2, and ANOS1 (KAL1) cause idiopathic hypogonadotropic hypogonadism and Kallmann syndrome.
•	Additional Genetic Regulators: Other key genetic actors modulating HPG axis activation include LGR4, EAP1, HS6ST1, IGSF10, LEPR, NEGR1, and FTO.
9. Epidemiological Trends and Environmental Influences
Pubertal timing is significantly shaped by environmental, nutritional, and socioeconomic factors.
•	The Historical Secular Trend: Historical records across Europe and the USA demonstrate a dramatic decline in the mean age at menarche from ~17 years in the early 19th century down to ~13 years by 1950, driven by improved nutrition, sanitation, and socioeconomic stability.
•	Stabilization Period: From 1970 to 2010, the age at menarche stabilized at ~13.0 years in developed nations.
•	Recent Obesity-Linked Trend in Females: Over the past three decades, a second secular trend has emerged in girls: the mean age of pubertal onset (thelarche) dropped from ~11 years to < 10 years. This trend closely mirrors the rising worldwide prevalence of childhood obesity.
•	Male Divergence: In XY individuals, the correlation is sexually dimorphic and less clear: moderate overweight status may slightly accelerate pubertal onset, whereas severe obesity is associated with delayed maturation.
10. Metabolic Regulation of Puberty
Energy homeostasis acts as a strict metabolic gatekeeper for reproductive function. Reproductive maturity requires signaling that somatic energy stores are sufficient to support pregnancy and lactation.
The Accelerating Signal: Leptin
•	Production Source: Adipose tissue secretes Leptin in direct proportion to body fat mass.
•	Mechanism of Action: Leptin binds to Leptin Receptors (LEPR) expressed on Kisspeptin and KNDy neurons within the hypothalamus.
•	Clinical Effect: Permissive stimulation of Kiss1 expression activates GnRH release, signaling energy sufficiency. In pediatric obesity, elevated circulating leptin levels trigger premature kisspeptin stimulation, accelerating pubertal onset.
The Inhibitory Signal: Ghrelin
•	Production Source: Secreted primarily by oxyntic cells in the fundus of the stomach during fasting or negative energy balance states.
•	Mechanism of Action: Ghrelin binds to Growth Hormone Secretagogue Receptors (GHSR) on GnRH and KNDy neurons.
•	Clinical Effect: Directly suppresses GnRH pulse generator activity. Elevated ghrelin levels in undernutrition, strenuous endurance training, or anorexia nervosa delay or arrest pubertal progression.
PHYSIOLOGICAL INTEGRATION: METABOLIC GATING
The balance between central leptin receptor (LEPR) stimulation and ghrelin receptor (GHSR) inhibition controls kisspeptin drive. This metabolic axis explains both obesity-induced precocious thelarche and exercise/eating disorder-induced hypothalamic amenorrhea.
",
Menopause,"Comprehensive Medical Study Guide:
Endocrinology & Pathophysiology of Menopause
Instructor-Led Lecture Synthesis | Monash University Reproduction Curriculum

1. Fundamental Concepts & Terminology
Menopause represents a milestone in biological aging, defined precisely as the permanent cessation of menstrual cycles resulting from the complete or near-complete loss of ovarian follicular activity [cite: 1]. In clinical practice, confirming menopause requires specific operational definitions based on anatomical state, endocrine status, and clinical history [cite: 1].
Clinical Definitions
•	Menopause: The final menstrual period (FMP) in an individual who has not undergone a hysterectomy [cite: 1]. It is established retroactively after 12 consecutive months of amenorrhea [cite: 1].
•	Perimenopause: The interval extending from the onset of menstrual cycle irregularity through until 12 months following the last menstrual period [cite: 1].
•	Menopause Transition (MT): The phase beginning at the onset of menstrual cycle variability and ending at the final menstrual period (FMP) [cite: 1].
•	Surgical Menopause: Cessation of ovarian endocrine and reproductive function following bilateral oophorectomy [cite: 1].
•	Premature Ovarian Insufficiency (POI): The premature cessation of normal ovarian function occurring prior to the age of 40 years [cite: 1].
Epidemiology and Geographical Variations
Across global populations, the natural mean age at menopause is 48.8 years (95% CI: 48.1–49.4) [cite: 1]. However, substantial geographical variation exists due to genetic background, environmental exposure, socioeconomic conditions, and lifestyle factors [cite: 1]:
Region / Country	Mean Age at Menopause (95% CI)
Australia	51.3 years (49.8–52.8)
Europe	50.5 years (50.0–51.1)
United States	48.8 years (48.3–49.2)
Asia	48.8 years (48.1–49.4)
Africa	48.4 years (48.1–48.6)
Middle East	47.4 years (46.9–47.8)
Latin America	47.2 years (45.9–48.6)

2. Pathophysiology of Follicular Depletion & Hypothalamic Aging
The primary driver of menopause is the irreversible depletion of the ovarian primordial follicle pool via programmed cell death (apoptosis) over time [cite: 1]. Human females are born with a finite germ cell reserve [cite: 1]. The critical physiological threshold of ~25,000 primordial follicles per ovary is typically reached between the late 20s and late 40s, after which the rate of follicle loss accelerates sharply until exhaustion occurs [cite: 1].
Hormonal Cascade of the Aging Reproductive Axis
•	Early Biomarker Decline: Anti-Müllerian Hormone (AMH) and Inhibin B decrease early in functional ovarian aging [cite: 1]. AMH, produced by small growing follicles, reflects total follicular reserve [cite: 1]. Inhibin B, produced by granulosa cells, provides negative feedback on pituitary Follicle-Stimulating Hormone (FSH) secretion [cite: 1].
•	Pituitary Response: As Inhibin B drops, pituitary FSH secretion increases progressively [cite: 1]. FSH elevation is the classic hallmark of early reproductive senescence [cite: 1].
•	Late Estrogen Fall: Estradiol (E2) and Inhibin A remain within normal ranges or even fluctuate erratically high during perimenopause before experiencing a steep late fall approaching the FMP [cite: 1].
•	Testosterone Stability: Unlike estrogen and progesterone, circulating testosterone concentrations do not undergo a sharp decline across the menopausal transition; they decline gradually with advancing age regardless of menopausal status [cite: 1].
Multifactorial Drivers of Menopause Timing
The age at which natural menopause occurs reflects complex interactions among genetic inheritance, epigenetic modifications, socioeconomic factors, lifestyle choices, and systemic medical conditions [cite: 1].
Genetic Heritability
Heritability studies show that a daughter whose mother experienced early menopause is 6 to 12 times more likely to undergo early menopause herself [cite: 1].

Contribution of Hypothalamic Aging
In addition to ovarian exhaustion, central hypothalamic aging contributes directly to menopausal onset [cite: 1]. Age-related neuroendocrine dysregulation leads to desynchronized Gonadotropin-Releasing Hormone (GnRH) secretion, which impairs the precise timing and amplitude of the Luteinizing Hormone (LH) surge [cite: 1]. This central disruption causes frequent anovulatory cycles, cycle length variability, and eventual permanent menses loss [cite: 1].
3. Stages of Reproductive Aging Workshop (STRAW Criteria)
The STRAW staging system categorizes female reproductive aging into Reproductive (Stages -5 to -3), Menopausal Transition (Stages -2 to -1), and Postmenopause (Stages +1a to +2) [cite: 1].
Phase / Stage	Menstrual Cycle Characteristics	Endocrine Profile (FSH, AMH, Inhibin B)	Key Clinical Features
Reproductive
(Stages -5 to -3)	Regular menses (-5, -4); subtle changes in flow/length (-3b, -3a) [cite: 1].	Low baseline FSH; declining AMH, Inhibin B, & antral follicle count (AFC) [cite: 1].	Peak fertility declining to subfertility [cite: 1].
Early Transition
(Stage -2)	Variable cycle length; persistent ≥7-day difference between consecutive cycles [cite: 1].	Variable but elevated FSH; low AMH, Inhibin B, and low AFC [cite: 1].	Onset of cycle unpredictability [cite: 1].
Late Transition
(Stage -1)	Interval of amenorrhea ≥60 days [cite: 1].	Elevated FSH >25 IU/L; low AMH & Inhibin B; low AFC [cite: 1].	Vasomotor symptoms (VMS) highly likely [cite: 1].
FMP (Stage 0)	Final Menstrual Period (defined retroactively after 12 months) [cite: 1].	High FSH; depleted AMH/Inhibin B [cite: 1].	Key clinical milestone [cite: 1].
Early Postmenopause
(Stage +1a, +1b)	12 months post-FMP (+1a: 1 yr post-FMP; +1b: next 1 yr) [cite: 1].	Variable but elevated FSH; very low AMH, Inhibin B, & AFC [cite: 1].	Vasomotor symptoms most severe [cite: 1].
Early Postmenopause
(Stage +1c)	3 to 4 years post-FMP [cite: 1].	FSH stabilizes; very low/undetectable AMH & Inhibin B [cite: 1].	VMS begin to subside; early tissue atrophy [cite: 1].
Late Postmenopause
(Stage +2)	Remaining lifespan [cite: 1].	Stable high FSH; absent AMH/Inhibin B [cite: 1].	Increasing symptoms of urogenital atrophy [cite: 1].

Superimposed Variable Cycles in Perimenopause
In normal reproductive years, sequential ~26-day ovulatory cycles occur predictably [cite: 1]. During perimenopause, elevated FSH recruits follicles prematurely [cite: 1]. This causes subsequent ovulatory cycles to become superimposed on preceding cycles (e.g., short 14-day ovulatory cycles following a 26-day cycle), producing irregular, unpredictable menses with alternating symptoms of estrogen excess (breast tenderness, bloating, heavy bleeding) and estrogen deficiency (hot flushes, mood instability) [cite: 1].
4. Premature Ovarian Insufficiency (POI)
POI is defined as the cessation of ovarian function prior to age 40, affecting approximately 1% of females [cite: 1]. Idiopathic cases represent the majority, but known etiologies include [cite: 1]:
•	Genetic & Cytogenetic: Fragile X Premutation (55–200 CGG repeats in FMR1 gene; accounts for 10% of POI cases; 28% of female carriers develop POI) and Turner Syndrome (Monosomy 45,X or mosaicism; 1/2000 births, characterized by short stature and streak gonads) [cite: 1].
•	Enzymatic & Immune: Steroidogenic enzyme defects, autoimmune oophoritis, and gonadotropin receptor defects [cite: 1].
•	Physical Insults: Radiotherapy, chemotherapy, surgery, viral infections, and cigarette smoking [cite: 1].
Chemotherapy-Induced POI Dynamics
Chemotherapy and radiation destroy rapidly dividing granulosa cells in growing follicles [cite: 1]. This causes an immediate loss of granulosa-derived AMH [cite: 1]. Because AMH normally acts as a critical break on primordial follicle activation, the loss of AMH releases primordial follicles from inhibition, leading to accelerated recruitment ('burnout') and rapid exhaustion of the ovarian reserve [cite: 1].
5. Systemic & Clinical Consequences of Menopause
Postmenopausal loss of ovarian estradiol (E2 drops from 40–500 pg/mL in menses to <20 pg/mL postmenopause) triggers widespread systemic changes [cite: 1]. Peripheral adipose tissue retains minor estrogen production by converting adrenal androgen precursors (androstenedione) into estrone (E1), but total systemic estrogen remains low [cite: 1].
Menstrual Phase / Status	17β-Estradiol (pg/mL)	Estrone (pg/mL)	Estriol (pg/mL)
Follicular Phase	40 – 200	30 – 100	3 – 11
Preovulatory Peak	250 – 500	50 – 200	N/A
Luteal Phase	100 – 150	50 – 115	6 – 16
Premenstrual	40 – 50	15 – 40	N/A
Postmenopausal	< 20	15 – 80	3 – 11
Postmenopausal Daily Production	5 – 25 µg/day	30 – 80 µg/day	5 – 22 µg/day

Neurovascular & Thermoregulatory Pathophysiology (VMS)
Vasomotor symptoms (hot flushes and night sweats) affect the majority of perimenopausal and postmenopausal individuals [cite: 1]. A hot flush is characterized by peripheral vasodilation, elevated skin temperature, increased heart rate (7–15 bpm), increased metabolic rate, and profuse sweating (90% of episodes) [cite: 1].
In premenopausal women, the hypothalamic thermoneutral zone is approximately 0.4°C [cite: 1]. Postmenopause, this thermoneutral zone narrows to virtually 0°C [cite: 1]. Consequently, tiny fluctuations in core body temperature (CBT) cross the upper threshold, triggering active heat dissipation (hot flush), followed by a drop in CBT below the lower threshold, triggering chills and shivering [cite: 1]. Exogenous estrogen restores the thermoneutral zone to normal width [cite: 1].
The Central KNDy Neuron Mechanism
Recent neuroendocrine discoveries clarify the cellular mechanism of VMS [cite: 1]:
•	KNDy Neurons: Located in the infundibular/arcuate nucleus, KNDy neurons express Neurokinin B (NKB), Dynorphin, and Estrogen Receptor alpha (ERα) [cite: 1]. They innervate the median preoptic nucleus (MnPO) thermoregulatory center [cite: 1].
•	Normal Balance: NKB stimulates the MnPO thermoregulatory center via NK3 receptors (NK3R) to trigger heat dissipation, while estrogen inhibits KNDy neurons [cite: 1].
•	Estrogen Deficiency Effect: In low-estrogen states, negative feedback is lost [cite: 1]. KNDy neurons undergo marked hypertrophy and overexpress NKB [cite: 1]. Unopposed NKB signaling excessively activates NK3R in the MnPO, driving inappropriate peripheral vasodilation and sweating [cite: 1].
Sleep & Psychological Disturbances
•	Mood Changes: 1 in 3 menopausal individuals experiences severe anxiety or depression [cite: 1]. Prior history of depression increases perimenopausal depression risk 5-fold; those without prior history face a 2- to 4-fold increased risk [cite: 1]. Perimenopausal depression presents as emotional lability and irritability (similar to PMS) rather than classic major depression [cite: 1].
•	Sleep Disturbance: Increased frequency of insomnia, night awakenings due to VMS, and nocturnal frequency, leading to increased use of prescription sedative medications [cite: 1].
Genitourinary Syndrome of Menopause (GSM)
Estrogen receptors are abundant in the vagina, vulva, urethra, and bladder base [cite: 1]. Estrogen depletion causes loss of mucosal elasticity, tissue atrophy, decreased lubricating fluid, and urethral caruncles [cite: 1]. Clinical manifestations include:
•	Vulvovaginal: Vaginal dryness, burning, discharge, loss of lubrication, dyspareunia (painful intercourse), and vaginitis [cite: 1].
•	Urological: Dysuria, urinary frequency, urgency, stress/urge/mixed incontinence, and recurrent cystitis [cite: 1].
Skeletal Pathophysiology & Postmenopausal Osteoporosis
Estrogen plays a protective role in bone remodeling by stimulating osteoblast survival/activity and suppressing osteoclast differentiation/activity via the RANKL/OPG pathway [cite: 1]. Estrogen loss removes inhibition on osteoclasts while upregulating sclerostin and RANKL [cite: 1]. This causes an initial rapid bone loss phase of 3% to 5% per annum for 5 to 10 years post-FMP, leading to postmenopausal osteoporosis and a dramatic rise in vertebral, forearm, and hip fracture incidence [cite: 1].
Metabolic Syndrome & Cardiovascular Disease (CVD)
Data from the Study of Women's Health Across the Nation (SWAN) confirm that impending ovarian failure doubles the rate of fat mass accumulation, yielding an average 6% gain in total fat mass (1.6 kg) and preferential visceral ('apple' shape) adiposity [cite: 1].
•	Lipid Triad: Combined hypertriglyceridemia, increased LDL cholesterol, and decreased HDL cholesterol [cite: 1].
•	Metabolic Changes: Insulin resistance, hyperinsulinemia, decreased insulin clearance, and hypertension [cite: 1].
•	Vascular Endothelium: Estrogen decline activates the Renin-Angiotensin System (increasing Angiotensin II and Endothelin-1) while decreasing Nitric Oxide (NO) synthase [cite: 1]. This induces vascular cell proliferation, oxidative stress, arterial stiffness, endothelial dysfunction, accelerated atherosclerosis, ischemic heart disease, and stroke [cite: 1].
6. Clinical Management Strategies & Summary
Estrogen Therapy (Menopausal Hormone Therapy / MHT) remains the most effective treatment for VMS, sleep disturbances, and genitourinary atrophy [cite: 1]. However, systemic estrogen carries potential risks, including venous thromboembolism (VTE), cerebrovascular events, cardiovascular events in older postmenopausal women, and breast cancer [cite: 1].
Prescribing Guidelines
MHT is recommended for symptomatic, healthy women early in the menopausal transition or early postmenopause (age <60 years or within 10 years of FMP) [cite: 1]. It is generally not initiated in women >60 years or those with high cardiovascular/thrombotic comorbidity [cite: 1].

Summary Matrix of Key Clinical Takeaways
•	Primary Etiology: Exhaustion of ovarian follicle reserve + hypothalamic neuroendocrine aging [cite: 1].
•	Endocrine Profile: Elevated FSH/LH, low Estradiol, low Inhibin B, low AMH [cite: 1].
•	VMS Mechanism: KNDy neuron hypertrophy & unopposed NKB signaling in the MnPO thermoregulatory center [cite: 1].
•	Long-Term Risks: Osteoporosis/fractures, Visceral Obesity, Menopausal Metabolic Syndrome, Accelerated Atherosclerosis, CVD, Stroke, and Urogenital Atrophy [cite: 1].",
Sexually transmitted & genital infections,"Sexually Transmitted Infections
Monash School of Medicine — MED 2100/2200 | Microbiology, Reproductive Module
Based on a lecture by Assoc. Professor Meredith Hughes
Learning Outcomes
•	Recognise the unique challenges faced in controlling sexually transmitted infections (STIs).
•	Describe common STIs and their causative organisms.
•	Explain the transmission, clinical presentation, and pathogenesis of key STIs.
•	Describe how common STIs are diagnosed.
Note: This article discusses clinical presentations of STIs, including descriptions of genital lesions, discharge, and other physical signs, for educational purposes.
Part 1: Context and Challenges for Controlling STIs
The Scale of the Problem
Sexually transmitted infections represent an enormous global health burden, with approximately 500 million new STIs occurring each year. Despite decades of public health effort, rates of many STIs continue to rise substantially — reported STD cases in the United States, for example, increased every year from 2014 (1.9 million) to 2019 (2.6 million), marking six consecutive years of record-breaking case numbers.
Why Are STI Rates So High?
Several interacting factors make STIs particularly difficult to control compared with other infectious diseases:
•	Many infections are long-term and asymptomatic, meaning infected individuals can unknowingly transmit the organism to others for extended periods.
•	Social stigma and embarrassment discourage people from seeking testing or treatment.
•	Changes in sexual behaviour over time influence transmission dynamics.
•	Inconsistent use of barrier protection (e.g. condoms) and gaps in sexual health education.
•	Numerous opportunities for transmission through digital, oral, anal, and vaginal sexual contact.
•	Lack of protective immunity after treatment — successfully treated individuals can be reinfected.
•	Difficulty for governments and health systems to regulate sexual behaviour.
•	A scarcity of vaccines — effective vaccines exist for only two STIs (HPV and hepatitis B).
Treatment and Prevention Limitations
Unlike many other infectious diseases, STIs cannot all be cured or prevented. Key limitations include:
•	Asymptomatic infections often go undetected and untreated.
•	Some STIs can cause serious long-term complications such as cancers or infertility.
•	Only two vaccines exist for STIs: HPV and hepatitis B (HBV).
•	Some STIs are incurable and result in lifelong infection.
•	For STIs that antibiotics can cure, reinfection is common because infection does not confer protective immunity, and antimicrobial resistance is an increasing concern.
It is also common for individuals to have multiple STIs simultaneously (concurrent infections). One infection may increase susceptibility to acquiring another — for example, the risk of acquiring HIV can be 5–10 times greater when other STIs are present. For this reason, clinicians should consider testing for multiple STIs concurrently when one is suspected or diagnosed.
Part 2: Common STIs and Their Causative Agents
Global Prevalence Snapshot
•	More than 1 million people are infected with an STI every day, worldwide.
•	Over 500 million people worldwide have genital herpes.
•	Every year there are over 376 million new infections of the four most common curable STIs: chlamydia, gonorrhoea, trichomoniasis, and syphilis.
Classification by Organism Type
STIs and genital infections are caused by organisms from four broad categories:
Category	Organisms	Example Diseases / Notes
Bacterial	Chlamydia trachomatis, Neisseria gonorrhoeae, Treponema pallidum, Haemophilus ducreyi, Mycoplasma genitalium, Gardnerella vaginalis	Chlamydia, gonorrhoea, syphilis, chancroid
Viral	HIV, HSV, HPV, HBV	AIDS, genital herpes, genital warts/cancers, hepatitis B
Fungal	Candida albicans	Vaginal candidiasis (thrush)
Protozoan	Trichomonas vaginalis	Trichomoniasis

Most organisms responsible for STIs are generally fragile: they survive poorly outside the body, and transmission typically requires close contact and/or direct exchange of bodily fluids such as semen, vaginal fluids/secretions, blood, or contact with sores, occurring during digital, oral, anal, or vaginal sex.
Common Clinical Presentations
Cervicitis and Urethritis
Inflammation of the cervix and urethra, presenting with dysuria, itching, and possibly discharge. Causative organisms include N. gonorrhoeae, C. trachomatis, T. vaginalis, M. genitalium, and HSV.
Vaginosis
Disruption of normal vaginal flora, presenting with unpleasant odour and/or vaginal discharge. Causative organisms include T. vaginalis, C. albicans, and G. vaginalis.
Genital Ulcers
Caused by HSV, C. trachomatis, T. pallidum, and H. ducreyi.
Genital Warts and Cancers
Caused by particular types of HPV.
Pelvic Inflammatory Disease (PID)
Presents with chronic pelvic pain, fallopian tube damage, and infertility. Causative organisms include C. trachomatis, N. gonorrhoeae, G. vaginalis, Mycoplasma hominis, M. genitalium, and T. vaginalis.
Part 3: Key Bacterial and Protozoan STIs
Overview of Bacterial STIs
•	Chlamydia trachomatis — Chlamydia — approximately 130 million infections per year.
•	Neisseria gonorrhoeae — Gonorrhoea — approximately 82 million infections per year.
•	Treponema pallidum — Syphilis — approximately 7.1 million infections per year.
•	Haemophilus ducreyi — Chancroid.
Chlamydia
Chlamydia is caused by Chlamydia trachomatis, an obligate intracellular bacterial pathogen that infects epithelial cells of the mucosa and can cause persistent, chronic infections.
There is a range of different serotypes with distinct disease associations:
•	Serotypes A, B, C cause the serious eye disease trachoma.
•	Serotypes D–K cause genital infections (chlamydia).
•	Serotypes L1, L2, L3 cause the systemic STI lymphogranuloma venereum (LGV), which can become ulcerative and involves infection in the draining lymph nodes.
The incidence of chlamydia has increased by approximately 20% per year since 2001. It is a notifiable disease, requiring reporting to the Health Department along with partner notification and contact tracing.
Symptoms and Presentation
Most chlamydia infections are asymptomatic in both sexes. Infections can affect the urogenital tract, rectum, eyes, and oropharynx. Where symptoms do occur, they usually begin 7–14 days after infection.
In both sexes, features may include watery or mucopurulent discharge (whitish to colourless), urethritis, dysuria, proctitis (rectal pain, bleeding, discharge), and swollen lymph nodes.
In females, chlamydia commonly presents as cervicitis, pain during sex, intermittent bleeding, and lower abdominal pain. In males, presentation may include penile itch and discharge, and swollen, sore testes (epididymitis).
Complications
In females, complications include pelvic inflammatory disease (PID), chronic pelvic pain, ectopic pregnancy, and infertility. Complications are rarer in males but can include inflammation of the testicles.
Vertical transmission to the baby can occur during vaginal delivery, resulting in neonatal conjunctivitis and pneumonia. Chlamydia infection also increases the risk of acquiring HIV, and co-infection with gonorrhoea is common.
Gonorrhoea
Gonorrhoea is caused by the bacterium Neisseria gonorrhoeae, a gram-negative diplococcus. The typical sites of entry are the vagina, urethra, throat, and rectal mucosa.
Pathogenesis
Important adhesion factors for N. gonorrhoeae include pili and outer membrane proteins (OMPs). The organism employs several immune evasion strategies:
•	High antigenic variation, allowing the organism to continually escape the immune response.
•	Production of IgA protease.
•	Invasion of non-ciliated epithelial cells.
•	Replication within a vacuole.
•	Release through the basement membrane.
Damage to the host results primarily from the host's own inflammatory response, rather than direct toxicity of the organism.
Symptoms and Presentation
Most female infections are asymptomatic. Infections can occur in urogenital, rectal, eye, oropharyngeal, and disseminated forms. Where symptoms present, they usually begin 2–8 days after infection.
In both sexes, presentation may include yellow/greenish discharge, urethritis, dysuria, proctitis (rectal pain, bleeding, discharge), and swollen lymph nodes.
In females: cervicitis, vaginal discharge, pain during sex, and intermittent bleeding. In males: urethritis with painful purulent (yellow/greenish) discharge; if untreated, this can progress to prostatitis, urethral stricture, and swollen sore testes (epididymitis).
Complications
Complications are rare in males but, if untreated, can lead to epididymitis and infertility. Complications are more common in females owing to the high rate of asymptomatic infection, and include PID, chronic pelvic pain, increased risk of ectopic pregnancy, infertility, and abscesses.
Vertical transmission during vaginal delivery can cause neonatal conjunctivitis, joint infections, and life-threatening bloodstream infections.
Untreated gonorrhoea may disseminate via the bloodstream, causing Disseminated Gonococcal Infection (DGI), which can present as endocarditis, septic arthritis, tenosynovitis, and dermatitis with skin rash and pus-filled lesions. Gonococcal infection, like chlamydia, increases the risk of acquiring HIV.
Diagnosis of Chlamydia and Gonorrhoea
The Nucleic Acid Amplification Test (NAAT) is the most common diagnostic method for both chlamydia (CT) and gonorrhoea (NG). It is essential to always order both CT/NG tests together, because clinical presentation is not reliably distinguishable between the two organisms. Laboratory diagnosis is typically performed as a multiplex NAAT (PCR).
Sexual history and reported symptoms guide the choice of sample — urine or swab. First-pass urine is the easiest sample to obtain. Microscopy, culture and sensitivity (MCS) testing is also used: microscopy is diagnostic for NG, and culture is important for NG to determine antimicrobial sensitivities. Self-test kits are now available for many STIs.
Positive results are notifiable and require partner tracing and treatment. Treatment is with antibiotics — for example, doxycycline can treat both CT and NG.
Syphilis
Syphilis is caused by the spirochete bacterium Treponema pallidum, which cannot be cultured easily in vitro. Its worldwide prevalence is increasing.
Transmission occurs through direct contact with a chancre (a syphilitic sore) via skin-to-skin contact during vaginal, anal, or oral sex. There is a 15–30% risk of infection after sexual contact with an infected partner. The organism has a very low infectious dose (ID50 of approximately 60 organisms), and the incubation period ranges from 9 to 90 days.
Syphilis progresses through three stages of disease: primary, secondary, and tertiary.
Stage 1: Primary Syphilis
The hallmark of primary syphilis is an ulcerative lesion called the chancre — a painless, hard-based ulcer that is highly infectious. Lesion location depends on the site of contact:
•	Female: generally the cervix, labia, or urethra.
•	Male: generally the penis or ano-rectal area.
•	Both sexes: extragenital sites are possible, including fingers, lips, and nipples.
Stage 2: Secondary Syphilis (Dissemination)
The chancre sore heals, but the individual remains infectious as treponemes spread systemically through the blood and lymph. Flu-like symptoms occur, along with a rough, brownish rash typically found on the soles of the feet and palms of the hands. Notably, this rash is not itchy, and it may appear, resolve, and reappear over approximately three months.
At this stage, the immune system is actively fighting the infection. If left untreated, T. pallidum becomes latent and the disease progresses toward Stage 3 (tertiary syphilis).
Both primary and secondary stages are infectious, and transmission is possible even with condom use due to skin-to-skin contact outside the area covered by the condom. If diagnosed in the primary or secondary stages, syphilis is curable and can be treated with penicillin.
Risk of Complications: Vertical Transmission
Syphilis carries a serious risk of vertical transmission during pregnancy and vaginal childbirth. T. pallidum can cross the placenta, potentially causing congenital malformation, stillbirth, and bone, tooth, and mental abnormalities in the infant. Screening and treatment with penicillin before or during pregnancy is essential to prevent these outcomes.
Stage 3: Tertiary Syphilis
Approximately 30% of untreated cases progress to the tertiary stage. Damage at this stage results from immunopathology, occurs slowly over years, and can have life-threatening consequences. Notably, T. pallidum is no longer detectable at this stage — the damage results from the host's cell-mediated immune responses, which cause:
•	Soft tissue destruction and gummas — granulomas resulting from chronic inflammation.
•	Cardiovascular complications, such as leaking of the aortic valve.
•	Neurosyphilis, presenting with dementia and psychotic symptoms.
Diagnosis: Microscopy and Serology
Because T. pallidum cannot be cultured in vitro (it is too difficult and slow to grow), diagnosis relies on microscopy and serology.
Microscopy can be used to directly observe spirochetes in exudate taken from a primary chancre (which is very infectious).
Serology is used for both diagnosis and staging of the disease, using two categories of test:
•	Treponemal Tests (TT) — high specificity; these detect antibody against T. pallidum in the patient's serum.
•	Non-Treponemal Tests (NTT) — non-specific; these detect antibody against cardiolipin, a host membrane component present due to host tissue damage, typically found in syphilis patients. Examples include the Rapid Plasma Reagin (RPR) test and the Venereal Disease Research Laboratory (VDRL) test.
In practice, laboratories perform serology using an algorithm that combines non-treponemal and treponemal tests. Syphilis is a notifiable disease, requiring reporting to the Health Department, partner notification, and contact tracing — all sexual contacts during stage 1 or 2 should be treated.
Trichomoniasis
Other important genital infections are caused by non-bacterial organisms, including Candida albicans (vaginal candidiasis/thrush) and Trichomonas vaginalis (trichomoniasis, with approximately 156 million infections per year).
Trichomoniasis is an STI caused by Trichomonas vaginalis, a flagellated protozoan. Transmission occurs through vaginal, oral, or anal sexual intercourse.
Symptoms and Signs
Trichomoniasis is usually asymptomatic in both sexes. When symptomatic:
•	Female: cervicitis (classically described as 'strawberry cervix') and urethritis; malodorous, profuse, frothy vaginal discharge with a characteristic 'fishy odour'; dysuria; itching/soreness of the vagina/vulva. Infection can lead to PID, particularly in HIV-positive individuals.
•	Male: urethritis, epididymitis, or prostatitis; dysuria and penile discharge.
Trichomoniasis is not a notifiable disease in Australia, despite being the most common curable STI worldwide.
Diagnosis and Treatment
Diagnosis is made using microscopy (a wet mount to detect the large parasites from a high vaginal swab or first-pass urine) or NAAT/PCR testing on first-pass urine or a high vaginal swab, which is more sensitive than microscopy.
Treatment uses antimicrobial (anti-protozoan) medications, such as metronidazole (Flagyl) or tinidazole. Tracing and concurrent treatment of partners is important to prevent reinfection or PID.
Part 4: Key Viral STIs
Overview of Viral STIs
•	Human Immunodeficiency Virus (HIV) — more than 40 million people infected worldwide; approximately 1 million deaths per year.
•	Herpes Simplex Virus (HSV) — more than 500 million people infected; approximately 20 million new infections per year.
•	Human Papillomavirus (HPV) — approximately 30 million infections per year; approximately 250,000 cancer deaths per year.
•	Hepatitis B (HBV) — more than 200 million people infected worldwide.
Human Immunodeficiency Virus (HIV) and AIDS
HIV exists as two types, HIV-1 and HIV-2. Both are retroviruses of the lentivirus family that encode a reverse transcriptase (the pol gene). HIV is the causative agent of Acquired Immunodeficiency Syndrome (AIDS).
HIV generally infects CD4+ cells, including T-helper (Th) cells, monocytes, dendritic cells, and microglia (the resident immune cells of the central nervous system). CD4 serves as the receptor for the viral gp120 envelope protein, while co-receptors CXCR4 and CCR5 are also required for viral entry.
Transmission
HIV is transmitted in bodily fluids. Non-sexual transmission routes include contact with contaminated blood (e.g. contaminated blood products, IV drug use/needle sharing) and vertical transmission to a child during pregnancy and breastfeeding.
Sexual transmission generally occurs from male to male (particularly to the receptive anal partner), male to female, and female to male (though this route is less efficient). The presence of other STIs — particularly those causing genital ulcers, as well as chlamydia, gonorrhoea, and trichomoniasis — increases the likelihood of HIV transmission.
Importantly, HIV is NOT transmitted through casual contact such as insect bites, toilet seats, kissing, sharing cutlery, or touching. Routes of transmission include unprotected sex, pregnancy/childbirth/breastfeeding, injecting drug use, occupational exposure in healthcare settings, and blood transfusions or organ/tissue transplants.
Pathogenesis
HIV infection progresses through distinct phases:
•	Initial acute phase: characterised by a massive loss of CD4+ T cells, which profoundly weakens the immune system. This stage lasts a few weeks and is associated with a spike in plasma viraemia.
•	Second chronic phase: HIV replication is checked (partially controlled) by the immune system, reaching a 'viral set-point'. However, chronic immune activation persists, and there is an increasing threat of opportunistic infection over time. This stage can last several years, during which CD4+ T cell counts gradually decline.
•	AIDS phase: opportunistic infections become prevalent as the immune system becomes profoundly compromised, and viral load rises sharply while CD4+ T cell counts fall further.
AIDS Onset and Opportunistic Infections
As HIV-induced immune compromise progresses to AIDS, a wide array of opportunistic diseases can occur across multiple organ systems, including: cryptococcal meningitis and toxoplasmosis (brain); CMV retinitis (eyes); cold sores and oral thrush/candidiasis (mouth and throat); histoplasmosis, PCP (pneumocystis carinii pneumonia), and tuberculosis (lungs); CMV, cryptosporidiosis, and mycobacterium avium complex (MAC) (stomach); hepatitis C virus infection (liver); and in the reproductive system, genital ulcers, HPV-related disease and cervical cancer, menstrual problems, PID, urinary tract infections, and vaginal yeast infections.
Treatment — No Cure
While there is currently no cure for HIV, effective treatments are now available that can suppress viral replication to undetectable and untransmittable levels. Most antiretroviral drugs target the reverse transcriptase step of HIV replication, though other inhibitor classes target binding, protease activity, and viral fusion.
Current best practice uses combined therapies, known as cART (combined antiretroviral therapy), which can suppress viral replication to undetectable/untransmittable levels. Pre-exposure and post-exposure prophylactic medications (PrEP and PEP) are also now available.
Herpes Simplex Virus (HSV) — Genital Herpes
Genital herpes is caused by the herpes simplex virus, a double-stranded DNA virus with a large genome. There are two types:
•	HSV-1 — generally transmitted by saliva, classically causing oral cold sores. Seroprevalence in adults is approximately 70%. HSV-1 now accounts for approximately 50% of new genital herpes cases in developed countries.
•	HSV-2 — generally transmitted by sexual contact, causing genital blisters and ulcers.
Pathogenesis and Clinical Course
Approximately 75% of infections may be asymptomatic. Where symptoms occur, primary lesions form 4–7 days after initial infection. These are vesicular lesions that become painful, shallow ulcers, usually located on the penis or vulva, but may also occur intravaginally, anally, or on the cervix. Pain, itching, and burning at the site, along with dysuria, are common in women, and systemic symptoms such as fever, low-grade headache, malaise, myalgias, and inguinal lymphadenitis may also occur. Primary lesions typically consist of multiple, widespread lesions at different stages, and heal over 3–4 weeks.
Recurrent infections are common — 70–90% of individuals experience a recurrence within one year of the primary infection, though recurrent episodes are generally less severe than the initial episode. Recurrent lesions occur when latent virus residing in the dorsal root ganglion reactivates; these lesions are typically grouped together and appear in identical stages of development. As the saying goes, 'Herpesviridae — they never go away,' reflecting the virus's establishment of lifelong latency.
Neonatal Herpes
Neonatal herpes results from infant exposure to HSV in the birth canal, though in utero transmission is also possible, albeit less common. This can have serious consequences, including skin and eye disease, cognitive impairment, organ dysfunction, and death. It is therefore important to prevent transmission during pregnancy, particularly in the third trimester; an elective Caesarean section is recommended if lesions are present at the time of delivery.
Diagnosis
Initial diagnosis is often made through clinical observation of symptoms and visible vesicles/lesions, then confirmed with laboratory testing. A swab is taken from the base of a genital lesion or vesicle fluid and sent in viral culture medium.
•	NAAT/PCR — faster and approximately four times more sensitive than viral culture.
•	Viral culture (growth in tissue culture) — rarely performed now; it has poor sensitivity, detecting HSV in fewer than 50% of recurrent lesions.
•	Serology — detects HSV type-specific IgG (HSV-1 and HSV-2) antibodies in serum.
Treatment — No Cure
There is no cure for herpes. Antiviral treatment is available, but it can only reduce the severity and length of outbreaks and reduce viral shedding — it does not eliminate the virus.
Prevention is essential and includes abstaining from sex when lesions are present, and consistently using condoms and other barrier methods; however, transmission remains possible even with condom use, due to skin-to-skin contact in areas not covered by the condom. Genital herpes is not a notifiable disease, largely because it is already too prevalent for such reporting to be practically useful for control.
Human Papillomavirus (HPV) — Genital Warts and Cancers
HPV is a double-stranded DNA virus with an 8-kb genome comprising 8 genes. There are more than 120 distinct types of HPV, of which approximately 40 types infect the genital tract.
HPV causes genital warts, and some types are linked to cancers. The interval from HPV infection to cancer development is typically approximately 10–20+ years. HPV-associated cancers include cervical, anal, vulvar, throat, and penile cancer — with cervical cancer representing by far the largest annual burden of HPV-induced cancer cases worldwide.
Transmission and Pathogenesis
HPV is transmitted via skin-to-skin sexual contact. There is no environmental transmission, but penetrative intercourse is not strictly required for transmission — for example, transmission via fingers is possible.
The virus enters squamous epithelium cells via microabrasions. Infection is often resolved naturally by the immune system, and the majority of infections are subclinical (asymptomatic). Viral proteins E6 and E7 disrupt normal cell division; infected cells outgrow non-infected cells, resulting in warts and tumours. The virus may also integrate into the host genome, a step implicated in carcinogenesis.
Diagnosis
The aim of HPV screening is to prevent the onset of associated cancers. The incubation period is 1–6 months. Diagnosis approaches include:
•	Clinical observation of visible lesions.
•	Subclinical diagnosis — application of dilute acetic acid, which causes affected (wart) tissue to whiten.
•	Cytology — for individuals with a cervix aged 25 years and older, a 5-yearly HPV Cervical Screening Test (CST) is recommended, with self-collection of swabs available for those aged 24–74 years. This screening identifies cervical intraepithelial neoplasia (CIN) and early cervical cancers.
Treatment and Prevention
There is no cure for HPV. Available treatments for visible warts are cosmetic and non-specific, aiming only to control growth — options include liquid nitrogen (cryotherapy), surgical excision, and caustic agents.
Prevention is the cornerstone of HPV control, primarily through vaccination. The quadrivalent Gardasil vaccine protects against HPV types 16, 18, 6, and 11. Vaccination has been shown to produce a 90% reduction in genital warts among males and females under 21 years of age, and a 77% reduction in the types of HPV infections that cause cancers.
Global Public Health Response
The World Health Organization (WHO), through its Global HIV, Hepatitis and STIs Programmes, has established the Global Health Sector Strategies (GHSS) 2022–2030, with the overarching goal to end AIDS and the epidemics of viral hepatitis and sexually transmitted infections by 2030. The strategy is built around three interconnected pillars — an HIV strategy, a viral hepatitis strategy, and a sexually transmitted infections strategy — supported by five cross-cutting priorities:
•	Deliver high-quality, evidence-based, people-centred services.
•	Optimize systems, sectors and partnerships for impact.
•	Generate and use data to drive decisions for action.
•	Engage empowered communities and civil society.
•	Foster innovations for impact.
More than 1 million STIs are acquired every day worldwide, and left untreated, some can have serious consequences. Emerging self-collection sample kits are helping to improve delivery of STI testing services by making testing more accessible and reducing barriers related to stigma and clinical access.
Summary and Key Take-Home Messages
•	The majority of STIs are viral or bacterial in origin.
•	Some STIs cannot be cured, and effective vaccines exist for only two of them (HPV and hepatitis B).
•	A major challenge in preventing STIs is that many infections are asymptomatic; control also requires behavioural change and the removal of associated social stigma.
•	Diagnosis most often relies on molecular methods (such as NAAT/PCR) and microscopy, using samples taken from sites of sexual contact, lesions, rash, or discharge, together with serology from blood samples, interpreted alongside clinical signs.
•	It is common for an individual to have more than one type of STI concurrently.
•	Treatment of bacterial and protozoan STIs with antimicrobials can be very effective, but it does not prevent reinfection.
•	Many STIs are notifiable diseases; partner tracing and regular testing are important components of disease control.
•	STIs pose significant dangers of infertility and can be transmitted to a fetus or newborn, sometimes with serious or life-threatening consequences.
References and Further Reading
Chapter 22, Mims' Medical Microbiology and Immunology, 6th Edition.
World Health Organization. Sexually transmitted infections (STIs) fact sheet. https://www.who.int/news-room/fact-sheets/detail/sexually-transmitted-infections-(stis)
ABC News. Vending machine STI test, Echuca-Shepparton (12 July 2023). https://www.abc.net.au/news/2023-07-12/vending-machine-sti-test-echuca-shepparton/102590930
Tuddenham et al. Diagnosis and Treatment of Sexually Transmitted Infections: A Review. JAMA. 2022;327(2):161-172. doi:10.1001/jama.2021.23487 (see also Supplementary Table S1).
World Health Organization. Global HIV, Hepatitis and STIs Programmes — Global Health Sector Strategies (GHSS) 2022-2030. https://www.who.int/teams/global-hiv-hepatitis-and-stis-programmes/strategies/global-health-sector-strategies",
Health promotion for the clinician,"Comprehensive Guide to Health Promotion & Disease Prevention in Clinical Practice
Instructor Lecture Notes & Masterclass Guide  |  Lecturer: Dr. Asika Pelenda

1. Introduction & The Four Tasks of the Clinical Encounter
Welcome to this comprehensive medical module on health promotion and preventative medicine. As future clinicians, your clinical interactions will extend far beyond diagnosing acute pathology. Primary care and general clinical encounters require a holistic framework that addresses all facets of a patient's health trajectory.
Theoretical Foundation: The foundational framework governing the general practice clinical encounter was originally established by Stott & Davies (1979) and subsequently expanded by Wooding & Suchdev (2014). This model asserts that every clinical encounter offers four potential tasks that a clinician must navigate:
•	1. Managing the Acute Problem: Addressing the presenting illness, chief complaint, or urgent medical condition that prompted the patient's consultation.
•	2. Managing Chronic Problems: Identifying, monitoring, and optimizing established long-term conditions (e.g., Type 2 Diabetes Mellitus, Hypertension, Osteoarthritis) to slow disease progression and prevent end-organ damage.
•	3. Prevention and Health Promotion: Utilizing opportunistic screening, risk stratification, and patient education to detect asymptomatic conditions early or prevent new pathology entirely.
•	4. Modifying Health-Seeking Behaviors: Influencing how patients utilize healthcare services, fostering self-management, addressing health literacy, and guiding appropriate care-seeking behaviors.
■  CORE CLINICAL PRINCIPLE
A successful clinician does not merely react to the acute chief complaint. Every consultation provides an opportunity to screen for risk factors, review chronic disease management, and promote healthy lifestyle habits.

2. Differentiating Health Promotion vs. Disease Prevention
Although often used interchangeably in casual discourse, Health Promotion and Disease Prevention represent distinct medical and public health concepts that operate at different systemic levels:
•	Health Promotion: A multisectoral, interdisciplinary approach aimed at addressing the broader social determinants of health (SDOH)—including housing, education, income, food security, and environmental safety. It empowers individuals and communities to increase control over and improve their overall health.
•	Disease Prevention: Services, interventions, and clinical modalities provided primarily within the healthcare sector focused on specific disease entities. It aims to reduce the incidence, prevalence, impact, and complications of targeted conditions.
Domain	Primary Focus	Key Systemic Drivers
Health Promotion	Empowerment, socio-environmental factors, equity	Multisectoral collaboration, public policy, community programs
Disease Prevention	Specific pathogen/pathology interception, clinical management	Healthcare sector, clinical guidelines, targeted interventions

3. Levels of Disease Prevention
Preventative medicine is structured into three primary tiers corresponding to the point of intervention relative to disease development:
Primary Prevention
Objective: Primary prevention aims to eliminate risk factors and prevent the initial occurrence of a disease.
Target Population: At-risk groups and populations exposed to specific environmental, behavioral, or genetic risk factors prior to any biological disease onset.
•	Examples: Patient education on lifestyle factors (diet, physical activity, smoking cessation).
•	Immunization and vaccination programs (e.g., HPV, influenza, childhood vaccines).
•	Creating safe physical and occupational environments (e.g., seatbelt laws, occupational safety regulations).
•	Harm reduction strategies (e.g., needle exchange programs).
Secondary Prevention
Objective: Secondary prevention focuses on early detection of disease in its subclinical, asymptomatic phase, enabling early therapeutic intervention to arrest or slow disease progression.
Target Population: Asymptomatic individuals with high risk or early subclinical pathological changes.
•	Examples: Screening cervical cytology (Pap smears / HPV co-testing).
•	Screening mammography for early breast cancer detection.
•	Routine blood pressure screening for essential hypertension.
•	Fasting lipid panels and cardiovascular risk assessment.
•	Faecal Occult Blood Testing (FOBT) / Bowel cancer screening.
•	Targeted lifestyle advice post-screening identification.
Tertiary Prevention
Objective: Tertiary prevention aims to minimize the negative impact of established, symptomatic disease, mitigate functional disability, and prevent secondary complications.
Target Population: Patients diagnosed with chronic disease, long-term illness, or functional impairment.
•	Examples: Multidisciplinary rehabilitation (e.g., cardiac rehab post-MI, stroke rehab).
•	Routine monitoring and maintenance regimens (e.g., HbA1c testing and diabetic foot checks).
•	Provision of allied health supports and social services.
•	Structured chronic disease lifestyle management plans.
Level	Primary Aim	Target Group	Clinical Examples
Primary	Prevent disease onset	Healthy / At-risk population	Immunizations, lifestyle education, harm reduction
Secondary	Detect asymptomatic disease early	High-risk / Subclinical individuals	Pap smears, mammography, BP & lipid screening, FOBT
Tertiary	Reduce complications & disability	Patients with established illness	Rehabilitation, HbA1c checks, chronic care planning

4. The Natural History of Disease
Understanding the natural history of a disease—the course a disease takes from pre-pathogenesis to resolution or death in the absence of treatment—is vital for timing preventative interventions effectively.
Chronological Pathological Stages: The timeline progresses through four distinct stages:
•	1. Stage of Susceptibility: The patient is health-wise unaffected but exposed to risk factors or environmental triggers that create susceptibility to disease.
•	2. Stage of Subclinical Disease: Pathologic changes have commenced at a cellular or tissue level, but no clinical symptoms or signs are manifest. Pathologic changes occur here, and this stage represents the critical window for Secondary Prevention (Screening).
•	3. Stage of Clinical Disease: Symptom onset occurs. This represents the usual time of clinical diagnosis. Clinical signs appear, prompting medical evaluation.
•	4. Stage of Recovery, Disability, or Death: The ultimate disease outcome, ranging from complete recovery to persistent disability, chronic state, or death. This phase is managed via Tertiary Prevention.
■  NATURAL HISTORY TIMELINE
Key Milestone: Exposure → Pathologic Changes → Onset of Symptoms → Usual Time of Diagnosis.
Clinical Insight: Relying solely on 'Usual Time of Diagnosis' means intervening only after clinical symptoms appear. Effective screening shifts detection back into the Subclinical Stage.

5. Population vs. Targeted Approaches to Prevention
When implementing public health and clinical preventative strategies, two distinct frameworks are utilized:
Population Approach
Definition: Interventions applied broadly across an entire population regardless of individual risk status (e.g., universal child immunization programs for children under age 6, water fluoridation).
Philosophical Basis: Grounded in the principle that all members of society deserve equitable access to basic health resources and health education.
•	Implementation Challenges: Universal in principle may not translate to universal in practice due to systemic access barriers.
•	Inverse Care Law / Prevention Paradox: Universal health information can disproportionately benefit socioeconomically advantaged individuals who have higher health literacy and resources, potentially widening health gaps.
Targeted Approach
Definition: Interventions directed specifically to high-risk or priority sub-groups within the broader population (e.g., high-risk screening based on family history, socio-geographic targeting).
Objective: Focuses resources where disease burden and risk are highest to close equity gaps.
•	Implementation Challenges: Focusing strictly on high-risk individuals often addresses the consequences of health inequities rather than their underlying structural causes.
•	Lifestyle Drift: Interventions intended to address broad structural or social determinants frequently drift downward toward a narrow focus on individual education and behavioral change.
•	Defining precise eligibility criteria can be contentious, stigmatizing, or complex.
6. Health Advocacy: Agency vs. Activism & Shared vs. Directed Models
Health advocacy is a fundamental professional competency for clinicians. Clinicians advocate to improve patient outcomes at both individual and system levels.
Two Spheres of Action: Agency vs. Activism
•	Agency: Individual-level support. Assisting individual patients or families in navigating complex healthcare, social, or housing systems when they face overwhelming barriers to independent action.
•	Activism: Systemic-level action. Strategic actions aimed at bringing about institutional, practice-level, hospital-level, social, economic, or political change.
Two Paradigms of Clinical Engagement: Shared vs. Directed
•	Shared Approach: Collaborative and participatory. Provider contribution is based on mutual engagement, facilitation, and partnership. The patient or community voice determines health needs, and the clinician acts as a supportive partner.
•	Directed Approach: Expert-led and prescriptive. The clinician determines health needs through a biomedical lens and provides expert guidance, representation, or direct intervention.
The UBC (University of British Columbia) Health Advocacy Framework
By crossing these two dimensions, the UBC Framework establishes four quadrants of advocacy practice:
Advocacy Realm	Shared (Community/Patient Led)	Directed (Healthcare Provider Led)
ACTIVISM
(Systemic / Institutional)	SHARED ACTIVISM
• Community voice determines strengths, needs, and opportunities for change.
• Healthcare providers support or join community action.	DIRECTED ACTIVISM
• Healthcare providers determine strengths, needs, and systemic opportunities.
• Healthcare providers lead, support, or recruit others in systemic action.
AGENCY
(Individual / Patient)	SHARED AGENCY
• Patient + Family determine strengths and needs.
• Patient acts; healthcare providers join and enable self-management.	DIRECTED AGENCY
• Healthcare providers determine patient strengths and needs via biomedical assessment.
• Healthcare providers lead action on behalf of the patient.

7. RACGP SNAP Guidelines & Behavioral Risk Factors
The Royal Australian College of General Practitioners (RACGP) SNAP Guidelines provide a structured, evidence-based framework for managing four major lifestyle risk factors in general practice: Smoking, Nutrition, Alcohol, and Physical Activity.
Epidemiological Burden & Clinical Data in Australia
•	Smoking: Cigarette smoking has declined across most age demographics, but remains static in adults aged 60 and older. It causes ~19,000 Australian deaths annually and accounts for the single greatest burden of disease (9.7%).
•	Nutrition & Obesity: Diets low in fruit and vegetables are causally linked to cardiovascular disease (CVD) and malignancies. 91% of Australian adults have inadequate vegetable intake; 50% have inadequate fruit intake. Currently, 62.8% of Australian adults and 25.7% of children are overweight or obese.
•	Alcohol: Accounts for 3.3% of the total disease burden. Moderate intake may show protective cardiovascular effects in middle/older ages, but excess consumption is harmful across all ages. Crucially, alcohol is responsible for more drug-related deaths and hospital presentations in 15–34 year olds than smoking or illicit drugs combined.
•	Physical Activity: Physical inactivity causes 7% of the total burden of disease. Approximately 60% of Australian adults do not participate in sufficient physical activity.
Health Inequalities & Social Determinants
Risk factors are not distributed evenly across society. Individuals living in low socioeconomic status (SES) areas, rural/remote locations, and Aboriginal and Torres Strait Islander communities experience significantly higher cardiovascular risk and risk factor clustering.
•	Risk Factor Clustering: 46% of individuals living in the most disadvantaged socioeconomic areas present with 4 or more chronic risk factors, compared to only 27% of those living in the least disadvantaged areas.
8. The 5A's Framework for Clinical Lifestyle Interventions
The 5A's model (Ask, Assess, Advise/Agree, Assist, Arrange) provides clinicians with a practical, step-by-step structure for incorporating risk factor management into standard consultations.
Step	General Clinical Action	Specific Clinical Application (e.g., Nutrition)
ASK	Systematically identify patients with lifestyle risk factors during clinical presentation.	Ask regarding daily fruit/veg portions, salt intake, sugary foods, saturated fat, and alcohol.
ASSESS	Evaluate level of risk, relevance to overall health, readiness to change, and health literacy.	Assess portion sizes, dietary behaviors, stage of change, health literacy, and weight-affecting medications.
ADVISE /
AGREE	Provide clear, personalized advice. Negotiate realistic health goals and target outcomes.	Educate via Australian Dietary Guidelines; negotiate and agree on realistic, achievable dietary modifications.
ASSIST	Provide structured support, written materials, self-monitoring tools, and referral options.	Develop a personalized diet plan, supply self-help educational materials, or refer to an Accredited Practising Dietitian.
ARRANGE	Schedule proactive follow-up, track progress, and provide relapse prevention management.	Schedule a clinical review consultation in 2–3 months to assess progress and modify goals.

Nutritional Guidance Tool: The Australian Guide to Healthy Eating: Clinicians should guide patients using the standard visual plate breakdown, promoting a wide variety of foods across 5 main food groups daily: (1) Vegetables and legumes/beans, (2) Grain/cereal foods (wholegrain/high fiber), (3) Lean meats, poultry, fish, eggs, tofu, nuts/seeds, (4) Milk, yogurt, cheese or alternatives (reduced fat), and (5) Fruit, alongside ample water intake.
9. Barriers to Preventative Counselling in Primary Care
Despite the clear benefits of lifestyle interventions, surveys of General Practitioners regarding SNAP guidelines demonstrate substantial clinical barriers to conducting physical activity and nutritional counselling:
•	1. Insufficient Time: The single greatest barrier cited by clinicians (>90% of respondents). Time constraints in brief consultations limit lifestyle discussions.
•	2. Perceived Patient Resistance / Efficacy: Perception that patients will be resistant or that brief advice makes little practical difference (~52%).
•	3. Clinical Confidence Deficit: Lack of physician confidence or training in delivering effective behavioral interventions (~37%).
•	4. Perceived Lack of Relevance: Belief that lifestyle counselling is not relevant to the presenting clinical complaint (~22%).
•	5. Role Perception: A tiny minority (<2%) feel preventative counselling is not a GP's role, confirming that structural time and training barriers—rather than practitioner reluctance—are the primary blockers.
10. The Transtheoretical Model (Cycle of Behavior Change)
To overcome patient resistance and counsel effectively, clinicians must tailor interventions to the patient's stage of readiness using the Transtheoretical Model of Behavior Change (Prochaska & DiClemente, 1983).
The Six Stages of Change
•	1. Pre-Contemplation: The patient has no awareness of a problem and no intention to modify behavior in the foreseeable future. Clinical Goal: Raise awareness and highlight risk without being confrontational.
•	2. Contemplation: The patient is aware that a problem exists and is considering change, but has made no formal commitment to action (ambivalence). Clinical Goal: Explore ambivalence, highlight pros of change.
•	3. Preparation: The patient intends to take action in the near future and may begin taking small preparatory steps. Clinical Goal: Help set realistic goals and formulate a concrete plan.
•	4. Action: The patient actively modifies their behavior, experiences, or environment to overcome the problem. Clinical Goal: Provide direct support, tools, and encouragement.
•	5. Maintenance: Sustained behavioral change; new habits replace old patterns over time. Clinical Goal: Reinforce strategy and prevent relapse.
•	6. Relapse: Falling back into old patterns of behavior. Relapse is a normal part of the process, not a failure. Clinicians should encourage an 'Upward Spiral'—helping the patient learn from each relapse to strengthen future action.
■  TRANSTHEORETICAL MODEL CLINICAL APPLICATION
Behavioral change is non-linear. Patients frequently cycle through stages multiple times.
Clinical Action: Match your intervention to the patient's stage. Giving actionable advice (Action stage) to a patient in Pre-Contemplation causes friction and resistance. First move them from Pre-Contemplation to Contemplation!

End of Lecture Study Guide — Prepared for Medical Students.",
Organisation of the neck,"Comprehensive Anatomical Guide:
Organisation of the Head and Neck
Detailed Lecture Notes & Clinical Reference | Monash University Centre for Human Anatomy Education
Lecturers: Dr. Jason S. Massey & Dr. Georgina C. Stephens	Institution: Monash University (CHAE)

1. Introduction & Overview of Body Cavities
The human body is structurally partitioned into major functional cavities that protect internal organs, accommodate physiological expansion, and establish vital neurovascular pathways. Understanding the anatomical relationships of the head and neck requires establishing their orientation relative to the primary body cavities:
Primary Cavity	Sub-Divisions	Contained Structures
Dorsal Cavity
(CNS Housing)	• Cranial Cavity
• Vertebral Cavity	Brain and surrounding meninges
Spinal cord and spinal nerve roots
Ventral Cavity
(Thoracic Portion)	• Mediastinum
• Pleural Cavities (x2)	Heart, great vessels, trachea, esophagus
Lungs and pleural membranes
Ventral Cavity
(Abdominopelvic)	• Abdominal Cavity
• Pelvic Cavity	Digestive organs (stomach, liver, intestines)
Urinary bladder, internal reproductive organs

2. Categorization of Head and Neck Spaces
The compartments of the head and neck are broadly categorized into non-visceral (musculoskeletal/neurovascular) and visceral (organ/sensory) spaces. This classification facilitates systematic clinical evaluation and surgical approach.
Non-Visceral Spaces (Musculoskeletal & Neurovascular)
• Face & Scalp: Contains the muscles of facial expression (innervated by Facial Nerve, CN VII). The superficial scalp and face possess rich arterial and venous networks with critical anastomotic connections leading into the orbit and cranial cavity (e.g., facial vein connections to the ophthalmic veins and cavernous sinus), forming anatomical pathways for deep intracranial infection spread.
• Infratemporal Fossa: Houses the primary muscles of mastication (masseter, temporalis, medial and lateral pterygoids; innervated by CN V3), the maxillary artery, and mandibular nerve branches.
• Pterygopalatine Fossa: A key neurovascular crossroad. It represents a non-visceral space directly connected to almost all visceral spaces, including the cranial cavity, nasal cavity, oral cavity, orbital cavity, and pharynx.
• Musculoskeletal Neck: Comprises the cervical spine, postural back musculature, and strap (infrahyoid) muscles enclosed within specialized deep cervical fascial layers.
Visceral Spaces (Organ & Sensory Spaces)
• Cranial Cavity: Houses the brain and meninges. Subdivided internally into three cranial fossae: Anterior Cranial Fossa (supports frontal lobes), Middle Cranial Fossa (supports temporal lobes and pituitary gland), and Posterior Cranial Fossa (supports cerebellum and brainstem). The osteological skull framing this space consists of 22 bones: 14 facial bones (2 unpaired: vomer, mandible; 6 paired: maxillae, zygomatics, nasals, lacrimals, palatines, inferior nasal conchae) and 8 neurocranial bones (4 unpaired: frontal, occipital, ethmoid, sphenoid; 2 paired: parietal, temporal).
• Orbital Cavity: Encloses the visual apparatus, extraocular muscles, optic nerve (CN II), neurovasculature, and lacrimal apparatus.
• Ear Structure: Subdivided into external ear, middle ear cavity (tympanic cavity containing auditory ossicles), and inner ear (bony/membranous labyrinths for audition and vestibular balance).
• Nasal Cavity & Paranasal Sinuses: Functions in respiration and olfaction; bounded by complex ethmoidal, maxillary, frontal, and sphenoidal sinuses.
• Oral Cavity: Contains the tongue, teeth, oral mucosa, and salivary glands; bounded anteriorly by the oral fissure and posteriorly by the oropharyngeal isthmus.
• Larynx: The phonatory apparatus composed of complex cartilages (thyroid, cricoid, arytenoid, epiglottis) forming the airway portal.
• Pharynx: The central muscular tube serving as a vital conduit connecting the nasal, oral, and laryngeal structures.
3. Embryological & Anatomical Importance of the Pharynx
The pharynx is the central anatomical crossroads unifying the visceral spaces of the head and neck. Its complex architecture is derived directly from early embryonic development.
Embryological Development (Weeks 5 to 10)
• Pharyngeal Arch Origins: At 5-6 weeks of sagittal development, the primitive foregut (stomodeum) gives rise to pharyngeal arches, pouches, and clefts. The 1st pharyngeal arch contributes to Meckel's cartilage and the mandible; the 2nd arch forms the hyoid cartilage; the 4th and 6th arches form the thyroid and cricoid cartilages of the larynx.
• Pharyngeal Pouches: The 1st pharyngeal pouch expands laterally to form the tubotympanic recess (future auditory/Eustachian tube opening into the pharynx). The 2nd, 3rd, and 4th pouches contribute to tonsillar fossae, inferior/superior parathyroid glands, and the thymus.
• Thyroid Gland Origin: Arises as an epithelial invagination from the foramen cecum located at the junction of the anterior two-thirds and posterior one-third of the tongue, descending anterior to the hyoid and larynx.
• Oronasal Partitioning: Between weeks 8 and 10, lateral palatine processes fuse with the medial palatine process to separate the nasal cavity from the oral cavity, establishing the definitive choanae (posterior nares) opening into the nasopharynx.
Anatomical Subdivisions of the Pharynx
Subdivision	Anatomical Boundaries	Communicating Structures & Key Features
Nasopharynx	Cranial base to soft palate	Communicates with nasal cavity via choanae. Contains ostium of auditory tube and pharyngeal tonsils (adenoids). Dedicated exclusively to respiratory airflow.
Oropharynx	Soft palate to superior border of epiglottis	Communicates with oral cavity via oropharyngeal isthmus. Contains palatine and lingual tonsils. Serves as dual conduit for air and food.
Laryngopharynx
(Hypopharynx)	Superior border of epiglottis to inferior border of cricoid cartilage (C6 level)	Communicates anteriorly with larynx via laryngeal inlet and continues inferiorly into esophagus. Directs bolus into digestive tract.

Waldeyer's Tonsillar RingWaldeyer's ring is a circular arrangement of lymphoid tissue surrounding the nasopharynx and oropharynx. It acts as the primary immunological first line of defense for both the respiratory and digestive gut tube. It comprises:
1. Pharyngeal Tonsil (Adenoid): Located in the roof/posterior wall of nasopharynx.
2. Tubal Tonsils: Located near the pharyngeal openings of the auditory tubes.
3. Palatine Tonsils: Located in tonsillar fossae between palatoglossal and palatopharyngeal arches.
4. Lingual Tonsil: Located over the posterior one-third of the tongue surface.
4. Cervical Fasciae & Neck Compartments
Fasciae are defined as organized sheets of connective tissue (from Latin 'bandage') that wrap, isolate, and support bodily structures. In the neck, fascia is organized into superficial fascia and a complex series of deep cervical fascial tubes.
Superficial Cervical FasciaSynonymous with subcutaneous tissue lying immediately deep to the skin dermis. It consists of loose connective tissue and variable amounts of adipose tissue. Crucially, it houses the platysma muscle anterolaterally (a muscle of facial expression innervated by the cervical branch of Cranial Nerve VII), superficial cutaneous nerves, superficial veins (e.g., external jugular vein), and lymphatic channels.
Layers of Deep Cervical Fascia
Fascial Layer	Anatomical Attachments & Extent	Enclosed Structures & Contents
Investing Fascia
(Superficial Layer of Deep Cervical Fascia)	Encircles entire neck. Superior: Mandible lower border, mastoid process, superior nuchal line. Inferior: Manubrium, clavicle, acromion. Posterior: Nuchal ligament.	Splits to enclose Sternocleidomastoid (SCM), Trapezius muscles, Accessory Nerve (CN XI), Parotid, and Submandibular salivary glands.
Pretracheal Fascia
(Visceral Layer)	Midline anterior tube. Superior: Hyoid bone. Inferior: Blends with fibrous pericardium in anterior mediastinum. Posterior part continuous with buccopharyngeal fascia.	Encloses visceral organs: Thyroid gland, trachea, esophagus (inferior to C6), larynx & laryngopharynx (superior to C6), recurrent laryngeal nerves.
Carotid Sheath
(Paired Lateral Tubes)	Extends from cranial base superiorly down into root of neck / superior mediastinum. Lies laterally adjacent to pretracheal layer.	Common & Internal Carotid arteries (medial), Internal Jugular Vein (lateral; sheath is thin laterally for vein expansion), Vagus Nerve (CN X; posterior).
Prevertebral Fascia
(Vertebral Layer)	Extends from cranial base down to T4 vertebral body. Attaches posteriorly to spinous processes & nuchal ligament. Extends laterally as axillary sheath.	Encloses cervical spine, prevertebral muscles, scalene muscles, posterior vertebral muscles, phrenic nerve, brachial plexus & cervical plexus.

Note on Alar & Infrahyoid Fascia: The prevertebral fascia splits anteriorly into two laminae: the anterior lamina is designated as the alar fascia. Additionally, the infrahyoid ('strap') muscles are wrapped in a distinct muscular fascia (infrahyoid fascia) often regarded as the muscular part of the pretracheal fascia.
Major Fascial Neck CompartmentsThe deep cervical fascial layers divide the neck into four primary structural compartments:
1. Visceral Compartment: Bound by pretracheal fascia; contains endocrine, respiratory, and digestive organs.
2. Vascular Compartments (x2): Bound by paired carotid sheaths; contain major neurovasculature.
3. Vertebral Compartment: Bound by prevertebral fascia; contains cervical vertebrae, spinal cord, and postural musculature.
4. Musculoskeletal Outer Frame: Enclosed within the investing fascia.
5. Potential Spaces & Spread of Pathology
Potential neck spaces are interfascial planes filled with loose connective tissue. When infection, abscesses, or air (emphysema) enter these spaces, they split the fascial planes and can spread rapidly into the mediastinum with high lethality.
Potential Space	Anatomical Boundaries	Contents / Features	Clinical Spread Pathway
Pretracheal Space	Anterior to trachea; between investing fascia / infrahyoid fascia anteriorly and pretracheal fascia posteriorly.	Loose connective tissue, anterior jugular veins.	Extends inferiorly into the ANTERIOR MEDIASTINUM. Infections can compromise pericardium.
True Retropharyngeal /
Retrooesophageal Space	Anteriorly: Buccopharyngeal fascia (continuous with pretracheal).
Posteriorly: Alar fascia.	Loose fat, retropharyngeal lymph nodes, small vessels.	Superiorly reaches cranial base. Inferiorly bounded where buccopharyngeal fascia fuses with alar fascia (C6–T4 level), preventing direct spread to inferior mediastinum.
Danger Space
(Space 4)	Anteriorly: Alar fascia.
Posteriorly: Prevertebral fascia (true prevertebral layer).	Minimal loose fatty connective tissue; offers no anatomical barriers.	Extends completely unhindered from cranial base down through the posterior neck into the POSTERIOR MEDIASTINUM (to diaphragm level). Major anatomical pathway for fatal mediastinitis.

★ CLINICAL CORRELATION: NECK SPACE INFECTIONS
• Retropharyngeal Abscess Presentation: Mass lesion expansion in the retropharyngeal space compresses the pharynx/esophagus and trachea, presenting clinically with severe dysphagia (difficulty swallowing), odynophagia, dyspnea (respiratory distress), and stridor.
• Mediastinitis Risk: Infection in the Danger Space flows unimpeded into the posterior mediastinum, while infection in the pretracheal space spreads to the anterior mediastinum.

6. Cranial Nerves & Autonomic Ganglia Reference
Mastery of head and neck anatomy requires precise knowledge of the 12 pairs of cranial nerves (CN I–XII). When studying cranial nerves, students must systematically trace each nerve from its cranial origin, through its specific cranial exit foramen, to its terminal target, identifying its functional fiber types:
Number & Name	Functional Fiber Types	Cranial Exit Foramen	Key Innervation / Function
CN I: Olfactory	Special Sensory (SSA)	Cribriform plate (Ethmoid)	Smell / Olfaction
CN II: Optic	Special Sensory (SSA)	Optic canal	Vision / Visual input
CN III: Oculomotor	Somatic Motor (GSE)
Parasympathetic (GVE)	Superior orbital fissure	Extraocular muscles; Sphincter pupillae & Ciliary muscle via Ciliary Ganglion
CN IV: Trochlear	Somatic Motor (GSE)	Superior orbital fissure	Superior oblique muscle
CN V: Trigeminal
(V1, V2, V3)	Somatic Sensory (GSA)
Somatic Motor (SVE in V3)	V1: Superior orbital fissure
V2: Foramen rotundum
V3: Foramen ovale	Facial sensation (V1, V2, V3); Muscles of mastication, anterior belly digastric, mylohyoid (V3)
CN VI: Abducens	Somatic Motor (GSE)	Superior orbital fissure	Lateral rectus muscle
CN VII: Facial	Somatic Motor (SVE)
Parasympathetic (GVE)
Special/General Sensory	Internal acoustic meatus -> Stylomastoid foramen	Muscles of facial expression, platysma, stapedius; Taste anterior 2/3; Lacrimal & submandibular/sublingual glands
CN VIII: Vestibulocochlear	Special Sensory (SSA)	Internal acoustic meatus	Hearing and vestibular balance
CN IX: Glossopharyngeal	Somatic Motor (SVE)
Parasympathetic (GVE)
Special/General Sensory	Jugular foramen	Stylopharyngeus muscle; Parotid gland via Otic Ganglion; Taste & sensation posterior 1/3 tongue; Carotid body/sinus
CN X: Vagus	Somatic Motor (SVE/GSE)
Parasympathetic (GVE)
Sensory (Visceral/General)	Jugular foramen	Pharyngeal constrictors, laryngeal muscles; Thoracoabdominal viscera parasympathetics; Recurrent laryngeal nerve
CN XI: Accessory	Somatic Motor (GSE/SVE)	Jugular foramen	Sternocleidomastoid (SCM) and Trapezius muscles
CN XII: Hypoglossal	Somatic Motor (GSE)	Hypoglossal canal	All intrinsic and extrinsic tongue muscles (except Palatoglossus)

Autonomic Parasympathetic Ganglia of the HeadFour major parasympathetic ganglia in the head serve as synapse stations for preganglionic parasympathetic axons traveling via cranial nerves:
• Ciliary Ganglion: Preganglionic fibers from CN III (Oculomotor). Postganglionic fibers innervate sphincter pupillae (pupillary constriction) and ciliary muscle (lens accommodation).
• Pterygopalatine Ganglion: Preganglionic fibers from CN VII (Facial via Greater Petrosal Nerve). Postganglionic fibers innervate lacrimal gland and nasal/palatine mucosal glands.
• Submandibular Ganglion: Preganglionic fibers from CN VII (Facial via Chorda Tympani hitchhiking on V3 Lingual Nerve). Postganglionic fibers innervate submandibular and sublingual salivary glands.
• Otic Ganglion: Preganglionic fibers from CN IX (Glossopharyngeal via Lesser Petrosal Nerve). Postganglionic fibers hitchhike on CN V3 (Auriculotemporal Nerve) to innervate the Parotid gland.
7. Core Lecture Summary & Key Takeaways
★ SUMMARY OF ESSENTIAL CONCEPTS
• Superficial Fascia: Subcutaneous layer containing adipose tissue, cutaneous nerves, superficial vessels, and the platysma muscle (innervated by CN VII).
• Deep Fascial Tubes: Comprises Investing fascia (SCM, trapezius, CN XI, salivary glands), Pretracheal fascia (viscera: thyroid, trachea, esophagus), Carotid Sheaths (carotid aa., IJV, CN X), and Prevertebral fascia (vertebrae, spinal muscles, brachial plexus).
• Potential Spaces & Pathology Spread: Interfascial potential spaces determine infection pathways. The Pretracheal space leads to the ANTERIOR MEDIASTINUM. The Danger Space (between alar and prevertebral fascia) extends unimpeded from the cranial base to the POSTERIOR MEDIASTINUM.
• Pharyngeal Centrality: The pharynx connects all visceral spaces and serves as the primary immunological gatekeeper via Waldeyer's ring.
• Cranial Nerve Tracing: Always systematically trace cranial nerves by Roman numeral, origin, exit foramen, target tissue, and functional fiber modalities.
",
Embryology of the head and neck,"Comprehensive Study Guide & Clinical Review:
Embryology of the Head and Neck
Instructor-Led Lecture Analysis & Anatomical Foundations | Monash University
INSTRUCTOR'S INTRODUCTION: #EmbryologyMatters
Welcome to this comprehensive study guide on Head and Neck Embryology. As your medical instructor, I have formatted these lecture notes into a detailed, structured reference document. Head and neck anatomy is famously complex—often considered intimidating due to intricate cranial nerve pathways and cervical fascia. However, remember our primary clinical rule: Anatomy is Patterned! If you master the embryonic pharyngeal apparatus, you will naturally understand adult cranial nerve innervations, predict patterns of muscle function, and intuitively comprehend referred pain and congenital pathologies.

1. Foundations of Craniofacial Development & Gut Tube Folding
During the early embryonic period (Carnegie Stages 14 to 23; Weeks 4 to 8), the embryo undergoes dramatic transformations from a flattened trilaminar disc into a complex, recognizable three-dimensional organism. Craniofacial structures emerge through a series of tightly coordinated morphogenetic events:
•	Carnegie Stage 14 (~Week 5): The embryo undergoes sagittal and lateral folding. The lens pit becomes visible, and early pharyngeal arches appear as lateral surface bulges.
•	Carnegie Stage 16 (~Week 6): Features prominent nasolacrimal grooves, pigmented eyes, developing eyelids, and initial formation of the external ear auricle.
•	Carnegie Stage 23 (~Week 8 - End of Embryonic Period): Definitive human facial features are established, including a distinct nose, lower jaw (mandible), and well-defined external ear auricles.
Lateral and Head-to-Tail Folding
The primitive gut tube is established via lateral embryonic folding, which rolls the endodermal germ layer inward, enclosing a central tube lined by endoderm and enveloped by splanchnic mesoderm. The surrounding intra-embryonic cavity becomes lined by somatic mesoderm. The gut tube extends from the oral cavity (stomodeum) to the anal canal (proctodeum) and acts as a central vascularized conduit.
The Ectoderm-Endoderm Transitions: Oropharyngeal & Cloacal Membranes
At the cranial and caudal terminals of the gut tube, the endoderm meets the surface ectoderm without intervening mesoderm, forming two critical bilaminar membranes:
1. Oropharyngeal Membrane (Cranial): Separates the primitive oral cavity (stomodeum, lined by ectoderm) from the primitive pharynx (foregut, lined by endoderm).
2. Cloacal Membrane (Caudal): Separates the distal hindgut from the external environment.
During the 4th week, the oropharyngeal membrane breaks open (ruptures), establishing a continuous channel from the external environment into the gastrointestinal tract. This transition line creates an essential adult landmark: the boundary where somatic ectodermal innervation (somatic sensory/motor) meets visceral endodermal innervation (visceral sensory/autonomic).
Divisions and Extensive Derivatives of the Foregut
The foregut is not restricted to abdominal digestive organs; it gives rise to extensive structures in the head, neck, and thorax via diverticular pouching:
Gut Region	Embryonic Precursor / Diverticulum	Adult Anatomical Derivatives
Head & Neck Foregut	Pharyngeal Pouches (1–4, 6)
Thyroid Diverticulum / Foramen Cecum	Tubotympanic recess, Tonsillar fossa (palatine tonsil), Inferior & Superior Parathyroid glands, Thymus, Ultimobranchial body, Tongue mucosa, Thyroid gland
Thoracic Foregut	Respiratory Diverticulum
(Laryngotracheal groove)	Esophagus, Trachea, Bronchial buds, Lungs
Abdominal Foregut	Hepatic Diverticulum
Cystic Diverticulum
Ventral & Dorsal Pancreatic Buds	Stomach, Duodenum (proximal), Liver, Gallbladder, Pancreas (Uncinate process, head, body, tail)
Midgut & Hindgut	Midgut Loop & Hindgut Expansion	Distal Duodenum to Proximal 2/3 Transverse Colon (Midgut); Distal 1/3 Transverse Colon to Rectum (Hindgut)

2. Architecture of the Pharyngeal Apparatus
The pharyngeal apparatus (brachial apparatus) develops in the 4th and 5th weeks on the lateral and ventral aspects of the head and neck region. It consists of four distinct structural elements:
1. Pharyngeal Arches: Bulges of mesenchyme bounded externally by ectoderm and internally by endoderm. The core mesenchyme is derived from Paraxial Mesoderm (forms musculature) and Neural Crest Cells (ectomesenchyme, forms skeletal/connective tissues).
2. Pharyngeal Clefts (Grooves): Indentations/invaginations on the external surface lined by surface ectoderm.
3. Pharyngeal Pouches: Outpocketings/evaginations from the interior pharyngeal gut tube lined by endoderm.
4. Pharyngeal Arch Arteries & Cranial Nerves: Extrinsic vascular and neural components that elongate and migrate into each corresponding arch.
KEY PRINCIPLE: The Self-Contained Arch Unit
Each pharyngeal arch acts as a self-contained developmental unit consisting of: (1) A specific Cranial Nerve, (2) A specific Pharyngeal Arch Artery, (3) A Muscular component (from mesoderm), and (4) A Skeletal/Cartilaginous core (from neural crest cells). As muscles migrate to their adult destinations, they drag their nerve supply along with them!

Master Summary Table of Pharyngeal Arch Derivatives
Arch #	Cranial Nerve	Aortic Arch Artery	Muscular Derivatives	Skeletal / Cartilaginous Derivatives	Pouch & Cleft Derivatives
1
(Mandibular)	CN V
(Trigeminal:
V2 Maxillary,
V3 Mandibular)	Maxillary Artery
(Terminal branch)	Muscles of Mastication (Masseter, Temporalis, Medial & Lateral Pterygoids), Mylohyoid, Ant. Belly Digastric, Tensor Veli Palatini, Tensor Tympani	Meckel's Cartilage -> Malleus, Incus, Sphenomandibular Ligament. Maxillary Process -> Premaxilla, Maxilla, Zygomatic, Squamous Temporal	Pouch 1: Tubotympanic recess, Middle ear cavity, Auditory tube.
Cleft 1: Ext. acoustic meatus.
Membrane 1: Tympanic membrane.
2
(Hyoid)	CN VII
(Facial Nerve)	Hyoid Artery,
Stapedial Artery
(Embryonic)	Muscles of Facial Expression, Stapedius, Stylohyoid, Post. Belly Digastric, Platysma	Reichert's Cartilage -> Stapes, Styloid Process, Stylohyoid Ligament, Lesser Horn & Upper Body of Hyoid Bone	Pouch 2: Palatine tonsillar fossa / bed (invaded by lymphatic tissue).
Clefts 2–4: Overgrown by Arch 2 forming Cervical Sinus (normally obliterates).
3	CN IX
(Glossopharyngeal)	Internal Carotid Artery
(Common Carotid root)	Stylopharyngeus	Greater Horn & Lower Body of Hyoid Bone	Pouch 3: Inferior Parathyroid Gland (dorsal wing), Thymus (ventral wing - migrates to thorax).
4	CN X
(Vagus:
Superior Laryngeal N.)	Arch of Aorta (Left),
Right Subclavian Artery (Right)	Pharyngeal Constrictors, Cricothyroid, Levator Veli Palatini, Palatoglossus	Laryngeal Cartilages:
Thyroid cartilage, Arytenoid, Corniculate, Cuneiform	Pouch 4: Superior Parathyroid Gland (dorsal wing), Ultimobranchial Body / Parafollicular C-cells of Thyroid (ventral wing).
6	CN X
(Vagus:
Recurrent Laryngeal N.)	Ductus Arteriosus (Left),
Roots of Pulmonary Arteries	Intrinsic Muscles of Larynx (except Cricothyroid)	Cricoid Cartilage	Pouch 6: Contributes to Ultimobranchial body integration into thyroid.

3. In-Depth Breakdown of Pharyngeal Arch 1 (Mandibular Arch)
Muscular & Skeletal Derivatives
Pharyngeal Arch 1 splits into a smaller dorsal Maxillary Process and a larger ventral Mandibular Process:
• Maxillary Process: Generates the premaxilla, maxilla, zygomatic bone, and part of the squamous temporal bone via intramembranous ossification.
• Mandibular Process: Contains Meckel's Cartilage. While Meckel's cartilage mostly disappears as the mandible forms around it, its dorsal extremity ossifies into the Malleus and Incus (auditory ossicles) and forms the Sphenomandibular Ligament.
Muscular Components: Muscles derived from Arch 1 mesoderm encompass all primary biting and chewing muscles:
1. Four Muscles of Mastication: Masseter, Temporalis, Medial Pterygoid, Lateral Pterygoid.
2. Floor of Mouth / Digastric: Mylohyoid, Anterior Belly of the Digastric.
3. Tensor Muscles: Tensor Veli Palatini (tenses soft palate), Tensor Tympani (tenses tympanic membrane to dampen sound).
Innervation: The Trigeminal Nerve (CN V)
Arch 1 is innervated by CN V (Trigeminal Nerve), specifically its Maxillary (V2) and Mandibular (V3) divisions. Because V3 is the nerve of Arch 1, motor branches of V3 supply every single muscle listed above. Sensory branches of CN V provide widespread general somatic sensation to the upper, middle, and lower face, teeth, and anterior two-thirds of the tongue.
4. Between Arch 1 and Arch 2: Development of the Ear
The auditory system forms precisely at the boundary interface between Pharyngeal Arch 1 and Arch 2:
1. Pharyngeal Cleft 1 (Ectoderm): Invagination forms the External Acoustic Meatus (external auditory canal).
2. Pharyngeal Pouch 1 (Endoderm): Evagination forms the Tubotympanic Recess, expanding into the Middle Ear Cavity (primitive tympanic cavity) and the Auditory / Pharyngotympanic (Eustachian) Tube.
3. Pharyngeal Membrane 1: The bilaminar membrane (ectoderm + middle mesenchyme + endoderm) becomes the Tympanic Membrane (eardrum).
4. Middle Ear Ossicles: Bridging the cavity are the Malleus and Incus (from Arch 1) and the Stapes (from Arch 2).
CLINICAL CORRELATE: Otic Anatomy & Neural Cross-Talk
Notice the proximity of cranial nerves surrounding the middle ear cavity! CN V, CN VII, CN IX, and CN X all pass adjacent to or through the tympanic cavity. This anatomical relationship explains why middle ear infections (otitis media) can cause diffuse referred pain, facial nerve palsy, or altered taste perception.

5. In-Depth Breakdown of Pharyngeal Arch 2 (Hyoid Arch)
Skeletal Derivatives & Muscle Wandering
Arch 2 is characterized by Reichert's Cartilage, which ossifies into the Stapes (in middle ear), Styloid Process of the temporal bone, Stylohyoid Ligament, Lesser Horn (cornu), and Upper Body of the Hyoid Bone.
Muscles of Arch 2 include the Muscles of Facial Expression (Orbicularis oculi, Orbicularis oris, Buccinator, Occipitofrontalis, Platysma, etc.), Stapedius muscle, Stylohyoid, and Posterior Belly of the Digastric.
CONCEPTUAL INSIGHT: 'Wandering' Muscles of Facial Expression
During development, Arch 2 muscle primordia migrate extensively, spreading superficially across the head, face, and neck, overlying the deeper Arch 1 structures. As these muscles 'wander', they carry their nerve—the Facial Nerve (CN VII)—along with them. This explains why CN VII has such an expansive superficial motor distribution across the skull and face!

Functional Complexity of the Facial Nerve (CN VII)
CN VII is a multi-functional nerve carrying Motor, Parasympathetic (Autonomic), Special Sensory (Taste), and General Sensory fibers:
• Branchial Motor: Exits skull via Stylomastoid Foramen to supply facial expression muscles, stylohyoid, post. belly digastric, stapedius.
• Parasympathetic / Taste (Chorda Tympani): Traverses middle ear cavity and joins the Lingual Nerve (branch of V3) in the infratemporal fossa.
'Nervous Neighbors' & Neural Hitchhiking
Because Arch 1 and Arch 2 are physically contiguous, their nerves frequently interact:
• Lingual Nerve (V3, Arch 1): Provides General Somatic Sensation (touch/pain/temp) to anterior 2/3 of tongue.
• Chorda Tympani (CN VII, Arch 2): 'Hitchhikes' along the Lingual Nerve to carry Special Sensory Taste from anterior 2/3 of tongue and Presynaptic Parasympathetic fibers to submandibular and sublingual salivary glands.
EXAM FAVORITE: Lingual Nerve vs. Chorda Tympani Lesions
Clinical Application: If a lesion occurs on the Lingual Nerve PROXIMAL to its junction with Chorda Tympani, the patient loses general sensation to anterior 2/3 tongue, but taste and salivation remain intact. If the lesion is DISTAL to the junction, the patient loses general sensation AND taste to anterior 2/3 tongue, plus salivary secretion!

6. Oral Cavity, Neck Transitions & Pharyngeal Arch 3
Pharyngeal Pouch 2 & Palatine Tonsils
The endodermal lining of Pouch 2 proliferates into surrounding mesenchyme to form the bed/fossa of the Palatine Tonsil. During later fetal months, mesenchyme infiltrates to form lymphatic tissue. Because Pouch 2 is located at the transition between oral cavity and pharynx, tonsillar inflammation (tonsillitis) transmits sensory pain signals via the Glossopharyngeal Nerve (CN IX).
Pharyngeal Cleft 2 Overgrowth & Cervical Sinus Cysts
Arch 2 grows rapidly downward over Arches 3 and 4, meeting the epicardial ridge in the lower neck. This encloses Clefts 2, 3, and 4 within an ectodermal cavity called the Cervical Sinus. Normally, this sinus completely obliterates. If it persists, it forms a Branchial Cyst (Cervical Cyst), typically located anterior to the Sternocleidomastoid muscle. It may form a Branchial Fistula connecting internally to the palatine tonsillar fossa (Pouch 2) or externally to the neck skin.
Arch 3 Derivatives & Glossopharyngeal Nerve (CN IX)
Arch 3 cartilage produces the Greater Horn (cornu) and Lower Body of the Hyoid Bone.
Arch 3 gives rise to a single muscle: Stylopharyngeus. The name reflects its attachments—from Styloid Process (Arch 2 derivative) to Pharyngeal wall (Arch 4/6 derivative).
The nerve of Arch 3 is Glossopharyngeal (CN IX). CN IX supplies motor innervation to Stylopharyngeus and general somatic & visceral sensory innervation to posterior 1/3 of tongue, palatine tonsils, oropharynx, and Eustachian tube.
7. Lower Neck, Laryngeal Apparatus & Arches 4 & 6
Note on Arch 5: Arch 5 is transitory and rudimentary in human embryos, regressing completely without leaving functional adult derivatives.
Arch 4 & 6 Muscular and Skeletal Derivatives
Arches 4 and 6 merge in the lower neck to form the laryngeal framework:
• Skeletal Core: Fuses to form Laryngeal Cartilages—Thyroid, Cricoid, Arytenoid, Corniculate, Cuneiform cartilages.
• Muscular Derivatives: Arch 4 forms Cricothyroid, Levator Veli Palatini, and Pharyngeal Constrictors (Swallowing). Arch 6 forms Intrinsic Muscles of the Larynx (Phonation / Vocal fold control).
The Vagus Nerve Branches & Asymmetric Recurrent Trajectory
The Vagus Nerve (CN X) innervates Arches 4 and 6 via two primary branches:
1. Superior Laryngeal Nerve (Arch 4): External branch innervates Cricothyroid muscle; internal branch provides sensory above vocal folds.
2. Recurrent Laryngeal Nerve (Arch 6): Innervates all intrinsic laryngeal muscles (except Cricothyroid) and provides sensory below vocal folds.
ANATOMICAL CLASSIC: Recurrent Laryngeal Nerve Course
Why is the Recurrent Laryngeal Nerve 'Recurrent'? During embryonic development, Arch 6 arteries drag the recurrent nerves downward. On the RIGHT side, Arch 6 artery regresses, so the right nerve hooks around the Right Subclavian Artery (Arch 4). On the LEFT side, Arch 6 artery persists as the Ductus Arteriosus (Ligamentum Arteriosum), looping the left nerve under the Aortic Arch! As the heart moves into the thorax, the left recurrent nerve is pulled deep into the chest before returning to the neck.

8. Endodermal Pouch Migration & Glandular Development
Pharyngeal Pouches 3 and 4 undergo remarkable migration patterns that explain common glandular ectopic variations:
Pouch 3: Migration of Inferior Parathyroids and Thymus
• Dorsal Wing Pouch 3: Forms Inferior Parathyroid Glands.
• Ventral Wing Pouch 3: Forms the Thymus primordium.
As the thymus migrates inferiorly into the anterior mediastinum of the thorax, it pulls the Inferior Parathyroid Glands downward past Pouch 4 derivatives! Thus, Pouch 3 parathyroids end up INFERIOR to Pouch 4 parathyroids.
Pouch 4 & 6: Superior Parathyroids and Ultimobranchial Body
• Dorsal Wing Pouch 4: Forms Superior Parathyroid Glands (attach to posterior thyroid gland surface).
• Ventral Wing Pouch 4/6: Forms Ultimobranchial Body, which incorporates into the Thyroid Gland as Parafollicular C-cells (secrete calcitonin).
Thyroid Gland Development & Thyroglossal Duct
The Thyroid Gland arises not from a lateral pouch, but as a midline endodermal invagination at the floor of the pharynx—marked in adults as the Foramen Cecum of the tongue. It migrates down the neck via the Thyroglossal Duct to its position in front of the trachea. Failure of duct closure leads to Thyroglossal Duct Cysts (always midline, move upward upon tongue protrusion).
9. Clinical Synthesis & Exam-Oriented Problem Solving
Why Does Throat Pathology Cause Ear Pain? (Referred Otalgia)
A classic clinical presentation is a patient complaining of severe ear pain (otalgia) despite a completely normal ear examination. Embryology reveals the answer! The ear receives sensory fibers from four cranial nerves associated with pharyngeal arches:
• CN V (Arch 1): Auriculotemporal nerve supplies EAC & eardrum.
• CN VII (Arch 2): Sensory branches supply external ear skin.
• CN IX (Arch 3): Tympanic nerve (Jacobson's nerve) supplies middle ear; Glossopharyngeal supplies pharynx/tonsils.
• CN X (Arch 4/6): Arnold's nerve supplies EAC; Vagus supplies larynx/pharynx.
Therefore, pathology in the pharynx (tonsillitis, CN IX) or larynx/esophagus (malignancy, CN X) sends sensory signals that converge on central sensory nuclei, misinterpreting the sensation as coming from the ear!
Why Does Digastric Have Two Innervations?
The Digastric muscle has two bellies connected by an intermediate tendon attached to the hyoid bone:
• Anterior Belly: Derived from Arch 1 mesoderm -> Innervated by Nerve to Mylohyoid (branch of V3, CN V).
• Posterior Belly: Derived from Arch 2 mesoderm -> Innervated by Digastric branch of Facial Nerve (CN VII).
Instructor Summary & High-Yield Exam Checklist
Clinical Finding / Pathology	Embryological Mechanism	Involved Nerves / Arches
Referred Otalgia (Ear Pain)	Nerve convergence from pharyngeal/laryngeal regions to middle ear sensory branches	CN IX (Arch 3), CN X (Arch 4/6) -> CN V/VII/IX/X
Branchial Fistula / Cyst	Persistence of Cervical Sinus (failure of Clefts 2–4 to obliterate properly)	Pharyngeal Cleft 2 & Arch 2 overgrowth
Ectopic Parathyroid / Thymic Cyst	Aberrant migration of Pouch 3 derivatives along thymopharyngeal duct pathway	Pharyngeal Pouch 3 (Inferior Parathyroids & Thymus)
Thyroglossal Duct Cyst	Failure of midline duct to obliterate during descent of thyroid primordium	Foramen Cecum / Thyroid Diverticulum (Midline Neck)
Hoarseness after Thyroidectomy	Damage to Recurrent Laryngeal Nerve during ligation of inferior thyroid artery	CN X (Arch 6) / Recurrent Laryngeal Nerve
Study Strategy Reminder from A/Prof. Lazarus: Whenever you feel overwhelmed by head and neck anatomy, step back and ask: 'Which pharyngeal arch did this structure come from?' Once you know the arch, you instantly know its cranial nerve, motor innervation, and developmental relationships. Revisit this guide regularly during your dissection and clinical modules!",
Blood products and their use,"Comprehensive Clinical Guide to Blood Products, Compatibility, and Transfusion Medicine
A Detailed Instructional Reference based on Monash University Lecture Series (3.4 Blood Products and Their Use)
1. Overview and Core Learning Outcomes
Transfusion medicine is a critical aspect of clinical practice that involves the administration of blood and blood components to restore oxygen-carrying capacity, maintain plasma volume, and correct coagulopathies. This instructional article provides an exhaustive analysis of blood components, compatibility testing, clinical indications, safe administration practices, and adverse transfusion reaction management.
Learning Outcomes Summary
•	Blood Composition: Detailed breakdown of cellular elements and plasma constituents.
•	Blood Group Systems: Analysis of ABO, Rh, and minor red cell group systems.
•	Compatibility & Testing: Principles of serological/electronic crossmatching and Coombs tests (IAT and DAT).
•	Blood Component Products: Detailed study of RBCs, FFP, Platelets, Cryoprecipitate, and fractionated derivatives.
•	Safe Administration: The ABCD protocol, pre-transfusion checks, and patient blood management (PBM).
•	Adverse Reactions: Identification, prevention, and clinical management of transfusion reactions.
2. Composition of Whole Blood and Product Categorization
Whole blood is a complex biological fluid comprising liquid plasma and cellular elements. When centrifuged, whole blood separates into three distinct layers based on density:
•	Plasma Layer: Constitutes approximately 55% of total blood volume. It is an aqueous solution containing water, plasma proteins (albumin, globulins, fibrinogen), metabolites, electrolytes, and nutrients.
•	Buffy Coat Layer: Constitutes <1% of total blood volume. This thin, leukocyte-rich layer contains white blood cells (leukocytes) and platelets (thrombocytes).
•	Erythrocyte Layer: Constitutes approximately 45% of total blood volume (hematocrit). It is composed entirely of packed red blood cells (erythrocytes).
Classification of Blood Products
Modern transfusion medicine utilizes component therapy, where whole blood donations are separated into specific cellular and plasma constituents. This ensures targeted clinical therapy and maximizes resource utilization.
•	Fresh Components: Obtained via separation of whole blood or apheresis. Includes Red Blood Cells (RBCs), Platelets, Fresh Frozen Plasma (FFP), and Cryoprecipitate.
•	Plasma Derivatives & Recombinant Products: Manufactured through industrial fractionation of pooled plasma donations or produced using recombinant technology. Includes Albumin, Immunoglobulins, specific Coagulation Factor Concentrates (e.g., Factor VIII, Factor IX), and Coagulation/Complement Inhibitors.
3. Blood Group Systems, Compatibility, and Testing
As of May 2025, the International Society of Blood Transfusion (ISBT) recognizes 48 distinct blood group systems. However, the ABO and Rhesus (Rh) systems remain the most clinically significant due to the high antigenicity and potential to induce severe immune-mediated intravascular hemolysis.
The ABO and Rh Systems
The ABO system is characterized by carbohydrate antigens expressed on the RBC surface and naturally occurring reciprocal IgM antibodies in the plasma:
Blood Type	RBC Antigens	Plasma Antibodies	Emergency RBC Recipient	Clinical Role
Type A	A antigen	Anti-B	A, O	Receives A or O RBCs
Type B	B antigen	Anti-A	B, O	Receives B or O RBCs
Type AB	A and B antigens	None	A, B, AB, O	Universal Recipient (AB+)
Type O	None (H antigen)	Anti-A and Anti-B	O only	Universal RBC Donor (O-)

Isoantibodies (Anti-A and Anti-B) are produced naturally without prior exposure to foreign blood. Conversely, antibodies to the RhD antigen (and other blood group antigens) are immune antibodies formed following exposure to foreign red cell antigens through prior blood transfusion or pregnancy.
Pre-Transfusion Compatibility Testing & Crossmatching
Pre-transfusion compatibility testing is vital to verify the donor and recipient blood groups and detect clinically significant red cell antibodies.
•	Serological Crossmatch: Patient plasma is physically mixed with donor RBCs in vitro to detect agglutination or hemolysis caused by unexpected red cell antibodies.
•	Electronic (Non-Serological) Crossmatch: A computerized crossmatch that matches the recipient's validated electronic records with donor unit profiles. Permitted ONLY when: (1) A valid pre-transfusion sample has verified ABO/RhD groups; (2) The patient has NO current or historical clinically significant antibodies. CANNOT be used if antibody screening is positive or an ABO discrepancy exists.
Mandatory Screening Tests for Fresh Blood Components
All fresh blood component donations undergo strict mandatory screening prior to release for clinical use:
•	Immunohematology: ABO blood group determination and RhD typing.
•	Antibody Screening: Screening for atypical red cell antibodies.
•	Syphilis Serology: Serological testing for Treponema pallidum.
•	Viral Screening: Testing for HIV-1/HIV-2 antibodies & HIV RNA; Hepatitis B virus (HBV) surface antigen (HBsAg) & HBV DNA; Hepatitis C virus (HCV) antibodies & HCV RNA.
Antiglobulin Testing (Coombs Tests)
Antiglobulin testing detects immunoglobulin (IgG) or complement proteins bound to red blood cells:
•	Indirect Antiglobulin Test (IAT / Indirect Coombs): Measures in vitro sensitization. Detects unexpected red cell antibodies circulating free in the patient's plasma/serum. Used in pre-transfusion crossmatching and routine antenatal antibody screening.
•	Direct Antiglobulin Test (DAT / Direct Coombs): Measures in vivo sensitization. Detects immunoglobulins or complement components already attached to the patient's RBC membrane in vivo. Used to investigate acute/delayed hemolytic transfusion reactions, Hemolytic Disease of the Fetus and Newborn (HDFN), and autoimmune or drug-induced hemolytic anemias.
4. Blood Component Products: Indications, Dosing, and Compatibility
4.1 Packed Red Blood Cells (RBCs)
Primary indication: Treatment of symptomatic anemia or acute hypovolemic hemorrhage.
•	Clinical Indications: Symptomatic anemia presenting with tissue hypoxia, tachycardia, hypotension, chest pain, or dyspnea.
•	Acute Hemorrhage: Acute blood loss exceeding 30–40% of total blood volume.
•	Hemoglobin Threshold: Hemoglobin (Hb) concentration below 70 g/L in standard non-bleeding medical patients (PBM restrictive threshold).
•	Standard Dosage: 1 unit of RBCs increases the Hb concentration by approximately 10 g/L in a standard 70 kg non-bleeding adult.
RBC ABO/RhD Compatibility Guidelines
•	Identical Matching: Best Option: Group-identical RBCs (A->A, B->B, AB->AB, O->O).
•	Compatible Alternatives: Acceptable Alternatives: Type O can be safely given to A, B, and AB recipients. Type A or B can be given to AB recipients.
•	Emergency Selection: Emergency Uncrossmatched Use (Unknown Blood Group): Group O RhD Negative is reserved for females of childbearing potential (<=50 years), pediatric males (<=18 years), or patients whose age/gender is unknown. Group O RhD Positive may be used for adult males (>18 years) or females >50 years. Note: O RhD Positive red cells should NEVER be withheld during life-saving transfusions.
CRITICAL CLINICAL CAUTION: RhD Negative patients receiving RhD Positive red cells risk developing anti-D antibodies. This sensitizes the patient, severely complicating future transfusions and placing female patients at risk for severe Hemolytic Disease of the Fetus and Newborn (HDFN).

4.2 Fresh Frozen Plasma (FFP)
Contains all soluble coagulation factors and plasma proteins.
•	Indications: Treatment of patients with multiple coagulation factor deficiencies who are bleeding or at high risk of bleeding, where specific factor concentrates are unavailable.
•	Dosage: Standard adult dose is 10–15 mL/kg. In massive hemorrhage protocol (MHP) settings, FFP dosing is guided by ongoing coagulation monitoring (PT/INR, APTT, Fibrinogen) or thromboelastography (TEG/ROTEM).
•	RhD Compatibility: FFP is available in all ABO groups. Matching for RhD group is NOT necessary because FFP is acellular and devoid of RBC fragments.
Plasma ABO Compatibility Hierarchy
•	Emergency Uncrossmatched Issue: First choice: Group AB (Universal plasma donor, free of anti-A and anti-B antibodies).
•	Alternative Selection: Second choice / Alternative: Low-titre anti-A/B Group A plasma poses a low risk of hemolysis and is increasingly used in emergency protocols.
•	Group Matching: Standard Matching: Patient A -> A (or AB); Patient B -> B (or AB/Low-titre A); Patient AB -> AB (or Low-titre A); Patient O -> O (or A, B, AB).
4.3 Platelets (Apheresis or Pooled)
Indicated for the prevention or treatment of hemorrhage in patients with severe thrombocytopenia or functional platelet defects.
•	Standard Dosage: 1 adult unit (pooled or apheresis) increases the platelet count by 20–40 x 10^9/L in an average 70 kg adult.
•	RhD Considerations: RhD compatibility is ideal. If RhD-positive platelets are administered to an RhD-negative woman of childbearing potential, administration of RhD Immunoglobulin (Anti-D) should be considered to prevent alloimmunization caused by residual red cell stroma.
•	ABO Selection: Group-identical platelets are preferred. Group O or A low-titre anti-A/B units can be safely substituted if identical units are unavailable.
4.4 Cryoprecipitate
A concentrated source of plasma proteins, specifically Fibrinogen, Factor VIII, Factor XIII, von Willebrand factor (vWF), and Fibronectin.
•	Clinical Indications: Fibrinogen replacement in major hemorrhage protocols (MHP), trauma, disseminated intravascular coagulation (DIC), or critical bleeding with hypofibrinogenemia / dysfibrinogenemia.
•	Dosage: Adult dose providing 3–4 g of fibrinogen requires approximately 10 units of cryoprecipitate (or 2-3 pooled packs).
•	Compatibility: Available in all ABO groups. ABO matching is desirable but not strictly required; RhD matching is NOT required.
4.5 Fractionated Plasma Products & Recombinant Concentrates
•	Factor Concentrates: Concentrated factor formulations (Factor VIII, Factor IX, Prothrombin Complex Concentrates [PCC]) used for targeted therapy in hemophilia A/B, warfarin reversal, or specific factor deficiencies. Recombinant formulations eliminate transfusion-transmitted viral risks.
•	Albumin: Available in 4%, 5%, and 20% or 25% solutions. Indicated for plasma volume expansion, large-volume paracentesis, plasmapheresis exchange, and severe hypoalbuminemia.
5. Safe Administration Practices and The ABCD Protocol
Safe blood transfusion depends on strict adherence to institutional policies, Patient Blood Management (PBM) principles, double-checking procedures, and meticulous bedside administration.
The Decision to Transfuse & Patient Blood Management (PBM)
Every transfusion decision must be justified by clinical assessment, laboratory testing, and risk-benefit evaluation. PBM emphasizes treating the underlying cause, minimizing blood loss, and optimizing patient red cell mass rather than automatically relying on transfusion.
Pre-Transfusion Blood Sampling: The ABCD Protocol
Errors in sample collection and labeling can lead to catastrophic ABO-incompatible transfusions. Staff must adhere to the 'ABCD' rule within the 'Sample Circle' (the immediate bedspace around the patient):
•	A - ASK: ASK the patient to state and spell their full name (first and last name) and date of birth (2 core identifiers).
•	B - AND CHECK: AND check these details against the patient's identification band (including Medical Record Number - 3rd identifier) and the request form (paper/electronic).
•	C - CONFIRM / CIRCLE: BEFORE leaving the SAMPLE CIRCLE, label all tube samples directly from the patient ID band (requiring 3 distinct identifiers). Unlabeled blood samples MUST NEVER leave the sample circle; if removed unlabeled, they MUST be discarded immediately.
•	D - DECLARE: DECLARE that you physically collected and labeled the tube at the bedside by signing, dating, and recording the time on the tube and request declaration form.
Double Independent Pre-Transfusion Check
Immediately prior to initiating any transfusion, TWO authorized clinical staff members must independently perform a strict 3-step check at the patient's bedside:
Check Step	Verification Actions Required
Step 1: Patient Identification	1. Ask patient to state and spell full name and DOB.
2. Verify against ID band.
3. Verify MRN on ID band matches compatibility label and prescription.
Step 2: Product & Prescription Details	1. Check patient blood group is compatible with component blood group.
2. Verify Lifeblood donation number on label matches compatibility slip.
3. Verify prescribed component matches received component.
Step 3: Pack Integrity & Expiry Check	1. Verify component is within expiry date and time.
2. Verify RBC crossmatch expiry date.
3. Inspect pack: ensure pack is intact (no leaks), check for visible clots, and confirm no discoloration.

WARNING: IF ANY DISCREPANCY IS DISCOVERED, DO NOT COMMENCE THE TRANSFUSION. Rectify and clarify the issue completely, then restart the double check from Step 1.

6. Adverse Transfusion Reactions and Clinical Management
While modern blood banking is exceptionally safe, adverse transfusion reactions remain a critical hazard. Prompt recognition and immediate intervention are life-saving.
High-Risk Patient Populations
•	Previously Transfused Patients: Patients with prior blood transfusions (alloimmunization risk).
•	Multiparous Women: Multiparous women (elevated risk of HLA/human neutrophil antigen antibodies leading to TRALI).
•	Emergency Transfusions: Patients receiving emergency uncrossmatched blood.
Clinical Spectrum of Transfusion Reactions
•	Common / Mild Symptoms: Fever (temperature rise >=1°C), chills, rigors, localized rash, urticaria, and pruritus.
•	Severe / Life-Threatening Reactions: Respiratory distress, dyspnea, wheezing, high fever, severe hypotension, shock, flank/back pain, acute hemoglobinuria (dark red urine), DIC, and acute renal failure.
Causes of Incompatible Transfusions
The most severe and fatal reactions stem from acute intravascular hemolysis triggered by ABO-incompatible red cell transfusions. The primary root cause is human error:
•	Clerical Errors: Clerical errors in request forms or laboratory documentation.
•	Identification Errors: Failure to properly identify the patient at sample collection or administration.
•	Administration Errors: Administering blood intended for another recipient.
•	Testing Errors: Laboratory testing or specimen processing errors.
Specific Adverse Reaction Types
•	Allergic & Anaphylactic Reactions: Mild cases occur in 1 to 3 per 100 transfusions (urticaria/itching). Severe anaphylactic reactions occur in 1 in 20,000 to 50,000 transfusions, manifesting within seconds to minutes. Caused by recipient IgE reacting to donor plasma proteins or anti-IgA antibodies in IgA-deficient recipients.
•	Transfusion-Transmitted Bacterial Infection: Bacterial contamination can occur from donor skin flora, unrecognized asymptomatic donor bacteremia, or environmental contamination. Incidence: ~1:250,000 platelet units; ~1:2.5 million RBC units.
•	Transfusion-Transmitted Viral Infection: Donor blood is routinely screened for HIV-1/2, HBV, HCV, HTLV, Syphilis, and Malaria (when indicated). Residual viral transmission risk in developed blood services is exceptionally low (<1 in 1,000,000).
Immediate Emergency Action Protocol for Suspected Reactions
If an adverse transfusion reaction is suspected, the clinician MUST execute the following emergency steps immediately:
•	1. STOP TRANSFUSION: STOP THE TRANSFUSION IMMEDIATELY. Disconnect the blood administration set at the IV cannula hub.
•	2. MAINTAIN IV ACCESS: Maintain IV access using a fresh IV line with normal 0.9% saline infusion.
•	3. ASSESS PATIENT: Check vital signs (BP, HR, RR, SpO2, Temperature) and assess airway, breathing, and circulation.
•	4. VERIFY IDENTIFICATION: Verify patient ID against the blood pack and compatibility label to check for clerical/ABO discrepancies.
•	5. NOTIFY: Notify the attending medical team and blood bank immediately.
•	6. LABORATORY INVESTIGATION: Send the blood pack, administration set, fresh post-reaction blood samples (DAT, clotted blood, EDTA, blood cultures), and urine sample (for hemoglobinuria) to the laboratory for investigation.
•	7. DOCUMENTATION: Document all clinical findings, interventions, and adverse reaction reports thoroughly in the medical records.
7. Official References and Clinical Practice Guidelines
This document synthesizes clinical standards and guidelines from the following official blood management authorities:
•	Lifeblood Australia: Australian Red Cross Lifeblood: Clinical Practice and Guidelines (https://www.lifeblood.com.au/health-professionals)
•	Blood Matters Program: Department of Health, Victoria - Blood Matters Program (https://www.health.vic.gov.au/patient-care/blood-matters-program)
•	National Blood Centre Guidelines: National Blood Centre, Ministry of Health Malaysia - Handbook on Clinical Use of Blood (3rd Edition, 2020) & Consensus Statement on Patient Blood Management (2024)
•	SHOT UK Reporting: Serious Hazards of Transfusion (SHOT) Annual Report (2018)",
Haemostasis and thrombosis,"Comprehensive Lecture Module: Haemostasis and its Assessment
Based on the Clinical Haematology Lecture by Professor Harshal Nandurkar
Director of Clinical Haematology, Alfred Health & Monash University
1. Overview & Core Learning Objectives
Haemostasis is a highly regulated physiological process responsible for preventing and arresting hemorrhage from damaged blood vessels through the formation of blood clots. Under healthy physiological conditions, the human vascular system maintains circulating blood in a fluid state for over 99.99% of a person's lifetime. This delicate balance relies on a dominant endogenous antithrombotic potential that constantly suppresses prothrombotic stresses.
This medical reference document provides a comprehensive, exhaustive review of haemostatic mechanisms, laboratory assessments, inherited and acquired bleeding disorders, and current anticoagulant pharmacotherapy.
Core Learning Outcomes
•	1. Systemic Derangements:  Understand how the haemostatic system becomes deranged in clinical disease states.
•	2. Coagulation Cascade:  Detail the role of the cell-based coagulation cascade in maintaining normal physiological haemostasis.
•	3. Diagnostic Testing:  Analyze the specific effects of clotting factor deficiencies on standard laboratory diagnostic tests (PT/INR, aPTT, TT).
•	4. Clinical Interpretation:  Accurately interpret basic and advanced coagulation profiles within clinical contexts.
•	5. Differential Diagnosis:  Differentiate acquired coagulation defects from inherited bleeding disorders based on clinical history, physical exam, and laboratory mixing studies.
•	6. Anticoagulant Therapy:  Master fundamental concepts, targets, pharmacokinetics, and management of anticoagulant therapies (warfarin, heparin, NOACs/DOACs).
2. Fundamental Principles of Haemostasis & Thrombosis
Physiological haemostasis and pathological thrombosis share the exact same cellular and molecular 'actors.' What distinguishes the two processes are the underlying drivers, the extent of activation, and the anatomical context:
•	Physiological Haemostasis: Occurs in response to vascular trauma to prevent blood loss.
•	Pathological Thrombosis: Occurs pathologically within intact or diseased vessels (e.g., secondary to atheroma, stasis, or hypercoagulability), leading to lumen occlusion and downstream ischemia.
Tight Physiological Regulation
Coagulation is subject to strict biochemical control mechanisms:
•	Initiation Control: A specific bio-threshold of tissue injury must be exceeded before clotting is initiated.
•	Spatial Control: Clot formation is strictly localized to the immediate site of vascular injury.
•	Temporal Control: Activation is temporary and limited only until structural vessel repair is achieved.
Clinical Pearl: Anticoagulant Action
Therapeutic anticoagulation does not create novel physiological pathways; rather, it works by enhancing endogenous inhibitory mechanisms (such as Antithrombin or Protein C/S activity) or directly blocking key enzymatic drivers (such as Factor Xa or Thrombin).

3. Vascular Phase and Endothelial Regulation
The vascular system consists of an endothelial cellular layer and an underlying subendothelial matrix:
•	 intact Endothelium: Lines the luminal surface of all blood vessels. It acts as a physical barrier preventing blood components from coming into contact with thrombogenic subendothelial matrix elements. It actively secretes potent anti-coagulant and anti-platelet proteins, including thrombomodulin, prostacyclin (PGI2), and nitric oxide (NO), ensuring blood remains in a fluid phase.
•	Subendothelium: Exposed upon endothelial disruption caused by physical trauma or atheroma rupture. It contains collagen and von Willebrand Factor (vWF), which act as high-affinity ligands for platelet surface receptors, initiating platelet adhesion, activation, and local release of Tissue Factor (TF).
Sequential Mechanisms of Haemostasis
•	1. Vascular Spasm: Immediate reflex neurogenic vasoconstriction and local myogenic spasm reducing distal blood flow.
•	2. Subendothelial Exposure: Platelet tethering, translocation, firm adhesion, and activation upon binding exposed subendothelial collagen and vWF.
•	3. Aggregation: Platelet-to-platelet cohesion forming a primary haemostatic platelet plug.
•	4. Coagulation Cascade: Assembly of enzymatic complexes on cell surfaces leading to a insoluble fibrin network that stabilizes the plug.
•	5. Fibrinolysis: Enzymatic breakdown of the clot by plasmin once underlying tissue repair is complete.
4. The Cell-Based Model of Coagulation
While traditional models divided coagulation into isolated 'Intrinsic' and 'Extrinsic' fluid-phase pathways (useful for interpreting lab tests), physiological haemostasis is strictly cell-surface based. Pure fluid-phase coagulation activation is inherently pathological (e.g., Disseminated Intravascular Coagulation).
The cell-based model operates on tissue factor-bearing cells and activated platelets through three overlapping phases: Initiation, Priming (Amplification), and Propagation.
Phase 1: Initiation
Occurs on Tissue Factor (TF)-bearing cells (e.g., subendothelial fibroblasts, pericytes, or activated monocytes):
•	1. Complex Formation: Vascular injury exposes TF to circulating Factor VII (FVII) and activated FVIIa.
•	2. Factor Activation: The TF-FVIIa complex directly converts Factor X to FXa, and Factor IX to FIXa.
•	3. Trace Thrombin Generation: FXa associates with Factor Va on the TF-bearing cell to generate small, initial trace amounts of Thrombin (Factor IIa).
•	4. Local Inhibition: Tissue Factor Pathway Inhibitor (TFPI) rapidly inhibits the TF-FVIIa-FXa complex, restricting initiation to the immediate injury site.
Phase 2: Priming (Amplification)
The minute quantities of thrombin generated during initiation diffuse to adjacent platelets and prime the system:
•	Platelet Activation: Thrombin cleaves Protease-Activated Receptors (PAR-1 and PAR-4) on platelets, inducing full platelet activation, granule secretion, and membrane phospholipid flip (exposing negatively charged phosphatidylserine).
•	FVIII Activation: Thrombin cleaves factor VIII from its carrier protein vWF (vWF/FVIII complex), activating FVIII to FVIIIa.
•	FV and FXI Activation: Thrombin activates Factor V to FVa and Factor XI to FXIa directly on the platelet surface.
Phase 3: Propagation
Occurs directly on the hyperactivated platelet membrane surface:
•	Tenase Complex Assembly: FIXa (from initiation or generated by FXIa on platelets) combines with FVIIIa, Calcium (Ca2+), and acidic phospholipids to form the 'Tenase' complex, which activates Factor X at a rate 100,000 times faster than FIXa alone.
•	Prothrombinase Complex Assembly: FXa rapidly combines with FVa and Calcium on the platelet surface to form the 'Prothrombinase' complex.
•	Thrombin Burst: The Prothrombinase complex converts Prothrombin (FII) into a massive 'Thrombin Burst,' generating the heavy concentration of thrombin required to convert soluble Fibrinogen into an insoluble Fibrin meshwork.
Biophysical Principle: Enzymatic Amplification
Enzymatic kinetics in coagulation follow the Michaelis-Menten Equation:
   ∂Cp / ∂t = (Vmax * Cs) / (KM + Cs)
Where Cs is substrate concentration, Cp is product concentration, Vmax is maximum velocity, and KM is the Michaelis constant. Assembly of multi-component complexes (Tenase/Prothrombinase) on cell-surface phosphatidylserine membrane bilayers exponentially increases the local substrate concentration (Cs), overcoming KM barriers to generate the rapid thrombin burst.

5. Central Role of Thrombin and Platelet Receptors
Thrombin (Factor IIa) is the master regulator of haemostasis, exhibiting both procoagulant, anticoagulant, and antifibrinolytic functions:
•	Procoagulant Actions: Cleaves Fibrinogen to Fibrin monomers; activates FXIII to FXIIIa (cross-linking fibrin); activates FV, FVIII, and FXI; activates platelets via PARs.
•	Anticoagulant Actions: Binds Endothelial Thrombomodulin (TM), shifting specificity to activate Protein C (APC), which degrades FVa and FVIIIa.
•	Antifibrinolytic Actions: Activates Thrombin-Activatable Fibrinolysis Inhibitor (TAFI), protecting the fibrin clot from premature enzymatic degradation.
Key Platelet Receptors and Ligand Interactions
•	GPIb-IX-V Complex: Mediates initial platelet tethering and rolling under high-shear flow conditions by binding subendothelial vWF.
•	Integrin αIIbβ3 (GPIIb/IIIa): Primary receptor for platelet-platelet cohesion and aggregation; undergoes conformational change upon activation to bind Fibrinogen, vWF, and Fibronectin.
•	GPVI: High-affinity collagen receptor on platelets that initiates robust signaling pathways; also directly binds Fibrin to promote clot stability.
•	PAR-1 / PAR-4: G-protein coupled receptors activated by thrombin cleavage of their N-terminal domain.
•	EPR-1 & Surface Anchors: Effector cell protease receptor-1 and specific surface sites binding FXa, FVa, FIXa, and FVIIIa during propagation.
6. Platelet Disorders & Clinical Evaluation
Platelet pathologies are categorized into quantitative (thrombocytopenia) and qualitative (dysfunction) disorders.
Inherited Receptor Defects
•	Glanzmann Thrombasthenia: Autosomal recessive deficiency or defect of GPIIb/IIIa (αIIbβ3). Lack of fibrinogen bridging between platelets prevents aggregation. Results in significantly prolonged bleeding time despite normal platelet counts.
•	Bernard-Soulier Syndrome: Autosomal recessive deficiency of GPIb-IX-V complex (vWF receptor). Leads to impaired platelet adhesion to subendothelium, presenting with giant platelets and thrombocytopenia.
Etiology of Thrombocytopenia
•	Increased Destruction: Autoimmune (ITP, SLE, drug-induced antibodies), Alloimmune (Post-Transfusion Purpura, Neonatal Alloimmune Thrombocytopenia), or Non-immune destruction/consumption (DIC, TTP, HUS, Hypersplenism).
•	Decreased Production: Bone marrow failure, Aplastic Anemia, Myelodysplastic Syndromes (MDS), leukemic/lymphoma infiltration, or marrow fibrosis.
Clinical Rules: Platelet Thresholds
Normal Platelet Count: 150 - 400 x 10^9/L.
• Spontaneous Bleeding Risk: Elevated when platelet count falls < 10-20 x 10^9/L.
• Surgical Safety Cutoff: Post-surgical bleeding risk is minimal if platelet count > 50-60 x 10^9/L (assuming normal platelet function).
• EDTA Artifact: Always exclude 'Spurious Thrombocytopenia' caused by EDTA-induced platelet clumping in collection tubes. Re-evaluate via blood film or sodium citrate tube.

Management of Platelet Dysfunction and Antiplatelet Therapies
•	ITP vs. Production Deficits: In Immune Thrombocytopenia (ITP), transfused platelets are rapidly destroyed by autoantibodies; transfusions are reserved strictly for life-threatening hemorrhage. In production deficits (chemo, aplasia), trigger count for prophylactic transfusion is 10-15 x 10^9/L (higher if febrile/septic).
•	Aspirin Management: Irreversible cyclooxygenase (COX-1) inhibition; stop 7 days prior to elective surgery.
•	NSAID Management: Reversible COX inhibition; withhold 1-4 days prior to surgery.
•	Clopidogrel Management: Irreversible P2Y12 ADP-receptor antagonist; stop 7-10 days prior to surgery.
7. Von Willebrand Disease (VWD)
Von Willebrand Disease is the most common inherited bleeding disorder, caused by quantitative or qualitative defects in von Willebrand Factor (vWF). vWF is synthesized in endothelial cells (stored in Weibel-Palade bodies) and megakaryocytes (stored in platelet α-granules).
Dual Functions of vWF
•	1. Platelet Adhesion: Binds subendothelial collagen and platelet GPIb receptor under high shear stress.
•	2. FVIII Stabilization: Acts as a protective carrier protein ('taxi') for Factor VIII in circulation, preventing its rapid proteolytic degradation by Protein C.
Classification of VWD Subtypes
•	Type 1 VWD: Partial quantitative vWF deficiency (70-80% of cases). Autosomal dominant. Mild to moderate bleeding.
•	Type 2 VWD: Qualitative vWF defects, further subdivided:
•	  • Subtype 2A: Decreased vWF-dependent platelet adhesion due to loss of high-molecular-weight (HMW) multimers.
•	  • Subtype 2B: Increased affinity for platelet GPIb receptor; clears large multimers and platelets, causing mild thrombocytopenia.
•	  • Subtype 2M: Decreased platelet binding with normal multimer distribution.
•	  • Subtype 2N: Severely impaired binding capacity for Factor VIII. Mimics mild Hemophilia A (autosomal recessive inheritance).
•	Type 3 VWD: Virtually complete quantitative deficiency of vWF. Severe autosomal recessive bleeding disorder.
ABO Blood Group Influence
ABO blood group glycosylation directly impacts vWF clearance rates, accounting for ~25% of baseline population variation in vWF levels:
•	Group O Blood: Group O individuals have the lowest baseline vWF levels (accelerated clearance), overlapping with Type 1 VWD.
•	Group AB Blood: Group AB individuals exhibit the highest baseline vWF plasma concentrations.
Treatment Modalities for VWD
•	Desmopressin (DDAVP): Synthetic vasopressin analog that stimulates release of endogenous vWF and FVIII from Weibel-Palade bodies. Increases plasma levels 3-5 fold within 30 minutes. Highly effective in Type 1 VWD. Warning: Risk of hyponatremia due to antidiuretic effect; monitor fluid intake.
•	Replacement Therapy: Plasma-derived vWF/FVIII concentrate or recombinant vWF concentrate for severe bleeding or Type 2/3 disease.
•	Antifibrinolysis: Tranexamic acid (plasminogen inhibitor) as adjunctive therapy.
8. Hemophilia A and Hemophilia B
Hemophilia A (Factor VIII deficiency) and Hemophilia B (Factor IX deficiency) are X-linked recessive bleeding disorders. Because the genes reside on the X chromosome, severe disease predominantly affects males (XY), while females (XX) are usually asymptomatic carriers.
Clinical Manifestations & Trauma Response
•	Hemarthrosis: Characteristic hallmark of severe hemophilia; recurrent bleeding into large joints (knees, elbows, ankles) leading to synovial hypertrophy, cartilage destruction, leg wasting, and crippling joint deformity.
•	Deep Muscle Hematomas: Extensive bleeding into deep muscle bellies (e.g., psoas muscle) and retroperitoneal space.
•	Traumatic Bleeding Patterns: Bleeding from minor surface razor nicks is rare. However, delayed post-procedural bleeding (e.g., tooth extraction, tonsillectomy) and poor wound healing are classic.
Severity Level	Factor VIII / IX Activity	Clinical Presentation	Incidence (A / B)
Severe	< 1 U/dL (< 1%)	Severe spontaneous bleeding into joints & muscles without trauma	70% / 50%
Moderate	1 - 5 U/dL (1 - 5%)	Moderate bleeding; severe bleeding with minimal trauma or minor surgery	15% / 30%
Mild	5 - 30 U/dL (5 - 30%)	Mild bleeding; occurs primarily after significant trauma or surgery	15% / 20%

Dosing Guidelines for Factor Replacement (Hemophilia A)
•	Mild Bleeding: Target FVIII level: 30%. Dose: ~15 U/kg IV every 8-12 hours for 1-2 days. Indication: Hemarthrosis, epistaxis, minor oral bleeding.
•	Major Bleeding / Surgery: Target FVIII level: 80-100%. Dose: ~50 U/kg IV every 8-12 hours for 7-14 days. Indication: Major surgery, CNS trauma, retroperitoneal hemorrhage, severe GI bleeding.
Complications of Hemophilia Therapy: Inhibitors
Inhibitors are neutralizing IgG alloantibodies against infused factor concentrate:
•	Incidence: Develop in 15-20% of severe Hemophilia A patients and 1-2% of severe Hemophilia B patients.
•	Acquired FVIII Inhibitors: Autoantibodies to FVIII can arise spontaneously in non-hemophiliac patients associated with SLE, RA, IBD, drug reactions, pregnancy, solid tumors, lymphoproliferative disorders, or advanced age (50% idiopathic).
•	Bypassing Agents: Recombinant Human Factor VIIa (rhVIIa / NovoSeven). Directly activates the common pathway on activated platelets independently of FVIII/FIX. Dose: 90 µg/kg IV every 2 hours. Cost: ~$1 per µg (~$5,000/dose, ~$60,000/day).
9. Clinical History & Physical Examination
Distinguishing platelet/vascular disorders from coagulation factor deficiencies on clinical presentation is essential for targeted diagnostic ordering.
Clinical Feature	Platelet / Vascular Disorders	Coagulation Factor Disorders
Petechiae	Characteristic (palatal, cutaneous)	Rare
Superficial Ecchymoses	Small, pinpoint, multiple	Large, solitary, spreading
Hematomas & Hemarthrosis	Rare	Characteristic hallmark
Late / Delayed Bleeding	Rare (bleeding immediate)	Common post-trauma/procedure
Gender & History	Slight female predominance	80-90% male (X-linked); strong family history

10. Coagulation Diagnostics & Mixing Studies
Routine diagnostic screening assesses the time taken for platelet-poor plasma to form an insoluble fibrin clot upon chemical activation.
Standard Screening Assays
•	Prothrombin Time (PT / INR): Measures the Extrinsic and Common Pathways. Evaluates Factor VII, X, V, Prothrombin (II), and Fibrinogen. Triggered by adding rabbit tissue factor and calcium to platelet-poor plasma. Standardized as International Normalized Ratio (INR, normal 1.0 - 1.2). Prolonged in: Warfarin therapy, Liver disease, Vitamin K deficiency, DIC, isolated FVII deficiency.
•	Activated Partial Thromboplastin Time (aPTT): Measures the Intrinsic and Common Pathways. Evaluates Contact Factors (FXII, XI, IX, VIII), FX, FV, Prothrombin, and Fibrinogen. Triggered by adding kaolin, phospholipid, and calcium. Normal range: 24 - 35 seconds. Prolonged in: Heparin therapy, Lupus Anticoagulant, Haemophilia A/B, vWD, FXI/FXII deficiency, DIC, Liver disease.
•	Combined PT & aPTT Prolongation: Prolongation of both PT and aPTT indicates a defect in the Common Pathway (Factor X, Factor V, Prothrombin, or Fibrinogen deficiency/inhibition).
Differential Investigation: Mixing Studies
When a patient presents with an isolated prolonged aPTT or PT, a 1:1 Mixing Study is performed (mixing 50% patient plasma with 50% normal pooled plasma):
•	aPTT Corrects Upon Mixing: Indicates a Clotting Factor Deficiency (e.g., FVIII, FIX, FXI). Normal plasma supplies >50% factor concentration, which is sufficient to normalize clotting time. Next Step: Perform specific factor assays.
•	aPTT Fails to Correct (Remains Prolonged): Indicates the presence of a Coagulation Factor Inhibitor or circulating antibody.
•	  • Lupus Anticoagulant: Autoantibody against phospholipids; causes in vitro assay prolongation but acts as a prothrombotic risk factor in vivo.
•	  • Specific Factor Inhibitor: Neutralizing allo- or auto-antibody (e.g., acquired anti-FVIII antibody) causing severe spontaneous tissue bleeding.
11. Fibrinolysis and Disseminated Intravascular Coagulation (DIC)
Fibrinolysis is the enzymatic cleavage of fibrin meshwork initiated upon clot formation.
Mechanism of Fibrinolysis & Tranexamic Acid
Tissue Plasminogen Activator (t-PA) and Urokinase (u-PA) convert Plasminogen into Plasmin. Plasmin binds exposed lysine residues on fibrin, degrading cross-linked fibrin into Fibrin Degradation Products (FDPs) and D-dimers.
•	Tranexamic Acid Mechanism: A synthetic lysine analogue that competitively blocks the lysine-binding sites on plasminogen, preventing its binding to fibrin and inhibiting fibrinolysis. Dosing: IV 10 mg/kg q8h; Oral 25 mg/kg q8h (or oral mouthwash for dental bleeding). Indications: High fibrinolytic mucosal zones (oral, GI, GU). Contraindications: DIC, active thrombosis, upper urinary tract bleeding (risk of obstructive ureteric clots).
Disseminated Intravascular Coagulation (DIC)
DIC is a catastrophic clinicopathologic syndrome defined by widespread systemic intravascular activation of coagulation induced by circulating procoagulants that overwhelm natural anticoagulant mechanisms.
Etiologies & Clinical Triggers
•	Sepsis: Gram-negative / Gram-positive sepsis (endotoxin release).
•	Trauma: Severe head trauma, fat embolism, tissue crushing.
•	Obstetric Complications: Amniotic fluid embolism, abruptio placentae.
•	Malignancy: Acute promyelocytic leukemia, solid tumor adenocarcinoma.
•	Other Triggers: Snake envenomation, severe anaphylaxis, acute transplant rejection.
Pathogenesis & Laboratory Findings
•	1. Consumption Phase: Consumptive Coagulopathy: Uncontrolled intravascular thrombin generation leads to microvascular thrombosis (causing organ ischemia/failure) and rapid consumption of platelets and coagulation factors.
•	2. Fibrinolytic Phase: Hemorrhagic Diathesis: Simultaneous excessive secondary fibrinolysis produces high levels of FDPs, which exert direct anticoagulant effects, causing severe generalized bleeding.
•	3. Red Cell Shearing: Microangiopathic Hemolytic Anemia (MAHA): Fibrin strands in small vessels shear red blood cells, producing schistocytes (fragmented RBCs) on blood film.
•	Laboratory Diagnostic Summary: Prolonged PT/INR, prolonged aPTT, prolonged Thrombin Time (TT), severely reduced Fibrinogen (<1.0 g/L), profound Thrombocytopenia, elevated FDPs / D-Dimer, and abundant Schistocytes.
Treatment Principles in DIC
•	1. Primary Cause: Primary priority is eliminating the underlying systemic driver (e.g., antibiotics for sepsis, evacuation of uterus in abruptio placentae).
•	2. Replacement: Transfuse platelets (target >50 x 10^9/L) and Fresh Frozen Plasma (FFP) / Cryoprecipitate to replace consumed clotting factors and fibrinogen.
•	3. Heparin: Use with extreme caution; reserved for select cases dominated by microvascular thrombosis without overt bleeding.
12. Liver Disease and Haemostasis
The liver synthesizes almost all coagulation factors and regulatory proteins. Advanced liver disease causes complex, multi-factorial haemostatic derangements:
•	1. Factor Synthesis Deficit: Reduced hepatic synthesis of Factors II, VII, IX, X, XI, and Fibrinogen.
•	2. Vitamin K Deficiency: Impaired absorption of fat-soluble Vitamin K secondary to biliary obstruction or malnutrition (impairing γ-carboxylation of Factors II, VII, IX, X).
•	3. Dysfibrinogenemia: Production of dysfunctional fibrinogen molecules.
•	4. Enhanced Fibrinolysis: Decreased synthesis of alpha-2-antiplasmin.
•	5. Complex DIC-like State: Concomitant reduction in Protein C, Protein S, and Antithrombin III combined with decreased clearance of activated clotting enzymes.
•	6. Portal Hypertension: Thrombocytopenia secondary to congestive splenomegaly / hypersplenism.
13. Pharmacotherapy: Warfarin, Heparin & NOACs/DOACs
Therapeutic anticoagulation targets specific enzymes in the coagulation pathway to prevent arterial and venous thromboembolism.
Sites of Action of Non-Vitamin K Antagonist Oral Anticoagulants (NOACs)
•	Dabigatran: Directly inhibits Thrombin (Factor IIa), preventing fibrin conversion.
•	Rivaroxaban & Apixaban: Directly inhibit Factor Xa, blocking both intrinsic and extrinsic prothrombinase conversion.
Pharmacokinetic Property	Apixaban (Eliquis)	Dabigatran Etexilate (Pradaxa)	Rivaroxaban (Xarelto)
Primary Molecular Target	Factor Xa	Factor IIa (Thrombin)	Factor Xa
Oral Bioavailability	50%	6.5% (prodrug)	66% (100% with food)
Time to Peak (Cmax)	3 - 4 hours	0.5 - 2.0 hours	2 - 4 hours
Plasma Half-Life (t1/2)	12 hours	12 - 14 hours	11 - 13 hours
Dosing Schedule	Twice daily	Twice daily	Once daily
Renal Excretion Clearance	27%	85%	66% (33% active)

Drug Interactions and Clearance Profiles of NOACs
All NOACs are substrates for P-glycoprotein (P-gp), and Apixaban/Rivaroxaban undergo hepatic CYP3A4 metabolism:
•	Ketoconazole / Ritonavir: Strong P-gp and CYP3A4 inhibitors (e.g., Ketoconazole, Ritonavir) double AUC concentrations, significantly increasing bleeding risk.
•	Verapamil & Amiodarone: P-gp inhibitors increase Dabigatran and Apixaban plasma exposure.
•	Rifampicin & St John's Wort: Strong P-gp/CYP3A4 inducers (e.g., Rifampicin, St John's Wort) halve AUC concentrations, leading to therapeutic failure and thrombosis risk.
•	Renal Clearance Impact: Dabigatran half-life increases from 13h to 18h in severe renal impairment (CrCl <30 mL/min) due to 85% renal elimination, mandating dose adjustment or avoidance.
Clinical Summary
Summary for Medical Practice:
1. Always correlate abnormal coagulation times (PT/aPTT) with platelet counts and clinical history.
2. Use 1:1 mixing studies to rapidly separate clotting factor deficiencies from inhibitors.
3. In emergency bleeding on NOACs, identify the specific agent, check renal function (CrCl), and administer specific reversal agents or PCC where indicated.
",