lecture_id,content,flashcards
Upper limb 1 - Introduction to the brachial plexus and clinical anatomy of the shoulder,"Introduction to the Brachial Plexus and Clinical Anatomy of the Shoulder
Welcome to this comprehensive reference manual on upper limb anatomy. This document synthesizes core neurological and musculoskeletal principles to provide a clean, clear, and logically structured master file for medical education. We will explore the functional organization of the upper limb, its embryological development, the intricate network of the brachial plexus, and the clinical biomechanics of the shoulder joint girdle.
1. Structural Organization of the Upper Limb
To understand upper limb pathology, you must first clear any ambiguity regarding anatomical definitions. The upper limb is segmented into discrete regional compartments, each possessing specialized neurovascular pathways and deep fascial boundaries:
• Axilla: The neurovascular gateway and pyramidal space connecting the root of the neck to the upper limb.
• Arm (Brachium): The segment extending from the shoulder joint to the elbow joint, centered around the humerus.
• Cubital Fossa: The transitional triangular depression on the anterior aspect of the elbow joint.
• Forearm (Antebrachium): The segment between the elbow and wrist joints, housing the radius and ulna.
• Hand & Digits (Manus): The terminal functional unit specialized for prehension and tactile feedback.
The primary somatic motor and sensory pathways supplying these compartments originate from the ventral rami of spinal cord segments C5, C6, C7, C8, and T1, which interlace to form the brachial plexus.
2. Embryological Development and Somatic Mapping
Neural and Muscular Differentiation
During early development (specifically highlighted in Carnegie Collection Stage 20 at approximately 6 weeks gestation), the embryonic neural supply is established in tandem with the condensation of limb buds. The paraxial mesoderm segments into somites, which differentiate into sclerotomes (forming vertebrae and ribs) and dermomyotomes. The dermomyotome further cleaves into two distinct functional zones:
• Epimere: Forms the intrinsic (epaxial) deep muscles of the back and their overlying skin. It is innervated exclusively by the dorsal (posterior) rami of spinal nerves and notably does NOT participate in plexus formation.
• Hypomere: Forms the hypaxial muscles of the anterior body wall and the entire musculature of the limb buds. It is innervated by the ventral (anterior) rami of spinal nerves, which intermesh to form complex nerve plexuses.
The Principle of Composite Innervation
Embryological mapping reveals two foundational clinical rules:
1. Individual definitive muscles are frequently comprised of mesenchymal cells that originate from more than one somite.
2. Consequently, these muscles are innervated by peripheral nerves derived from multiple spinal cord segments containing motor neurons distributed across several levels.
3. Blueprint of the Brachial Plexus: Segments and Landmarks
The brachial plexus is organized sequentially into Roots, Trunks, Divisions, Cords, and Terminal Branches. Memorizing the precise anatomical landmarks where these transformations occur is clinically crucial for regional anesthesia and localized lesion localization:
4. Non-Terminal Branches and Muscular Targets
Before giving rise to the five major terminal nerves (Musculocutaneous, Axillary, Radial, Median, and Ulnar), numerous pre-terminal branches branch off from specific segments of the plexus to supply the pectoral girdle and shoulder musculature:
Branches Arising Directly from Roots
• Dorsal Scapular Nerve (C5): Innervates the levator scapulae and the rhomboid major and minor muscles.
• Long Thoracic Nerve (C5, C6, C7): Descends along the lateral thoracic wall to innervate the serratus anterior muscle.
Branches Arising from Trunks (Superior Trunk exclusively)
• Suprascapular Nerve (C5, C6): Passes through the suprascapular notch to supply the supraspinatus and infraspinatus muscles.
• Nerve to Subclavius (C5, C6): Supplies the small subclavius muscle.
Branches Arising from the Lateral Cord
• Lateral Pectoral Nerve: Innervates the pectoralis major muscle.
Branches Arising from the Medial Cord
• Medial Pectoral Nerve: Supplies both the pectoralis major and pectoralis minor muscles.
• Medial Cutaneous Nerve of the Arm: Provides sensory innervation to the medial aspect of the arm skin.
• Medial Cutaneous Nerve of the Forearm: Provides sensory innervation to the medial aspect of the forearm skin.
Branches Arising from the Posterior Cord
• Upper Subscapular Nerve: Innervates the superior portion of the subscapularis muscle.
• Thoracodorsal Nerve: Innervates the latissimus dorsi muscle (with contributions adjacent to teres major).
• Lower Subscapular Nerve: Supplies the inferior portion of the subscapularis and the teres major muscle.
• Axillary Nerve: A major branch supplying the deltoid and teres minor muscles before wrapping around the surgical neck of the humerus.
5. Clinical Concepts: Dermatomes vs. Cutaneous Nerves
A foundational clinical distinction must be maintained during sensory examinations:
• Dermatome: The distinct area of skin innervated by a single, specific spinal nerve segment (e.g., C6 spinal segment).
• Cutaneous Nerve Territory: The distinct sensory field supplied by an individual peripheral nerve branch (e.g., musculocutaneous nerve via the lateral cutaneous nerve of the forearm). Because multiple spinal roots mix within the plexus, the cutaneous territory of a peripheral nerve is completely different from a single dermatome map.
6. Clinical Motor Mapping: Myotome Testing
A myotome is defined as the collective mass of muscle fibers innervated by a single spinal nerve segment. Isolating joint movements against resistance allows clinicians to rapidly pinpoint spinal cord or nerve root lesions:
7. Clinical Osteology & Biomechanics of the Shoulder
The shoulder complex achieves an extraordinary range of motion at the expense of inherent bony stability. This requires an intricate understanding of the relationships between osseous landmarks and muscular attachments.
Osseous Landmarks
• Humerus: Articulates with the glenoid fossa of the scapula. The constricted region immediately distal to the head is the anatomical neck, while the distal narrowing prone to fracture is the surgical neck (closely associated with the axillary nerve).
• Features the Greater Tubercle (lateral attachment for supraspinatus, infraspinatus, and teres minor) and the Lesser Tubercle (anterior attachment for subscapularis). The Intertubercular (bicipital) groove runs between them, housing the long head of the biceps tendon.
• Scapula: A flat, triangular bone featuring the Spine of the Scapula posteriorly, which terminates laterally as the subcutaneous Acromion process. The anterior hook-like projection is the Coracoid Process. The shallow Glenoid Fossa provides the articular surface for the humeral head.
• Scapular Fossae: Anterior: Subscapular fossa. Posterior: divided by the scapular spine into the superior Supraspinous Fossa and inferior Infraspinous Fossa.
The Functional Muscle Groups
Movements of the shoulder joint and the surrounding pectoral girdle depend on the coordinated interaction of the following master muscles, classified by their anatomical compartments:
1. Rotator Cuff Complex: Supraspinatus, Infraspinatus, Teres minor, and Subscapularis. These form a dynamic cuff that stabilizes the glenohumeral joint by pulling the humeral head tightly into the shallow glenoid fossa.
2. Extrinsic Shoulder Muscles: Deltoid (primary abductor) and Teres major (adductor and internal rotator).
3. Anterior Thoracoappendicular Group: Pectoralis major, Pectoralis minor, and Subclavius.
4. Posterior Thoracoappendicular & Axial Group: Trapezius, Latissimus dorsi, Levator scapulae, Rhomboid major, Rhomboid minor, and Serratus anterior (vital for scapular rotation and anchoring against the ribcage).
By linking the precise shape of these articular surfaces with the directional vectors of these muscular targets, clinicians can predict patterns of joint dislocation, muscle tears, and nerve entrapments in standard clinical practice.
Plexus Component
Constituent Spinal Levels
Anatomical Landmark / Boundaries
Roots
Ventral rami of C5, C6, C7, C8, T1
Emerging through intervertebral foramina; situated between the anterior and middle scalene muscles.
Trunks
Superior (C5-C6)
Middle (C7)
Inferior (C8-T1)
Pass laterally within the posterior triangle of the neck, between the anterior and middle scalene muscles.
Divisions
3 Anterior (flexor compartments)
3 Posterior (extensor compartments)
Located directly inferior/deep to the clavicle.
Cords
Lateral (Ant. Div. of Sup/Mid Trunks)
Medial (Ant. Div. of Inf Trunk)
Posterior (Post. Div. of All Trunks)
Located in the axilla, deep/inferior to the pectoralis minor muscle. Named relative to their orientation around the axillary artery.
Joint Movement
Primary Spinal Segment(s)
Key Testing Muscle Group
Shoulder Abduction
C5
Deltoid, Supraspinatus
Shoulder Adduction
C6, C7, C8
Pectoralis major, Latissimus dorsi, Teres major
Elbow Flexion
C5, C6
Biceps brachii, Brachialis
Supination
C6
Biceps brachii, Supinator
Wrist Extension
C6, C7
Extensor carpi radialis longus/brevis, Extensor carpi ulnaris
Pronation
C7, C8
Pronator teres, Pronator quadratus
Wrist Flexion
C7, C8
Flexor carpi radialis, Flexor carpi ulnaris
Finger / Thumb Extension & Abduction
C7, C8
Extensor digitorum, Abductor pollicis longus
Finger Flexion
C7, C8
Flexor digitorum profundus/superficialis
Finger Abduction & Adduction
T1
Dorsal and Palmar Interossei",
Upper limb 2 - Functional compartments and anatomy of the upper limb,"Comprehensive Lecture Guide:
Functional Compartments & Clinical Anatomy of the Upper Limb
Monash University Human Anatomy Education — Reference Manual
__________________________________________________________________
1. Overview and Core Learning Objectives
This comprehensive educational manual integrates the advanced clinical anatomy of the human arm, shoulder complex, and elbow joint. Prepared as an instructional framework, this text systematically details the biomechanical, fascial, vascular, and neurological architectures that dictate upper limb function and clinical pathology.
Primary Core Learning Objectives:
Objective 1:  Synthesize structural and functional knowledge of the shoulder joint complex with clinical diagnostic examination findings.
Objective 2:  Evaluate the anatomical compartmentalization of deep fascia within the arm and map its direct relevance to the pathogenesis and management of acute Compartment Syndrome.
Objective 3:  Identify multi-joint crossing muscles (e.g., the long head of the biceps brachii) and explain the biophysical mechanisms that predispose them to high-velocity mechanical strain and structural injuries.
2. Anatomy of the Glenohumeral Joint: Stability vs. Mobility
The glenohumeral (shoulder) joint represents a critical evolutionary tradeoff: it optimizes extreme multi-axial mobility at the direct expense of inherent bony stability. Understanding the primary anatomical stabilizing mechanisms is vital for assessing pathology.
A. Articular Capsule, Membranes, and Core Structural Components
Fibrous Capsule:  Continuous with the periosteum of the humerus and scapula, providing a dense, fibrous sleeve around the joint structure.
Articular Cartilage:  Specialized hyaline tissue lining the glenoid cavity and the head of the humerus, minimizing friction and absorbing compressive stress.
Synovial Membrane:  A highly vascularized internal layer that lines the non-articular surfaces of the joint, responsible for secreting nutrient-rich synovial fluid.
Synovial Cavity:  The interior potential space containing synovial fluid, allowing frictionless gliding during articulation.
Periosteum:  Form a protective sheath over the cortical bone and serve as an attachment anchor for the joint capsule capsule and surrounding ligaments.
B. The Rotator Cuff Complex (Dynamic Fixators)
The dynamic structural integrity of the glenohumeral joint is heavily maintained by the muscular architecture of the rotator cuff. Rather than acting strictly as prime movers, these muscles exhibit specialized structural features that enable a vital 'fixator function', pulling the humeral head actively into the shallow glenoid fossa during movement.
1. Subscapularis:  Positioned anteriorly; originates from the subscapular fossa and inserts onto the lesser tubercle of the humerus. Acts as a powerful internal rotator and dynamic anterior stabilizer.
2. Supraspinatus:  Positioned superiorly; sits in the supraspinatus fossa, running beneath the acromion process to insert onto the greater tubercle. It is the crucial initiator of glenohumeral abduction.
3. Infraspinatus:  Positioned posteriorly; occupies the infraspinatus fossa, inserting onto the middle facet of the greater tubercle to provide primary external rotation.
4. Teres Minor:  Positioned postero-inferiorly; originates from the lateral scapular border, inserting onto the inferior facet of the greater tubercle to aid in external rotation and posterior stabilization.
C. Bursae of the Shoulder Complex
Bursae are fluid-filled synovial sacs strategically interposed between non-compliant structures to eliminate friction. However, they frequently serve as localized sources of severe clinical joint pain:
Subacromial / Subdeltoid Bursal Complex:  Located deep to the acromion and deltoid muscle, protecting the supraspinatus tendon. Inflammation here leads to subacromial/subdeltoid bursitis, which characteristically produces a highly localized 'painful arc' during 70° to 120° of active arm abduction.
Subscapular Bursa:  Positioned deep to the subscapularis muscle tendon, this bursa uniquely maintains a direct structural communication pathway with the main synovial joint cavity.
3. Clinical Presentation of Shoulder Dislocations
The positional state of least stability for the glenohumeral joint occurs during a combination of maximum abduction and external rotation. In this vulnerable posture, mechanical forces easily overcome the stabilization limits of the joint capsule and surrounding rotator cuff musculature.
Anterior vs. Posterior Pathology
Anterior Dislocation (Most Common):  Accounts for the vast majority of all clinical presentations. It is typically precipitated by an acute traumatic force applied directly to an already abducted and externally rotated arm. Radiographic analysis reveals a classical presentation featuring an 'empty glenoid cavity' accompanied by an anterior, medially, and inferiorly displaced humerus.
Posterior Dislocation (Less Common):  Less frequently encountered; typically results from high-energy direct trauma, such as falling forward onto an outstretched, rigid arm, forcing the humeral head posteriorly out of the glenoid rim.
Neurological Risks: The Axillary Nerve (C5, C6)
The axillary nerve winds tightly around the surgical neck of the humerus, rendering it extremely susceptible to severe mechanical injury during shoulder dislocations, subluxations, or displaced fractures of the humeral surgical neck. Injury can lead to paralysis of the deltoid and teres minor muscles alongside sensory loss over the lateral shoulder area.
4. Structural Compartmentalization of the Arm
The human upper limb is organized into strict functional anatomical compartments separated by rigid, non-yielding fascial boundaries. The arm (brachium) is tightly enveloped by the deep, unyielding brachial fascia.
Fascial Architecture and Compartment Syndrome
From the inner aspect of the deep brachial fascia, robust internal connective sheets known as intermuscular septa extend inward to attach firmly along the medial and lateral supracondylar ridges of the humerus. This configuration divides the arm cleanly into two major functional sections:
Anterior Compartment:  Houses the flexor muscles of the arm and their associated neurovascular bundles.
Posterior Compartment:  Contains the extensor musculature and the radial nerve pipeline.
Because the outer deep brachial fascia and internal septa are composed of dense, fibrous tissue, they cannot expand. If deep tissue bleeding, crush injuries, or severe bone fractures occur within a compartment, intra-compartmental pressure rises rapidly. This leads to Compartment Syndrome, which restricts local microvascular capillary blood flow, causing rapid tissue ischemia, muscle necrosis, and permanent nerve damage if emergency surgical fasciotomy is delayed.
5. Detailed Anatomy of the Muscle Compartments
A. The Anterior Compartment (Flexors)
The anterior brachium contains three primary muscles, predominantly innervated by the musculocutaneous nerve:
1. Biceps Brachii:  A prominent multi-joint muscle possessing two distinct proximal heads.
- Long Head: Originates from the supraglenoid tubercle of the scapula, passing intra-capsularly over the humeral head.
- Short Head: Originates from the coracoid process.
- Insertion: Distally attaches to the radial tuberosity and extends medially via the broad, fibrous bicipital aponeurosis into the deep fascia of the forearm.
- Primary Function: Acts as the absolute prime supinator of the forearm and a powerful flexor of the elbow joint.
2. Brachialis:  Sits directly deep to the biceps brachii; originates from the distal half of the anterior humerus and inserts onto the ulnar tuberosity and coronoid process. It serves as the primary, unyielding workhorse flexor of the elbow joint, acting consistently across all angles of flexion. Uniquely, while its medial bulk is innervated by the musculocutaneous nerve, its lateral fibers receive a dual innervation contribution from the radial nerve in approximately 76-82% of individuals.
3. Coracobrachialis:  Originates from the coracoid process alongside the short head of the biceps and inserts on the medial aspect of the humeral shaft. It functions primarily as a weak adductor and flexor of the shoulder joint.
B. The Posterior Compartment (Extensors)
Triceps Brachii:  The exclusive muscle mass occupying the posterior brachium.
- Structural Heads: Composed of three distinct heads: the Long Head (originating from the infraglenoid tubercle of the scapula, crossing the shoulder joint), the Lateral Head, and the Medial Head (both originating along the posterior aspect of the humeral shaft).
- Insertion: Merges into a singular, dense tendon that inserts firmly onto the olecranon process of the ulna.
- Primary Innervation: Radial Nerve (specifically utilizing fibers derived from the C7 and C8 nerve roots).
- Function: The primary, highly powerful extensor of the elbow joint.
6. Biophysics of Multi-Joint Muscles and Injury Susceptibility
Muscles that span and cross multiple joints—such as the long head of the biceps brachii (crossing both the glenohumeral and elbow joints) and the long head of the triceps brachii—possess a unique physiological profile that makes them highly susceptible to mechanical failure.
The Sarcomere Length-Tension Dynamic
Muscle force generation is governed by the biophysical length-tension relationship of individual sarcomeres. Total developed tension is the mathematical sum of active force (the cross-bridge interaction between actin and myosin filaments) and passive force (the inherent elastic tension of structural proteins like titin when stretched).
When a multi-joint muscle is elongated across both joints simultaneously, it operates at the extreme right-hand edge of its length-tension curve. In this highly lengthened state, the active cross-bridge overlap decreases dramatically, and passive tension skyrockets. If the muscle undergoes a sudden, forceful contraction in this vulnerable state, it experiences extreme structural stress.
Biomechanical Stress During High-Velocity Activities
This biophysical vulnerability is vividly illustrated during the explosive phases of overhand sports throwing (such as the pitching sequence in baseball or athletic throwing fields):
Cocked / Acceleration Phases:  The arm undergoes rapid maximal external rotation and abduction. Multi-joint flexor tendons are stretched taut under immense passive preload tension.
Deceleration and Follow-Through:  Immediately following release, the musculature must undergo a powerful eccentric contraction to rapidly decelerate the high-velocity moving limb. Eccentric contractions generate the highest structural forces possible within muscle tissue, frequently tearing individual myofibrils and inducing severe tendon failures, such as tearing of the long head of the biceps brachii tendon.
7. Neurovascular Architecture of the Arm
A precise mapping of the vascular channels and peripheral nerves is required to accurately evaluate upper limb trauma, compression syndromes, and deep structural compartments.
A. Arterial Pipeline and Deep Venous Channels
1. Brachial Artery:  A direct structural continuation of the axillary artery at the lower border of the teres major muscle. It travels down the medial aspect of the arm before entering the cubital fossa to divide into the radial and ulnar arteries. It supplies the anterior flexor compartment.
2. Profunda Brachii (Deep Artery of the Arm):  Branching off the proximal brachial artery, this vessel travels posteriorly in tight company with the radial nerve along the spiral groove of the humerus, providing vital vascular supply to the deep structures of the posterior extensor compartment.
3. Anterior & Posterior Circumflex Humeral Arteries:  Branch off the axillary artery and loop tightly around the surgical neck of the humerus, creating an anastomotic ring that supplies the glenohumeral joint capsule and surrounding bone.
4. Cephalic Vein:  Travels superficially along the lateral border of the upper limb within the deltopectoral groove.
5. Basilic Vein:  Runs up the medial aspect of the arm, eventually piercing the deep fascia to join the deep venous network.
B. Peripheral Nerve Pathways
1. Musculocutaneous Nerve (C5, C6):  Arises from the lateral cord of the brachial plexus (C5, C6). It pierces the coracobrachialis muscle to travel between the biceps brachii and brachialis, supplying all three anterior compartment flexor muscles before continuing distally as the lateral cutaneous nerve of the forearm.
2. Radial Nerve (C7, C8):  Originates from the posterior cord (C7, C8). It enters the arm posteriorly, traveling directly inside the spiral groove of the humerus beneath the lateral head of the triceps. It innervates the triceps brachii, provides the lateral innervation contribution to the brachialis muscle, and continues distally to supply the extensor muscles of the forearm.
Clinical Correlation: When managing a suspected glenohumeral dislocation or a proximal humeral fracture, the clinician must perform a thorough neurovascular assessment prior to reduction, specifically documenting the sensory integrity of the axillary nerve over the 'regimental badge' area of the lateral deltoid.",
Introduction to motor systems,"Comprehensive Analysis of Human Motor Systems
Welcome to this comprehensive medical textbook article on the human motor system. This text serves as a complete study guide and clinical review based on the foundational curriculum of the Monash School of Medicine (MED1100). No details from the core physiological lecture guidelines have been omitted; rather, they have been expanded here to ensure absolute conceptual clarity for medical students and practitioners alike.
1. Conceptual Overview & The Importance of Sensory Feedback
The motor system is not an isolated output mechanism; it is an intricately integrated network of hierarchically organized neural structures whose primary objective is the planning, coordination, and perfect execution of movement. A foundational axiom of motor control is that voluntary movement cannot occur efficiently without continuous, real-time sensory feedback. Consider the act of picking a peach: visual information about the peach’s spatial location is transmitted to the frontal cortex to map out the reach. As your fingers make contact with the fruit, mechanical and proprioceptive receptors relay sensory signals via sensory afferent neurons back through the spinal cord up to the primary somatosensory cortex. This loop constantly communicates absolute finger position, texture, and force requirements. Concurrently, subcortical regulators like the basal ganglia assess the emotional and cognitive context of the movement, while the cerebellum refines the trajectory and velocity to prevent overshooting or dropping the object.
2. Hierarchical Organization of the Central Motor System
Motor control is organized hierarchically across several key regions of the cerebral cortex, primarily concentrated within the frontal and parietal lobes. These structures fire in a highly synchronized temporal sequence to transform a conceptual goal into coordinated muscular force:
Posterior Parietal Cortex:  Serves as the primary sensory integration center. It receives diverse somatosensory, visual, and proprioceptive inputs and processes them to project a unified spatial framework, explicitly informing the downstream motor cortices of the body's position relative to the external environment.
Prefrontal Cortex:  The executive decision-making hub. It is responsible for the conscious decision to execute a particular behavior or goal-directed movement, serving as the initiator of the volitional stream.
Premotor Cortex:  Receives complex behavioral instructions from the prefrontal cortex and handles the structural planning of the movement or motor sequence. It orchestrates the timing and sequence of muscle group activations before signaling the execution pathway.
Primary Motor Cortex:  Located within the precentral gyrus, this is the final cortical gateway for motor execution. It receives the highly refined motor sequence from the premotor area and directly commands voluntary muscle contractions and reciprocal relaxations through descending projection pathways.
The Somatotopic Motor Map (The Motor Homunculus)
The primary motor cortex does not control individual muscles uniformly; instead, it contains a highly structured, point-to-point somatotopic motor map of the human body. Body areas requiring exceptionally fine, high-precision motor control—such as the fingertips, hands, lips, and tongue—are represented by disproportionately larger, highly complex regions within the cortex. Conversely, larger body structures requiring less precise control, like the trunk or thighs, occupy far smaller cortical areas. Furthermore, this map adheres to a clear spatial axis: ventral regions of the motor cortex control the head, face, and neck movements, whereas dorsal and medial regions govern the torso, lower extremities, and limbs.
3. Descending Motor Pathways & The Corticospinal Tract
To translate cortical commands into physical force, signals must travel down long projection tracts. The primary pathway conveying these inputs from the primary motor cortex to the brainstem and spinal cord is the Corticospinal Tract. This tract splits into two major functional subdivisions:
The Lateral Corticospinal Tract:  Comprising the vast majority of corticospinal fibers, this tract decussates (crosses over to the opposite side) within the medullary pyramids of the brainstem. Consequently, it descends through the contralateral side of the spinal cord to control the distal limbs and precision muscle groups on the absolute opposite side of the body.
The Anterior Corticospinal Tract:  This tract does not decussate in the medulla; instead, it descends ipsilaterally through the anterior columns of the spinal cord, crossing over only near its terminal level in the ventral horn. It predominantly governs the axial musculature and proximal limbs situated close to the anatomical midline, maintaining posture and core stability.
4. Spinal Circuits, UMN vs. LMN, and Clinical Lesion Mapping
The spinal cord acts as the final processing gateway for the execution of all movement. Far from being a simple relay cable, it integrates descending supraspinal commands with local peripheral sensory feedback from muscle spindles and joint receptors. The spinal circuits orchestrate both involuntary reflex loops (such as the monosynaptic stretch reflex) and voluntary movements, directly controlling the fine selectivity of muscular contractions.
Upper Motor Neurons (UMN) vs. Lower Motor Neurons (LMN)
To systematically diagnose motor deficits, clinical neurology divides the motor framework into Upper and Lower Motor Neuron systems:
Upper Motor Neurons (UMN):  Neurons whose cell bodies originate entirely within the cerebral cortex or subcortical brainstem nuclei. Their axons form the descending pathways that terminate exclusively within the central nervous system (brainstem motor nuclei or the ventral horn of the spinal cord) where they synapse onto lower motor neurons.
Lower Motor Neurons (LMN):  Multipolar effector neurons that connect the central nervous system directly to the target skeletal muscle fibers. Their cell bodies reside in either the brainstem motor nuclei (for cranial nerves) or the ventral horn of the spinal cord gray matter. Their axons exit the central nervous system entirely via peripheral nerves to terminate at the highly specialized neuromuscular junction (NMJ).
Clinical Correlation Table: Diagnosing Lesions
When injuries or neurodegenerative processes disrupt these pathways, UMN and LMN lesions yield drastically opposing clinical presentations due to the interruption of different physiological components:
Upper Motor Neuron Lesions:  Occur due to injuries anywhere from the cerebral cortex down through the descending tracts of the spinal cord. Because the inhibitory control from higher brain centers is lost, the spinal reflex arcs become unchecked. UMN lesions characteristically manifest as spasticity (hypertonia), hyperreflexia (exaggerated deep tendon reflexes), and a pathognomonic positive Babinski reflex (dorsiflexion of the great toe).
Lower Motor Neuron Lesions:  Occur due to damage anywhere from the anterior horn cell body, peripheral nerve, neuromuscular junction, or the muscle fiber itself. Because the final common pathway for muscle excitation is completely destroyed, the muscle loses all neural tone. LMN lesions characteristically present with flaccid paralysis, severe muscle atrophy, hyporeflexia (loss of reflexes), and fasciculations.
Clinical Case Example - Spinal Muscular Atrophy (SMA): SMA is a severe genetic neurodegenerative disease characterized by the selective destruction and degeneration of lower motor neuron cell bodies in the anterior horn. This prevents standard efferent signaling from reaching the limbs, resulting in progressive flaccid muscle wasting, generalized weakness, and severe impairment of all voluntary motor functions.
5. Subcortical Modulatory Centers: Basal Ganglia and Cerebellum
While cortical tracts execute movement, subcortical structures are absolutely mandatory to modulate, refine, smooth, and control those commands.
The Basal Ganglia: The Gateway of Movement Selection
The basal ganglia consists of a series of highly interconnected deep subcortical nuclei located beneath the cerebral cortex. Its primary constituents include the Striatum (composed of the Caudate Nucleus and the Putamen), the Globus Pallidus, and two critical midbrain regulatory structures: the Substantia Nigra and the Subthalamic Nucleus. The basal ganglia forms a complex regulatory feedback loop: it receives massive excitatory inputs from both the motor cortex and limbic emotional areas, processes this information, and projects back to the motor cortex via a thalamic relay to continuously scale and modulate descending motor commands.
Pathology within the basal ganglia alters this scaling, splitting into two distinct motor disorder phenomenologies:
Hyperkinetic Symptoms:  Characterized by an excessive amount of unwanted, uncontrollable, involuntary movements. A classic example is Huntington's Disease (or Huntington's Chorea), an autosomal dominant hereditary disorder presenting with brief, non-repetitive, jerky choreiform movements caused by degeneration of GABAergic striatal neurons.
Hypokinetic Symptoms:  Characterized by a severe paucity, slowing, or absolute limitation of voluntary movement. The quintessential example is Parkinson's Disease, a sporadic neurodegenerative condition caused by the progressive death of dopaminergic neurons within the Substantia Nigra pars compacta. This loss results in classic clinical features: a resting 'pill-rolling' tremor, bradykinesia (profound slowness of movement), cogwheel rigid muscles, a stooped shuffling posture, and a distinct loss of automatic movements.
The Cerebellum: The Master of Balance and Accuracy
The cerebellum plays an irreplaceable role in regulating motor execution, error correction, and real-time balance control. It is functionally and anatomically segregated into three major specialized zones:
1. Cerebrocerebellum:  Extensively interconnected with the cerebral cortex; it is predominantly responsible for the precise planning, temporal sequencing, and cognitive coordination of complex multi-joint movements.
2. Spinocerebellum:  Receives dense sensory information from the spinal cord alongside motor signals from the cortex; it acts as an online error detector, ensuring real-time coordination, timing, and absolute spatial accuracy of ongoing movements.
3. Vestibulocerebellum:  Strongly linked with the vestibular apparatus and visual cortex; it directly coordinates global balance, axial posture, and synchronized eye, head, and neck movements.
Crucially, each cerebellar hemisphere regulates coordination on the exact same side of the body. Therefore, structural damage results in ipsilateral symptoms. Cerebellar lesions manifest as a constellation of motor errors: Ataxia (profoundly uncoordinated, irregular movements and wide-based gait), Dyssynergia (the complete decomposition of smooth multi-joint synergistic movements, typically demonstrated during the clinical finger-to-nose test), and Dysmetria (the stark inability to judge distance, resulting in overshooting or undershooting a target). It also impairs core perceptual processes, such as visual motion discrimination.
6. The Three Phases of Voluntary Movement
Voluntary movements are purposeful, goal-directed, and can be initiated completely at will without requiring external sensory triggers (e.g., dancing, writing, or talking). Every voluntary movement progresses through three highly organized temporal phases:
1. Planning Phase:  Begins with a conscious 'idea' or intent to move. The cortical association areas, working in tight tandem with the basal ganglia and the cerebrocerebellum, synthesize the overarching spatial plan and coordinate the selection of appropriate muscle groups.
2. Initiation Phase:  The refined plan is funneled directly into the primary motor cortex. The motor cortex fires along specific projection pathways, initiating the downward signal.
3. Execution Phase:  Descending corticospinal tracks convey the action potentials to lower motor neurons to contract muscles. Concurrently, feedback pathways send efferent copies of the command to the spinocerebellum, which constantly checks for deviations between the planned trajectory and actual performance, correcting errors in mid-flight.
7. Peripheral Motor Control: Motor Units and Force Generation
At the absolute level of the muscle fiber, the nervous system must precisely grade how much force is produced. This is accomplished via the structure and recruitment pattern of motor units.
The Motor Unit:  Defined explicitly as a single alpha motor neuron and the collective population of individual skeletal extrafusal muscle fibers that it directly innervates. When that single neuron fires, all muscle fibers within that unit contract simultaneously.
The Motor Pool:  The total collection of all individual motor units that converge to innervate a single discrete muscle (e.g., the biceps brachii).
Grading Muscle Force: Recruitment vs. Rate Coding
The central nervous system commands two physiological mechanisms to grade the total force output of a muscle group:
1. Recruitment (Henneman's Size Principle): To increase force, the nervous system increases the total number of active motor neurons. This recruitment follows an absolute, orderly hierarchy based on cell body size: small motor neurons (which possess small cell bodies and innervate a small number of slow-twitch fibers) are recruited first for low-force tasks like standing or walking. As force requirements escalate (e.g., running or jumping), the system progressively recruits larger and larger motor units (which possess large cell bodies and innervate massive numbers of powerful fast-twitch fibers). This ensures smooth, graded steps in force generation.
2. Rate Coding (Frequency Modulation): Force can also be scaled by varying the absolute frequency of excitation within an active motor neuron. Because a single mechanical muscle contraction (twitch) lasts significantly longer than a brief electrical neuronal action potential, increasing the firing frequency causes successive contractions to merge. This process of contraction summation progressively increases total force output until a smooth, maximum sustained contraction called tetanus is reached.
Alpha vs. Gamma Motor Neurons
Lower motor neurons within the ventral horn are categorized into two major functional types to ensure that muscles maintain precision control during contraction:
Alpha Motor Neurons (α-MN):  Large, myelinated fibers (Aα) that directly innervate the standard extrafusal muscle fibers. These are exclusively responsible for generating the active physical force required for skeletal movement.
Gamma Motor Neurons (γ-MN):  Smaller fibers (Aγ) that selectively innervate specialized intrafusal muscle fibers located inside the muscle spindles. Muscle spindles act as internal stretch receptors. By stimulating the intrafusal fibers, gamma motor neurons keep the spindle taut and sensitive during muscle contraction, allowing the body to constantly detect precise changes in muscle length and stretch.
Skeletal Muscle Fiber Types
Skeletal muscle units are segregated into two primary functional categories based on their metabolic pathways and contraction velocities:
Slow-Twitch Fibers (Type I):  Characterized by slow contraction speeds and low peak force output, but possessing exceptionally high resistance to fatigue. These fibers are heavily reliant on aerobic energy production, containing high mitochondrial densities, and are perfectly adapted for sustained endurance activities and maintaining global anti-gravity posture.
Fast-Twitch Fibers (Type II):  Adapted for short, extremely powerful, rapid bursts of high-velocity force production. However, they possess low fatigue resistance and exhaust their glycogen and energy stores rapidly, making them ideal for high-intensity, short-duration tasks.",
Skeletal muscle,"Skeletal Muscle Physiology
Comprehensive Reference Guide based on Monash University MED 1100/1200
Lecturer: Dr. Simone Carron-Peters
Compiled by: Medical Instruction Faculty
Learning Outcomes:
• Describe the structural components and macro-to-micro organization of skeletal muscle.
• Explain the molecular mechanisms of muscle contraction, including cross-bridge cycling, the sliding filament mechanism, and excitation-contraction coupling.
• Explain the mechanics of muscle contraction (twitch, summation, tetanus).
• Define and distinguish between different types of muscle contractions: isotonic, isometric, concentric, and eccentric.
Part 1: Muscle Structure, Components, and Organisation
Skeletal muscle is a highly organized tissue that transitions structurally from gross anatomical structures down to microscopic molecular filaments. The macroscopic architecture begins at the interface with bone, where force is transmitted via tendons to the muscle belly itself. This structure is bundled into distinct layers of connective tissue sheets, which provide structural support, route blood vessels and nerves, and ensure independent movement of muscle groups:
Epimysium: The outermost dense layer of connective tissue that surrounds the entire skeletal muscle organ.
Perimysium: A central connective tissue layer that groups individual muscle fibers into bundles known as muscle fascicles.
Endomysium: The finest layer of connective tissue that wraps tightly around each individual muscle fiber (muscle cell).
The Muscle Fiber (Cell) Anatomy
An individual muscle fiber represents a single, highly specialized, multinucleated muscle cell. It contains standard cellular organelles modified extensively for contractile work:
Sarcolemma: The plasma membrane of the muscle fiber, which is electrically excitable and features specialized invaginating pores.
Mitochondria: Abundantly scattered throughout the cell to generate the high amounts of ATP required for continuous cross-bridge activity.
Myofibrils: Cylindrical contractile organelles that pack the inside of the muscle fiber, running parallel to its length.
Sarcoplasmic Reticulum (SR): A specialized smooth endoplasmic reticulum that wraps meticulously around each myofibril, functioning as an intracellular storage depot for calcium ions (Ca²⁺).
The Sarcomere and Striated Appearance
The characteristic striated (striped) appearance of skeletal muscle under light microscopy is directly caused by the regular, repeating layout of myofilaments within the myofibrils. The basic functional unit of a muscle is the sarcomere, defined precisely as the region spanning from one Z disc (Z line) to the adjacent Z disc. The internal topology of a sarcomere consists of several bands and lines:
I Band (Lighter Band): An isotropic zone containing only thin (actin) filaments. The Z disc bisects the center of each I band.
A Band (Darker Band): An anisotropic zone that spans the entire length of the thick (myosin) filaments. This region looks darker because it contains dense thick filaments and areas where thick and thin filaments overlap.
H Zone: A narrow, slightly lighter sub-zone located in the exact center of the A band, where only thick filaments are present with no thin filament overlap at rest.
M Line: Located in the absolute center of the H zone, containing structural proteins that hold the thick filaments together in alignment.
Titin (Elastic Filaments): Giant elastic proteins that anchor the thick filaments to the Z discs, providing passive elasticity and keeping the filaments centered during contraction.
Part 2: Molecular Mechanisms of Contraction
The Myofilaments: Actin and Myosin Structure
Contraction depends on the precise biochemistry of the thin and thick filaments:
Thin Filament (Actin Complex): Composed of spherical actin molecules arranged in a double helix. Two key regulatory proteins are bound to actin:
• Tropomyosin: A long, rope-like protein filament that wraps around the actin helix. In a resting muscle, it physically blocks the cross-bridge binding sites, preventing myosin heads from binding.
• Troponin Complex: A three-protein complex consisting of Troponin I (TnI), Troponin T (TnT), and Troponin C (TnC). TnC contains a specific Ca²⁺ binding site that acts as the molecular trigger for contraction.
Thick Filament (Myosin Complex): Composed of hundreds of myosin molecules, each about 100 nm long. A single myosin molecule looks like a double-headed golf club, featuring a long alpha-helical tail, a flexible hinge region, and two globular heads associated with myosin light chains. The globular heads contain two highly functional regions:
1. Actin-binding sites: Where physical connection is established with the thin filament.
2. ATP-binding site: An enzymatic pocket (myosin ATPase) that binds and hydrolyzes ATP to drive filament movement.
Excitation-Contraction Coupling (ECC)
Excitation-contraction coupling is the physiological process that links an electrical stimulus (action potential) to the mechanical response (contraction). The sequence occurs through the following steps:
1. Motor Neuron Action Potential: An action potential travels down a somatic motor neuron and arrives at the axon terminal at the neuromuscular junction.
2. Acetylcholine (ACh) Release: The neural depolarization prompts Ca²⁺ influx into the nerve terminal via voltage-gated channels, triggering the exocytosis of acetylcholine-containing vesicles into the synaptic cleft.
3. End-Plate Depolarization: ACh binds to nicotinic acetylcholine receptors located on the specialized motor end plate of the sarcolemma. This opens ion channels, allowing a rapid influx of sodium ions (Na⁺) into the muscle cell, while a smaller amount of potassium (K⁺) leaks out. This net positive movement locally depolarizes the cell membrane.
4. Action Potential Generation and Propagation: The local current at the motor end plate triggers adjacent voltage-gated Na⁺ channels to snap open, generating a fully propagated muscle action potential across the entire sarcolemma.
5. T-Tubule Conduction: The sarcolemma contains small gaps that open into a network of internal pipes known as Transverse-Tubules (T-Tubules). The action potential spreads deep into the muscle cell fiber by traveling down these T-Tubules, which wrap closely around individual myofibrils.
6. DHP Receptor Activation: As the depolarization passes through the T-Tubules, it is sensed by a voltage-sensitive protein called the Dihydropyridine (DHP) receptor.
7. Ryanodine Receptor (RyR) Opening: Upon sensing the voltage change, the DHP receptor alters its physical conformation. This shift directly opens a physically linked calcium-release channel on the sarcoplasmic reticulum membrane called the Ryanodine receptor (RyR).
8. Calcium Influx to Sarcoplasm: Once RyR channels open, calcium ions (Ca²⁺) rapidly flood out of the high-concentration SR lumen into the low-concentration sarcoplasm surrounding the myofilaments.
9. Troponin Activation: The released Ca²⁺ binds directly to the Ca²⁺ binding site on Troponin C (TnC) of the thin filament, initiating the mechanical contraction sequence.
Cross-Bridge Cycling and the Sliding Filament Theory
When calcium binds to troponin, the troponin complex changes its configuration, pulling the attached tropomyosin rope away from the cross-bridge binding sites on the actin filament. This exposes the sites and initiates the cross-bridge cycle, which follows four continuous steps:
Step 1: Cross-Bridge Binding to Actin: An energized myosin head (which has previously hydrolyzed ATP and holds onto ADP and inorganic phosphate, Pi) attaches to the newly exposed cross-bridge binding site on actin.
Step 2: The Power Stroke (Cross-Bridge Movement): The binding of myosin to actin triggers the sequential release of Pi and ADP from the myosin head. This causes the flexible hinge region of the myosin head to pivot forcefully, sliding the thin actin filament along the thick filament toward the central M line of the sarcomere.
Step 3: Cross-Bridge Detachment: A fresh molecule of ATP binds to the ATP-binding site on the myosin head. This binding dramatically lowers the affinity of myosin for actin, causing the cross-bridge to detach completely.
Step 4: ATP Hydrolysis (Re-energizing the Head): The ATPase enzyme pocket on the detached myosin head hydrolyzes the bound ATP into ADP and Pi. The energy released by this reaction physically re-cocks the myosin head back into its high-energy state ('energized cross-bridge'), making it ready to bind to another actin site further down the filament.
According to the Sliding Filament Theory, muscle shortening is not achieved by individual filaments shrinking. Instead, it is the result of thick and thin filaments sliding past each other and overlapping more extensively. At the macromolecular level, this causes explicit structural changes in the sarcomere:
The Z lines move closer together as the entire sarcomere length shortens.
The I band becomes noticeably smaller as thin filaments slide deeper into the A band.
The A band stays exactly the same width, because the physical length of the thick filaments does not change.
At maximal contraction, the filaments reach peak overlap, completely narrowing the H zone.
Clinical Application: The Mechanism of Rigor Mortis
Rigor mortis provides a clear demonstration of the absolute requirement for ATP during cross-bridge cycling. Under physiological conditions, ATP is the mandatory factor that provides energy for the actin-myosin cross-bridge to detach. Following death, active metabolism halts, leading to a total loss of ATP production. Because no fresh ATP is available to bind to the myosin heads, they cannot detach from the actin-binding sites. Consequently, all established cross-bridges remain locked in place, producing the rigid stiffness characteristic of deceased skeletal muscles. (Note: standard lecture slide annotations clarify that although some student notes erroneously associate ATP binding directly with troponin adjustments, cross-bridge detachment is entirely mediated by ATP binding to the myosin head itself, which prevents persistent lock-in).
Part 3: Muscle Mechanics
The Muscle Twitch and Phases
A muscle twitch is the mechanical response of a muscle fiber to a single, isolated action potential. A standard physiological recording of a twitch reveals three distinct sequential phases:
1. The Latent Period (Delay): The brief window of time between the initial motor neuron excitation and the first measurable onset of mechanical muscle tension. This delay represents the time required for the electrical signal to propagate, open RyR channels, release Ca²⁺, bind to troponin, and shift tropomyosin.
2. The Contraction Phase: The interval during which cross-bridge cycling is actively taking place and muscle tension climbs to its peak value.
3. The Relaxation Phase: The prolonged period during which tension steadily declines. This occurs as Ca²⁺ ions are actively pumped back out of the sarcoplasm into the SR lumen via active transport, causing tropomyosin to slide back over the actin binding sites.
Frequency of Excitation: Twitch to Summation to Tetanus
The force generated by a muscle can be adjusted by changing the frequency of electrical stimulation. If a second electrical stimulus is delivered before a muscle fiber has completely relaxed from its first twitch, the new contraction builds directly on top of the residual tension, generating greater overall force. This phenomenon is known as wave summation. As the frequency of excitation increases, the muscle progresses from isolated twitches through unfused tetanus, eventually reaching fused (complete) tetanus, where stimulation is so rapid that no relaxation occurs between pulses, resulting in a smooth, maximal, sustained contraction plateau.
Types of Contractions
Muscle contractions are categorized based on changes in muscle length and tension during the activity:
Isotonic Contraction: The muscle changes its physical length while maintaining a constant mechanical tension. Isotonic contractions are further sub-classified into:
• Concentric Contraction: The muscle shortens while developing tension because the internal contractile force exceeds the external load (e.g., lifting a dumbbell upward during a biceps curl).
• Eccentric Contraction: The muscle elongates or lengthens while contracting because the external load is greater than the internal force generated (e.g., slowly lowering a heavy dumbbell under control).
Isometric Contraction: The muscle develops active internal tension but maintains a completely fixed length with no net movement (e.g., pushing against an immovable brick wall or holding a heavy object stationary in mid-air).
Molecular Dynamics during Isometric Contractions
At the molecular level, cross-bridge cycling always occurs whenever a muscle fiber is stimulated, regardless of whether the muscle physically shortens or remains at a fixed length. During an isometric contraction, where no overall shortening or lengthening is possible, the myosin heads continue to bind, undergo a power stroke, detach, and rebind to the exact same actin binding sites repeatedly, sustaining the internal tension without moving the external skeleton.
Active Tension and Innervation Architecture
The mechanical capacity of a muscle is further dictated by two core structural design factors:
Active Tension & Length-Tension Relationship: The amount of active tension a muscle can develop depends heavily on its starting fiber length. At the optimal resting length, there is a perfect degree of initial overlap between thick and thin filaments, allowing the maximum possible number of cross-bridges to form. If the muscle is over-stretched or compressed before stimulation, cross-bridge availability drops, reducing the active tension generated.
Motor Units and Innervation: Skeletal muscles are functionally organized into motor units. A motor unit is defined as a single somatic motor neuron and all the individual muscle fibers it structurally innervates. Axons of motor neurons extend outward from the spinal cord within a peripheral nerve, dividing into multiple terminal branches that scatter throughout the muscle belly to establish independent neuromuscular junctions.
Recruitment and the Size Principle: To gradually increase muscle contraction force, the nervous system uses motor unit recruitment. Following the size principle, smaller, more excitable motor units controlling fewer muscle fibers are recruited first for light tasks. As the demand for force increases, progressively larger motor units are activated to provide the required structural power.",
Compartments of the arm,"Comprehensive Guide to Clinical Anatomy:
Forearm, Wrist, and Hand
Based on Lectures by Dr. David Gonsalvez
Monash University — Biomedical Discovery Institute
1. Overview of the Elbow Joint and Radioulnar Articulations
The elbow joint acts as a crucial mechanical link in the upper limb, integrating the shape of its articular surfaces with precise muscle functions to control both flexion/extension and rotational positioning (pronation/supination).
Ligaments of the Elbow Joint
The stability of the elbow joint relies heavily on its intrinsic capsular ligaments:
Radial Collateral Ligament: Positioned laterally, providing resistance against varus (adduction) stress.
Annular Ligament: Encircles the head of the radius, securing it firmly within the radial notch of the ulna to allow smooth rotation during pronation and supination.
Ulnar Collateral Ligament: Located medially, consisting of strong bands that prevent valgus (abduction) deformity. It plays a critical role in stabilizing the joint against medial forces.
Kinematics of Supination and Pronation
Rotation of the forearm occurs at the proximal and distal radioulnar joints, driven by highly specialized muscle groups:
Supinator: Operates predominantly to turn the palm upward (anteriorly). The muscle has both humeral and ulnar heads.
Pronator Teres: A key forearm pronator crossing the anterior aspect, originating near the medial epicondyle.
Pronator Quadratus: A deep, flat, quadrilateral muscle situated distally between the radius and ulna, providing baseline pronation force.
2. The Cubital Fossa and Supracondylar Fractures
Anatomy of the Cubital Fossa
The cubital fossa is a transitional triangular space situated anteriorly at the elbow joint. Key boundaries and relationships include:
Flexor Carpi Ulnaris (FCU): Originates via humeral and ulnar heads, situated medially.
Ulnar Nerve: Passes posteriorly to the medial epicondyle (outside the traditional boundaries of the cubital fossa) but remains a critical anatomical relation of the distal arm.
Radial Nerve: Travels laterally, dividing into a superficial branch and a deep branch (which pierces the supinator muscle).
Clinical Correlation: Supracondylar Fractures of the Humerus
A supracondylar fracture typically occurs across the thin, vulnerable distal segment of the humerus, immediately superior to the epicondyles. In typical extension-type injuries, the distal bone fragment is displaced posteriorly or anteriorly, which poses an immediate hazard to adjacent neurovascular structures including the brachial artery, median nerve, and radial nerve.
3. Intrinsic Muscles of the Hand
The intrinsic muscles of the hand are categorized functionally into thenar, hypothenar, and deep palmar groups, determining precise movements like abduction, adduction, and opposition.
Muscle Classification and Innervation
Thenar Group (Median Nerve): Includes the Abductor Pollicis Brevis (APB), Flexor Pollicis Brevis (FPB), and Opponens Pollicis (OP). These muscles control the thumb's mobility.
Hypothenar Group (Ulnar Nerve): Comprises the Abductor Digiti Minimi (ADM), Flexor Digiti Minimi (FDM), and Opponens Digiti Minimi (ODM), controlling the little finger.
Deep Palmar Group: Includes the Adductor Pollicis (AP, innervated by the ulnar nerve), Lumbricals (1st and 2nd innervated by the median nerve; 3rd and 4th by the ulnar nerve), and the Interossei (Palmar interossei for adduction; Dorsal interossei for abduction).
4. Neurovascular Course, Distribution, and Lesions
Vascular Supply of the Forearm and Hand
Venous Drainage: Divided into superficial networks (Cephalic and Basilic veins, connected via the Median Cubital vein) and deep networks (Brachial venae comitantes tracing major arteries, leading into the Axillary vein).
Arterial Supply: Arises from the Brachial Artery (the continuation of the Axillary artery, which also gives off the Profunda Brachii/Deep Brachial artery). The brachial artery bifurcates into the Radial and Ulnar Arteries. The ulnar artery yields interosseous branches and gives rise to the Superficial Palmar Arch, while the radial artery supplies the thumb and completes the Deep Palmar Arch.
The Median Nerve
Forearm Course: Supplies all muscles of the anterior compartment except the Flexor Carpi Ulnaris (FCU) and the medial half (or medial 1/3) of the Flexor Digitorum Profundus (FDP).
Hand Distribution: Innervates the 'Meat' of the thumb (APB, FPB, OP) and the first two lateral lumbricals.
Sites of Injury: Vulnerable to distal humerus fractures and compression within the carpal tunnel.
Clinical Signs: Presents with a 'pointing index' when trying to clench the hand, thenar/opponens wasting, and sensory loss over the palmar aspect of the lateral 3.5 digits.
The Ulnar Nerve
Forearm Course: Supplies the Flexor Carpi Ulnaris (FCU) and the medial portion of the Flexor Digitorum Profundus (FDP).
Hand Distribution: Supplies the ADM, FDM, ODM, AP, deep head of FPB, and all interossei.
Sites of Injury: Most commonly at the medial epicondyle of the distal humerus and via compression at the wrist (Guyon's canal).
Distal vs. Proximal Palsy (The Ulnar Paradox): A distal ulnar nerve lesion leads to severe clawing of the ring and little fingers due to hyperextension at the MCP joints and flexion at the IP joints (paralysed lumbricals and interossei). In contrast, a proximal ulnar lesion paralyzes the FDP as well, leading to less pronounced terminal IP flexion (the ulnar paradox).
Clinical Signs: Demonstrated via weakness in abducting the little finger, positive Froment's sign (using the flexor pollicis longus instead of the weak adductor pollicis to grip paper), and sensory loss over the medial 1.5 digits.
The Radial Nerve
Forearm Course: Supplies all muscles of the posterior compartment. The Brachioradialis (BR), Supinator, and Extensor Carpi Radialis Longus (ECRL) are supplied before the nerve splits to give off the posterior interosseous nerve.
Hand Distribution: Purely sensory contribution to the skin over the dorsum of the lateral 2.5 to 3.5 digits.
Sites of Injury & Clinical Presentation: At risk during mid-shaft humerus fractures, presenting with a complete wrist drop. If injured more distally (e.g., proximal radial head fracture), wrist drop will be less pronounced because branches to proximal extensors like the ECRL are spared.
5. Clinical Biomechanics: Fall on an Outstretched Hand (FOOSH)
A Fall on an Outstretched Hand (FOOSH) channels mechanical forces up through the upper extremity, leading to common predictable fractures at specific transition zones:
Clavicle: Fractures most frequently occur along the shaft at its distinct change of curvature.
Humerus: Fractures affect either the surgical neck proximally or the supracondylar area distally.
Radius: Commonly involves the distal end (Colles' fracture) or the radial head and neck.
Scaphoid: This carpal bone is highly susceptible to fractures across its narrow waist (statistically accounting for 67% of cases, followed by 20% and 13% across other segments of the anterior aspect). Nonunion is a major risk due to retrograde blood supply.
Comprehensive Instructional Guide: Upper Limb Osteology
Anatomy of the Distal Humerus, Radius, and Ulna
__________________________________________________________________
Course Material Reference: Monash University Human Anatomy Education
Lecturer/Director: Dr. David Gonsalvez (Biomedical Discovery Institute)

1. Introduction to Upper Limb Regional Osteology
The skeletal architecture of the upper limb is highly adapted for a unique blend of stability, load-bearing capacity, and an extensive range of motion. To fully comprehend the mechanics of the elbow joint, forearm pronation, and supination, one must carefully study the osteological features of three primary bones: the distal aspect of the humerus, the radius, and the ulna. This article provides a comprehensive breakdown of these bony structures based on core anatomical lecture guidelines from Monash University's Human Anatomy Education division.
2. Osteology of the Humerus (Distal Aspect)
The humerus is the longest and largest bone of the upper limb. While its proximal head articulates with the glenoid cavity of the scapula, its distal portion transitions into a specialized complex designed to hinge with the forearm bones. The landmarks along the shaft and the distal end are crucial for muscle attachments and neurovascular pathways.
Mid-Shaft and Distal Shaft Landmarks
• Deltoid Tuberosity: Located on the anterolateral surface of the humeral shaft, this V-shaped, roughened area serves as the site of insertion for the deltoid muscle, which is the primary abductor of the arm.
• Radial Groove (Spiral Groove): Running obliquely along the posterior aspect of the humeral shaft, this depression accommodates the radial nerve and deep brachial artery (profunda brachii). Knowledge of this groove is vital, as fractures of the mid-shaft humerus risk injuring the radial nerve, leading to clinical manifestations like wrist drop.
Non-Articular Features of the Distal Humerus
• Medial Supracondylar Ridge: A sharp bony crest projecting superiorly from the medial epicondyle on the distal shaft.
• Lateral Supracondylar Ridge: A prominent ridge on the lateral side of the distal humerus, giving rise to forearm extensor muscles.
• Medial Epicondyle: A major, easily palpable bony projection on the medial side of the elbow. It serves as the common origin for the forearm flexor muscles (the common flexor tendon) and houses the ulnar nerve posteriorly.
• Lateral Epicondyle: Smaller than the medial epicondyle, located on the lateral aspect, serving as the common origin for the forearm extensor muscles.
Articular Features: The Condyle Complex
The distal articular components of the humerus are collectively referred to as the humeral condyle, divided into two primary structural features:
• Capitulum: A smooth, rounded, hemisphere-like lateral articular surface that articulates directly with the cup-like superior surface of the radial head.
• Trochlea: A pulley-shaped, hourglass-like medial articular surface that extends from the anterior to the posterior aspect of the bone. It fits perfectly into the large trochlear notch of the ulna.
Fossae of the Distal Humerus
Three distinct depressions (fossae) allow for smooth bony accommodation during full flexion and extension of the elbow joint:
• Radial Fossa: A shallow anterior depression situated superior to the capitulum. It receives the anterior margin of the head of the radius when the elbow is fully flexed.
• Coronoid Fossa: An anterior depression located superior to the trochlea and medial to the radial fossa. It accommodates the coronoid process of the ulna during full elbow flexion.
• Olecranon Fossa: A deep, extensive cavity located on the posterior aspect of the distal humerus, superior to the trochlea. It receives the prominent olecranon process of the ulna during full extension of the elbow joint.
3. Osteology of the Ulna
The ulna is the stabilizing, medial bone of the forearm. Unlike the radius, it is thicker proximally and tapers distally. It acts as the primary hinge joint partner with the humerus.
Proximal Features of the Ulna
• Olecranon Process: The large, prominent proximal projection forming the point of the elbow. It serves as the insertion site for the triceps brachii muscle and enters the olecranon fossa of the humerus upon extension.
• Coronoid Process: A horizontal, beak-like projection forming the inferior lip of the trochlear notch. It projects anteriorly and fits into the coronoid fossa of the humerus during elbow flexion.
• Trochlear Notch: A deep, C-shaped semi-lunar depression formed by the olecranon and coronoid processes. It is lined with articular cartilage and hinges tightly over the trochlea of the humerus.
• Radial Notch of the Ulna: A narrow, smooth, laterally facing articular depression on the lateral side of the coronoid process. It accommodates the cylindrical side of the radial head, forming the proximal radioulnar joint.
Distal Features of the Ulna
• Styloid Process of the Ulna: A small, subcutaneous cylindrical projection extending from the posteromedial aspect of the distal ulnar head. It serves as an attachment point for the ulnar collateral ligament of the wrist joint.
4. Osteology of the Radius
The radius is the lateral bone of the forearm, running parallel to the ulna. In contrast to the ulna, the radius is narrow proximally and expands significantly at its distal end, where it forms the primary articulation with the carpal bones of the wrist.
Proximal Features of the Radius
• Radial Head: A disc-shaped proximal expansion with a smooth, concave superior surface that articulates with the humeral capitulum. Its smooth circumferential border articulates with the radial notch of the ulna.
• Radial Tuberosity: An oval, medially directed bony prominence located inferior to the narrow neck. It serves as the primary insertion site for the biceps brachii tendon, acting as a powerful supinator and flexor of the forearm.
Distal Features of the Radius
• Styloid Process of the Radius: A large, blunt projection on the lateral aspect of the distal radius. It extends further distally than the ulnar styloid process and acts as an anchor for the radial collateral ligament and brachioradialis muscle insertion.
5. Functional and Articular Correlations
The structural interplay between these three bones forms three distinct articulations within the elbow complex:
1. Humeroulnar Joint: Formed by the trochlea of the humerus and the trochlear notch of the ulna. It acts strictly as a uniaxial hinge joint allowing flexion and extension.
2. Humeroradial Joint: Formed by the capitulum of the humerus and the superior head of the radius. It acts as a structural ball-and-socket joint but behaves functionally during elbow movement.
3. Proximal Radioulnar Joint: Formed by the radial head pivotting inside the radial notch of the ulna. This pivot joint allows the radius to roll across the ulna during forearm pronation and supination.
Comprehensive Reference Guide: Muscles of the Forearm
Anatomical Compartments, Innervation, and Functional Synergy
Based on the academic curriculum of Monash University, Department of Anatomy and Developmental Biology, this article provides an exhaustive analysis of the muscular architecture, nerve pathways, and biomechanical principles governing the anterior and posterior compartments of the human forearm.
1. Introduction to Forearm Anatomy
The forearm is a highly complex region of the upper limb tasked with executing precise movements of the wrist, thumb, and digits, as well as managing pronation and supination. Structurally, it is divided into two primary fascial compartments—the anterior (flexor-pronator) compartment and the posterior (extensor-supinator) compartment. Understanding the layered distribution of these muscles, their specific nerve pathways, and their segmental spinal levels is essential for diagnosing clinical peripheral nerve lesions and understanding coordinated hand mechanics.
2. The Anterior Compartment of the Forearm
The anterior compartment primarily houses muscles responsible for flexion of the wrist and digits, as well as pronation of the forearm. These muscles are organized into distinct layers, ranging from superficial to deep.
Superficial Layer 1
• Flexor Carpi Radialis:  The flexor carpi radialis serves as a primary flexor and abductor of the wrist joint. It is innervated by the Median Nerve, carrying nerve roots C6 and C7.
• Palmaris Longus:  An elongated, slender muscle that terminates in a long tendon inserting into the palmar aponeurosis. Notably, it is phylogenetically variable and can be absent in a percentage of the population. It is innervated by the Median Nerve (C6, C7).
• Flexor Carpi Ulnaris:  Positioned medially, this muscle acts to flex and adduct the wrist. It possesses two structural heads: a superficial head and a deep head. Unlike its superficial counterparts, it is innervated by the Ulnar Nerve, carrying nerve roots C7 and C8.
Superficial Layer 2
• Flexor Digitorum Superficialis (FDS):  This substantial intermediate muscle comprises three distinct heads of origin: the Humeral head, the Ulnar head, and the Radial head. Its multi-headed architecture enables it to exert powerful flexion forces across the proximal interphalangeal (PIP) joints of the fingers and the wrist. It is innervated by the Median Nerve, specifically carrying the spinal segments C7 and C8.
Deep Layers (Layers 3 & 4)
• Flexor Pollicis Longus (FPL):  A deep muscle positioned laterally along the radius, responsible for flexing the interphalangeal joint of the thumb (pollex). It is innervated by the Median Nerve, carrying nerve roots C7 and C8.
• Flexor Digitorum Profundus (FDP):  A powerful muscle responsible for flexion of the distal interphalangeal (DIP) joints of the four medial fingers. It exhibits a unique dual innervation pattern reflective of its structural division: the lateral (radial) half is supplied by the Median Nerve, while the medial (ulnar) half is supplied by the Ulnar Nerve. Both pathways primarily distribute the C8 and T1 nerve roots.
• Pronator Quadratus:  A flat, quadrangular muscle located at the distal third of the forearm spanning between the radius and ulna. It serves as the primary driver for forearm pronation and stabilizes the distal radioulnar joint. It is innervated by the Median Nerve, carrying segments C7 and C8.
3. The Posterior Compartment of the Forearm
The posterior compartment contains the muscles responsible for extension of the wrist and digits, as well as supination. All muscles within this compartment are innervated by the radial nerve or its deep branch, the posterior interosseous nerve (PIN).
Layer 1 (Superficial Group)
• Brachioradialis:  Structurally unique because it acts primarily as a flexor of the elbow joint despite its location in the posterior extensor compartment. It is innervated directly by the Radial Nerve, carrying roots C5 and C6.
• Extensor Carpi Radialis Brevis (ECRB):  Works in tandem with its longus counterpart to extend and abduct the wrist. It is innervated by the Radial Nerve / Posterior Interosseous Nerve, carrying roots C6 and C7.
• Extensor Carpi Ulnaris (ECU):  Positioned along the medial aspect of the posterior forearm, it extends and adducts the wrist joint. It is innervated by the Posterior Interosseous Nerve, carrying roots C7 and C8.
• Anconeus:  A small, triangular muscle located at the lateral aspect of the elbow, assisting in elbow extension and stabilizing the joint. It is innervated directly by the Radial Nerve, distributing segments C7 and C8.
Layer 2 (Intermediate Group)
• Extensor Digiti Minimi:  A slender muscle that runs medially to the extensor digitorum, providing independent extension control for the little finger (digit V). It is innervated by the Posterior Interosseous Nerve, carrying segments C7 and C8.
Layer 3 (Deep Group)
• Supinator:  Comprising a superficial head and a deep head, this muscle wraps around the proximal radius to execute powerful forearm supination. It is innervated by the Posterior Interosseous Nerve, carrying roots C6 and C7.
• Abductor Pollicis Longus (APL):  Arises from the deep interosseous membrane and bones to abduct and extend the thumb at the carpometacarpal joint. It is innervated by the Posterior Interosseous Nerve (C7, C8).
• Extensor Pollicis Brevis (EPB):  Extends the proximal phalanx of the thumb at the metacarpophalangeal joint. Innervated by the Posterior Interosseous Nerve (C7, C8).
• Extensor Pollicis Longus (EPL):  Extends the distal phalanx of the thumb at the interphalangeal joint, utilizing the dorsal tubercle of the radius (Lister's tubercle) as a pulley. Innervated by the Posterior Interosseous Nerve (C7, C8).
• Extensor Indicis:  Provides independent extension capability to the index finger (digit II). Innervated by the Posterior Interosseous Nerve (C7, C8).
4. Biomechanical Concepts: The Functional Importance of Synergy
One of the most critical principles in upper limb kinesiology is the concept of muscle synergy, which prevents structural inefficiency during multi-joint movements.
The Length-Tension Relationship
Skeletal muscle force generation is strictly dependent on the length of its basic contractile units, the sarcomeres. According to the length-tension curve, a muscle develops its maximum active tension at an optimal sarcomere length, where actin and myosin filaments exhibit maximum cross-bridge overlap. If a muscle is shortened excessively, filament overlap becomes sub-optimal, and the active force drops sharply.
The Problem: Unwanted Wrist Flexion
The long finger flexors (Flexor Digitorum Superficialis and Flexor Digitorum Profundus) are multi-joint muscles that cross both the wrist and the finger joints. When these muscles contract to execute strong finger flexion (such as gripping an object), they exert a powerful torque across the wrist joint. If left unopposed, this results in unwanted wrist flexion.
When the wrist flexes during finger closure, it significantly shortens the long finger flexor muscles. This rapid shortening moves the sarcomeres down the active force curve into an inefficient, overly shortened state, severely limiting the grip strength.
The Solution: Synergistic Stabilization
To maximize grip strength, the wrist extensors (such as Extensor Carpi Radialis Longus/Brevis and Extensor Carpi Ulnaris) act as vital synergists. They contract simultaneously during finger flexion to actively extend and stabilize the wrist joint.
By holding the wrist in an extended position, these synergists counteract the unwanted wrist flexion torque. This action maintains or slightly increases the length of the long finger flexors, keeping their sarcomeres positioned precisely at the peak of the active length-tension curve. Consequently, total developed tension (the sum of active force from cross-bridge cycling and passive force from elastic elements) is optimized, enabling a substantially stronger and more functional grip.
Clinical Summary: When examining patients with radial nerve injuries (resulting in 'wrist drop'), the profound loss of grip strength is not primarily due to injury of the finger flexors themselves, but rather due to the loss of the synergistic wrist extensors, which prevents the sarcomeres of the intact flexors from reaching their optimal length-tension threshold.
Instructor Study Guide: Osteology and Arthrology of the Wrist and Hand
Based on Monash University Anatomy Lecture Series
Course Instructor Material
1. Overview and Core Learning Objectives
Welcome to this comprehensive learning guide on the osteology and arthrology of the wrist and hand. Mastery of this anatomical region is vital for clinical diagnostic reasoning, orthopedic evaluations, and understanding hand biomechanics. As clinical students, you must learn to conceptualize these bones and joints not merely as static structures, but as an integrated functional unit that facilitates a wide range of movements, from powerful grasping to intricate fine-motor coordination.
As outlined in the Monash University curriculum, the primary learning objective is to thoroughly describe the osteology and arthrology of the following regions:
Distal Forearm: The distal radius and ulna.
Carpus: The eight carpal bones forming the wrist complex.
Digits: The metacarpals and phalanges making up the structural framework of the hand.
2. The Distal Radioulnar Joint (DRUJ)
The distal radioulnar joint (DRUJ) is a pivot-type synovial joint that is functionally linked to the proximal radioulnar joint. Together, they allow for the essential rotational movements of the forearm: pronation and supination.
Articular Surfaces: The primary articulation involves the rounded head of the ulna fitting into the ulnar notch on the medial side of the distal radius.
Clinical Importance: Unlike the radius, the distal ulna does not directly articulate with the proximal row of carpal bones. Instead, it is excluded from the wrist joint complex by a fibrocartilaginous structure known as the articular disc (or triangular fibrocartilage complex, TFCC).
Functional Kinematics: During supination and pronation, the radius pivots around the relatively stationary ulnar head. A stable DRUJ ensures smooth transition of load and structural integrity across the wrist.
3. Osteology of the Carpus (Carpal Bones)
The carpus consists of eight individual carpal bones organized cleanly into two rows: a proximal row and a distal row. This specific arrangement permits multi-axial wrist movement while maintaining considerable structural stability.
The Proximal Carpal Row
From lateral (thumb side) to medial (pinky side) in standard anatomical position, the proximal row consists of:
1. Scaphoid: A boat-shaped bone that is the largest in the proximal row. It articulates directly with the distal radius and is highly susceptible to fractures from a fall on an outstretched hand (FOOSH).
2. Lunate: A crescent-shaped bone situated between the scaphoid and triquetral. It articulates with the radius proximally and is the most commonly dislocated carpal bone.
3. Triquetral: A pyramid-shaped bone situated on the medial aspect of the proximal row, articulating with the articular disc of the DRUJ.
4. Pisiform: A small, pea-shaped sesamoid bone that rests superficially on the anterior (palmar) surface of the triquetral bone. It acts as a mechanical fulcrum for the flexor carpi ulnaris tendon.
The Distal Carpal Row
From lateral to medial, the distal row forms the rigid foundation articulating with the metacarpal bases:
1. Trapezium: An irregular, four-sided bone that articulates with the first metacarpal, creating the highly mobile saddle joint of the thumb.
2. Trapezoid: A small, wedge-shaped bone situated between the trapezium and the capitate, articulating with the second metacarpal.
3. Capitate: The largest of all carpal bones, occupying a central position in the wrist. Its rounded head fits into the concavity formed by the proximal row bones.
4. Hamate: A wedge-shaped bone characterized by a prominent, hook-like projection (the hook of hamate) on its palmar surface. It articulates with the fourth and fifth metacarpals.
4. Arthrology and Ligamentous Support of the Wrist Joint
The wrist joint proper (the radiocarpal joint) is a condyloid (ellipsoid) synovial joint. The distal end of the radius and the articular disc of the DRUJ articulate with the proximal row of carpal bones (specifically the scaphoid, lunate, and triquetral; the pisiform is excluded). It permits flexion, extension, abduction (radial deviation), adduction (ulnar deviation), and circumduction.
The joint stability is extensively maintained by an intricate network of localized intrinsic and extrinsic ligaments:
Palmar Radiocarpal Ligament: Thick, strong bands on the anterior side that extend from the distal radius to the carpal bones. They guide the carpus during wrist extension.
Palmar Ulnar Carpal Ligament: Fibers extending from the distal ulna to the palmar surfaces of the carpals, reinforcing the medial aspect of the joint anteriorly.
Dorsal Radiocarpal Ligament: Located on the posterior aspect of the wrist, this ligament runs from the distal radius to the carpus, preventing hyperflexion and maintaining structural continuity during movement.
Radial Collateral Ligament: Spans from the radial styloid process to the scaphoid bone, restricting excessive ulnar deviation.
Ulnar Collateral Ligament: Spans from the ulnar styloid process to the triquetral and pisiform bones, restricting excessive radial deviation.
5. Anatomy and Contents of the Carpal Tunnel
The carpal tunnel is a clinically crucial fibro-osseous gateway located on the palmar aspect of the wrist. It is formed dorsally by the deep, anterior concavity of the carpal bones (the carpal arch) and is roofed over superficially by the thick, fibrous flexor retinaculum (transverse carpal ligament).
Ten precise structures pass through this confined space. A clear understanding of these contents is foundational for diagnosing Carpal Tunnel Syndrome:
1. The Median Nerve: The single nerve structure that provides sensory innervation to the lateral three-and-a-half digits and motor supply to the thenar muscles.
2. Flexor Digitorum Superficialis (FDS) Tendons (4): Four distinct tendons that flex the middle phalanges of the medial four digits.
3. Flexor Digitorum Profundus (FDP) Tendons (4): Four deep tendons that flex the distal phalanges of the medial four digits.
4. Flexor Pollicis Longus (FPL) Tendon (1): A single long tendon that flexes the distal phalanx of the thumb.
Note on the Flexor Carpi Radialis (FCR): The FCR tendon passes through its own individual osteofibrous canal within the lateral attachment of the flexor retinaculum (on the trapezium) and is typically considered separate from or intimately associated with the main carpal tunnel compartment boundaries.
6. Carpometacarpal and Metacarpophalangeal Joints
Distal to the carpus, the structural arrangement continues into the framework of the hand through the following joint networks:
Carpometacarpal (CMC) Joints
Thumb CMC Joint: The first CMC joint (thumb) is a highly mobile saddle-type synovial joint between the trapezium and the base of the first metacarpal. It allows for flexion, extension, abduction, adduction, and opposition.
Digits 2-5 CMC Joints: The second through fifth CMC joints are plane synovial joints that permit only minimal gliding movements, providing a rigid central column for powerful gripping.
Metacarpophalangeal (MCP) Joints
The MCP joints link the heads of the metacarpals to the bases of the proximal phalanges. These are condyloid synovial joints, allowing for flexion, extension, abduction, adduction, and circumduction. They are supported by strong collateral ligaments laterally and thick palmar ligaments (palmar plates) anteriorly to prevent hyperextension.",
Introduction to sensory systems,"Comprehensive Medical Study Guide:
Introduction to Sensory Systems
1. Learning Outcomes & Key Concepts
This educational article serves as a comprehensive overview of the fundamental mechanisms underlying human sensory systems, modeled after the Monash School of Medicine MED1100 curriculum. By the conclusion of this guide, medical students should master the following primary core architectural competencies:
• Architectural Understanding: Explain the fundamental structural components making up the sensory systems and how they are activated to construct the human perception of the five primary senses.
• Receptor Physiology and Biophysics: Describe how specialized sensory receptors successfully transduce an external physical or chemical stimulus into an operational biological response via changes in the cellular membrane potential.
• Primary Sensory Coding Mechanics: Explain how sensory receptor networks effectively encode stimulus properties—such as type, intensity, duration, repetition, and location—to the Central Nervous System (CNS).
2. Structure and Structural Pathways of the Sensory System
The pathway from environmental contact to cortical interpretation is highly ordered and sequential. Sensory systems process incoming physical and chemical inputs via three continuous physiological stages:
1. Reception: The localized structural capture and detection of physical or chemical environmental stimuli by specialized receptors.
2. Transduction: The physical or biochemical conversion of the received stimulus into a localized biological impulse (an electrochemical graded potential or receptor potential).
3. Transmission: The generation and systemic propagation of action potentials down the sensory nerve pathway into the central nervous system for higher-order sensory synthesis.
Somatosensory Anatomical Architecture:
Taking skin sensation as a benchmark model, the path progresses linearly. Within the skin tissue, discrete sensory receptors capture external stimuli. This stimulus prompts a local shift in the membrane potential of the sensory neuron's peripheral process. The impulse travels down the peripheral nerve fiber, entering a spinal cord segment via the dorsal root. From the spinal cord, axons ascend via specific pathways toward the brain stem (Medulla Oblongata), synapse, decussate, or travel directly to the Thalamus. The Thalamus acts as the critical primary sorting and relay station, filtering and directing impulses into specific regions of the cerebral Sensory Cortex for absolute sensory interpretation and perceptual awareness.
3. Specialized Functional Classifications of Sensory Receptors
Receptors are broadly organized based on the physical qualities of energy they capture. They can be divided neatly into specific primary systems:
Somatic vs. Visceral Sensations:
Sensory physiology further categorizes fields based on location and awareness. Somatic Senses collect sensory data directly from the body's interface with the external environment. These include touch, tactile pressure, temperature changes, nociception (pain), and proprioception (awareness of the position of skeletal moving joints and muscle systems, utilizing specialized sensors like the Golgi tendon organs situated at the intersections of muscle fibers and tendons). Conversely, Visceral Senses track the status of internal metabolic organs, responding to visceral stretch or volume changes, such as the filling of the digestive gut after eating or the stretch threshold of the urinary bladder.
4. Accessory Structures and Stimulus Modulation
Rarely do sensory receptors sit nakedly exposed to raw energy fields. Instead, complex biological accessory structures exist to direct, filter, focus, amplify, or modulate incoming stimuli before they arrive at the true transduction machinery. For example, inside the visual system, the transparent Cornea and the adjustable Crystalline Lens work together to bend and focus incident light rays, ensuring they converge precisely onto the focal point of the Retina to produce sharp vision. In the auditory system, the physical configuration of the external ear (auricle/pinna) and the auditory canal functions to dramatically boost sound pressure at frequencies around 3 kHz, which aligns precisely with human speech propagation patterns.
5. Receptor Physiology, Biophysics, and Transduction Mechanics
Sensory receptor cells are electrically polarized at rest. Transduction occurs when an incoming stimulus alters the ion permeability of the cell membrane, creating a localized Receptor Potential. Because this voltage change lacks regenerative qualities, it is categorized as a Graded Potential. Unlike all-or-none action potentials, the absolute amplitude and duration of a receptor potential vary in direct proportion to the stimulus strength.
Mechanoreceptor Biophysics:
When a physical force deforms a mechanoreceptive membrane, it applies direct tension to stretch-activated ion channels. This physical pulling action forces the channels to open, enabling a rapid influx of positively charged sodium (Na+) ions down their electrochemical concentration gradient. This local movement of positive charge depolarizes the cell membrane, altering its localized voltage profile.
Chemoreceptor Biophysics:
In chemical senses, ligand binding to specialized receptor proteins directly or indirectly via second-messenger cascades induces channel opening. This allows an influx of ions that changes the resting membrane potential.
The Action Potential Threshold:
For sensory signals to reach the brain, the graded potential must reach a critical threshold voltage (often around -55mV from a baseline of -70mV). If the stimulus opens enough stimulus-sensitive ion channels to allow sufficient sodium influx, the membrane potential passes threshold, activating voltage-gated ion channels and triggering an action potential that travels down the sensory axon.
6. Structural Classifications of Sensory Systems
Sensory anatomy organizes these cells into two primary configurations based on their structural relationship with the afferent nerve pathway:
• Type 1 Sensory Systems (The Neuron as the Receptor): In this class, the specialized sensory neuron is its own receptor. The peripheral dendrites or free nerve endings act directly as the site of reception and transduction. Stimulus interaction at these endings generates a localized graded potential that travels directly to an adjacent site of action potential initiation along the same axon. This system is characteristic of somatosensation, proprioception, and olfaction.
• Type 2 Sensory Systems (Specialized Epithelial Receptor Cells): In this arrangement, a distinct, highly specialized receptor cell is anatomically separated from, but coupled to, the afferent sensory neuron. The stimulus acts on the specialized receptor cell, creating a graded receptor potential. If this depolarization is large enough, it triggers the exocytosis of neurotransmitter vesicles across a synaptic cleft. The neurotransmitters bind to specific ligand-gated receptors on the sensory neuron's dendritic face, generating an action potential. This is the hallmark architecture of auditory, gustatory (taste), and vestibular systems.
7. Primary Sensory Coding Mechanics
Once an action potential is triggered, it maintains a fixed amplitude. The nervous system must therefore rely on primary coding mechanics to convey complex stimulus attributes to the brain:
• Coding Intensity via Receptor Activation: A stronger stimulus physically deforms or chemically engages a larger surface area of the receptor membrane. This opens a greater total number of ion channels, causing a larger influx of ions and a higher-amplitude graded potential. This larger graded potential causes the sensory neuron to fire action potentials at a much higher frequency.
• Coding Intensity via Multiple Neuron Recruitment: Sensory networks contain populations of neurons with varying activation thresholds. Low-intensity inputs only activate highly sensitive, low-threshold neurons. As stimulus intensity increases, these initial units saturate. However, the stronger input recruits medium- and high-threshold neurons, steadily increasing the total volume of action potentials sent to the brain.
• Coding Timing and Repetition (Temporal Summation): Graded potentials can add together across time. If a second stimulus occurs before the initial receptor potential has fully decayed, the two potentials combine to create a larger peak depolarization. This drives a faster frequency of action potential output.
• Sensory Adaptation: When exposed to a constant, unchanging stimulus, many receptors experience a progressive decrease in action potential firing frequency. This process, known as sensory adaptation, reduces perception and processing overhead for continuous background inputs (such as the constant feel of clothing against the skin).
• Coding for Spatial Location: The structural spacing and receptive field layout of sensory cells determine how clearly the brain can locate a stimulus. When multiple receptors converge onto a single downstream neuron, a broad area is represented as a single receptive field; separate touches within this area are perceived as a single point. Conversely, when receptors maintain independent, parallel lines of transmission to separate downstream neurons, the brain can easily distinguish between two separate points of contact.
Primary Sense
Energy Classification
Physiological Target Organ
Vision
Photoreception (Detection of electromagnetic light energy into sight)
Eyes (Retinal layers)
Hearing
Mechanoreception (Detection of physical sound wave vibrations)
Ears (Cochlea)
Touch
Mechanoreception (Detection of mechanical pressure or stretch)
Skin & Moving Parts
Smell
Chemoreception (Detection of chemical ligands / odorants)
Nose (Olfactory epithelium)
Taste
Chemoreception (Detection of chemical tastants in solution)
Tongue (Taste buds)",
Neural integration,"Comprehensive Reference Guide to Neuronal Integration
Monash School of Medicine | MED1100 Core Curriculum Article
1. Introduction & Key Learning Objectives
In clinical medicine and neurophysiology, understanding how individual neurons and complex networks process incoming data is foundational. Neurons rarely function in total isolation; rather, the biological imperative of the central nervous system (CNS) relies on integrating multiple disparate modalities to construct a cohesive perception of reality and coordinate precise motor responses.
This medical reference standard document details the core competencies outlined in MED1100, focusing on four primary objectives:
Describe the physiological and functional need for real-time integration of information within the nervous system.
Explain the precise micro-level processes, pathways, and network motifs governing integration.
Map the anatomical macro-locations of sensory, motor, and higher-order integration within the brain hemispheres.
Apply these network paradigms clinically to understand functional deficits arising from localized brain lesions, maladaptive circuitry, and atypical structural connections.
2. Frameworks of Linear and Reflexive Neural Communication
To understand multi-tiered network integration, we must contrast it against elementary linear communication pathways, most cleanly illustrated by spinal reflex arcs.
Monosynaptic Reflex Arcs
The simplest manifestation of nervous communication is a 1:1 direct pathway, typified by the classic monosynaptic stretch reflex (e.g., the patellar tendon reflex). When a specialized stretch receptor embedded within a skeletal muscle detects mechanical elongation, a localized action potential is generated. This sensory signal travels centripetally via an afferent neuron directly into the dorsal root of the spinal cord. Within the gray matter of the anterior horn, this sensory axon synapses directly—without any intermediate interneuron—onto an alpha motor neuron. The motor neuron fires an efferent action potential back to the effector muscle, precipitating an instantaneous muscular contraction. This protective system functions as an isolated loop designed to preserve baseline skeletal tone and joint stabilization.
Polysynaptic Reflex Arcs & Interneuronal Networks
True physiological flexibility requires scaling beyond binary 1:1 connections. Polysynaptic pathways introduce one or more interneurons between the initial sensory afferent and final motor efferent. For example, during a quadriceps stretch reflex, the sensory afferent bifurcates inside the spinal cord gray matter. While one branch excites the alpha motor neuron of the extensor muscle (quadriceps), a second branch synapses onto an inhibitory interneuron. This interneuron, in turn, releases inhibitory transmitters that hyperpolarize the motor neuron serving the antagonist flexor muscles (hamstrings). This prevents opposing muscular action during an urgent spinal response, demonstrating that even primitive spinal reflexes require rudimentary local integration via discrete interneuronal routing.
3. Cellular Principles of Integration: Chemical Summation
At the microscopic level, postsynaptic neurons constantly balance thousands of presynaptic inputs. Synaptic integration represents the physiological mechanism by which a single postsynaptic cell arbitrates these competing electrical demands to determine whether it will transmit its own action potential down its axon.
Excitatory vs. Inhibitory Postsynaptic Potentials
Excitatory Postsynaptic Potentials (EPSPs): Triggered primarily by the binding of excitatory neurotransmitters such as Glutamate to localized postsynaptic receptors. This interaction prompts an influx of positively charged ions (typically sodium, Na+), yielding a transient, localized depolarization of the dendritic or somatic membrane.
Inhibitory Postsynaptic Potentials (IPSPs): Triggered predominantly by the binding of inhibitory neurotransmitters like Gamma-Aminobutyric Acid (GABA) to specialized postsynaptic ionotropic or metabotropic receptors. This interaction facilitates an influx of anions (such as Chloride, Cl-) or an efflux of cations (such as Potassium, K+), moving the local membrane potential further below the resting potential (hyperpolarization).
Summation and the Axon Hillock Threshold
Because individual EPSPs are graded potentials that fade across physical space and time, a single EPSP is insufficient to trigger an action potential. Instead, the postsynaptic cell sums incoming electrical changes at the Axon Hillock—the specialized initial segment of the axon featuring the highest density of voltage-gated sodium channels. Spatial summation occurs when multiple distinct presynaptic terminals fire simultaneously across different locations on the dendritic tree. Temporal summation occurs when a single rapidly firing presynaptic terminal releases sequential bursts of neurotransmitters before the local membrane can fully recover from the previous stimulus. If the net mathematical sum of EPSPs minus IPSPs depolarizes the axon hillock membrane to its critical electrical threshold (typically around -55mV), an all-or-nothing action potential is initiated.
4. Architectural Circuit Motifs in Neural Micro-Networks
To scale processing from individual synapses to complex neurological functional groups, the CNS uses predictable architectural patterns known as network motifs. These motifs process, amplify, refine, or modulate neural data loops.
5. Macro-Level Regional Integration & Cortical Architecture
Just as microscopic networks manage local synaptic communication, entire macroscopic specialized structures across the brain function as scaled-up versions of these foundational circuits to generate complex conscious experiences.
Deconstructing the Complexity of Sensory Perception
A conscious perception is rarely a single monolithic sensory feed; it is an integrated composite of distinct features processed in parallel. For instance, when looking at a flying bird, the visual system does not capture a single integrated video stream. Instead, specialized arrays of individual neurons respond to micro-elements within isolated regions of the visual field. This processing granularity features individual neurons dedicated to detecting motion in one specific direction, lines at precise geometric angles (vertical vs. horizontal), depth vectors, or color wavelengths. These micro-features are mapped across specialized regions of the occipital cortex (V1 through V5). The primary visual cortex takes these fragmented details and pieces them together into a holistic image, demonstrating extensive sub-regional data routing.
Total Brain Integration & Motor Planning Loops
Once a sensory image is compiled, it must be placed into a contextual framework to guide motor action. This relies on large-scale loop networks bridging distinct anatomical regions:
Visual Cortex: Generates the initial high-fidelity sensory image of the target stimulus.
Hippocampus: Recalls historical context and matches the stimulus against stored memory stores.
Prefrontal/Frontal Cortex: Evaluates cognitive parameters, contextual relevance, and handles high-level decision making.
Premotor / Primary Motor Cortex: Formulates a precise, targeted physiological movement plan.
Cerebellum & Basal Ganglia (Caudate/Putamen): Processes real-time error-correction, balances feedback loops, stabilizes muscle posture, and provides fine motor control to execute fluid physical movement.
6. Clinical Applications: Maladaptive Circuitry & Functional Deficits
Evaluating circuit integration provides crucial insights into several clinical pathologies and neurodevelopmental conditions, showing how minor changes at the network level can cause significant functional deficits.
Synesthesia: Increased Cross-Wiring Pathologies
Synesthesia is a neurological condition where a stimulus applied to one sensory modality triggers an involuntary experience in an entirely different sense (e.g., 'seeing' specific musical tones as vibrant geometric colors, or 'tasting' spoken words). Structural and functional neuroimaging suggests this condition stems from hyper-connectivity and localized cross-wiring between adjacent cortical regions, such as the visual association areas and the auditory processing centers of the temporal lobe. Due to a failure in structural pruning or insufficient lateral inhibition during development, activation of one sensory network spills over into an adjacent modality, blending cross-sensory data inputs.
Autism Spectrum Conditions: Excitation-Inhibition Imbalances
Many presentations of Autism Spectrum Conditions are clinically characterized by a profound hypersensitivity to everyday sensory stimuli (such as ambient noise, bright fluorescent lighting, or light physical touch). At the neurophysiological network level, this hyper-responsiveness is tied to an underlying imbalance between excitatory and inhibitory circuits. A neurotypical brain uses widespread lateral and feedback inhibition circuits to filter out redundant environmental noise, ensuring that only contextually relevant data reaches higher conscious awareness. In contrast, an autistic brain can exhibit reduced or under-functioning GABAergic inhibitory circuits alongside hyper-integrated localized integration networks. Lacking adequate inhibitory gating, the central processing networks are flooded with unfiltered sensory data, resulting in sensory overload, cognitive fatigue, and functional distress.
Circuit Motif Type
Functional Mechanism
Physiological Example
Converging Circuits
Colloquially known as data consolidation. Multiple distinct presynaptic pathways merge onto a singular postsynaptic target pool, concentrating disparate inputs into a unified stream.
The brain's respiratory center integrates real-time signals from blood pH/pCO2 chemical monitors, thoracic wall physical stretch receptors, and cortical autonomic overrides.
Diverging Circuits
Colloquially understood as signal amplification or widespread dispersion. A localized input or singular trigger node synapses across a rapidly expanding array of downstream targets.
A small bundle of regulatory motor neurons in the medullary respiratory center sends a baseline 'breathe' command that fans out to coordinate thousands of thoracic myofibrils, intercostal muscles, and the diaphragm.
Reverberating Circuits
A positive feedback architecture where a forward-propagating signal branches laterally to re-stimulate upstream neurons in its own chain, forming a repeating cyclical loop.
The generation of rhythmic biological patterns, such as the automated, repetitive somatic driving loops needed to maintain breathing cycles or repetitive walking patterns.
Feedforward Inhibition
An excitatory signal activates a primary pathway while simultaneously driving an inline inhibitory interneuron to suppress an opposing secondary path in advance.
Reciprocal inhibition loops that actively hyperpolarize and relax an antagonist muscle group during rapid, focused agonist mechanical limb movement.
Feedback / Recurrent Inhibition
An active downstream output neuron branches backward to stimulate an inline inhibitory interneuron, which feeds back to hyperpolarize the original upstream driver.
A rapid burst of action potentials that systematically limits its own duration, creating a self-limiting burst-and-silence pattern critical for rhythmic biological timing.
Clinical Diagnostic Core Value: When examining patients reporting sensory distortions or cognitive overload, clinicians should evaluate more than just isolated primary sensory organs. The root cause often involves a deeper failure of integrated central processing networks, localized structural lesions within the brain's association areas, or imbalances between underlying excitatory and inhibitory biochemical pathways.",
Pharmacokinetics,"Comprehensive Reference Guide to Advanced Pharmacokinetics (Pharmacokinetics II)
Based on the Lectures of Dr Mark Del Borgo & Dr Benjamin Seyer
Monash School of Medicine
————————————————————————————————————————————————————————————
1. Introduction and Core Learning Outcomes
Pharmacokinetics is fundamentally defined as what the body does to a drug, spanning the processes of absorption, distribution, metabolism, and elimination (ADME). This educational article details the physiological and biochemical mechanisms governing drug distribution, transport, biotransformation, and elimination kinetics, as well as critical patient-specific variables that introduce clinical variations in therapy.
Upon thoroughly reviewing this reference text, readers should be prepared to discuss:
Physiological and chemical factors influencing the systemic distribution of drugs throughout various anatomical water and fat compartments.
The pathways through which small molecules and macromolecular therapies are irreversibly eliminated, alongside factors that alter hepatic and renal clearance.
Mathematical models of elimination kinetics, including first-order and zero-order processes, drug half-life, steady-state dynamics, and loading dose derivations.
Specific patient demographics (neonatal, pediatric, geriatric) and disease states (hepatic, renal, intestinal, infectious) that require targeted dosage adjustments.
2. Mechanisms and Factors Affecting Drug Distribution
Once a drug enters the systemic circulation, it distributes into interstitial and intracellular fluids. The final localization depends significantly on its chemical properties and biological barriers.
2.1 Fluid Compartments of the Human Body
A standard physiological model partitions total body water into specific compartments, which represent the theoretical volume limits for drug localization:
Intravascular Volume: Comprises roughly 5% of total body weight. Very large macromolecular drugs are restricted to this zone.
Interstitial Fluid Volume: Comprises roughly 15% of body weight. This is accessible to small, water-soluble molecules.
Intracellular Volume: Comprises roughly 40% of body weight. Accessible only to molecules capable of traversing lipid bilayers.
Fat Tissue Compartment: Varies drastically per individual (several percent to large fractions). Serves as a deep storage reservoir for highly lipid-soluble agents.
2.2 Physicochemical Determinants of Transvasculature Movement
How easily a drug moves out of the vasculature into surrounding tissues depends on four main factors:
Molecular Size: Extremely large molecular weights restrict substances strictly to the plasma unless specific endocytic transport mechanisms exist.
Lipophilicity: Highly lipophilic molecules pass through endothelial membranes seamlessly, whereas hydrophilic substances require specialized pores or channels.
Degree of Ionization: The relative ratio of ionized to unionized forms depends on the drug's pKa and the surrounding ambient pH. Non-ionized molecules cross membranes easily, whereas ionized species are heavily excluded.
Plasma Protein Binding: Drugs bound tightly to circulating proteins (e.g., albumin, alpha-1-acid glycoprotein) cannot physically cross capillary walls. Only the free, unbound drug fraction is pharmacologically active and capable of interstitial distribution.
Furthermore, regional blood flow acts as a primary vector for delivery. Well-perfused organs (brain, heart, liver, kidneys) receive drugs rapidly, whereas poorly perfused areas (resting skeletal muscle, fat, skin) accumulate drugs much more slowly.
2.3 The Protective and Restrictive Role of P-Glycoproteins
P-glycoprotein (P-gp) is an ATP-dependent transmembrane efflux pump present on epithelial cells with protective or excretory roles. By pumping foreign molecules out of the cell cytoplasm and back into the lumen or bloodstream, P-gp heavily impacts absorption, distribution, and elimination:
Brain: Located on brain capillary endothelial cells forming the Blood-Brain Barrier (BBB), P-gp pumps drugs back into the blood vessel lumen, protecting central nervous tissue.
Kidney: Expressed on the apical membrane of renal proximal tubular cells, it actively transports drugs into the tubular lumen to accelerate urinary excretion.
Intestine: Located on the apical membrane of enterocytes, it pumps orally absorbed drugs back into the intestinal lumen, significantly diminishing net bioavailability.
Liver: Located on the canalicular membrane of hepatocytes, it promotes excretion of drugs and metabolites into the bile canaliculus.
Testes: Expressed on capillary endothelium and Sertoli cells, it maintains the blood-testis barrier to protect developing gametes.
3. The Concept of Volume of Distribution (Vd)
The Volume of Distribution (Vd) is a theoretical, mathematical concept rather than a literal anatomical volume. It relates the total amount of drug present within the body to its measured concentration in the systemic plasma:
Vd = (Total Amount of Drug in the Body) / [Plasma Concentration] = Dose / Cp
A low Vd indicates that the drug is heavily confined to the central vasculature, whereas a high Vd reveals that the drug has distributed deeply into peripheral tissues, intracellular spaces, or fat deposits.
3.1 Core Fluid Compartments, Properties, and Clinical Examples
3.2 Clinical Significance of Vd
Dosing Requirement Calculations: To rapidly achieve a target plasma concentration, drugs with an exceptionally high Vd necessitate a large 'loading dose' to satisfy the peripheral tissue sinks before plasma concentration equilibrates.
Impact on Elimination Half-Life: The biological half-life is directly proportional to Vd. When a drug is deeply sequestered in peripheral tissues or fat collections, less of it is physically present in the plasma to be delivered to excretory organs, thereby decreasing the instantaneous rate of elimination and prolonging the drug's residency in the body.
4. Drug Metabolism and Elimination Pathways
Elimination refers to the irreversible loss of an active drug from the body, achieved via metabolism (biotransformation) or direct excretion. While small-molecule drugs undergo traditional enzymatic processing, macromolecular biologics like therapeutic antibodies are primarily degraded via non-specific proteolysis.
4.1 Elimination Constants: Clearance and Rate of Elimination
Drug Clearance (CL): The volume of plasma completely cleared of a drug per unit time (expressed in units of volume/time, such as L/hr or mL/min). It remains a constant metric across first-order systems.
Rate of Elimination: The actual absolute mass of drug removed from the body per unit time. Unlike clearance, this rate fluctuates directly based on plasma levels in first-order kinetics.
4.2 Hepatic Biotransformation: Phase I and Phase II Reactions
Metabolism converts lipophilic chemical structures into water-soluble, polar molecules that can be easily excreted by the kidneys.
Phase I Reactions: Catabolic or 'functionalization' pathways involving oxidation, reduction, or hydrolysis. These reactions unmask or introduce polar functional groups (-OH, -NH2, -SH). While they increase polarity, the products can sometimes retain partial pharmacological activity or exhibit toxicity.
Phase II Reactions: Synthetic or 'conjugation' pathways. An endogenous, heavily polar molecule (e.g., glucuronyl, glycyl, glutathione, or sulphate groups) is covalently attached to the drug or its Phase I metabolite. This significantly expands molecular size, eliminates pharmacological activity, and rendering the compound highly water-soluble.
4.3 Cytochrome P450 Monooxygenase Superfamily
Phase I oxidative reactions are predominated by Cytochrome P450 (CYP) enzymes located intracellularly within hepatic microsomes. Families CYP1, CYP2, and CYP3 are responsible for processing nearly all clinically relevant small-molecule medications. These enzymes possess broad substrate specificity, meaning a single isoenzyme can process multiple structurally diverse drug families.
4.4 The Toxicity of Bioactivation and Prodrug Design
Biotransformation does not always result in immediate inactivation. In some clinical instances, Phase I metabolism causes bioactivation:
Toxic Bioactivation (Paracetamol Overdose): At therapeutic doses, paracetamol is safely conjugated via Phase II pathways. Upon toxic overdose, these pathways saturate, forcing the drug into CYP-mediated Phase I oxidation. This produces a highly reactive, toxic intermediate that binds hepatic proteins, precipitating acute liver failure.
Prodrug Activation: Some therapeutic compounds are administered as inactive molecules (prodrugs) that require hepatic metabolism to convert into their active forms. Examples include: Enalapril converting to Enalaprilat; Codeine converting via CYP2D6 into Morphine; and Prednisone converting into Prednisolone.
4.5 Drug-Drug and Drug-Food Interactions via CYP Modulation
Enzyme Inhibition: When two drugs utilize identical CYP isoenzymes, they act as competitive inhibitors, slowing the metabolic clearance of one or both agents, raising systemic concentrations, and predisposing the patient to toxicities. Example: Co-administering Fluoxetine and Fluconazole.
Enzyme Induction: Certain drugs or xenobiotics stimulate cellular transcription of CYP enzymes, increasing total hepatic enzyme levels. This accelerates the clearance of co-administered therapeutics, leading to therapeutic failure. Example: Alcohol or Rifampicin. Notably, the herbal remedy St. John's Wort strongly induces the CYP3A isoenzyme, causing rapid therapeutic failure of essential medications like statins and estradiol.
4.6 Non-Renal and Biliary Excretion Pathways
Pulmonary System: Volatile gases and anesthetics are eliminated via exhalation.
Secretory Fluids: Sweat, saliva, tears, and mucous remove minor mass traces. Drug secretion into breast milk poses an exposure risk to nursing infants.
Biliary Excretion and Enterohepatic Recycling: Drugs excreted into bile pass into the duodenum. Intestinal microflora containing microbial beta-glucuronidase can strip Phase II polar conjugates, reverting the metabolite back into its lipophilic parent form. This parent drug is reabsorbed through the portal vein and returned to the liver—a loop known as enterohepatic recycling that dramatically extends a drug's duration of action. Co-administering broad-spectrum antibiotics kills these microflora, disrupting this loop and lowering drug levels.
5. Kinetics of Drug Elimination and Half-Life
Understanding the mathematical rules governing drug elimination is essential for designing rational dosing regimens and keeping plasma concentrations within the safe therapeutic window.
5.1 First-Order vs. Zero-Order Kinetics
First-Order Kinetics: Exhibited by the vast majority of drugs at standard therapeutic ranges. The metabolic and excretory pathways operate well below their saturation capacity. Therefore, the rate of elimination is directly proportional to the plasma concentration. A constant fraction of drug is eliminated per unit time, and the elimination half-life remains entirely constant.
Zero-Order Kinetics: Occurs with drugs like ethanol, phenytoin, and high-dose aspirin where therapeutic concentrations saturate the limited pool of metabolizing enzymes. Here, a constant mass/amount of drug is eliminated per unit time, regardless of the plasma concentration. Consequently, the drug's half-life varies depending on current plasma levels, and minor, incremental dose adjustments can cause a disproportionate, hazardous rise in systemic concentration.
5.2 The Biological Half-Life (t1/2)
The half-life represents the time required for the plasma concentration to decrease by exactly 50%. It is a dependent variable dictated by clearance (CL) and volume of distribution (Vd):
t1/2 = (0.693 x Vd) / CL
Half-life dictates the following clinical timelines:
Duration of Action: Determines the precise window of clinical response following a single bolus.
Complete Washout Timeline: It requires approximately 4 to 5 consecutive half-lives to completely clear a drug from the systemic circulation.
Steady-State Horizon: During continuous regular maintenance dosing, it takes 4 to 5 half-lives for accumulation to balance elimination and achieve steady-state plasma concentration.
5.3 Continuous Intravenous Infusion and Maintenance Dosing
During an un-supplemented continuous IV infusion, plasma levels rise smoothly along an exponential curve until a plateau is reached where 'Dose In' equals 'Dose Out'. This point is called the Steady-State Concentration (Css):
Rate of Elimination at Steady State = CL x Css
To maintain this steady state, the clinically prescribed Maintenance Dose Rate (DR) must precisely match the rate of elimination:
DR = CL x Target Css
When using intermittent repeat dosing, this profile is marked by peaks and troughs, which can be smoothed out by using shorter dosing intervals.
5.4 Loading Dose Implementations
For drugs with exceptionally long half-lives, waiting 4 to 5 cycles to reach a therapeutic steady state can delay critical care. In these scenarios, a loading dose (LD) is administered to instantly fill the volume of distribution and achieve the target plasma concentration:
LD = Vd x Required Drug Concentration
5.5 Comparative Kinetic Profiles of Selected Drugs
6. Patient-Specific Factors Modifying Pharmacokinetics
Every patient possesses a unique physiological profile shaped by age, genetic makeup, and comorbidities. Instructors emphasize: 'A child should not be treated as a little adult,' and for the elderly, clinicians must 'start low and go slow.'
6.1 Age-Dependent Alterations
Fetuses & Premature Infants: Exhibit immature hepatic expression of metabolizing enzymes and incomplete renal development (depressed glomerular filtration), resulting in significantly prolonged drug clearance timelines.
Children (Toddlers up to 2 Years Old): Possess a highly active metabolic profile and can oxidize many drugs much more rapidly than healthy adults. However, their Phase II conjugation pathways develop more slowly, which can create a metabolic imbalance.
Geriatric Patients: Experience a progressive decline in functional nephrons, renal perfusion, and hepatic mass. Multi-drug regimens significantly elevate the risk of competitive drug-drug interactions, requiring lower starting doses and gradual titration ('start low, go slow').
6.2 Comorbidities and Disease-Induced Alterations
Hepatic Insufficiency (Cirrhosis/Liver Disease): Markedly reduces metabolic capacity. Interestingly, Phase I oxidative pathways are severely impaired by cirrhosis, while Phase II conjugation processes remain relatively preserved.
Renal Disease: Directly impairs the elimination of hydrophilic medications and polar conjugates. It is clinically mandatory to measure creatinine clearance to guide dosage adjustments.
Intestinal Pathology (Celiac Disease): Alters baseline mucosal structure, shifting intestinal CYP expression and causing unpredictable variability in first-pass elimination.
Viral Infections: Systemic inflammatory cytokines released during active viral states can transiently suppress hepatic CYP transcription, reducing metabolic clearance.
6.3 Pharmacogenetics and Metabolic Polymorphisms
More than 20 human enzymes involved in drug biotransformation possess significant genetic polymorphisms. Based on these inherited genetic traits, patients are generally categorized into two main phenotypes:
Poor Metabolizers: Individuals with low or missing enzyme expression who clean drugs slowly, putting them at a high risk for toxicity at standard doses.
Extensive/Ultra-rapid Metabolizers: Individuals who clear standard drug substrates exceptionally fast, which can prevent them from reaching therapeutic concentrations unless given higher doses.
Fluid Compartment
Approximate Vd
Key Drug Features
Clinical Examples
Intravascular
~0.05 L/kg
High molecular weight; high plasma protein binding; excluded from tissues
Natalizumab, Ibuprofen
Interstitial Fluid
~0.2 L/kg
Low molecular weight; hydrophilic properties; excludes intracellular entry
Adrenaline
Intracellular Fluid
~0.55 L/kg
Low molecular weight; hydrophobic/lipophilic properties allowing membrane transit
Theophylline
Tissue Binding / Fat Reserves
>0.55 L/kg (up to thousands of L)
Binds tightly to extravascular tissue sites; high lipid solubility
Digoxin
Drug Name
Half-Life (t1/2)
Time Required to Reach Steady State
Volume of Distribution (Vd)
Flucytosine
4.2 Hours
~16.8 Hours (4 half-lives)
0.9 L/kg
Digoxin
40.0 Hours
~160 Hours (~6.7 Days)
9.2 L/kg
Chloroquine
200.0 Hours
~5 Weeks
~100 L/kg",
Bacterial Pathogenesis 1,"Bacterial Pathogenesis I:
Mechanisms of Colonization, Invasion, and Immune Evasion
Medical Microbiology Lecture Companion Series
Based on Coursework by Dr. Meredith Hughes | Monash School of Medicine
Key Concepts and Learning Outcomes
At the conclusion of this study module, medical students should master the following foundational competencies:
Describe the diverse physical and biochemical mechanisms by which bacteria invade the human body and interact directly with host cells.
Appreciate the complex strategies employed by pathogens to evade, neutralize, and overcome the host's innate and adaptive immune surveillance systems.
Relate how specific bacterial structures and products cause host tissue damage that directly translates into the clinical signs and symptoms of disease.
Topic 1: Overview of Bacterial Pathogenesis
1.1 The Global Burden of Infectious Diseases
Infectious diseases remain an extraordinary driver of human mortality worldwide, though their impact varies dramatically across socioeconomic landscapes. According to epidemiological assessments compiled by the World Health Organization (WHO), the top ten causes of death reveal stark disparities between high-income and low-income countries:
High-Income Countries: In high-income countries, mortality is heavily dominated by non-communicable, chronic conditions (e.g., ischemic heart disease, stroke, Alzheimer's disease, and lung cancers). Lower respiratory infections represent the only communicable condition in the top ten causes of death.
Low-Income Countries: In low-income countries, the epidemiological profile shifts drastically toward communicable diseases, maternal/neonatal conditions, and nutritional deficits. Lower respiratory infections, diarrheal diseases, HIV/AIDS, malaria, and tuberculosis are primary drivers of mortality, collectively claiming hundreds of thousands of lives annually per 100,000 population.
1.2 The Cycle of Infectious Disease
Pathogenesis functions as an ongoing biological loop. To successfully manifest clinical disease and perpetuate its lineage, a pathogen must complete a highly structured sequence:
1. Damage Host: The clinical manifestations (symptoms reported by the patient, signs observed by the clinician) result directly from cellular disruption, toxic output, or immunopathology.
2. Transmission / Contact: The pathogen leaves the infected host through various shedding routes (respiratory droplets, feces, saliva, or blood) to contact a new susceptible individual.
3. Entry into the Body / Colonization: The organism breaches physical barriers (skin, mucosa) to establish a foothold at a portal of entry.
4. Avoid / Overcome Host Defenses: The bacterium circumvents innate defenses (complements, phagocytes) and adaptive immunity (antibodies).
5. Growth and Spread: The pathogen secures nutrients (e.g., iron scavenging) to multiply and disseminate locally or systemically.
1.3 Portals of Entry and Sites of Microbial Infection
The human body presents multiple anatomical surfaces exposed to the external environment, serving as key sites for both microbial entry (infection) and shedding:
Skin and Conjunctiva: An excellent barrier when intact, but vulnerable to breaches via scratches, insect/arthropod vectors, or surgical wounds that provide direct access to capillaries.
Respiratory and Alimentary Tracts: Portals for ingestion and inhalation, routinely encountering vast bacterial loads, leading to localized infections or systemic dissemination.
Urinogenital Tract: Subject to colonization via sexual contact or ascending anatomical routes.
1.4 Determinants of Pathogenicity and Disease
Disease is not an inevitable outcome of exposure. The transition from exposure to overt clinical disease is governed by an interlocking ring of five core elements: the biological characteristics of the Agent, the specific mechanisms of Virulence, the nature and duration of Exposure, the quantitative Dose received, and the genetic/immunological Susceptibility of the Host.
The structural differences in minimum threshold required to initiate infection are illustrated below:
1.5 Normal Microbiota vs. True Pathogens
The human host is naturally heavily colonized by a diverse, harmless microbiota (commensal or mutualistic) residing on the skin, teeth, scalp, mouth, throat, and throughout the gastrointestinal bowel. In contrast, true bacterial pathogens possess distinct traits that set them apart from benign flora:
Access to Privileged Sites: Pathogens encode sophisticated molecular machinery allowing them to cross normal boundaries and colonize legally protected, sterile environments such as the bloodstream, deep internal organs, cerebrospinal fluid (CSF), or even live inside host cells (e.g., the intracellular lifestyle of Listeria monocytogenes).
Disruption of Homeostasis: Overt disease manifests when the interaction between the pathogen and host causes a level of cellular damage or inflammation that perturbs host homeostasis. This damage is fundamentally determined by the complex interplay between the virulence factors of the organism and the immune response of the host.
1.6 Key Terminology
Pathogen: An organism structurally capable of causing clinical disease.
Pathogenesis: The step-by-step biological process whereby an organism induces disease.
Virulence: A quantitative or qualitative measure of an organism's capacity to cause disease.
Virulence Factors: The specialized molecular tools, structures, or toxins expressed by a pathogen that allow it to successfully survive, colonize, spread, evade, and cause host tissue damage.
Topic 2: Colonization and Adhesion
2.1 The Colonization Process
Colonization is the initial stage where bacterial pathogens firmly establish themselves within the host tissues. To survive, the invading organism must vigorously overcome mechanical clearing mechanisms (e.g., peristalsis, mucus flow, urine flow), cross physical epithelial barriers, neutralize localized innate chemical defenses, and actively outcompete highly adapted resident normal microbiota for limited nutrient niches.
2.2 Molecular Mechanisms of Adhesion
Bacterial binding to host cell surfaces relies on a specific lock-and-key interaction between specialized bacterial surface components (adhesins) and complementary host cell receptors (glycolipids, glycoproteins, or extracellular matrix proteins). This process utilizes four primary architectural mechanisms:
1. Pili or Fimbriae: Elongated, rigid, hollow cylinders composed of arranged helical arrays of structural protein subunits called pilins. The very distal tip of the pilus contains specialized adhesin proteins (such as FimH in uropathogenic E. coli) that mediate high-affinity binding to specific host carbohydrates, conferring strict host and tissue tropism. Classic examples include Neisseria gonorrhoeae.
2. Afimbrial Adhesins: Surface-anchored bacterial proteins that facilitate intimate, close association with the host cell membrane without forming elongated filament structures. A prominent medical example is Bordetella pertussis (the causative agent of whooping cough), which expresses Filamentous Haemagglutinin (FHA). FHA is a massive 220 kDa afimbrial protein containing a conserved RGD (Arg-Gly-Asp) motif that binds directly to host beta-1 integrins on respiratory epithelial cells.
3. Extracellular Matrix (ECM) Coating: Certain pathogens encode surface proteins that bind directly to human extracellular matrix components (such as fibronectin, fibrinogen, or collagen). By coating themselves in these native human molecules, bacteria like Staphylococcus aureus anchor securely to broken tissue surfaces and effectively 'cloak' themselves from host immunological surveillance.
4. Glycocalyx and Capsules: An outer polysaccharide layer providing a sticky matrix that enables non-specific or specific adherence to environmental or anatomical surfaces. For example, Streptococcus mutans uses its glycocalyx to tightly adhere to the enamel of teeth (forming dental plaque), while Streptococcus pneumoniae uses its thick capsule to stick to respiratory mucosal layers.
2.3 The Clinical Relevance of Biofilms
When fimbrial adhesins, afimbrial adhesins, and capsules act in unison, they frequently cause the formation of a biofilm—a dense, highly structured microbial community bound securely to a living or inert surface and encased within a self-produced protective extracellular polymeric substance (EPS) matrix. Biofilms pose extreme challenges in clinical medicine:
Immune and Antibiotic Shielding: The dense matrix physically blocks the entry of large immune components (such as neutrophils and antibodies) and severely slows the penetration of antimicrobial drugs, making the pathogens up to 1000-fold more resistant to traditional antibiotic therapy.
Clinical Manifestations: Biofilms play a critical role in chronic infections, such as Pseudomonas aeruginosa biofilms in the lungs of cystic fibrosis (CF) patients, or multi-species biofilms causing bacterial endocarditis on heart valves and colonizing indwelling medical hardware like subvenous catheters and artificial hip implants.
Topic 3: Mechanisms of Invasion and Immune Evasion
Once localized colonization is successfully achieved, a virulent pathogen must implement dual strategies to expand its territory: it must express invasive enzymes to penetrate deeper tissues while simultaneously deploying immune evasion tactics to survive active immunological assault.
3.1 Invasive Aggressive Exoenzymes
Bacteria secrete highly targeted enzymes into the local environment to degrade host structural components, facilitating spread and nutrient acquisition:
Collagenase and Hyaluronidase: Secreted by aggressive pathogens to chew through the dense collagen fibers anchoring the extracellular matrix, destroying tissue scaffolding to allow deep bacterial penetration.
Coagulase and Staphylokinase (The Wall-and-Escape Strategy): Secreted by organisms like Staphylococcus aureus. Coagulase converts soluble host fibrinogen into insoluble fibrin, forming a localized clot around the bacterial cluster. This clot acts as a physical wall, completely shielding the bacteria from circulating phagocytes. Once numbers swell, S. aureus secretes Staphylokinase, an enzyme that dissolves the fibrin clot, releasing a wave of bacteria into the bloodstream to spread.
Urease (Acid Neutralization and Mucin Liquefaction): Secreted in massive quantities by Helicobacter pylori (the causative agent of gastric ulcers). The stomach acid normally maintains the gastric mucin lining in a thick gel state that is completely impermeable to bacteria. The bacterial urease enzyme splits urea into ammonia and carbon dioxide, rapidly neutralizing local stomach acid. This localized rise in pH liquefies the protective mucin gel, transforming it into a fluid state that allows H. pylori to flagellate and swim directly to the underlying gastric epithelial cells.
3.2 Targeted Destruction of the Immune System
IgA Protease: Cleaves secretory immunoglobulin A (sIgA) at mucosal surfaces, completely inactivating the antibody and allowing uninhibited attachment to mucosal layers (e.g., Neisseria gonorrhoeae).
DNase (Escaping Neutrophil Extracellular Traps): Neutrophils deploy Neutrophil Extracellular Traps (NETs)—web-like structures of extracellular DNA coated with antimicrobial peptides designed to trap and kill microbes. Virulent bacteria secrete DNase, which degrades the DNA backbone of these nets, allowing the pathogen to escape cleanly.
Complement Degrading Enzymes: Pathogens secrete enzymes that cleave key complement components (like C3b), preventing opsonization, stopping chemotaxis, and blocking membrane attack complex (MAC) formation.
3.3 Molecular Disguise and Hiding Strategies
Rather than engaging in direct biochemical warfare, many pathogens choose to 'hide' in plain sight using highly evolved structural modifications:
1. Antigenic and Phase Variation: Certain pathogens dynamically change the primary structure and sequence of their exposed surface antigens over time. By the time the host's adaptive B-cells mount a high-affinity antibody response against the initial antigen structure, the bacterium has switched its phase or antigen presentation (e.g., Neisseria, Salmonella), rendering the existing pool of host antibodies obsolete.
2. Host Mimicry via Antibody Inversion: Pathogens coat themselves in host proteins to completely mask their presence. For example, Staphylococcus aureus expresses Protein A on its surface. Protein A binds to the constant Fc portion of human IgG antibodies backwards. Consequently, the antibody points 'outward' with its variable Fab regions unavailable to host Fc-receptors on phagocytes. This entirely prevents opsonization and phagocytic engulfment. Other bacteria bind native host fibronectin, fibrinogen, or collagen to form an invisible self-cloak.
3. Host Mimicry via Polysaccharide Capsules: Organisms like Streptococcus pyogenes (Group A Strep) express a capsule composed entirely of hyaluronic acid. Because hyaluronic acid is an abundant glycosaminoglycan found naturally throughout human connective tissue, the immune system views the capsule as 'self' and fails to initiate a response. Similarly, Streptococcus pneumoniae and Neisseria meningitidis express specialized carbohydrate capsules that block complement deposition and resist phagocytosis.
References and Further Reading
Mim's Medical Microbiology: Goering, R.V., Dockrell, H.M., Zuckerman, M., Roitt, I.M. & Chiodini, P.L., Elsevier, 2019 (6th ed.).
Prescott's Microbiology: Willey, J.M., Sherwood, L.M. & Woolverton, C.J., McGraw-Hill, 2020 (11th ed.) Chapter 35.
Pathogenic Agent
Estimated Infectious Dose
Primary Route of Infection
Measles
1 virus
Respiratory
Q fever
1-10 cells
Respiratory
Tularemia
10-50 cells
Various
Smallpox
10-100 viruses
Respiratory
Brucellosis
10-100 cells
Various
Viral encephalitis
10-100 viruses
Mosquito bite
Plague
100-500 cells
Flea bite
Gonorrhea
1,000 cells
Sexual contact
Anthrax
8,000-50,000 spores
Respiratory, Cutaneous
Typhoid
10,000 cells
Ingestion
Cholera
100,000,000 cells
Ingestion",
Bacterial Pathogenesis 2,"Advanced Bacterial Pathogenesis II:
Evasion of Host Defenses and Intracellular Survival
Course: MED 1100/1200 - School of Medicine
Instructor: Dr. Meredith Hughes
Format: Comprehensive Instructional Reference Guide
1. Introduction and Core Concepts
In the study of bacterial pathogenesis, understanding how pathogens interact with the host immune system is central to elucidating the clinical signs and symptoms of disease. Infectious disease operates in a continuous cyclic loop consisting of five major phases:
Transmission / Contact: The initial exposure and transfer of the pathogen to the host.
Entry into the Body / Colonization: The localized establishment and adherence of the bacteria to host tissues.
Avoidance / Overcoming Host Defenses: Active evasion strategies to escape innate and adaptive immune surveillance.
Growth and Spread: Proliferation and dissemination of the pathogen within tissues or systemic circulation.
Damage to the Host: The manifestation of symptoms and clinical signs caused by bacterial virulence factors, tissue destruction, and inflammatory responses.
This article analyzes the specific mechanisms by which bacteria successfully avoid phagocyte-mediated killing, hide and thrive within host cellular compartments, and breach non-phagocytic cells to disseminate throughout the body.
2. Topic 1: Avoiding Phagocyte-Mediated Killing by Preventing Uptake
Phagocytosis represents a primary innate immune defense mechanism. Under homeostatic physiological conditions, phagocytosis follows a highly coordinated multi-step sequence designed to eliminate microbial threats:
Adherence: The microbial pathogen adheres to the surface receptors of the phagocytic cell.
Engulfment: The phagocyte extends pseudopods around the pathogen, eventually fusing them to completely enclose the particle.
Phagosome Formation: The engulfed microbe is sequestered within a specialized intracellular membrane-bound vesicle known as a phagosome.
Fusion: The phagosome migrates into the cell and fuses with a lysosome, combining into a single hybrid structure termed the phagolysosome.
Digestion and Exocytosis: Inside the phagolysosome, the microbe is killed and enzymatically digested by a potent array of lysosomal hydrolases and reactive compounds. Indigestible residual material is subsequently packaged and expelled from the cell via exocytosis.
2.1 Lethal Intracellular Killing Mechanisms of Phagocytes
When a pathogen is localized within the phagolysosome, it is subjected to an incredibly hostile multi-component antimicrobial environment:
Acidification: Active pumping of hydrogen ions reduces the internal environment to a low pH, optimizing lysosomal enzyme function and disrupting bacterial homeostasis.
Enzymatic Degradation: Release of specialized enzymes such as lysozyme, acid hydrolases, and myeloperoxidase.
Reactive Oxygen Species (ROS): High-level oxidative stress driven by NADPH oxidase assembly on the phagosome membrane. This leads to a respiratory burst producing superoxide anions (O₂⁻), hydrogen peroxide (H₂O₂), hydroxyl radicals (OH•), and singlet oxygen (¹O₂).
Reactive Nitrogen Species (RNS): Generation of toxic nitrogen compounds, predominantly nitric oxide (NO), which damages bacterial proteins and DNA.
Antimicrobial Peptides: Deployment of cationic peptides and defensins that form lethal pores in bacterial cell membranes.
Nutrient Competitors: Secretion of high-affinity iron-binding proteins (e.g., lactoferrin) to strip the bacterium of essential metabolic iron resources.
2.2 The Role of Opsonization in Enhancing Phagocytic Uptake
Phagocytes heavily rely on opsonins—specialized host molecules that coat pathogens to render them highly visible and easily accessible. Phagocytic cells express specific surface receptors tailored to these opsonins, resulting in varied degrees of binding affinity and subsequent uptake:
2.3 Active Virulence Strategies to Avoid Uptake
To circumvent phagocytosis from the outside, successful pathogens have evolved distinct mechanical and chemical tactics:
Toxin Release: Pathogens can actively secrete cytolytic toxins that targets and kills the phagocyte before it can perform engulfment.
Prevention of Opsonization via Fc-Binding: Bacteria synthesize surface proteins that bind the Fc portion of IgG antibodies backward. By orienting the antibody incorrectly, the pathogen masks its antigens and coats itself in host proteins, preventing recognition by the phagocyte's Fc receptors.
The Bacterial Capsule: A thick polysaccharide shell that surrounds the bacterial cell wall. This capsule is typically anionic, hiding crucial surface proteins from immune recognition and physically blocking complement or antibody deposition. Ultimately, this stops both phagocytic uptake and classic opsonization cascades, which is a key requirement for bacterial survival and replication in the bloodstream.
Case Study Focus: Staphylococcus aureus Virulence Array
Staphylococcus aureus serves as a paradigm for extracellular protection. Its complex virulence framework includes: Haemolysins and Leukocidins (toxins that lyse host white blood cells); Superantigen (TSST-1) and Enterotoxins (induce massive, dysregulated hyper-inflammation); Coagulase and Staphylokinase (modulate coagulation cascades); Protein A (specifically binds the Fc region of IgG to subvert opsonization); Plasmin (recruited and activated via staphylokinase to actively degrade IgG and complement component C3b); Extracellular Adhesins; Efb (extracellular fibrinogen-binding protein that actively binds and cleaves complement component C3); and a protective Polysaccharide Capsule.
3. Topic 2: Hiding and Thriving Inside Host Cells
When a pathogen cannot prevent phagocytic uptake, or when it actively seeks a shielded niche, it adopts an intracellular lifestyle. Intracellular bacteria are split into two major biological classes:
Facultative Intracellular Bacteria: Pathogens capable of living and replicating either inside host cells or within extracellular environments (e.g., Listeria monocytogenes, Salmonella enterica).
Obligate Intracellular Bacteria: Pathogens that are strictly dependent on the host cell's internal metabolic machinery to replicate and survive (e.g., Chlamydia species).
Living inside host cells offers significant evolutionary advantages, primarily protecting the pathogen from circulating humoral immune factors (such as antibodies and complement systems). However, these infections represent a major clinical challenge as they are exceptionally difficult to clear with standard antimicrobials that exhibit poor intracellular penetration.
3.1 Core Strategies for Intracellular Survival
Once inside a cell, pathogens use three primary intracellular survival strategies to manage the phagosomal compartment:
Strategy A: Survival and Replication within the Mature Phagolysosome
Some highly resilient pathogens allow the full phagocytosis process to occur, choosing to live directly within the fully matured, highly acidic phagolysosome. To thrive in this intensely antimicrobial environment, bacteria express specific defenses: they produce high levels of catalase to break down hydrogen peroxide (H₂O₂), possess highly altered cell wall structures that render them extremely resistant to low pH, and secrete active proteases to systematically degrade host antimicrobial peptides. Examples include Coxiella burnetii and Staphylococcus aureus.
Strategy B: Blocking Normal Phagosome Maturation
Other pathogens deploy specialized molecular injection systems (such as Type IV or Type III secretion systems) to deliver effector proteins directly into the host cell cytoplasm. These effectors rewrite the cell's signaling pathways, actively blocking the fusion of the phagosome with lysosomes. Consequently, the vesicle's pH remains neutral, creating a developmentally arrested, protective vacuole where the bacteria can replicate completely unharmed by lysosomal degradation. Key examples include Mycobacterium tuberculosis, Salmonella spp., and Legionella pneumophila (the causative agent of Legionnaires' disease).
Strategy C: Escape from the Phagosome into the Host Cytosol
A third class of pathogens actively destroys the engulfing phagosomal membrane immediately following uptake. By rupturing the vacuole, the bacteria escape directly into the host cell cytosol (cytoplasm), completely avoiding exposure to the toxic elements of the phagolysosome. Once inside the cytosol, these pathogens hijack host cell structural components—specifically utilizing actin-mediated polymerization to generate polar 'actin tails'. This polymerizing machinery propels the bacteria dynamically through the cytoplasm and directly across intercellular junctions into neighboring cells, entirely bypassing the extracellular space and evading circulating immune molecules. Prominent examples include Listeria, Shigella, and Burkholderia.
4. Invasion Mechanisms of Non-Phagocytic Cells
Pathogens do not restrict their invasion to professional phagocytes (like macrophages or neutrophils); they frequently force entry into non-phagocytic cells, such as epithelial or endothelial layers. This entry is accomplished via two major mechanical archetypes:
The Zipper Mechanism (Uptake from the Outside):This process is initiated by high-affinity bindings between specific bacterial surface proteins (adhesins) and complementary receptors on the host cell membrane. This tight adhesive interaction forces the host membrane to progressively curve upward and wrap tightly around the contour of the bacterial cell, closing seamlessly like a physical zipper. This activates localized actin structures from the outside, drawing the pathogen inside an endosomal vacuole. Examples include Yersinia, Listeria, and Neisseria.
The Trigger Mechanism (Uptake via Cytoplasmic Injection):This mechanism relies heavily on a specialized bacterial Type III Secretion System (T3SS), often described as a molecular syringe. The bacterium makes contact with the host cell and injects a dedicated cocktail of effector proteins directly across the plasma membrane into the host cytosol. These effectors trigger massive, widespread actin polymerization, causing dramatic architectural changes known as 'membrane ruffling'. The large ruffles fold back over the extracellular space, engulfing the pathogen and drawing it deep into the cell within an elongated vacuole. Examples include Shigella and Salmonella species.
5. Clinical Correlation: The Pathogenesis of Shigella
To fully connect cellular pathophysiology to clinical medicine, consider the disease model of Shigella pathogenesis (the causative agent of Bacillary Dysentery or Shigellosis):
Tissue Penetration: Shigella bacteria utilize specialized M cells embedded within the Peyer's patches of the colonic mucosal epithelium to cross the intestinal barrier.
Macrophage Evasion: Upon transcytosis, they enter underlying macrophages, trigger macrophage cell death, and access the basolateral surface of colonic epithelial cells.
Trigger Invasion and Cytosolic Escape: Using a Type III Secretion System, they trigger their own entry into epithelial cells, immediately escape the vacuole into the cytosol, and multiply rapidly.
Intercellular Dissemination: Exploiting actin-mediated motility, they project through the host cell cytoskeleton and slide directly across tight junctions into neighboring epithelial cells, spreading laterally without entering the extracellular intestinal lumen.
Inflammatory Cascade and Destruction: The ongoing replication and lateral dissemination drive massive secretion of pro-inflammatory cytokines (such as IL-8), recruiting a high influx of neutrophils. This results in severe, destructive inflammation and extensive colonic epithelial cell death.
This microscopic tissue destruction and localized vascular breakdown present clinically as classical Bacillary Dysentery, characterized by:
Bloody, mucoid diarrhea (arising from mucosal erosion, epithelial sloughing, and vascular leaking).
Severe, intense abdominal cramping.
High fever (secondary to massive cytokine-mediated immune recruitment).
Rapid, profound dehydration.
6. Review and Key Takeaways
Bacterial evasion strategies dictate whether a pathogen replicates extracellularly or establishes an intracellular niche.
Uptake prevention relies heavily on bacterial capsules that mask surface antigens, block complement deposition, and counteract classical opsonization cascades.
Intracellular protection is achieved via three divergent pathways: living inside mature phagolysosomes (Coxiella), preventing phagolysosomal fusion to maintain a neutral pH (Mycobacterium, Legionella), or executing a rapid escape into the host cytosol with subsequent actin-based intercellular motility (Listeria, Shigella).
Entry into non-phagocytic barriers follows either a receptor-mediated 'Zipper' mechanism or an injection-driven, ruffling 'Trigger' mechanism.
Secretion systems (e.g., T3SS, T4SS) act as vital molecular tools allowing bacteria to subvert host signaling pathways to facilitate survival, proliferation, and tissue destruction.
Attachment Type
Opsonin Molecule
Phagocytic Binding Affinity
Nonspecific Receptors
Microorganism surface structures alone
± (Minimal / Base level)
Ab Fc Receptor
Antibody (IgG)
++ (Moderate Enhancement)
Antibody & Complement Receptors
Antibody combined with Complement C3b
++++ (Maximal Binding / Efficiency)",
Bacterial Pathogenesis 3,"Bacterial Pathogenesis III: Mechanisms of Host Damage and Toxicity
A Medical Study Guide and Comprehensive Reference Article
1. Key Concepts and Learning Outcomes
In the study of medical microbiology and infectious diseases, understanding how bacterial pathogens interact with the human host to cause clinical pathology is paramount. This guide provides a detailed analysis of the multi-step cycle of infection, the physiological impact of sepsis, and the precise molecular mechanisms governing the major classes of bacterial toxins.
Cellular Invasion & Interaction: Describe the diverse mechanisms by which bacteria invade the human body, colonize tissues, and interact with host cells.
Immune Evasion: Elucidate how pathogens successfully evade, overcome, or manipulate the host immune system to establish infection.
Pathological Correlation: Correlate specific bacterial virulence factors—including endotoxins and distinct classes of exotoxins—with the definitive clinical signs and symptoms of disease.
2. The Cycle of Infectious Disease
Pathogenesis is not a single isolated event but a continuous, structured biological cycle. For a pathogen to successfully cause disease and persist in a population, it must navigate the following phases:
1. Transmission / Contact: The initial contact with a susceptible host or the mechanism of transfer from an environmental reservoir or infected individual.
2. Entry into the Body / Colonization: The localized attachment and multiplication of the pathogen at a portal of entry (e.g., mucous membranes of the respiratory, gastrointestinal, or genitourinary tracts, or breached skin).
3. Avoidance / Overcoming Host Defenses: The deployment of specialized virulence factors (such as capsules, antigenic variation, or intracellular growth) to neutralize or bypass the host's innate and adaptive immune responses.
4. Growth and Spread: The active replication and anatomical dissemination of the bacteria within host tissues to secure nutrient sources.
5. Host Damage: The disruption of normal host physiological functions, directly mediated by bacterial toxins and metabolic byproducts, or indirectly triggered by an overactivated host immune response. This final stage manifests as the definitive clinical signs and symptoms of the disease.
3. Mechanisms of Host Damage: Endotoxins vs. Exotoxins
Bacterial pathogens cause structural and functional harm to the host via three primary modalities: the release of toxic components (classified broadly into endotoxins and exotoxins), the accumulation of harmful metabolic byproducts, and the induction of an immunopathologic response where the host’s immune response itself causes the primary damage (as observed in diseases like syphilis, chlamydial infections, and streptococcal pneumonia).
Endotoxins
Chemical Structure: Endotoxin is specifically the lipopolysaccharide (LPS) structural component residing within the outer membrane of Gram-negative bacteria.
Active Component: The toxic moiety of LPS is Lipid A, a highly hydrophobic lipid anchor. The macromolecule also comprises a core oligosaccharide and an outer O-specific side chain (O-antigen).
Distribution: Endotoxins are entirely absent in Gram-positive bacteria because they lack an outer membrane.
Mechanism of Toxicity: The pathological effects of endotoxins are indirect. Lipid A does not directly poison host cells; instead, it is released upon bacterial cell death and lysis (e.g., via phagocytosis and subsequent exocytosis). It acts as a potent Pathogen-Associated Molecular Pattern (PAMP) that hyper-activates host immune mechanisms, inducing massive cytokine release (specifically Tumor Necrosis Factor-alpha [TNF-α] and Interleukin-1 [IL-1]), alongside the systemic activation of the clotting and complement cascades.
Clinical Manifestations: Fever, systemic inflammation, intravascular coagulation, profound weakness, diarrhea, intestinal hemorrhage, and life-threatening shock.
Primary Sources: Systemic Gram-negative infections, commonly involving Escherichia coli, Pseudomonas aeruginosa, and Neisseria meningitidis.
Exotoxins
Chemical Structure: Exotoxins are soluble, diffusible proteins synthesized and actively secreted by live, multiplying Gram-positive or Gram-negative bacteria.
Specificity: Highly species-specific and exhibit highly specialized, distinct biochemical mechanisms of action targeting precise cellular components.
Potency: They can be extraordinarily potent, ranging in severity from minor localized tissue damage to rapidly fatal systemic toxicity at nanogram dosages.
4. Sepsis and Septic Shock
Sepsis represents a critical, whole-body systemic inflammatory response syndrome (SIRS) triggered by a localized or systemic microbial infection. While classically associated with Gram-negative endotoxemia, sepsis can follow infections caused by Gram-positive bacteria, viruses, or fungi. It is a severe medical emergency that kills more patients annually than prostate cancer, breast cancer, and HIV/AIDS combined.
Pathophysiological Progressions
Hypotension: An abnormal drop in systemic blood pressure where perfusion falls to the point that insufficient oxygen and nutrients reach vital organs, including the brain, causing dizziness, confusion, or syncope.
Septic Shock: Defined clinically as sepsis-induced hypotension that persists despite aggressive intravenous fluid resuscitation, requiring vasopressor therapy.
Multiple Organ Failure: Unchecked systemic inflammation and hypotension progress to disseminated intravascular coagulation (DIC), severe tissue hypoxia, and multiple organ dysfunction syndrome (MODS)—including acute respiratory failure—which can cause rapid death.
Clinical Identification: Signs, Symptoms, and the T.I.M.E. Acronym
Early recognition is vital for survival. Key clinical red flags include slurred speech or severe confusion, extreme shivering, intense muscle pain, fever, anuria (passing no urine all day), severe breathlessness, skin that appears mottled or discolored, and a profound subjective feeling of impending doom ('feels like you're going to die').
Medical professionals utilize the clinical acronym T.I.M.E. to maintain high index of suspicion:
T - Temperature: Core body temperature running significantly higher or lower than normal parameters.
I - Infection: Patient exhibits definitive localized or systemic signs and historical symptoms of an active infection.
M - Mental Decline: Significant neurological decline, characterized by acute confusion, extreme sleepiness, or being difficult to rouse.
E - Extremely Ill: The patient presents as exceptionally ill, complaining of severe pain, extreme physical discomfort, or acute shortness of breath.
5. The Three Major Classes of Bacterial Exotoxins
Bacterial exotoxins are strictly classified into three major groups based entirely upon their definitive molecular mechanisms of action inside or on the surface of the host cell.
Class I: Superantigens (Toxins that Hyper-Activate T-Cells)
Superantigens (SAgs) are secreted bacterial proteins that bypass the conventional, highly controlled steps of antigen presentation, leading to an unregulated immune explosion.
Normal Antigen Activation: Normal antigens are processed inside an antigen-presenting cell (APC) and presented within the peptide-binding groove of a Major Histocompatibility Complex Class II (MHC II) molecule. A highly specific T-Cell Receptor (TCR) then recognizes this specific peptide, activating approximately 0.001% of the body's total T-cell pool.
Superantigen Mechanism: Superantigens entirely circumvent internal processing. They bind non-specifically and with high affinity directly to the outer lateral surfaces of the MHC II molecule on the APC and the variable beta domain (Vβ) of the TCR on the T-cell. This cross-linking glues the two cells together, forcing T-cell activation regardless of peptide specificity.
T-Cell Pool Activation: This brute-force cross-linking results in the non-specific activation of an astonishing 20% to 30% of all systemic T-cells. This triggers a catastrophic 'cytokine storm'—an unchecked release of massive quantities of pro-inflammatory cytokines, including Interleukin-2 (IL-2), Interferon-gamma (IFN-γ), Interleukin-1 beta (IL-1β), and TNF-α.
Clinical Consequences: Profound, systemic hypotension, toxic shock syndrome, multiple organ failure, and high mortality rates.
Key Examples: Toxic Shock Syndrome Toxin-1 (TSST-1) produced by Staphylococcus aureus, classically associated with high-absorbency tampon use or deep wound infections. S. aureus and Streptococcus pyogenes superantigens also drive the pathology of Gram-positive sepsis. TSST-1 presents with high fever, vomiting, profuse diarrhea, severe myalgia, a diffuse erythematous rash that undergoes subsequent desquamation (skin peeling), rapid hypotension, and eventual cardiopulmonary and renal failure.
Class II: Surface-Acting Toxins (Membrane-Damaging Toxins)
These toxins act directly at the target host cell plasma membrane, disrupting its structural integrity and permeability barrier, which causes cell lysis and death.
1. Phospholipases: These are specialized enzymes that directly hydrolyze specific phospholipid components within the host cell membrane. A classic example is the alpha-toxin (α-toxin) of Clostridium perfringens. Notably, this was the very first bacterial toxin demonstrated to possess enzymatic activity. It functions as a Phospholipase C, hydrolyzing phosphatidylcholine (lecithin) and sphingomyelin. This enzymatic cleavage destabilizes the host cell membrane, culminating in widespread cell lysis and tissue necrosis, playing an essential role in the pathogenesis of gas gangrene.
2. Pore-Forming Cytolysins (PFTs): These toxic proteins bind as monomers to specific host membrane components (such as cholesterol), where they subsequently polymerize to form physical channels or holes through the lipid bilayer. This breaks the cellular permeability barrier, causing rapid ion leakage and water influx due to high intracellular osmolarity, leading to osmotic cell swelling and cytolysis. While frequently termed 'hemolytic' because they lyse red blood cells in vitro, erythrocytes are rarely their primary biological target in vivo.
• Large-Pore-Forming Toxins: Form expansive transmembrane channels. Examples include Perfringolysin O (Clostridium perfringens) and Listeriolysin O (Listeria monocytogenes). Listeriolysin O is highly specialized; it mediates vacuolar lysis, allowing the bacterium to escape the phagosome into the host cytosol, replicate, utilize actin-based motility, and achieve direct cell-to-cell spread.
• Small-Pore-Forming Toxins: Assemble into smaller multi-subunit pores. Prominent examples are Staphylococcus aureus alpha-hemolysin (α-toxin) and leukotoxin, which selectively destroy white blood cells.
Class III: Intracellular-Targeting Toxins (The A-B Toxin Paradigm)
Representing the most prevalent category of bacterial exotoxins, intracellular-targeting toxins utilize a highly specialized, dimeric or multi-subunit structural configuration to deliver an enzymatic payload directly inside the cytoplasm of the host cell.
The 'A' Subunit: The active component. It possesses specific enzymatic activity that biochemically modifies a definitive intracellular target molecule once inside the host cytosol.
The 'B' Subunit: The binding and translocation component. It is strictly responsible for targeting the toxin to specific receptors on the host cell membrane and facilitating the internalization and translocation of the enzymatic 'A' subunit across the membrane barrier.
Simple A-B Toxins: Consist of a single A subunit linked to a single B subunit (e.g., Diphtheria toxin).
Compound A-B Toxins: Consist of a multi-subunit complex, classically an AB5 structure featuring one central enzymatic A subunit surrounded by a ring of five binding B subunits (e.g., Cholera toxin).
Deep-Dive Case Studies of A-B Toxins
1. Diphtheria Toxin and Protein Synthesis Inhibition: Caused by Corynebacterium diphtheriae, this simple A-B toxin mediates a severe, potentially fatal localized infection of the nasopharynx and tonsils. The colonization results in extensive tissue necrosis and inflammation, forming a thick, grayish 'false membrane' (pseudomembrane) composed of dead host tissue, fibrin, and bacteria. This membrane can completely obstruct the respiratory tract, leading to suffocation. Virulent, toxin-producing strains of C. diphtheriae are those that carry a lysogenic bacteriophage (tox gene). Diphtheria is effectively controlled globally via the DTaP (Diphtheria, Tetanus, and acellular Pertussis) triple antigen vaccine.
Mechanism: The 'B' subunit attaches specifically to a host cell surface receptor, triggering receptor-mediated endocytosis.
Translocation: Upon acidification of the endocytic vacuole, the 'A' subunit dissociates and translocates into the cytosol.
Enzymatic Activity: The 'A' subunit acts as an ADP-ribosyltransferase. It targets and covalently transfers an ADP-ribose group onto Eukaryotic Elongation Factor 2 (EF2).
Pathological Result: EF2 is an absolute requirement for ribosome translocation during translation (protein synthesis). Once ADP-ribosylated, EF2 is irreversibly inactivated. The host cell immediately ceases all protein synthesis and undergoes necrotic death.
2. Cholera Toxin and Intestinal Electrolyte Hyper-Secretion: Caused by the acute, food-and-water-borne Gram-negative bacterium Vibrio cholerae, this classic compound AB5 toxin targets the epithelial cells of the small intestine. The toxin is entirely responsible for the massive fluid accumulation and profound, watery diarrhea containing mucosal flecks, clinically described as 'rice water stools'. Death occurs rapidly due to extreme dehydration and the catastrophic loss of essential fluids and electrolytes.
Mechanism: The pentameric B5 ring binds securely to GM1 ganglioside receptors on the intestinal epithelial cell membrane, delivering the single A subunit into the cell.
Enzymatic Activity: The 'A' subunit separates and functions as a potent ADP-ribosyltransferase.
Molecular Target: It targets and permanently locks a regulatory G-protein (Gsα) in its active, GTP-bound state.
Downstream Cascade: The constitutively active G-protein causes continuous, unchecked hyper-activation of the host enzyme adenylate cyclase.
Pathological Result: This results in an astronomical intracellular spike in cyclic adenosine monophosphate (cAMP). High cAMP levels force the uncontrolled open-state activation of ion channels (like CFTR), triggering massive secretion of chloride (Cl-), sodium (Na+), potassium (K+), and bicarbonate (HCO3-) ions into the intestinal lumen. Water follows the osmotic gradient passively, generating overwhelming diarrhea.
3. Bacterial Neurotoxins and Disrupted Neurotransmission: Clostridium tetani and Clostridium botulinum synthesize highly specialized neurotoxins that represent the two deadliest biological substances known to science, exhibiting an incredibly low median lethal dose (LD50 of ~ 1–2 ng/kg). Both toxins structurally act as highly zinc-dependent endopeptidases (proteases) that specifically cleave SNARE proteins, which are essential for vesicle docking and exocytosis at neuromuscular junctions.
• Tetanus Toxin (Tetanospasmin): Produced during anaerobic wound infections. Tetanus toxin undergoes retrograde axonal transport into the central nervous system, where it selectively enters inhibitory interneurons. Once inside, it cleaves SNARE proteins to completely block the exocytosis of the inhibitory neurotransmitters Glycine and Gamma-Aminobutyric Acid (GABA). Absent these inhibitory signals, motor neurons exhibit unremitting, continuous firing. This generates violent, painful, and generalized rigid muscle spasms, classically manifesting as lockjaw (trismus) and severe backward arching of the spine (opisthotonos).
• Botulinum Toxin: Ingested via contaminated food (botulism). Botulinum toxin acts locally at the peripheral neuromuscular junction. It enters excitatory motor neurons and cleaves SNARE proteins, completely blocking the release of the neurotransmitter Acetylcholine from synaptic vesicles. Deprived of acetylcholine stimulation, the muscle fiber cannot contract. This culminates in severe, systemic flaccid paralysis, presenting clinically as profound muscle weakness, loss of muscle tone, and eventual respiratory failure due to diaphragmatic paralysis.
6. Reference Guidelines
For advanced medical studies, students should cross-reference this article with standard medical literature:
Mim’s Medical Microbiology: Goering, R.V., Dockrell, H.M., Zuckerman, M., Roitt, I.M. & Chiodini, P.L. Elsevier, 2019 (6th ed.). Focus closely on Chapter 18 for a detailed breakdown of systemic endotoxemia and the A-B toxin cascade.
Prescott’s Microbiology: Willey, J.M., Sherwood, L.M. & Woolverton, C.J. McGraw-Hill, 2020 (11th ed.). Review Chapter 35 for foundational concepts on host-pathogen interactions and quantitative pathogen virulence metrics.
★ September 13th is designated globally as World Sepsis Day to highlight that sepsis remains the final common pathway to death from most infectious diseases. Awareness and rapid administration of antibiotics and fluids save lives.: Sepsis Awareness Day",
Clinical anatomy of the hip joint and thigh,"Comprehensive Anatomy of the Hip Joint and Thigh
A Clinical Reference Guide based on Monash University Lecture Series
Dr. David Gonsalvez
1. Osteology and Arthrology of the Hip Joint
The hip joint is a classic multiaxial ball-and-socket synovial joint that serves as the primary connection between the lower limb and the axial skeleton. It is designed simultaneously for a high degree of stability to support body weight during locomotion and a wide range of mobility.
Osteological Components
The joint is formed by the articulation between the hemispherical head of the femur and the cup-shaped acetabulum of the innominate (hip) bone. The innominate bone is formed by the fusion of three separate bones during development:
Ilium: The superior large expanded portion forming the upper part of the hip bone. Key features include the iliac crest, anterior superior iliac spine (ASIS), posterior superior iliac spine (PSIS), and posterior inferior iliac spine (PIES). It forms the superior part of the acetabulum.
Ischium: The posteroinferior part of the hip bone, characterized by the heavy ischial tuberosity (which bears weight when sitting), the ischial spine, the lesser sciatic notch, and the ischial ramus.
Pubis: The anteromedial portion consisting of the superior ramus, inferior ramus, and the pubic tubercle. Together with the ischium, it bounds the large obturator foramen.
On the femoral side, key proximal structures include:
Femoral Head: A smooth hemispherical structure directed superomedially and slightly anteriorly to articulate with the acetabulum.
Greater Trochanter: Large, blunt, lateral bony projection serving as a major site for muscle attachment (e.g., gluteus medius and minimus).
Lesser Trochanter: Posteroimportantly directed smaller projection serving as the insertion site for the iliopsoas muscle.
Inter-trochanteric Line: An oblique line on the anterior aspect connecting the trochanters, marking the site of capsule attachment.
Inter-trochanteric Crest: A prominent ridge on the posterior aspect connecting the greater and lesser trochanters, featuring the quadrate tubercle.
Linea Aspera & Gluteal Tuberosity: Rough vertical ridge along the posterior aspect of the femoral shaft for muscle attachments.
Radiological and Structural Alignments
The normal neck-shaft angle of the femur in an adult ranges between 120° and 130°. This angle is critical for shifting the femoral shaft away from the pelvis, allowing for efficient clearance and biomechanical leverage for the hip abductors. Alterations in this angle can lead to pathology (e.g., coxa vara if decreased, coxa valga if increased). The vertical alignment forms roughly a 90° reference line with the superior aspect of the femoral head.
Capsule and Ligamentous Support
The hip joint capsule is extremely dense and strong, regularizing the structural integrity of the joint. It is reinforced by three primary intrinsic ligaments that twist fibers around the neck to tighten during hip extension:
Iliofemoral Ligament: A strong, inverted Y-shaped ligament (Ligament of Bigelow) situated anteriorly. It prevents hyperextension of the hip joint during standing.
Pubofemoral Ligament: Positioned antero-inferiorly, extending from the pubic ramus to the capsule, preventing excessive abduction and extension.
Ischiofemoral Ligament: Positioned posteriorly, looping from the ischium around the femoral neck, preventing hyperextension and internal rotation.
Acetabular Labrum: A fibrocartilaginous ring attached to the margin of the acetabulum that deepens the socket, increasing the surface area and generating a negative pressure (suction effect) for mechanical stability.
Transverse Acetabular Ligament: Bridges the acetabular notch, converting it into a foramen for neurovascular passage.
Ligament of the Head of the Femur (Ligamentum Teres): A weak conduit running from the fovea capitis on the femoral head to the acetabular notch, carrying a small branch of the obturator artery.
2. Vascular and Nerve Supply of the Gluteal Region and Thigh
Vascular Network of the Thigh and Femoral Head
The blood supply to the lower limb originates from the external iliac artery, which crosses deep to the inguinal ligament to become the femoral artery. The femoral artery provides the primary supply via its large branch, the profunda femoris (deep femoral) artery.
Crucially, the blood supply to the femoral head and neck depends on an intricate anastomotic ring formed primarily by:
Retinacular Arteries: Arise mainly from the medial and lateral circumflex femoral arteries (branches of the profunda femoris). They pierce the joint capsule and travel superiorly along the femoral neck to supply the head. The medial circumflex femoral artery provides the dominant contribution.
Artery of the Ligamentum Teres: A small branch of the posterior division of the obturator artery travels within the ligamentum teres to supply the immediate area around the fovea. This contribution is usually minimal in adults but highly essential in children prior to epiphyseal fusion.
Gluteal Region Vasculature and Nerves
The gluteal region receives its neurovascular bundles from the internal iliac system through the greater sciatic foramen, separated by the piriformis muscle:
Superior Gluteal Neurovascular Bundle: Emerges superior to the piriformis muscle to supply the gluteus medius, gluteus minimus, and tensor fasciae latae.
Inferior Gluteal Neurovascular Bundle: Emerges inferior to the piriformis muscle to supply the gluteus maximus.
Sciatic Nerve: The largest nerve in the body (L4-S3), emerging inferior to the piriformis muscle. It descends in the posterior compartment of the thigh and splits into the tibial and common fibular nerves.
3. Functional Anatomy of Muscle Compartments
The thigh is divided into three distinct fascial compartments by intermuscular septa. Each compartment shares a common embryological origin, general function, and primary innervation.
Anterior Compartment (Extensors)
Primary Actions: Flexion of the hip joint and extension of the knee joint.
Innervation: Femoral Nerve (L2-L4).
Key Muscles: Quadriceps femoris (rectus femoris, vastus lateralis, vastus medialis, vastus intermedius), sartorius, and iliopsoas.
Medial Compartment (Adductors)
Primary Actions: Adduction of the thigh at the hip joint.
Innervation: Obturator Nerve (L2-L4).
Key Muscles: Adductor longus, adductor brevis, adductor magnus (adductor part), gracilis, and pectineus (dual innervation via femoral nerve).
Posterior Compartment (Flexors/Hamstrings)
Primary Actions: Extension of the hip joint and flexion of the knee joint.
Innervation: Sciatic Nerve (Tibial division; short head of biceps femoris is supplied by the common fibular division).
Key Muscles: Biceps femoris, semitendinosus, and semimembranosus.
Gluteal Abductors and Gait Stabilizers
The true abductors of the hip include the Gluteus Medius, Gluteus Minimus, and Tensor Fasciae Latae. All are innervated by the superior gluteal nerve (L4-S1). Functionally, during the stance phase of walking, when one foot is lifted off the ground, these muscles on the supporting side contract strongly to prevent the contralateral side of the pelvis from dropping. This stabilizes the pelvis horizontally.
4. Clinical Triangle and Topographical Formations
The Femoral Triangle
The femoral triangle is a critically important subfascial space located in the anterosuperior third of the thigh. It appears as a triangular depression inferior to the inguinal ligament.
Superior Border: Inguinal ligament.
Lateral Border: Medial border of the sartorius muscle.
Medial Border: Lateral border of the adductor longus muscle.
Floor: Formed by the iliopsoas, pectineus, and adductor longus muscles.
Roof: Fascia lata and cribriform fascia.
The triangle contains vital structures organized from lateral to medial (using the NAVEL mnemonic):
1. Femoral Nerve: Arrives outside the femoral sheath; splits into numerous muscular and cutaneous branches.
2. Femoral Artery: Located within the femoral sheath; a continuation of the external iliac artery.
3. Femoral Vein: Located within the femoral sheath, medial to the artery; receives the great saphenous vein.
4. Femoral Canal (Lymphatics): The most medial compartment within the femoral sheath containing deep inguinal lymph nodes and lymphatic vessels.
Other superficial structures in this region include the great saphenous vein, lymphatics, the femoral branch of the genitofemoral nerve, the intermediate femoral cutaneous nerve, and the lateral femoral cutaneous nerve.
5. Clinical Examination Findings and Pathologies
Hip Joint Dislocation
Because the hip capsule ligaments are taut in extension and lax in flexion, dislocations most commonly occur when the hip is flexed and adducted. A classic mechanism is a 'dashboard injury' during a motor vehicle accident, where a force is driven posteriorly through the knee shaft, forcing the femoral head out of the acetabulum posteriorly.
Clinical presentation of a posterior hip dislocation involves a characteristic limb posture: the affected limb is shortened, adducted, and internally rotated.
Fractures of the Femoral Neck
Fractures of the proximal femur, particularly subcapital or transcervical femoral neck fractures, are common in elderly patients with osteoporosis. Because the retinacular arteries travel up the femoral neck, a displaced fracture can shear these vessels completely.
This leads to avascular necrosis (AVN) of the femoral head due to the ischemia of the bone tissue. In contrast to dislocations, a patient with a femoral neck fracture presents with a shortened, abducted, and externally rotated lower limb, due to the unopposed pull of the strong hip muscles (like the iliopsoas).
Nerve Root Compression and Disc Prolapse
Proprolapsed intervertebral discs (most commonly at the L4-L5 or L5-S1 levels) can compress the nerve roots contributing to the lumbar and sacral plexuses. Compression of the L5 or S1 nerve roots can lead to radiculopathy (sciatica), presenting as shooting pain, paresthesia, or muscle weakness tracking down the posterior or lateral thigh and leg.
Pathological progression of disc lesions includes three successive stages:
1. Disc Bulge: The nucleus pulposus pushes into the weakened layers of the anulus fibrosus but remains contained.
2. Disc Herniation: The nucleus pulposus breaches the anulus fibrosus but stays beneath the posterior longitudinal ligament.
3. Disc Extrusions: The nuclear material fully extrudes beyond the ligamentous boundaries into the spinal epidural space.
Abductor Problems and Gait Abnormality
When the gluteus medius and minimus or the superior gluteal nerve are damaged (e.g., due to a deep gluteal injection error or hip surgery complication), the patient exhibits a Trendelenburg sign.
During examination, when the patient is asked to stand on the affected leg, the pelvis tilts downwards on the normal contralateral side because the damaged abductor muscles cannot contract effectively to support it. During walking, this produces a characteristic compensatory gait known as a Trendelenburg gait or gluteus medius lurch.
Biomechanical Note: The ligaments of the hip joint tighten during extension (screwing-in effect). Consequently, the hip is most stable in full extension and least stable when flexed and adducted (e.g., sitting position).
Lower Limb Anatomy: Hip Region & Thigh Musculature
Comprehensive Instructional Guide | Pre-Lecture Part 1
1. Introduction and Learning Objectives
Welcome to the comprehensive study guide for Lower Limb Anatomy (Part 1), adapted from the instructional material developed by Dr. David Gonsalvez at the Monash Centre for Human Anatomy. This educational review systematically breaks down the musculature of the gluteal region and hip joint, focusing on three major functional and anatomical groups: the short lateral rotators, the gluteal muscles proper, and the primary hip flexors.
By completing this material, medical students should achieve the following core learning objectives:
Identify the short rotator muscles of the hip joint and demonstrate their clinical and functional actions.
Identify the gluteal muscles and demonstrate their biomechanical functions at the hip joint during gait.
Identify the deep muscles responsible for hip flexion and understand their relationship with the axial skeleton.
2. The Short Rotator Muscles of the Hip Joint
The short rotators comprise a group of deep muscles located beneath the gluteal complex. Their primary physiological role is to act as dynamic stabilizers (hip fixators) that secure the head of the femur firmly inside the acetabulum during movement. While their prime function is lateral rotation when the thigh is in extension, they also act as abductors when the thigh is flexed.
Obturator Externus
• Biomechanical Action: Lateral hip rotation; acts as a critical hip fixator and stabilizer muscle.
• Innervation: Posterior branch of the obturator nerve (L3–L4).
Obturator Internus
• Biomechanical Action: Lateral hip rotation.
• Innervation: Nerve to obturator internus (L5–S2).
Superior Gemellus
• Biomechanical Action: Lateral hip rotation.
• Innervation: Nerve to obturator internus (L5–S2).
Inferior Gemellus
• Biomechanical Action: Lateral hip rotation.
• Innervation: Nerve to quadratus femoris (L4–S1).
Quadratus Femoris
• Biomechanical Action: Lateral hip rotation.
• Innervation: Nerve to quadratus femoris (L4–S1).
Piriformis
• Biomechanical Action: Lateral hip rotation; acts as an abductor when the thigh is flexed.
• Innervation: Piriformis nerve (S1–S2).
3. The Gluteal Muscles
The gluteal region consists of a superficial layer of prominent muscles that power hip extension, abduction, and rotation, maintaining pelvic stability during the gait cycle.
Gluteus Maximus
• Biomechanical Action: Responsible for powerful extension and lateral rotation of the femur at the hip joint. Additionally, via its structural insertion into the Iliotibial (IT) tract, it helps stabilize and support the extended knee.
• Innervation: Inferior gluteal nerve (L5, S1, S2).
Gluteus Medius & Gluteus Minimus
• Biomechanical Action: Primarily responsible for abduction of the hip joint. The anterior fibers also assist in the medial rotation of the femur. Crucially, their coordinated contraction prevents the tilting of the pelvis during walking (Trendelenburg sign clinical relevance).
• Innervation: Superior gluteal nerve (L4, L5, S1).
Tensor Fasciae Latae (TFL)
• Biomechanical Action: Pulls directly on the iliotibial tract, thereby assisting the action of the gluteus maximus in hip extension, and works alongside the gluteus medius and minimus to optimize pelvic balance during locomotion.
• Innervation: Superior gluteal nerve (L4, L5, S1).
4. The Hip Flexors
The primary flexors of the hip consist of muscles arising from the inner pelvis and posterior abdominal wall, passing deep to the inguinal ligament to insert onto the proximal femur.
Iliacus
• Biomechanical Action: Acts as a primary hip flexor.
• Innervation: Femoral nerve (L2, L3).
Psoas Major
• Biomechanical Action: Acts as a powerful primary hip flexor.
• Innervation: Anterior rami of lumbar nerves (L1, L2, L3).
Psoas Minor
• Biomechanical Action: Assists in the flexion of the vertebral column; a small muscle spanning down via the long tendon of the psoas minor.
• Innervation: Anterior rami of lumbar nerve (L1).
5. Quick Reference Neuromuscular Matrix
Muscle Name
Primary Action(s)
Nerve Supply & Spinal Levels
Obturator Externus
Lateral hip rotation & stabilization
Obturator nerve (Posterior branch, L3–L4)
Obturator Internus
Lateral hip rotation
Nerve to obturator internus (L5–S2)
Superior Gemellus
Lateral hip rotation
Nerve to obturator internus (L5–S2)
Inferior Gemellus
Lateral hip rotation
Nerve to quadratus femoris (L4–S1)
Quadratus Femoris
Lateral hip rotation
Nerve to quadratus femoris (L4–S1)
Piriformis
Lateral hip rotation / Abduction in flexion
Piriformis nerve (S1–S2)
Gluteus Maximus
Hip extension & lateral rotation; knee support
Inferior gluteal nerve (L5–S2)
Gluteus Medius
Hip abduction & pelvic stabilization
Superior gluteal nerve (L4–S1)
Gluteus Minimus
Hip abduction & pelvic stabilization
Superior gluteal nerve (L4–S1)
Tensor Fasciae Latae
IT tract tension; hip extension/abduction aid
Superior gluteal nerve (L4–S1)
Iliacus
Hip flexion
Femoral nerve (L2–L3)
Psoas Major
Hip flexion
Anterior rami (L1–L3)
Psoas Minor
Vertebral column flexion assistance
Anterior rami (L1)
Comprehensive Anatomical Guide to the Lower Limb Thigh Compartments
Based on Monash University Pre-Lecture Materials (Part 3) • Instructional Review
Welcome, student! This study guide compiles all precise neurovascular and muscle muscular specifications from Dr. David Gonsalvez's lecture notes at the Monash Centre for Human Anatomy Education. It details the complete musculature of the anterior, medial, and posterior thigh compartments, including their specific spinal cord roots and peripheral nerve pathways.
1. Anterior Compartment of the Thigh
The anterior compartment consists primarily of knee extensors and hip flexors. Every single muscle listed in this compartment is universally innervated by the Femoral Nerve, carrying nerve roots from L2 through L4.
Sartorius: Femoral nerve (L2-4)
Rectus Femoris: Femoral nerve (L2-4)
Pectineus: Femoral nerve (L2-4) *Note: Also categorized functionally/spatially with medial structures.
Vastus Intermedius: Femoral nerve (L2-4)
Vastus Medialis: Femoral nerve (L2-4)
Vastus Lateralis: Femoral nerve (L2-4)
2. Medial Compartment of the Thigh
The medial compartment primarily acts to adduct the thigh at the hip joint. Structurally, these muscles are organized into superficial and deep layers, with innervation predominantly supplied by branches of the obturator nerve, with notable exceptions such as the pectineus and the posterior hamstrings portion of adductor magnus.
Adductor Longus: Anterior branch of the obturator nerve (L3/4)
Adductor Brevis: Anterior branch of the obturator nerve (L3/4)
Gracilis: Anterior branch of the obturator nerve (L3/4)
Pectineus: Femoral nerve (L2-L4)
Adductor Magnus (Adductor/Posterior branch): Posterior branch of the obturator nerve (L3/4)
Adductor Magnus (Pre-semimembranous / Hamstring component): Sciatic nerve - tibial division (L5-S2)
3. Posterior Compartment of the Thigh
Commonly known as the hamstring group, the posterior compartment muscles extend the hip and flex the knee. They are primarily supplied by the tibial division of the sciatic nerve, except for the short head of the biceps femoris.
Semimembranosus: Sciatic nerve - tibial division (L5-S2)
Semitendinosus: Sciatic nerve - tibial division (L5-S2)
Biceps Femoris (Long Head): Sciatic nerve - tibial division (L5-S1)
Biceps Femoris (Short Head): Common fibular nerve (L5-S1)
4. Master Neurovascular Summary Reference Table
Thigh Compartment
Muscles Included
Nerve Innervation & Spinal Roots
Anterior
Sartorius, Rectus Femoris, Pectineus, Vastus Intermedius, Vastus Medialis, Vastus Lateralis
Femoral Nerve (L2-L4)
Medial
Adductor Longus, Adductor Brevis, Gracilis, Pectineus
Adductor Magnus (Posterior/Adductor Component)
Adductor Magnus (Pre-semimembranous Component)
Obturator Nerve - Anterior branch (L3/L4)
Femoral Nerve (L2-L4)
Obturator Nerve - Posterior branch (L3/L4)
Sciatic Nerve - Tibial division (L5-S2)
Posterior
Semimembranosus, Semitendinosus, Biceps Femoris (Long Head), Biceps Femoris (Short Head)
Sciatic Nerve - Tibial division (L5-S2 / L5-S1)
Common Fibular Nerve (L5-S1)",
Clinical anatomy of the knee joint and leg,"Clinical Anatomy of the Knee Joint and Leg
An Informative Reference Guide based on Monash University Anatomy Education
1. Introduction & Learning Objectives
The knee joint is one of the most complex, weight-bearing joints in the human body, serving as a pivotal link between the thigh and the leg. Understanding its intricate clinical anatomy is paramount for diagnosing, managing, and rehabilitating various traumatic and degenerative conditions frequently seen in sports medicine and orthopedic practice. This comprehensive article synthesizes the critical aspects of knee joint osteology, arthrology, soft tissue stabilizers, patellar tracking mechanics, and diagnostic imaging features.
Core Educational Objectives:
Objective 1: Master the detailed osteology and arthrology of the knee joint.
Objective 2: Integrate multi-planar anatomical knowledge with clinical examination findings, pathomechanisms of injuries, and radiological presentations.
2. Arthrology and Soft Tissue Structures of the Knee
The knee joint consists of two primary articulations: the tibiofemoral joint and the patellofemoral joint. While its bony contours provide minimal intrinsic stability, a highly specialized network of fibrocartilage, ligaments, and capsule layers ensures structural integrity during dynamic movement.
The Menisci (Lateral and Medial)
The menisci are crescent-shaped fibrocartilaginous structures resting on the tibial plateau. They function as shock absorbers, increase joint congruency, and distribute axial weight-bearing loads across the tibial plateau.
Transverse Ligament: Positioned anteriorly, it horizontally spans and tethers the anterior horns of both the medial and lateral menisci, stabilizing them during knee extension.
Fibrous Capsule: A continuous connective tissue sleeve that envelops the joint. It works in tandem with localized ligamentous thickenings to reinforce the margins of the menisci.
Patellar Ligament: A robust, flat, elongated band that continues inferiorly from the quadriceps tendon to attach to the tibial tuberosity.
Medial Meniscus: A larger, C-shaped fibrocartilage slab that is firmly anchored along its periphery to the fibrous capsule and the deep part of the Medial Collateral Ligament (MCL). Due to this dense attachment, it is less mobile and significantly more prone to tearing during rotational trauma.
Lateral Meniscus: A more circular, compact, and mobile fibrocartilage structure that does not attach to the Lateral Collateral Ligament (LCL), allowing it greater freedom of excursion during joint rotation.
The Cruciate Ligaments
The cruciate ligaments are located intracapsularly but extrasynovially, crossing each other in an 'X' configuration within the intercondylar notch of the knee. They are named according to their site of attachment on the tibia and provide essential anteroposterior stability.
Anterior Cruciate Ligament (ACL):
Kinematic Function 1: Limits posterior displacement of the femur on a fixed tibia.
Kinematic Function 2: Limits anterior displacement of the tibia on a fixed femur.
Injury Mechanism: Commonly occurs during sudden deceleration, pivoting maneuvers, or severe force leading to forced hyperextension of the joint.
Clinical Assessment: The Anterior Draw Test. With the patient lying supine and the knee flexed to 90 degrees, the examiner pulls the proximal tibia anteriorly. A significant forward translation (laxity) indicates a positive test or ACL rupture.
Posterior Cruciate Ligament (PCL):
Kinematic Function 1: Limits anterior displacement of the femur on a fixed tibia.
Kinematic Function 2: Limits posterior displacement of the tibia on a fixed femur.
Injury Mechanism: Classically injured through a direct blow to the anterior aspect of the tibia while the knee is flexed (historically known as a 'Dashboard Injury' in motor vehicle accidents). It can also result from falling directly onto a flexed knee with the foot held in plantarflexion.
Clinical Assessment: The Posterior Draw Test and the Posterior Sag Sign. In the sag sign, the knee is flexed at 90 degrees, and the proximal tibia is observed to subluxate or 'sag' posteriorly relative to the femoral condyles under the influence of gravity due to the loss of PCL integrity.
The Collateral Ligaments
The collateral ligaments run along the medial and lateral sides of the knee, primarily resisting valgus (abduction) and varus (adduction) forces.
Medial Collateral Ligament (MCL): Extends from the medial femoral epicondyle down to the proximal medial shaft of the tibia. Crucially, it consists of a superficial part and a deep part; the deep part is intimately attached to the outer border of the medial meniscus. Consequently, a severe valgus force often damages both structures simultaneously.
Lateral Collateral Ligament (LCL): A cord-like, discrete band extending from the lateral femoral epicondyle to the styloid process on the head of the fibula. Unlike the MCL, the LCL is completely separated from the lateral meniscus by the intervening tendon of the popliteus muscle, shielding the lateral meniscus from isolated LCL sprains.
Oblique Popliteal Ligament: An expansion from the tendon of the semimembranosus muscle that courses superolaterally across the posterior capsule, reinforcing the back of the joint.
Medial and Lateral Retinacula: Thickenings of the deep fascia on either side of the patella that connect it to the femoral condyles and collateral ligaments, helping maintain the patella's central alignment within the trochlear groove.
Iliotibial Band (ITB): A thick band of specialized deep fascia running down the lateral thigh that inserts onto Gerdy's tubercle on the anterolateral tibia, acting as a crucial dynamic stabilizer.
The 'Unhappy Triad' of O'Donoghue
A classic, devastating presentation in sports medicine is the 'Unhappy Triad'. This occurs when a severe lateral blow is delivered to a planted, weight-bearing knee joint (a combined valgus and external rotation force). This mechanical impact causes concurrent structural failure of three specific components:
1. Anterior Cruciate Ligament (ACL) tearResulting from excessive anterior translation force during rotation.
2. Medial Collateral Ligament (MCL) tearTorn by the severe valgus stress overstretching the medial joint line.
3. Medial Meniscus tearConcurrently damaged due to its structural fusion with the deep portion of the torn MCL.
Synovium, Fat Pads, and Bursal Anatomy
The knee features an expansive synovial cavity that reduces friction but excludes the cruciate ligaments from its internal fluid workspace. Several key fluid-filled bursae protect against friction at tendon-bone interfaces around the patella:
Prepatellar Bursa: Positioned subcutaneously directly in front of the patella. Chronic friction from prolonged kneeling leads to its inflammation, clinically termed 'prepatellar bursitis' or 'housemaid's knee'.
Superficial Infrapatellar Bursa: Located between the patellar ligament and the overlying skin.
Deep Infrapatellar Bursa: Situated deeply between the patellar ligament and the anterior tibia, superior to the tibial tuberosity.
Infrapatellar Fat Pad: A large, malleable cushion of adipose tissue filling the space beneath the patella, cushioning the patellar ligament against the bone during flexion and extension.
3. Radiological Anatomy and Patellar Tracking Mechanics
Plain Radiographic Features
Standard diagnostic visualization utilizes anterior-posterior (AP), lateral, and skyline plain radiographs to evaluate skeletal alignment and joint space patency. Notable structures visible include the femur, patella, tibia, fibula, medial/lateral condyles, and the intercondylar eminence. Under normal anatomical alignment, the structural axes of the femur and tibia meet to create a normal physiological valgus angle (the femorotibial angle) of approximately 170 degrees.
Biomechanical Tracking of the Patella
The patella acts as a sesamoid bone embedded within the quadriceps tendon, functioning to maximize the mechanical leverage of the quadriceps muscle group during knee extension. However, because the femur is angled medially relative to the vertical axis of the tibia, the vector line representing the overall pull of the quadriceps femoris possesses an inherent lateral bias (a lateral vector pull).
To prevent abnormal lateral subluxation or outright patellar dislocation, the knee relies on several stabilizing mechanisms:
1. Bony Prominence of the Lateral Femoral Condyle: The lateral facet of the femoral trochlear groove is anatomically higher, more prominent, and steeper than the medial facet, providing a structural mechanical barrier against lateral displacement.
2. Soft Tissue Retinacular Support: The medial patellofemoral ligament and the medial retinaculum actively tether the patella medially.
3. Muscular Balance: The horizontal fibers of the vastus medialis obliquus (VMO) muscle counteract the lateral pull of the remaining quadriceps components.
When these stabilizing features are compromised or overwhelmed by trauma, lateral patellar dislocation occurs, forcing the patella out of its central track over the lateral condyle wall.
4. Knee Joint Degeneration: Osteoarthritis Grading
Osteoarthritis (OA) is characterized by the progressive structural breakdown of articular cartilage, subchondral bone sclerosis, and the formation of peripheral osteophytes. In clinical practice, the severity of knee joint degeneration on plain radiographs is classified using the standardized Kellgren-Lawrence (KL) Grading System:
Summary Conclusion:
Integrating these clinical, structural, and mechanical principles allows clinicians to accurately trace physical exam findings (such as a positive anterior drawer or localized joint line tenderness) back to specific anatomical pathologies. Mastery of these structural insights serves as the foundational cornerstone for high-level orthopedic assessment and student learning.
Kellgren-Lawrence Grade
Radiographic Criteria & Presentation
Grade 1 (Doubtful)
Characterized by doubtful or minimal narrowing of the joint space and possible early osteophytic lipping at the bone margins.
Grade 2 (Minimal)
Defined by the presence of definite, clear osteophytes and possible early joint space narrowing.
Grade 3 (Moderate)
Characterized by moderate multiple osteophytes, definite and prominent narrowing of the joint space, noticeable subchondral bone sclerosis, and possible early deformity of the bone contour.
Grade 4 (Severe)
Marked by the presence of large, prominent osteophytes, severe and narrow joint space obliteration, advanced sclerosis, and definite, severe deformity of the bone contours.
Anatomical Study Guide: Distal Femur, Proximal Tibia, and Knee Joint Articulations
Based on Monash University Human Anatomy Education (Lower Limb 2)
1. Introduction
The knee joint is the largest and arguably the most complex joint in the human body. It serves as a pivotal hinge linking the thigh to the lower leg, bearing significant mechanical loads during locomotion, standing, and strenuous physical activities. To thoroughly understand the biomechanics, pathology, and clinical assessment of the knee, a deep appreciation of the regional osteology is essential. This article outlines the key anatomical features of the distal femur and proximal tibia, exploring their complex topography, articulations, and functional clinical correlations.
2. Osteology of the Distal Femur
The distal end of the femur is significantly expanded compared to its shaft, providing a wide surface area to distribute weight across the knee joint. It is characterized by two large bony masses called condyles, separated by a deep groove posteriorly and merging anteriorly.
Anterior Aspect Features
Patellar Surface (Trochlear Groove): Smooth, continuous inverted U-shaped surface that articulates with the posterior facet of the patella during knee flexion and extension. The lateral lip of this surface is more prominent than the medial lip to help prevent lateral subluxation of the patella.
Adductor Tubercle: Located immediately superior to the condyles on the medial side. It serves as the insertion site for the adductor magnus muscle (specifically its tendon/hamstring portion), a key marker for surgical and radiographic alignment.
Epicondyles (Medial & Lateral): Prominent non-articular projections on the sides of the condyles that serve as attachment points for the major collateral ligaments.
Posterior and Inferior Aspect Features
Medial and Lateral Condyles: Larger, more symmetric in posterior view. The medial condyle extends lower than the lateral condyle when the femur is held vertically, compensating for the oblique angle of the femoral shaft.
Intercondylar Fossa: A deep notch separating the two condyles posteriorly. This fossa houses the crucial intra-articular ligaments—the Anterior Cruciate Ligament (ACL) and Posterior Cruciate Ligament (PCL)—which anchor into its inner walls.
Supracondylar Ridges & Lines: Rough bony elevations above each condyle that give origin to the medial and lateral heads of the gastrocnemius muscle.
3. Osteology of the Proximal Tibia
The proximal tibia is modified to form a flat, stable platform known as the tibial plateau, which receives the femoral condyles. It consists of medial and lateral condyles, an intercondylar region, and anterior features that interface with the extensor mechanism.
Superior Aspect Features (The Tibial Plateau)
Medial Tibial Condyle/Plateau: Larger and elongated oval shape from anterior to posterior. It is slightly concave to match the broader medial femoral condyle, providing superior weight distribution.
Lateral Tibial Condyle/Plateau: More circular and slightly convex or flat. It interfaces with the lateral femoral condyle and accommodates more rotational mobility during knee flexion.
Intercondylar Eminence: An elevation between the medial and lateral articular surfaces consisting of the medial and lateral intercondylar tubercles. It acts as an interlocking mechanism with the intercondylar fossa of the femur and provides critical attachment sites for the anterior and posterior horns of the menisci, as well as the ACL and PCL.
Anterior and Lateral Features
Tibial Tuberosity: A highly prominent bony elevation on the anterior aspect of the proximal tibia. It serves as the insertion site for the patellar ligament (the continuation of the quadriceps tendon), transmitting the immense forces of the quadriceps muscle group during knee extension.
Fibular Articular Facet: Located on the posterolateral aspect of the lateral tibial condyle. It forms a synovial joint with the head of the fibula (the proximal tibiofibular joint), which allows minimal translational movement to accommodate ankle biomechanics.
Anterolateral Bony Facet (Gerdy's Tubercle): A distinct flat rough area on the anterolateral aspect of the lateral condyle (Gerdy’s tubercle), where the iliotibial (IT) band inserts to stabilize the lateral knee joint.
4. Knee Joint Articulations and Biomechanics
The structures described above contribute to two separate but structurally unified articulations within a single joint capsule:
1. Tibiofemoral Articulation: The primary weight-bearing component formed by the medial and lateral femoral condyles articulating with the corresponding medial and lateral tibial plateaus. It functions primarily as a modified hinge joint (ginglymus), allowing flexion and extension alongside essential axial rotation (the 'screw-home' mechanism).
2. Patellofemoral Articulation: The articulation between the patellar surface of the femur and the posterior aspect of the patella. The patella acts as a sesamoid bone within the quadriceps tendon, functioning as a fulcrum to increase the mechanical advantage of the quadriceps muscle during knee extension.
5. Clinical Insights & Pathological Correlations
Understanding these key landmarks is highly relevant in clinical practice:
Tibial Plateau Fractures: Fractures involving the proximal tibia (tibial plateau fractures) often occur due to axial loading forces, potentially jeopardizing the congruency of the articular surface and leading to rapid secondary osteoarthritis.
Cruciate Ligament Avulsions: The cruciate ligaments attach firmly within the intercondylar fossa of the femur and the intercondylar eminence of the tibia. Avulsion fractures can occur where a ligament pulls away a piece of its bony attachment site.
Osgood-Schlatter Disease: In young adolescents, repetitive stress from the quadriceps tendon on the immature tibial tuberosity can lead to painful traction apophysitis, a condition known as Osgood-Schlatter disease.",
"Clinical anatomy of the leg, ankle and foot","Clinical Anatomy of the Leg, Ankle, and Foot
Part 1: Osteology and Arthrology of the Tibiofibular Framework
Based on the Lectures of Dr. David Gonsalvez
Monash Centre for Human Anatomy Education
1. Introduction to the Crural Framework
The anatomy of the leg, or crural region, serves as a masterclass in biomechanical engineering, balancing the absolute stability required for weight-bearing with the subtle mobility necessary for dynamic locomotion. The structural framework relies on two parallel long bones—the tibia and the fibula—bound tightly by a specialized articular apparatus. Together, these elements distribute axial forces from the knee joint down to the talocrural (ankle) joint while acting as origin sites for the powerful musculature governing the foot and ankle compartments.
2. Osteology of the Tibia
The tibia is the medial and significantly larger bone of the leg, serving as the primary weight-bearing pillar of the lower limb. Structurally, it presents complex proximal and distal specializations engineered to articulate with the femur, fibula, and talus.
Proximal Landmarks and Features
• Intercondylar Eminences: Situated on the superior articular surface between the medial and lateral condyles, this bony elevation consists of the medial and lateral intercondylar tubercles. It acts as a critical anchor point for the anterior and posterior cruciate ligaments (ACL and PCL) and the menisci of the knee joint.
• Medial Condyle Articular Surface: An oval, concave surface that is considerably larger than its lateral counterpart, designed to accommodate the larger medial femoral condyle. This disparity allows for the asymmetric glide-and-roll mechanics characterizing the 'screw-home' mechanism of knee extension.
• Lateral Condyle Articular Surface: A circular, slightly convex articular surface that articulates with the lateral femoral condyle. Its posterolateral aspect bears a distinct facet for the head of the fibula, forming the proximal tibiofibular joint.
Distal Landmarks and Features
• Medial Malleolus: The prominent medial downward projection of the distal tibia. It forms the subcutaneous medial wall of the ankle mortise, providing mechanical stabilization against eversion forces and serving as the proximal attachment for the robust deltoid ligament.
• Articular Surface for the Talus: Located on the inferior aspect of the distal tibia, this smooth, saddle-shaped cartilage-covered surface transmits the weight of the trunk onto the trochlea of the talus.
• Fibular Notch: A rough, concave depression on the lateral side of the distal tibia. It lacks a true hyaline cartilage lining and serves as the osseous socket into which the distal fibula fits tightly, establishing the distal tibiofibular syndesmosis.
3. Osteology of the Fibula
The fibula runs parallel and lateral to the tibia. Unlike the tibia, it does not participate significantly in weight-bearing. Instead, it functions primarily as a rigid splint for muscular attachments and forms the essential lateral boundary of the ankle mortise.
Proximal Landmarks
• Head of the Fibula: The expanded proximal end, containing an articular facet facing anteromedially to meet the lateral tibial condyle.
• Styloid Process (Apex): A distinct upward projection from the posterolateral aspect of the fibular head. It serves as the insertion point for the fibular collateral ligament (LCL) of the knee and the tendon of the biceps femoris muscle.
• Neck of the Fibula: The tapered segment immediately distal to the head. This region is a critical clinical landmark due to the course of the common fibular (peroneal) nerve, which winds tightly around its lateral aspect.
Distal Landmarks
• Lateral Malleolus: The large, subcutaneous expansion at the distal end of the fibula. It extends further inferiorly and posteriorly than the medial malleolus, offering maximum mechanical restriction against lateral translation and inversion patterns of the foot.
4. Arthrology of the Tibiofibular Joints
The tibia and fibula are linked continuously along their span by three distinct structural elements, transitioning from a highly mobile synovial joint superiorly to a highly rigid syndesmosis inferiorly.
5. Clinical Correlations & Anatomical Insights
• Fibular Neck Fractures and Foot Drop: Because the common fibular nerve wraps superficially around the neck of the fibula, fractures or compression (e.g., tight casts) in this region can easily result in neuropraxia or nerve transection. This leads to paralysis of the muscles in the anterior and lateral compartments of the leg, presenting clinically as 'foot drop' (loss of ankle dorsiflexion and foot eversion) and sensory loss across the dorsum of the foot.
• Syndesmotic ('High Ankle') Sprains: Forced external rotation of the foot can split or tear the anterior and posterior tibiofibular ligaments forming the distal syndesmosis. This injury is highly unstable compared to standard lateral ankle sprains because it compromises the integrity of the ankle mortise, demanding prolonged rehabilitation or surgical stabilization (e.g., syndesmotic screw or tightrope fixation).
• Stress Fractures and Tibial Loading: Given that the tibia bears over 90% of the body's axial load, chronic repetitive stresses (such as long-distance running on hard surfaces) without sufficient rest cause micro-fractures, typically along the narrowest distal third of the tibial shaft. The fibula, in contrast, remains mostly spared from pure weight-bearing stress fractures but is prone to traumatic avulsions.
Core Learning Objective:
Comprehensive analysis of the osteology, structural arthrology, and associated clinical relevance of the tibia, fibula, and tibiofibular joints.
Joint Component
Structural Classification
Primary Biomechanical Function
Proximal Tibiofibular Joint
Synovial (Plane / Arthrodial)
Allows slight superior-inferior sliding and rotation during ankle dorsiflexion, dissipating torsional stresses applied to the ankle.
Interosseous Membrane
Fibrous (Sheet-like Syndesmosis)
Firmly binds the shafts of the tibia and fibula; provides a vast surface area for origin of deep leg musculature; compartmentalizes the leg.
Distal Tibiofibular Syndesmosis
Fibrous (Compound Syndesmosis)
Maintains absolute integrity of the ankle mortise under high axial loads, preventing diastasis (widening) during weight-bearing.
Clinical Anatomy of the Leg, Ankle, and Foot: A Comprehensive Instructional Guide
Instructor Note & Lecture Reference Study Guide
Based on Monash University Human Anatomy Education Resources
Compiled by Your Medical Instructor
Welcome, students. This comprehensive article consolidates and expands upon our clinical anatomy lecture series regarding the lower limb—specifically focusing on the structural organization, compartments, neurovasculature, and clinical evaluation of the leg, ankle, and foot. Understanding the cross-sectional anatomy and spatial relationships within the leg is vital for diagnosing common clinical pathologies such as compartment syndrome, nerve entrapments, tendon ruptures, and peripheral vascular disorders.
1. Fascial Compartments of the Leg
The leg is divided into four distinct anatomical compartments by the tibia, fibula, interosseous membrane, and thick deep fascial intermuscular septa. Each compartment contains a specific group of muscles, a major supplying nerve, and associated blood vessels. Pathological elevation of pressure within any of these closed osteofascial spaces can rapidly compromise tissue perfusion, leading to clinical emergencies such as acute compartment syndrome.
2. Deep Dive: Muscular Anatomy, Innervation, and Clinical Testing
The Anterior Compartment
The anterior compartment houses muscles that are primarily responsible for clearing the foot off the ground during the swing phase of gait via dorsiflexion.
Tibialis Anterior: Innervated by the deep peroneal/fibular nerve and recurrent genicular nerves (L4). It functions to perform strong dorsiflexion and inversion of the foot. To clinically test this muscle, have the patient dorsiflex the foot against manual resistance. During this action, the thick tendon can be easily visualized and palpated over the anterior aspect of the ankle joint.
Extensor Hallucis Longus (EHL): Innervated by the deep peroneal/fibular nerve (L5, S1). Its primary actions are the dorsiflexion/extension of the great toe (hallux) as well as helping with overall ankle dorsiflexion. It is clinically assessed by instructing the patient to extend their big toe against resistance, allowing the instructor to see and feel the active tendon run along the dorsum of the foot.
Extensor Digitorum Longus (EDL): Innervated by the deep peroneal/fibular nerve (L5, S1). It functions to dorsiflex the ankle joint and extend the four lateral toes. To test its integrity, the four lateral toes are extended against manual resistance, making the four distinct tendons prominent across the dorsum.
Fibularis (Peroneus) Tertius: Innervated by the deep peroneal/fibular nerve (L5, S1). Unlike the other lateral fibular muscles, it resides anteriorly and acts to dorsiflex and evert the foot. Isolating this muscle during testing can be challenging, but it is generally assessed by asking the patient to dorsiflex the foot while in an everted position.
The Lateral Compartment
The lateral compartment contains two key muscles bounded by the fibular bone and intermuscular septa, functioning as the primary evertors of the foot.
Fibularis (Peroneus) Longus: Innervated by the superficial peroneal/fibular nerve (L5, S1). It everts the foot and assists in weak plantar flexion. Its long tendon wraps underneath the lateral malleolus and travels across the sole of the foot to attach to the first metatarsal and medial cuneiform. Clinically tested by manual resistance against foot eversion; the tendon can be felt directly below and posterior to the lateral malleolus.
Fibularis (Peroneus) Brevis: Innervated by the superficial peroneal/fibular nerve (L5, S1). Working closely with the longus, it performs eversion and weak plantarflexion. It inserts directly onto the tuberosity of the fifth metatarsal. Testing mirrors that of the fibularis longus, where active eversion reveals its tendon directly behind the lateral malleolus alongside the longus.
The Superficial Posterior Compartment
This compartment contains the large, superficial calf muscles that insert into the heel via the calcaneal (Achilles) tendon, providing the explosive force needed for propulsion (propulsive gait).
Gastrocnemius: Innervated by the tibial nerve in the popliteal fossa (L5, S1). Possessing distinct medial and lateral heads, it crosses two separate joints (the knee and the ankle), making it highly susceptible to injury. It acts through the tendo calcaneus to produce powerful plantar flexion. Testing involves asking the patient to push down or stand on their tiptoes against manual resistance, during which the muscular bulk and tendon are palpated.
Plantaris: Innervated by the tibial nerve in the popliteal fossa (L5, S1). It is a vestigial, small muscle with a long, thin tendon that provides weak assistance in plantar flexion. Due to its minimal contribution, isolating it via clinical examination is not applicable.
Soleus: Innervated by the tibial nerve via two branches within the popliteal fossa and an additional branch on its deep surface in the leg (L5, S1). As a large multipennate muscle, it is a crucial antigravity structure that is continuously active to maintain upright posture. It produces strong plantarflexion and operates safely at low risk of acute tear compared to the two-joint gastrocnemius. Tested via resistant plantarflexion with a slightly flexed knee to minimize gastrocnemius contribution.
Clinical Connection: Achilles Tendon Pathology and the Thompson Test
Because the gastrocnemius crosses both the knee and ankle joints, it can undergo forceful eccentric contraction (stretching while contracting), putting patients at high risk for acute muscle strains or complete Achilles tendon rupture. If a patient presents with a suspected torn Achilles tendon, clinical validation is achieved using the Thompson Test (or Calf Squeeze Test). With the patient lying prone and feet dangling off the edge of the examination bed, the examiner firmly squeezes the calf muscle bulk. In a normal patient, this action mechanically produces passive plantarflexion. If the Achilles tendon is completely ruptured, the continuity is lost, resulting in an absence of plantarflexion upon squeezing.
The Deep Posterior Compartment
Separated from the superficial layer by a deep transverse fascial septum, these muscles are crucial for foot mechanics, digital control, and supporting structural arches.
Flexor Hallucis Longus (FHL): Innervated by the tibial nerve (S1, S2). Its principal action is to flex the terminal phalanx of the great toe (hallux), while also acting as a secondary plantarflexor and a vital active stabilizer that maintains the medial longitudinal arch of the foot. It is clinically tested by evaluating isolated flexion of the big toe's interphalangeal joint against structural resistance.
Flexor Digitorum Longus (FDL): Innervated by the tibial nerve (S1, S2). It works to plantarflex the lateral four toes and assist in overall ankle plantar flexion, while contributing significantly to maintaining the medial longitudinal arch. Clinically tested by assessing the structural resistance against downward flexion of the terminal phalanges of the lateral four toes.
Tibialis Posterior: Innervated by the tibial nerve (L4). This deep muscle stands out as a major inverter and adductor of the foot, along with assisting in plantarflexion. To evaluate it clinically, place the patient's foot into a position of slight plantarflexion and instruct them to invert the foot against manual resistance. During this test, the sturdy tendon can be distinctly visualized and palpated immediately behind and beneath the medial malleolus.
Popliteus: Innervated by the tibial nerve (L4). It acts dynamically at the knee joint to rotate the femur laterally on a fixed tibia (or rotate the tibia medially on a free femur) to 'unlock' the knee joint at the initiation of flexion, while pulling the lateral meniscus posteriorly during knee movement. Structural isolation via manual bedside muscle testing is not applicable.
3. Comprehensive Neurovascular Supply of the Leg
Nerve Pathways and Cutaneous Distribution
The neurological framework originates from the sciatic nerve splitting into two major divisions in the popliteal fossa: the Common Fibular (Peroneal) Nerve and the Tibial Nerve.
Common Fibular Nerve: Winds superficially around the neck of the fibula (a high-yield site for clinical compression injuries or fractures). It branches directly into:
Superficial Fibular Nerve: Supplies the lateral compartment muscles and gives rise to cutaneous branches providing sensation to the lateral lower leg and the majority of the dorsal foot surface.
Deep Fibular Nerve: Supplies the muscles of the anterior compartment and courses down to provide sensory innervation to the narrow skin webspace between the first and second toes.
Tibial Nerve: Descends down through the popliteal fossa, passing underneath the tendinous arch of the soleus muscle. It provides muscular branches to all the superficial and deep posterior compartment muscles. At the ankle, it splits into the Medial Plantar Nerve and Lateral Plantar Nerve to supply intrinsic foot structures and the plantar surface of the sole.
Sural Nerve: Formed by branches from both the tibial and common fibular nerves, it runs superficially along the posterolateral aspect of the leg to supply cutaneous sensation to the lateral border of the foot and ankle.
Arterial System
Oxygenated blood to the leg is derived from the Popliteal Artery, which terminates at the lower border of the popliteus muscle by dividing into two principal branches:
Anterior Tibial Artery: Pierces through the upper gap of the interosseous membrane to enter the anterior compartment. It runs inferiorly alongside the deep peroneal nerve, eventually crossing the ankle joint to continue onto the dorsum of the foot as the Dorsalis Pedis Artery.
Posterior Tibial Artery: Descends within the deep posterior compartment, supplying the posterior calf musculature and giving off the large Fibular (Peroneal) Artery laterally. It passes behind the medial malleolus (where its pulse can be clinically palpated) to supply the plantar aspects of the foot.
4. Venous Return Dynamics and Clinical Pathophysiology
The lower limb venous system is uniquely designed to return blood back to the heart against gravity. It is divided into an extensive superficial network (e.g., Great Saphenous Vein medially and Small Saphenous Vein posteriorly) and a protected deep network (e.g., Anterior and Posterior Tibial Veins) separated cleanly by the thick deep fascia.
Perforating Veins and Valve Mechanics
Perforating veins pierce the deep fascia to connect the superficial network directly to the deep network. Under normal conditions, these perforators contain specialized one-way bicuspid valves that allow blood to flow exclusively from the superficial system into the deep system. If these valves become incompetent, blood flows backwards from high-pressure deep veins into the low-pressure superficial veins under the influence of hydrostatic pressure, resulting in superficial venous distension, varicosities, and chronic skin changes.
Countercurrent Heat Exchange and Artery-Vein Pairs
Deep veins below the knee typically travel in pairs known as Venae Comitantes, tightly wrapped around their corresponding artery. This arrangement provides two critical physiological advantages:
Countercurrent Heat Exchange: Warm arterial blood traveling distally transfers its thermal energy directly to the cold venous blood returning proximally from the extremities, conserving core body temperature in cold environments.
Arterial Pulsation Pump: The physical expansion of the rigid-walled artery with every heartbeat rhythmically compresses the adjacent paired veins. Combined with one-way venous valves, this pulsatile force drives venous blood upward toward the heart.
The Soleus Muscle: The 'Peripheral Heart'
The soleus muscle contains large, highly vascularized venous spaces called venous sinuses. When the soleus muscle actively contracts during walking, running, or standing, it forcefully compresses these large sinuses, acting as a powerful muscular pump—often called the 'peripheral heart'—to eject blood forcefully into the deep veins of the leg.
Clinical Complications of Immobility and Muscle Inactivity
When the soleus muscle remains inactive for extended durations (e.g., during long-haul flights, prolonged bed rest, or post-surgical immobilization), the lack of mechanical pumping leads to serious clinical sequelae:
Venous Stasis and Pooling: Blood pools excessively within the wide venous sinuses of the inactive calf muscles.
Oedema Formation: Increased hydrostatic pressure inside the stagnant vessels forces fluid into surrounding interstitial tissue, presenting clinically as pronounced pitting edema around the ankle and the dorsum of the foot.
Venous Ulcers: Chronic congestion impairs oxygen and nutrient delivery to the local skin tissue, resulting in ischemic damage and the formation of painful, slow-healing venous stasis ulcers over lower leg boundaries.
Deep Vein Thrombosis (DVT): The stasis of blood satisfies a primary component of Virchow’s Triad, drastically elevating the risk of local blood clot formation (thrombosis). If a portion of this thrombus breaks free, it travels through the venous circuit as an embolus, risking a life-threatening Pulmonary Embolism.
--- End of Study Guide ---
Compartment
Primary Muscles
Primary Innervation
Key Actions
Anterior
Tibialis Anterior, Extensor Hallucis Longus, Extensor Digitorum Longus, Fibularis Tertius
Deep Peroneal / Fibular Nerve (L4-S1)
Dorsiflexion, Inversion, Toe Extension
Lateral
Fibularis (Peroneus) Longus, Fibularis (Peroneus) Brevis
Superficial Peroneal / Fibular Nerve (L5, S1)
Eversion, Weak Plantarflexion
Superficial Posterior
Gastrocnemius, Plantaris, Soleus
Tibial Nerve (L5-S2)
Powerful Plantarflexion (Antigravity Pump)
Deep Posterior
Flexor Hallucis Longus, Flexor Digitorum Longus, Tibialis Posterior, Popliteus
Tibial Nerve (L4-S2)
Toe Flexion, Inversion, Knee Rotation
CLINICAL ANATOMY OF THE LEG, ANKLE, AND FOOT
Part 3: Ligamentous Injuries & Compartment Syndrome
Course: Human Anatomy Education
Instructor Note Adaptation from Lecture Series
Source Material: Monash University - Dr. David Gonsalvez
1. Learning Objectives & Core Clinical Integration
Clinical Integration: As medical students advancing through the musculoskeletal and lower limb curriculum, your ultimate goal is not merely to memorize isolated anatomical structures, but to seamlessly integrate structural knowledge with clinical presentations and findings during physical examinations. This guide synthesizes the critical mechanics, anatomical constituents, and clinical manifestations of two major lower limb pathologies discussed in this lecture series: acute ankle ligamentous hyper-transgression (sprains) and acute anterior compartment syndrome of the leg.
2. Ligamentous Anatomy and Ankle Joint Injuries
The ankle joint complex is inherently stable during normal axial loading but becomes vulnerable when subjected to excessive rotational or translational forces. Understanding the medial and lateral ligamentous complexes is key to localizing pathology during an exam.
A. The Medial Ligament Complex (The Deltoid Ligament)
The medial side of the ankle is reinforced by an exceptionally strong, multi-banded ligamentous structure known collectively as the Deltoid Ligament. It originates from the medial malleolus of the tibia and fans out to insert onto the talus, calcaneus, and navicular bones. The presentation distinguishes three specific functional parts of this complex:
• Tibionavicular part: Connects the anterior aspect of the medial malleolus to the navicular bone.
• Tibiocalcaneal part: Descents almost vertically to attach to the sustentaculum tali of the calcaneus.
• Posterior tibiotalar part: Runs posteriorly from the medial malleolus to the tubercle of the talus.
Anatomical Relationship: In close functional proximity to this complex is the Spring Ligament (plantar calcaneonavicular ligament), which bridges the gap between the sustentaculum tali and the navicular bone, playing a vital role in supporting the medial longitudinal arch of the foot.
Mechanism of Injury & Clinical Findings: The medial deltoid complex is primarily at risk during forced eversion injuries of the foot. Because of the sheer tensile strength of the deltoid ligament, pure eversion sprains are relatively rare compared to lateral sprains; severe eversion forces often cause an avulsion fracture of the medial malleolus rather than a pure ligamentous tear.
Clinical Exam Signature: Presentation of an eversion injury involves significant pain and swelling localized predominantly on the medial side of the joint, closely surrounding the circumference of the medial malleolus.
B. The Lateral Ligament Complex
In contrast to the dense medial complex, the lateral side of the ankle is secured by three distinct, physically separated ligaments that prevent excessive translation and inversion. These are:
• Anterior Talofibular Ligament (ATFIL): Extends horizontally from the anterior border of the lateral malleolus to the neck of the talus.
• Calcaneofibular Ligament (CFL): Passes obliquely downwards and backwards from the tip of the lateral malleolus to the lateral surface of the calcaneus.
• Posterior Talofibular Ligament (PTFIL): Extends horizontally from the posterior aspect of the lateral malleolus to the posterior process of the talus.
Mechanism of Injury & Clinical Findings: The lateral complex is highly susceptible to injury during forced inversion of the foot, especially when combined with plantarflexion. This constitutes the most common mechanism of all ankle sprains in clinical practice. Among these structures, the Anterior Talofibular Ligament (ATFIL) is the most frequently injured and torn component.
Clinical Exam Signature: Following an inversion mechanism, patients present with focal tenderness and marked swelling over the lateral dorsum of the ankle, extending anteriorly and inferiorly from the tip of the lateral malleolus.
3. Acute Compartment Syndrome of the Leg (Anterior Compartment)
Compartment syndrome represents an absolute orthopaedic emergency. It occurs when tissue pressure within a closed, unyielding fascial space increases to a level that compromises local capillary perfusion, leading to structural ischemia, muscular necrosis, and irreversible neural deficits if left unchecked.
A. Pathophysiology of the Closed Space
The leg is divided into distinct anatomical compartments bound tightly by thick, inelastic fascial septa and dense crural fascia. Direct external impact or crushing trauma (classically symbolized by a heavy mallet or direct force) initiates an inflammatory cascade marked by severe intracompartmental edema or localized hemorrhage. Because the surrounding fascial envelope cannot stretch to accommodate this expanding volume, the internal pressure spikes exponentially. Once this pressure exceeds the venous and capillary filling pressures, vascular collapse ensues, cutting off vital nutrient supply to the resident muscles and nerves.
B. Boundaries and Contents of the Anterior Compartment
To accurately diagnose and understand the clinical sequelae of anterior compartment syndrome, you must know exactly which structures are trapped within its borders:
1. Muscular Contents: Responsible for dorsiflexion of the ankle and extension of the digits, these include:
• Tibialis anterior (primary ankle dorsiflexor and inverter)
• Extensor hallucis longus (extends the great toe)
• Extensor digitorum longus (extends digits 2–5)
2. Neurovascular Contents: The neurovascular structures travel closely together in the deep aspect of the compartment:
• Deep Fibular Nerve (Peroneal Nerve): Supplies motor innervation to the anterior compartment muscles and sensory innervation to the skin of the first web space between the great and second toes.
• Anterior Tibial Artery: The primary arterial supply to the anterior compartment, traveling along with its corresponding venae comitantes.
C. Clinical Consequences & Management
Ischemic Compression: As pressure increases, the vessels within the compartment are severely compressed. This results in severe, unremitting ischemic pain that is classically exacerbated by passive stretching of the affected muscles (i.e., passive plantarflexion of the ankle and toes). If ischemia continues, the deep fibular nerve ceases function, causing a drop foot (loss of active dorsiflexion) and paresthesia in the first web space.
Surgical Decompression: Because the fascial borders cannot give way, the only definitive treatment to avoid complete muscular necrosis and long-term disability is an immediate surgical decompression known as a Fasciotomy. Long longitudinal incisions are made through the skin and deep fascia to open the compartment, relieve the pressure, and restore immediate blood flow to the ischemic tissue.","Comprehensive Medical Anatomy Guide:
The Popliteal Fossa
Based on Monash University Human Anatomy Education Lectures
Instructor: Dr. David Gonsalvez
Compiled for Medical Students
1. Learning Objectives & Overview
The popliteal fossa is a crucial anatomical region located at the posterior aspect of the knee joint. It serves as a major conduit for neurovascular structures passing between the thigh and the leg. Understanding the precise boundaries and contents of this space is fundamental for surgical approaches, regional anesthesia, and managing pathology such as popliteal artery aneurysms or Baker's cysts.
Core Learning Objective:
Describe and identify the anatomical boundaries and key contents of the popliteal fossa.
2. Anatomical Boundaries of the Popliteal Fossa
The popliteal fossa is a diamond-shaped space formed by the distal margins of the posterior thigh muscles superiorly and the proximal margins of the leg muscles inferiorly. The specific boundaries are defined as follows:
3. Detailed Contents of the Popliteal Fossa
The popliteal fossa houses several major neurovascular structures embedded within a protective layer of adipose tissue. The structures are divided into neural elements, arterial pathways, and venous networks:
A. Neural Structures
1. Common Peroneal (Fibular) Nerve & Branches:
The sural communicating nerve
The lateral cutaneous nerve of the calf
Superior and inferior geniculate nerves (supplying the knee capsule and lateral ligament)
Recurrent genicular nerve (supplying the superior tibiofibular joint and knee joint capsule)
2. Tibial Nerve & Branches:
The sural nerve
Genicular nerves (supplying the medial ligament, oblique popliteal ligament, and cruciate ligaments)
Muscular branches (Spinal levels S1-S2): Supplying the Gastrocnemius, Plantaris, Soleus, and Popliteus muscles
B. Vascular Structures
1. Popliteal Artery:
The deepest structure within the popliteal fossa, running closest to the joint capsule. It gives off two main types of branches within the fossa:
Muscular branches: Providing blood supply to the adjacent posterior thigh and leg muscles.
Genicular arteries: Forming a rich anastomotic network around the knee joint.
2. Popliteal Vein:
The popliteal vein lies superficial to the popliteal artery and deep to the tibial nerve. It is formed by:
The convergence of the venae comitantes of the anterior and posterior tibial arteries.
The drainage entry of the small saphenous vein.
Boundary Region
Anatomical Structures Involved
Superior Medial
Semimembranosus and Semitendinosus tendon
Superior Lateral
Biceps femoris
Inferior Medial
Gastrocnemius (Medial head)
Inferior Lateral
Gastrocnemius (Lateral head) and Plantaris muscle
Anatomical Guide to the Compartments and Muscles of the Leg
Monash University Human Anatomy Education | Lower Limb 3 (Part 2)
1. Introduction to the Compartments of the Leg
In human anatomy, the leg refers specifically to the region of the lower limb situated between the knee joint and the ankle joint. To understand its biomechanical functions and clinical relevance (such as in compartment syndrome), the leg is divided into four distinct fascial compartments. These compartments are separated by thick sheets of deep fascia (intermuscular septa) and the interosseous membrane connecting the tibia and fibula. Each compartment has its own specific muscular constituents, vascular supply, and nerve innervation.
The four primary anatomical compartments are:
Anterior Compartment: Primarily responsible for dorsiflexion of the ankle and extension of the toes.
Lateral Compartment: Responsible for eversion of the foot.
Superficial Posterior Compartment: Responsible for powerful plantarflexion of the ankle and flexion of the knee.
Deep Posterior Compartment: Responsible for plantarflexion of the ankle, inversion of the foot, and flexion of the toes.
2. The Superficial Posterior Compartment
The superficial posterior compartment forms the large muscular mass on the back of the leg, colloquially known as the calf. The primary functions of the muscles in this compartment are plantarflexion of the ankle joint and flexion of the knee joint, which are vital for propulsion during walking, running, and jumping.
Muscular Components:
Gastrocnemius: The most superficial and prominent muscle of the calf. It possesses two distinct heads of origin: the Medial Head and the Lateral Head, both arising from the condyles of the femur. Because it crosses both the knee and ankle joints, it acts as a flexor of the knee and a powerful plantarflexor of the ankle.
Soleus: A broad, flat muscle located immediately deep to the gastrocnemius. It arises from the posterior aspects of the tibia and fibula. A crucial structure associated with its origin is the Tendinous Arch of the Soleus, under which major neurovascular structures (the popliteal artery, vein, and tibial nerve) pass to reach the deep compartment of the leg.
Plantaris: A small muscle with a short belly and an extremely long, thin tendon (the Tendon of Plantaris). It originates from the lateral supracondylar ridge of the femur and runs obliquely down between the gastrocnemius and soleus muscles.
Common Insertion:
The tendons of the gastrocnemius, soleus, and plantaris coalesce to form the largest and strongest tendon in the human body: the Calcaneal Tendon (conventionally referred to as the Achilles Tendon). This tendon inserts directly onto the posterior surface of the calcaneus (heel bone).
3. The Deep Posterior Compartment
The deep posterior compartment lies deep to the soleus muscle and is separated from the superficial layer by a deep transverse fascial septum. This compartment contains four muscles that are primarily involved in stabilizing the knee, plantarflexing the ankle, inverting the foot, and flexing the toes.
Muscular Components:
Popliteus: A thin, flat, triangular muscle located at the floor of the popliteal fossa. Unlike the other deep muscles, its tendon (the Tendon of Popliteus) arises from the lateral condyle of the femur and inserts onto the proximal posterior tibia. It acts to 'unlock' the fully extended knee joint at the initiation of knee flexion by rotating the femur laterally on a fixed tibia.
Tibialis Posterior: The most deeply situated muscle in this compartment, central between the flexors. Its tendon (the Tendon of Tibialis Posterior) travels behind the medial malleolus and features multiple Slips of Insertion that attach widely to the navicular, cuneiforms, cuboid, and the bases of the 2nd, 3rd, and 4th metatarsals. It serves as the principal inverter of the foot and assists in plantarflexion.
Flexor Digitorum Longus: Located medially in the deep posterior compartment. Its tendon (the Tendon of Flexor Digitorum Longus) passes behind the medial malleolus, enters the sole of the foot, and divides into four separate Tendons to the Lateral 4 Toes, inserting onto the distal phalanges to flex digits 2 through 5.
Flexor Hallucis Longus: Surprisingly located on the lateral side of the deep compartment (originating mainly from the fibula). Its long tendon (the Tendon of Flexor Hallucis Longus) crosses over to the medial side, grooves the posterior aspect of the talus, passes beneath the sustentaculum tali of the calcaneus, and inserts onto the base of the distal phalanx of the great toe (hallux) to provide powerful flexion.
4. The Lateral Compartment
The lateral compartment is the smallest of the leg compartments and contains just two muscles. The primary functional role of this compartment is foot eversion, which is critical for dynamic stability of the ankle joint and preventing inversion sprains.
Muscular Components:
Fibularis Longus (Peroneus Longus): The more superficial of the two lateral muscles, originating from the proximal head and upper shaft of the fibula. Its long tendon (the Tendon of Fibularis Longus) passes behind the lateral malleolus, courses obliquely across the sole of the foot from lateral to medial, and inserts onto the medial cuneiform and the base of the 1st metatarsal. This unique path helps maintain the transverse arch of the foot.
Fibularis Brevis (Peroneus Brevis): A shorter muscle lying deep to the fibularis longus, originating from the distal two-thirds of the lateral fibular shaft. Its tendon (the Tendon of Fibularis Brevis) also tracks behind the lateral malleolus but inserts directly onto the prominent tuberosity on the lateral side of the base of the 5th metatarsal.
5. The Anterior Compartment
The muscles of the anterior compartment are primarily responsible for dorsiflexion of the foot at the ankle joint and extension of the toes. They are tightly bound down at the ankle by the superior and inferior extensor retinacula, which prevent bowstringing of the tendons during muscular contraction.
Muscular Components:
Tibialis Anterior: The largest and most medial muscle of the anterior compartment. It originates from the lateral condyle and upper shaft of the tibia. Its tendon (the Tendon of Tibialis Anterior) passes anteromedially across the ankle to insert onto the medial cuneiform and the base of the 1st metatarsal. It is a powerful dorsiflexor and inverter of the foot.
Extensor Hallucis Longus: A thin muscle sandwiched between the tibialis anterior and extensor digitorum longus. Its tendon (the Tendon of Extensor Hallucis Longus) runs anteriorly across the ankle joint to insert onto the base of the distal phalanx of the great toe, functioning to extend the great toe and assist in ankle dorsiflexion.
Extensor Digitorum Longus: Located laterally within the compartment. Its tendon (the Tendon of Extensor Digitorum Longus) passes under the extensor retinaculum and divides into four separate Tendons to the Lateral 4 Toes, inserting via extensor expansions onto the middle and distal phalanges of digits 2 to 5 to extend the toes and dorsiflex the ankle.
Fibularis Tertius: A small, sometimes inseparable part of the extensor digitorum longus muscle. Its tendon (the Tendon of Fibularis Tertius) arises from the distal fibula and inserts onto the dorsum of the base of the 5th metatarsal. Unlike the other fibularis muscles, it resides in the anterior compartment, meaning it acts to dorsiflex and evert the foot.
Anatomical Analysis of the Lower Limb:
Osteology, Arthrology, and Arch Mechanics of the Ankle and Foot
A Comprehensive Educational Reference Article based on Monash University Lecture Material
1. Introduction and Learning Objectives
In the study of human anatomy, the complex of the lower limb distal to the tibia and fibula represents a masterful integration of structural stability, weight-bearing capability, and dynamic mobility. This reference article explores the precise osteological foundations, arthrological joint complexes, ligamentous networks, and dynamic muscular architectures that support the ankle, subtalar joints, and foot arches. The core learning objective of this material is to thoroughly describe the osteology and arthrology of the ankle, subtalar joints, and the structural and functional anatomy of the foot.
2. Osteology of the Foot and Ankle Complex
The skeleton of the foot and ankle must balance the rigidity required for propulsion with the flexibility needed to adapt to uneven terrain. The major osseous components described in the anatomical mapping include:
The Talus: The central tarsal bone that acts as the architectural link between the leg and the foot. It features a body, neck, and head. The superior surface of the body forms the trochlea, which articulates with the mortise formed by the distal tibia and fibula.
The Calcaneus: The largest tarsal bone, forming the heel. It contains the sustentaculum tali—a crucial medial shelf-like projection supporting the talus—and serves as a primary structural anchor for numerous plantar ligaments.
The Navicular: A boat-shaped bone situated medially between the head of the talus proximally and the three cuneiform bones distally.
The Cuboid: A stable, cube-shaped bone situated on the lateral aspect of the foot, articulating proximally with the calcaneus and distally with the lateral metatarsals.
The Cuneiforms: Three wedge-shaped bones (medial, intermediate, and lateral) that sit between the navicular and the bases of the first three metatarsals, contributing significantly to the transverse arch structure.
The Metatarsals: Five long bones spanning from the tarsus to the phalanges, forming the anterior pillars of the longitudinal arches.
3. Arthrology and Ligamentous Support of the Ankle Joint
The ankle joint proper (talocrural joint) is a synovial hinge joint formed by the distal ends of the tibia and fibula articulating with the superior body of the talus. It permits dorsiflexion and plantarflexion. Stability is critically maintained by highly specialized ligaments grouped into medial, lateral, and tibiofibular networks:
The Medial Complex: The Deltoid Ligament
The deltoid ligament is an exceptionally strong, triangular band anchoring the medial malleolus of the tibia to the tarsal bones. It consists of multiple continuous parts designed to prevent excessive eversion of the foot:
Tibionavicular part: Connects the anterior margin of the medial malleolus to the navicular bone.
Anterior tibiotalar part: Deeply placed fibers running to the anterior portion of the talus.
Posterior tibiotalar part: Thick posterior fibers attaching firmly to the medial aspect of the talus body.
The Lateral Complex
The lateral collateral ligaments are weaker than the deltoid ligament and are more frequently injured during inversion sprains. They include:
Anterior Talofibular Ligament (ATFL): Extends from the anterior aspect of the lateral malleolus to the neck of the talus. It is the most commonly injured ligament in ankle sprains.
Posterior Talofibular Ligament (PTFL): A robust ligament running horizontally from the deep fossa of the lateral malleolus to the posterior tubercle of the talus.
Calcaneofibular Ligament (CFL): A narrow, cord-like ligament extending downwards and backwards from the tip of the lateral malleolus to a tubercle on the lateral surface of the calcaneus.
The Tibiofibular Syndesmosis
The distal articulation between the tibia and fibula is secured by strong syndesmotic ligaments that preserve the structural integrity of the ankle mortise:
Anterior Tibiofibular Ligament: Spans diagonally across the anterior aspect of the distal tibiofibular joint.
Posterior Tibiofibular Ligament(s): Secures the posterior aspect of the distal tibiofibular articulation.
Inferior Transverse Ligament: A deep, specialized lower component of the tibiofibular syndesmosis that bridges the gap between the lateral and medial malleoli posteriorly, creating a continuous articular socket for the body of the talus.
4. The Subtalar and Talocalcaneonavicular Joint Complexes
Below the ankle joint lie the complexes responsible for the movements of inversion and eversion. These joints operate in unison to allow the foot to conform to varied surfaces.
The Subtalar (Talocalcaneal) Joint
Strictly defined, this joint is the articulation between the large posterior calcaneal facet on the inferior surface of the talus and the corresponding posterior talar facet on the superior surface of the calcaneus.
The Talocalcaneonavicular (TCN) Joint
A complex multi-articular ball-and-socket type joint where the rounded head of the talus fits into a socket formed by the proximal articular surface of the navicular, the anterior and middle facets of the calcaneus, and the crucial spring ligament.
Deep Ligaments of the Subtalar and TCN Complex
Interosseous Talocalcaneal Ligament: Situated deep within the sinus tarsi (the tunnel between the talus and calcaneus), providing powerful intrinsic stability and acting as a pivot for subtalar motions.
Cervical Ligament: Located on the lateral aspect of the sinus tarsi, passing upwards from the calcaneus to the neck of the talus to limit excessive inversion.
Bifurcate Ligament: A strong, Y-shaped structure arising from the anterior-lateral calcaneus and dividing into two parts: the calcaneonavicular band and the calcaneocuboid band.
Spring Ligament (Plantar Calcaneonavicular Ligament): A highly resilient ligament extending from the sustentaculum tali of the calcaneus to the plantar surface of the navicular bone. It directly supports the medial head of the talus and plays a central role in maintaining the longitudinal integrity of the foot.
Long and Short Plantar Ligaments: Positioned on the plantar aspect of the foot. The long plantar ligament travels from the calcaneus to the cuboid and bases of the metatarsals, converting the cuboid groove into a canal for the fibularis longus tendon. The short plantar ligament lies deep to it, reinforcing the calcaneocuboid capsule.
5. The Arches of the Foot: Architecture and Structural Pillars
The foot is arranged into three structural arches that act as dynamic springs, absorbing shocks during impact and converting into rigid levers for propulsion. These arches are classified as follows:
Medial Longitudinal Arch: The higher and more flexible arch, composed of the calcaneus (posterior pillar), talus, navicular, three cuneiforms, and the first three metatarsals (anterior pillar). Its apex is the head of the talus.
Lateral Longitudinal Arch: A flatter, more rigid arch designed for weight-bearing. It consists of the calcaneus (posterior pillar), the cuboid, and the fourth and fifth metatarsals (anterior pillar).
Transverse Arch: Runs side-to-side across the midfoot, formed by the bases of the metatarsals, the cuboid, and the three cuneiform bones. It is maintained by the interlocking shapes of these bones and cross-foot tendinous support.
6. Dynamic Muscular and Tendinous Support of the Foot Arches
While ligaments provide static resilience, active muscular contraction and tendinous slings provide vital dynamic support to sustain the arches under heavy structural loads. The critical muscles and their arrangements are detailed below:
Lateral Compartment Slings
Fibularis (Peroneus) Longus: Its long tendon courses down the lateral leg, passes behind the lateral malleolus, runs along the lateral side of the calcaneus, travels through the plantar cuboid groove, and crosses diagonally across the sole to insert onto the medial cuneiform and first metatarsal base. This forms a structural stirrup that elevates both the lateral and transverse arches.
Fibularis (Peroneus) Brevis: Inserts directly onto the tuberosity of the fifth metatarsal base, providing essential support to the lateral longitudinal arch.
Deep Posterior and Anterior Compartment Slings
Tibialis Posterior: The primary dynamic stabilizer of the medial longitudinal arch. Its tendon passes behind the medial malleolus and sends extensive plantar slips to insert into the navicular tuberosity, cuneiforms, cuboid, and the bases of metatarsals 2-4, acting as a powerful sling that pulls the arches upward and inward.
Tibialis Anterior: Inserts into the medial cuneiform and base of the first metatarsal, working in opposition/coordination with the fibularis longus to suspend the medial midfoot structures.
Flexor Hallucis Longus & Flexor Digitorum Longus: Their tendons run through the deep plantar aspect of the foot, acting as bowstrings that prevent elongation of the longitudinal arches during the toe-off phase of gait.
Extensor Hallucis Longus & Extensor Digitorum Longus: Positioned anteriorly, their tendons are held close to the ankle joint by the extensor retinacula, wrapped in protective synovial sheaths to minimize friction during active dorsiflexion and toe extension.
The Plantar Aponeurosis
In addition to muscular slings, the plantar aponeurosis acts as a thick, deep fascia stretching from the calcaneus to the toes. It functions via the windlass mechanism: as the toes dorsiflex during toe-off, the aponeurosis tightens around the metatarsophalangeal joints, automatically elevating the longitudinal arches and packing the tarsal bones tightly together for stable propulsion."
Introduction to the autonomic nervous system,"Comprehensive Reference Guide:
Introduction to the Autonomic Nervous System
This comprehensive article provides an in-depth reference for medical students, synthesizing key anatomical, physiological, biochemical, and clinical concepts of the autonomic nervous system (ANS) based on Monash School of Medicine curriculum materials.
1. Foundational Architecture of the Nervous System
To understand the role of the autonomic nervous system, it must first be contextualized within the broader hierarchy of the human nervous system. The nervous system is divided into two primary structural and functional branches:
Central Nervous System (CNS): Composed of the brain and spinal cord, the CNS serves as the absolute integrative and control center of the body. It processes incoming sensory information and dictates appropriate motor responses.
Peripheral Nervous System (PNS): Composed of cranial and spinal nerves, the PNS acts as the essential communication network bridging the CNS with the rest of the body. The PNS is further divided into two functional pathways:
Sensory (Afferent) Division: Composed of sensory neurons that detect internal and external changes, conducting electrical impulses from peripheral receptors back to the CNS.
Motor (Efferent) Division: Composed of motor neurons that conduct regulatory signals away from the CNS to effector organs (muscles and glands).
The Motor (Efferent) Division is subsequently bifurcated into two systems based on the nature of the control they exert:
Somatic Nervous System (SNS): Responsible for voluntary motor control, specifically conducting signals to skeletal muscles to elicit contraction.
Autonomic Nervous System (ANS): Responsible for involuntary vegetative control, managing the activity of smooth muscle, cardiac muscle, and visceral glands throughout the body.
2. Somatic vs. Autonomic Efferent Systems
The somatic and autonomic systems display distinct anatomical and neurochemical properties that govern their function. The table below highlights these key structural and physiological differentiations:
3. Functional and Anatomical Subdivisions of the ANS
The autonomic nervous system operates via three distinct functional divisions, which continuously coordinate to maintain physiological homeostasis:
Sympathetic Division ('Fight-or-Flight'): Dominates during periods of physical exertion, psychological excitement, trauma, emergency, or embarrassment (the 'E division'). It rapidly mobilizes metabolic resources and body systems to handle perceived immediate threats.
Parasympathetic Division ('Rest-and-Digest'): Dominates during quiet, non-threatening periods. It is primarily concerned with energy conservation, nutrient storage, and waste elimination—often categorized as managing digestion, defecation, and diuresis (the 'D division').
Enteric Division ('The Second Brain'): An autonomous, highly complex network of neurons embedded natively within the lining of the gastrointestinal (GI) tract. It exerts direct involuntary control over GI motility, local blood flow, and mucosal secretions. While it can function entirely independently of the CNS, it receives modulatory input from both sympathetic and parasympathetic branches to coordinate digestion with systemic states.
Anatomical Blueprint: Sympathetic vs. Parasympathetic Outflow
The distinct physiological signatures of the sympathetic and parasympathetic nervous systems are closely reflected in their contrasting anatomical layouts:
Parasympathetic Architecture (Craniosacral Outflow): 
CNS Origin: Arises via a craniosacral pattern. Cranial outflow originates from General Visceral Efferent (GVE) nuclei within the brainstem, distributing primarily via cranial nerves (such as the Vagus nerve, CN X). Sacral outflow originates from the S2, S3, and S4 spinal segments.
Ganglionic Proximity: Parasympathetic ganglia are terminal or intramural, meaning they lie within or immediately adjacent to the visceral organs they innervate.
Fiber Lengths: Possesses significantly long preganglionic fibers and notably short postganglionic fibers.
Functional Outcome: This specific one-to-one or highly localized connection allows for precise, discrete, and compartmentalized control over individual organ functions without causing systemic changes.
Sympathetic Architecture (Thoracolumbar Outflow): 
CNS Origin: Arises via a thoracolumbar pattern, with all preganglionic neurons originating from the lateral gray horns of spinal segments T1 through L2.
Ganglionic Proximity: Ganglia are situated in close structural proximity to the spinal cord, organizing symmetrically into the bilateral sympathetic trunk (paravertebral chain) or prevertebral ganglia.
Fiber Lengths: Characterized by short preganglionic fibers and extensively long postganglionic fibers running to target tissues.
Functional Outcome: A single sympathetic preganglionic neuron exhibits massive divergence, synapsing with multiple postganglionic neurons across different ganglionic levels. This layout, paired with the long postganglionic fibers, results in highly diffuse, widespread, and synchronized sympathetic responses across the body during stressful events.
4. Physiological Organ System Effects & Dual Innervation
The majority of visceral organs are subject to dual innervation, receiving structural inputs from both the sympathetic and parasympathetic divisions. These branches typically operate in parallel as dynamic antagonists, meaning they evoke opposing physiological responses to fine-tune visceral functions on a continuous basis, rather than acting in a strict 'all-or-none' fashion.
Systemic Target Manifestations
The Cardiovascular System: Sympathetic activation utilizes cardiorespiratory acceleration to raise the heart rate and enhance myocardial contractility to maximize cardiac output. Conversely, parasympathetic input reduces the heart rate back to low, restful baseline levels.
The Respiratory System: The sympathetic division induces profound bronchodilation (widening of the airways) to minimize airway resistance during exertion. Parasympathetic activation constricts the bronchia when high-volume oxygenation is no longer required.
The Visual Apparatus: Sympathetic stimulation contracts the pupillary dilator muscle, resulting in dilated pupils (mydriasis) to maximize light entry. Parasympathetic stimulation constricts the pupils (miosis) via the sphincter pupillae muscle and contracts the ciliary muscle, altering lens shape to accommodate for close vision.
The Gastrointestinal Tract: Parasympathetic signals heavily stimulate the secretory and motor activities of the digestive organs, pancreas, and gallbladder to facilitate active digestion and nutrient uptake. Sympathetic activity blocks these actions, shunting blood away from the gastrointestinal system toward active skeletal muscles and the heart.
The Endocrine and Metabolic Systems: The sympathetic division acts directly on the liver to stimulate glycogenolysis and gluconeogenesis, releasing glucose into the bloodstream for immediate cellular fuel. Crucially, it also directly stimulates the adrenal medulla to release systemic stress hormones (adrenaline and noradrenaline) into circulation, amplifying and prolonging the fight-or-flight response.
The Urinary System: Sympathetic signals relax the detrusor muscle of the urinary bladder and contract the internal urethral sphincter to prevent urination during stress. Parasympathetic signals contract the bladder wall and relax the sphincter, facilitating micturition.
Reproductive Function: The two divisions cooperate sequentially; parasympathetic innervation stimulates pelvic vasodilation resulting in erection, while sympathetic innervation coordinates smooth muscle contraction leading to orgasm/ejaculation.
5. Neurotransmitters and Receptor Pharmacology
The functional diversity of the autonomic nervous system is entirely dependent upon chemical neurotransmission. The specific tissue response is determined not merely by the transmitter released, but by the precise molecular subtype of receptor expressed on the surface of the target cell.
Autonomic Neurotransmitters
Acetylcholine (ACh): Fibers that release ACh are designated as cholinergic. In the ANS, ACh is released by: (1) All preganglionic neurons of both the sympathetic and parasympathetic divisions; (2) All postganglionic parasympathetic axons at their synapses with effectors; and (3) Select postganglionic sympathetic axons, most notably those innervating sweat glands to control thermoregulatory sweating.
Noradrenaline / Norepinephrine (NA/NE): Fibers that release noradrenaline are designated as adrenergic. Within the ANS, noradrenaline is released by the vast majority of sympathetic postganglionic axons, binding directly to target visceral tissue.
Cholinergic Receptor Subtypes
Nicotinic Receptors: These are fast-acting, ligand-gated ion channels (ionotropic receptors). Upon binding ACh, they open to allow the influx of positive ions (primarily sodium, Na+, and calcium, Ca2+), causing rapid cell depolarization. They are classified into two variants: N1 (or Nm) located at the somatic neuromuscular junction, and N2 (or Nn) located on the cell bodies of all postganglionic autonomic motor neurons within both sympathetic and parasympathetic ganglia.
Muscarinic Receptors: These are slow-acting, G-protein coupled receptors (metabotropic receptors) found on all parasympathetic effector organs, as well as sympathetically innervated sweat glands. They are divided into five molecular subtypes, with M1, M2, and M3 being the most clinically important:
M1 Receptors: Primarily localized in the cerebral cortex, gastric parietal cells (mediating acid secretion), and salivary glands. Generally stimulatory.
M2 Receptors: Predominantly located in the heart, particularly concentrated within the sinoatrial (SA) node and atrioventricular (AV) node. Activation is inhibitory, causing hyperpolarization via G-protein pathways to reduce heart rate and conduction velocity.
M3 Receptors: Extensively distributed throughout visceral smooth muscle (exerting contractile effects) and exocrine glands (stimulating salivary, lacrimal, and bronchial secretions). Generally stimulatory.
Adrenergic Receptor Subtypes
Alpha-1 (α1) Receptors: Located on postsynaptic target cells, particularly vascular smooth muscle cells and the pupillary dilator muscle. They couple to Gq proteins to trigger intracellular calcium release, mediating smooth muscle contraction, localized vasoconstriction, and pupil dilation.
Alpha-2 (α2) Receptors: Primarily located on presynaptic nerve terminals. They function as regulatory autoreceptors; when noradrenaline binds to them, they execute an inhibitory feedback cascade that shuts down further norepinephrine release, playing an essential role in modulating blood pressure.
Beta-1 (β1) Receptors: Dominantly expressed in cardiac muscle cells (SA node, AV node, and ventricular myocardium). Activation dramatically enhances heart rate (chronotropy) and force of contraction (inotropy), and stimulates renin release from the juxtaglomerular cells in the kidneys.
Beta-2 (β2) Receptors: Abundantly located in smooth muscle cells of the bronchial tree, vascular beds supplying skeletal muscles, the uterus, and the detrusor muscle. Activation triggers smooth muscle relaxation, leading to bronchodilation and local vasodilation. They also stimulate hepatic glycogenolysis.
Beta-3 (β3) Receptors: Expressed primarily within adipose tissue, where they stimulate lipolysis (the breakdown of fats into free fatty acids) and mediate relaxation of the bladder detrusor muscle.
6. Clinical Manifestations of Autonomic Dysfunction
Autonomic dysfunction, or dysautonomia, arises when the delicate regulatory networks or structural nerves of the ANS are injured, inflamed, or undergo neurodegeneration. This results in an inability to regulate involuntary visceral processes effectively.
Etiological Drivers
Underlying Chronic Conditions: Long-standing Diabetes mellitus is the leading cause of chronic autonomic neuropathy. Parkinson's disease similarly causes systemic autonomic breakdown alongside its motor deficits.
Autoimmune Disorders: Conditions such as Raynaud's disease involve hyper-reactive sympathetic vasoconstriction, starving the extremities of adequate blood flow in response to cold or stress.
Infectious Diseases: Pathogens like those causing Lyme disease can directly infect and damage autonomic nerve tracts.
Genetic Predispositions: Rare congenital disorders such as Hereditary Sensory and Autonomic Neuropathies (HSAN) result in the total structural failure or absence of small-caliber nerve fibers, rendering patients entirely unable to perceive pain, temperature changes, or tactile touch.
Trauma and Spinal Cord Injuries: Physical laceration or compression of the spinal cord disrupts descending central commands to autonomic pathways.
Prominent Clinical Phenotypes
Complete Autonomic Failure: A profound syndrome marked by widespread loss of autonomic functions, resulting in severe orthostatic hypotension, anhidrosis (inability to sweat), urinary retention, and gastrointestinal paralysis.
Postural Orthostatic Tachycardia Syndrome (POTS): A disorder characterized by an abnormal, exaggerated increase in heart rate exceeding 30 beats per minute upon moving from a supine to an upright position, reflecting a failure of peripheral vasoconscriptive compensation.
Multiple System Atrophy (MSA): A progressive, fatal neurodegenerative disease that selectively attacks the basal ganglia, cerebellum, and preganglionic autonomic neurons within the central nervous system.
Autonomic Dysreflexia: An acute, life-threatening clinical emergency occurring in individuals with quadriplegia or high-level spinal cord injuries above the T6 thoracic segment. It involves massive, uncoordinated, and uncontrolled activation of autonomic neurons below the injury site, triggered by noxious stimuli (such as a distended bladder or impacted bowel). This results in severe, malignant hypertension paired with paradoxically profound bradycardia mediated by intact cranial parasympathetic pathways above the lesion level.
Characteristic
Somatic Nervous System
Autonomic Nervous System
Pathway Wiring
Monosynaptic pathway; a single highly myelinated motor neuron extends directly from the CNS to the skeletal muscle effector.
Disynaptic pathway; utilizes a two-neuron chain (preganglionic and postganglionic) to bridge the CNS and effector tissue.
Location of Cell Bodies
Ventral (anterior) horn of the spinal cord gray matter or within specific cranial nerve nuclei of the brainstem.
Preganglionic cell bodies reside inside the CNS; postganglionic cell bodies reside entirely outside the CNS within autonomic ganglia.
Axon Myelination
Axon is heavily myelinated from origin to termination, allowing rapid saltatory conduction.
Preganglionic fibers are lightly myelinated; postganglionic fibers are completely unmyelinated, slower conducting.
Neurotransmitter
Exclusively releases Acetylcholine (ACh) at the neuromuscular junction.
Preganglionic fibers release ACh; postganglionic fibers release either Norepinephrine (Noradrenaline) or ACh.
Effector Target Effect
Always excitatory / stimulatory, inducing muscle fiber contraction.
Can be either stimulatory or inhibitory, depending entirely on the specific receptor subtype present on the target organ.",
Autonomic nervous system- Central systems,"Central Systems of the Autonomic Nervous System:
Anatomical Organization and Integrative Regulation
Comprehensive Reference Guide Based on Monash School of Medicine Lectures
Prepared for Medical Education and Clinical Integration
1. Overview and Core Learning Objectives
This comprehensive article integrates the structural and functional principles of the central nervous system (CNS) mechanisms that control and modulate the autonomic nervous system (ANS). Based on the curriculum from the Monash School of Medicine, delivered by Dr. Jason Massey and Dr. Ben Seyer, this text explores how higher brain regions interact with visceral reflex loops to maintain physiological homeostasis.
Core Learning Outcomes
Characterize the hierarchical levels of central control governing autonomic outflows.
Analyze the specific roles of critical central nuclei—including the hypothalamus, brainstem, and amygdala—in physiological regulation.
Deconstruct standard examples of complex autonomic reflexes modulated by central networks (e.g., micturition, respiration, and stress responses).
2. Anatomical Hierarchy of Central Autonomic Control
Autonomic control is organized into hierarchical tiers ranging from basic spinal reflexes to complex emotional and cognitive modulations from higher-order cortical regions. The anatomical breakdown consists of four fundamental regions:
Gross Neuroanatomical Divisions
Cerebrum: Involved in higher-order processing, cognitive interpretation of stressors, and top-down conscious or subconscious modulation of motor and visceral outputs.
Diencephalon: Primarily composed of the Thalamus and Hypothalamus (highlighted in orange). The hypothalamus acts as the ultimate master command center for visceral integration.
Brain Stem (Yellow Division): Comprises the Midbrain, Pons, and Medulla Oblongata. This serves as the 'core' processing unit for immediate homeostatic survival reflexes.
Spinal Cord: Houses the preganglionic cell bodies (sympathetic in the intermediolateral cell columns of T1-L2; parasympathetic in the sacral S2-S4 segments) and executes lower-level reflex arcs.
Cerebellum: Coordinates motor outputs and incorporates sensory data to adjust physiological states during positional changes or physical exertion.
3. The Hypothalamus as the Master Autonomic Integration Center
The hypothalamus continuously monitors internal and external environments by receiving blood-borne, humoral, and neural signals from across the body. It plays two primary functional roles:
Visceral Integration: Processes multi-modal visceral sensory inputs and coordinates matching visceral motor outputs to protect homeostasis. This communication is predominantly mediated via downstream projections through the Dorsal Longitudinal Fasciculus (DLF).
Cortical Communication: Interacts dynamically with the cerebrum to align somatic motor actions with autonomic needs (e.g., searching for food when hungry).
Detailed Breakdown of Hypothalamic Nuclei
The hypothalamus is composed of precise, distinct nuclear groups with highly specialized homeostatic functions:
4. The Paraventricular Nucleus (PVN) and the Neuroendocrine Stress Axis
The Paraventricular Nucleus (PVN) acts as a high-level bridge coordinating immediate neural and delayed neuroendocrine responses to stress. It processes inputs regarding circadian fluctuations from the SCN and cognitive or physical stressors from the wider CNS. The PVN exhibits three major pathways of anatomical outflow:
Direct descending projections to preganglionic sympathetic cell bodies in the intermediolateral column of the spinal cord.
Projections to parasympathetic autonomic control centers situated within the brainstem.
Neurosecretory output to the pituitary gland via the hypophyseal portal circulation.
The Hypothalamic-Pituitary-Adrenal (HPA) Axis Cascade
Activation: Cognitive or physical stressors trigger parvocellular neurons in the PVN to secrete Corticotropin-Releasing Hormone (CRH) into the median eminence.
Hormonal Transport & Binding: CRH travels through the local portal circulation to bind to corticotroph cells in the anterior pituitary gland, inducing the release of Adrenocorticotropic Hormone (ACTH).
Systemic Response: ACTH travels via the systemic vasculature to the adrenal cortex, stimulating synthesis and secretion of Cortisol (CORT).
Negative Feedback Control: To prevent runaway toxicity and resource depletion, circulating Cortisol (CORT) exerts powerful negative feedback inhibition, blocking further CRH release from the hypothalamus and ACTH release from the anterior pituitary.
5. Limbic Integration: The Amygdala and Emotional Overrides
The amygdala provides emotional context to sensory information, serving as a critical hub within the wider limbic system—which also includes the cingulate gyrus, basal ganglia, hypothalamus, and hippocampus. It is capable of inducing robust visceral reactions via extensive reciprocal connections with the hypothalamus (specifically the PVN) and autonomic brainstem centers.
Bypass Capacity: The amygdala possesses the critical anatomical ability to completely bypass slower, higher-order cortical processing centers. This allows it to trigger immediate, subconscious, and split-second fight-or-flight survival responses.
Clinical Vulnerability: Hyper-activation or maladaptive plasticity within the amygdaloid complex is heavily implicated in chronic psychiatric disorders, most notably Post-Traumatic Stress Disorder (PTSD) and generalized anxiety disorders.
6. The Brainstem and Core Homeostatic Reflexes
While the amygdala and hypothalamus serve as higher-level modulators, the Medulla Oblongata and associated brainstem nuclei represent the essential core execution unit. They contain dedicated autonomic control zones that map directly onto every major vital organ system, orchestrating instantaneous reflex loops required for acute survival.
Respiratory Center Organization
Respiration is managed by a network of interconnected groups distributed between the pons and medulla:
Pontine Respiratory Group (PRG): Located in the pons, it is made up of the Pneumotaxic Center (which delivers inhibitory signals to limit inspiration duration) and the Apneustic Center (which provides positive stimulatory drive to prolong inspiration).
Dorsal Respiratory Group (DRG): Located in the medulla, primarily handles inspiratory rhythmicity and receives rich visceral sensory afferents.
Ventral Respiratory Group (VRG): Located in the medulla, primarily drives forceful or active expiration and increased inspiratory demands.
Effector Outflow: These groups deliver coordinated excitatory signals to primary and accessory respiratory muscles, including the diaphragm, external intercostal muscles, internal intercostal muscles, and accessory neck/chest groups.
Cardiovascular and Baroreceptor Reflex Loop
Continuous blood pressure monitoring is achieved through a classic brainstem-mediated negative feedback arc:
Peripheral Receptors: Arterial baroreceptors located in the carotid sinus and the aortic arch detect changes in mechanical stretch (blood pressure).
Afferent Signaling: Sensory data from the carotid sinus is carried by the Glossopharyngeal Nerve (CN IX), whereas data from the aortic arch is transmitted via the Vagus Nerve (CN X).
Central Integration: These nerves synapse within the Vasomotor Center and associated cardioregulatory centers inside the medulla oblongata.
Efferent Output: In response to elevated pressure, the center increases vagal parasympathetic output to the sinus node of the heart to slow heart rate, while concurrently inhibiting sympathetic output to blood vessels, causing vasodilation and bringing blood pressure back to normal.
7. Functional Case Studies in Higher-Order Autonomic Coordination
Case Study A: Complex Coordination of the Micturition (Urination) Reflex
Micturition exemplifies a beautifully balanced triad of parasympathetic, sympathetic, and somatic inputs acting on a single visceral organ:
Parasympathetic Pathway: Mediated via the Pelvic Nerve. It releases Acetylcholine (ACh) onto Muscarinic M3 receptors on the detrusor muscle, causing robust bladder wall contraction to expel urine.
Sympathetic Pathway: Mediated via the Hypogastric Nerve. It releases Norepinephrine (NE) onto Beta-3 adrenergic receptors on the detrusor muscle (inducing relaxation to facilitate bladder filling/storage) and Alpha-1 adrenergic receptors on the internal urethral sphincter (inducing contraction to keep urine contained).
Somatic Pathway: Mediated via the Pudendal Nerve. It releases Acetylcholine (ACh) onto Nicotinic receptors located on the striated external urethral sphincter, providing voluntary, conscious control over the timing of urination.
Case Study B: The Psychophysiological Panic, Anxiety, and Hyperventilation Cycle
This positive-feedback loop illustrates how higher-order cognitive distress can trigger cascading physical symptoms that exacerbate the original emotional state:
Trigger: An acute emotional stressor activates the limbic system, forcing higher centers to shift the brainstem respiratory groups into a state of hyperventilation.
Biochemical Derangement: Excessive ventilation drives an abnormal increase in expiration of carbon dioxide, leading to a profound decrease in partial pressure of CO2 (pCO2) and a secondary increase in systemic blood pH (respiratory alkalosis).
Symptom Emergence & Escalation: This alkalosis causes physical symptoms (such as dizziness, tingling, chest tightness, and lightheadedness).
Feedback Amplification: These physical sensations are interpreted by the cerebrum as an ongoing medical emergency, escalating anxiety and panic. This fear prompts an massive surge in catecholamine (epinephrine/norepinephrine) release from the adrenal medulla, which directly reinforces hyperventilation, trapping the patient in a self-sustaining panic loop.
Hypothalamic Nucleus
Physiological Function & Mechanism
Clinical Correlation / Lesion Effects
Paraventricular & Supraoptic Nuclei
Regulate water balance and fluid homeostasis; synthesize Antidiuretic Hormone (ADH/Vasopressin) and Oxytocin. The PVN projects heavily to autonomic nuclei in the brainstem and spinal cord.
Destruction causes Diabetes Insipidus (characterized by polyuria and polydipsia).
Anterior Nucleus
Thermal regulation via heat dissipation; acts as the primary stimulator of the Parasympathetic Nervous System.
Destruction results in severe Hyperthermia.
Posterior Nucleus
Thermal regulation via heat conservation; stimulates the Sympathetic Nervous System.
Destruction results in the total inability to thermoregulate (poikilothermia).
Preoptic Area
Contains the sexually dimorphic nucleus; regulates the pulsatile release of gonadotropic hormones.
Endocrine dysfunction and reproductive abnormalities.
Suprachiasmatic Nucleus (SCN)
Receives direct photic input from the retina; acts as the master pacemaker controlling Circadian Rhythms.
Loss of biological clock rhythmicity and disrupted sleep-wake cycles.
Lateral Nucleus
Acts as the feeding center; induces appetite and eating behaviors when stimulated.
Destruction results in severe anorexia, aphagia, and starvation.
Ventromedial Nucleus
Acts as the satiety center; suppresses appetite when nutrient thresholds are met.
Destruction induces hyperphagia, profound obesity, and savage/aggressive behavior.
Dorsomedial Nucleus
Involved in emotional and behavioral regulation.
Stimulation results in obesity and savage behavior.
Arcuate Nucleus
Produces hypothalamic releasing and inhibiting factors; contains dopaminergic neurons that tonically inhibit prolactin release.
Hyperprolactinemia (galactorrhea, amenorrhea) and systemic endocrine axis failure.
Mammillary Body
Receives limbic input from the hippocampal formation via the fornix; projects to the anterior nucleus of the thalamus.
Contains classic hemorrhagic lesions in Wernicke’s Encephalopathy (due to thiamine deficiency).",
Discriminative somatic sensation,"Comprehensive Reference Guide:
Discriminative Somatic Sensation and Proprioception
Based on Medical Lectures by Dr. Simone Carron & Dr. Ben Seyer
Monash School of Medicine
1. Learning Outcomes & Key Concepts
Identify the distinct types of somatic sensations and their physiological roles.
Identify and categorize the organizational layers of the skin and their embedded receptors.
Compare and contrast the structure, location, and functional properties of the four main types of cutaneous mechanoreceptors.
Describe the physiological mechanisms of proprioception and characterize specific proprioceptors (muscle spindles, joint receptors, and Golgi tendon organs).
2. Anatomy of the Skin and Structural Classification of Receptors
Somatosensory receptors are specialized structures representing the terminal endings of peripheral nerve fibers. They are categorized based on their depth within the cutaneous tissues, their accessory structures, and whether they are unencapsulated or encapsulated in connective tissue. This structural specialization determines their mechanical filtering properties and sensitivity profiles.
Skin Layers
Epidermis: The outermost superficial layer of the skin. It lacks direct vascularization and contains the most superficial nerve endings.
Dermis: The thick supportive layer beneath the epidermis, rich in connective tissue, blood vessels, and specialized mechanoreceptors. It is subdivided into superficial (papillary) and deep (reticular) dermis.
Hypodermis / Subcutaneous Layer: The deepest tissue layer, containing fatty tissue and larger vessels, where deep mechanoreceptors reside near the boundaries of muscles and joints.
Anatomical Receptor Types
Free Nerve Endings: Unencapsulated, bare nerve endings penetrating up into the epidermis. They primarily detect noxious stimuli (pain) and thermal changes (temperature).
Merkel's Discs: Unencapsulated mechanoreceptors located at the junction of the epidermis and dermis (upper dermis), clustered tightly in high-acuity areas like the fingertips.
Meissner's Corpuscles: Encapsulated receptors located inside the dermal papillae of the upper dermis, specifically prominent in glabrous (non-hairy) skin such as the lips and fingertips.
Hair Follicle Receptors: Networks of nerve fibers wrapped around the base of hair follicles in hairy skin, detecting hair deflection and motion across the skin surface.
Ruffini's Endings: Spindle-shaped encapsulated structures located in the dermis of both hairy and glabrous skin, responsive to tissue stretch.
Pacinian (Lamellated) Corpuscles: Large, onion-like multi-lamellated encapsulated structures located deep within the dermis or subcutaneous layer, specialized for high-frequency vibration and transient pressure changes.
3. Receptor Physiology and Signal Transduction
The initiation of a somatosensory signal follows a sequential biophysical pathway. Similar to other excitable neuronal cells, generating a nervous signal requires a local influx of positively charged ions to depolarize the resting membrane. The mechanistic sequence operates as follows:
Mechanical Stimulus Application: A physical force (touch, pressure, vibration, or stretch) deforms the cutaneous tissue.
Membrane Deformation & Channel Opening: Most mechanoreceptors feature specialized mechanosensitive ion channels. Physical deformation or tension within the membrane, cytoskeleton, or extracellular matrix tethers forces these channels open.
Conductance Change & Ion Influx: Opening the channels alters membrane conductance, allowing positive ions (such as Na+ and Ca2+) to rapidly rush into the nerve terminal.
Receptor/Generator Potential: The influx raises the local intracellular charge, shifting the resting membrane potential toward zero. This local, graded depolarization is termed a receptor or generator potential.
Action Potential Generation: If the generator potential matches or exceeds the threshold level at the trigger zone, voltage-gated channels activate, translating the graded potential into a self-propagating action potential that travels along the axon into the central nervous system.
4. Comparative Analysis of the Four Main Cutaneous Mechanoreceptors
Cutaneous mechanoreceptors are classified into distinct functional classes based on two primary parameters: the size of their receptive field (the geographical area on the skin from which a single neuron can be activated) and their adaptation rate (the speed at which the neuron ceases firing in response to a sustained stimulus). Sensory input is conveyed to the central nervous system via well-myelinated Aß fibers.
Functional Roles and Pattern Discrimination Capabilities
The physical layout, depth, density, and physiological adaptation profiles dictate how each receptor category supports different tactile and perceptual functionalities:
SAI (Merkel Discs): Exhibit high spatial resolution and density (particularly in the fingertips). They respond optimally to points, edges, curves, indentations, and fine textures. Due to their compact receptive fields, they provide the best representation of detailed tactile patterns (e.g., reading Braille or resolving complex shapes).
RAI (Meissner Corpuscles): Exhibit high density in fingers and lips with high spatial resolution but a medium sensitivity to temporal changes. They detect motion, light touch, low-frequency vibrations (10–200 Hz), slip across the skin surface, and are vital for maintaining proper grip control and detecting friction.
SAII (Ruffini Endings): Distributed relatively sparsely throughout both hairy and glabrous dermal layers. They exhibit low spatial resolution but respond exquisitely to tissue stretch and lateral tension, playing a primary role in perceiving hand conformation, object grasp shapes, and skin stretch over moving joints.
RAII (Pacinian Corpuscles): Distributed sparsely in deep dermal and subcutaneous layers. Because of their giant, fluid-filled lamellated capsule, they possess massive receptive fields but highly sensitive temporal resolution. They respond selectively to high-frequency vibrations (70–1000 Hz) and rapid transient pressure changes. They are used for detecting fine textures indirectly through tools or transmitted vibrations.
5. Sensation and Central Nervous System Pathways
Tactile perception relies on segregated, topographically organized neuronal pathways spanning from the periphery up to the cerebral cortex. Every individual receptor transfers data along its own unique pathway, preserving line fidelity:
Stimulus Activation: A physical stimulus deforms the peripheral receptor structure.
First-Order (Afferent) Neuron: The message is transmitted via peripheral afferent fibers into the spinal cord or brainstem. The cell body of these primary somatic afferents resides within the dorsal root ganglion.
Second-Order Neuron: Located within the spinal cord or brainstem, this neuron receives the primary signal, crosses the midline (decussates), and projects rostrally to the relay centers of the brain.
Third-Order Neuron: Located within the Thalamus (the master sensory gating station), this cell receives the processed input and sends thalamocortical fibers directly to the primary somatosensory cortex.
Cortex (Perception): Located in the cerebral cortex, where the signal terminates. The brain interprets the type, intensity, and location of the sensation based strictly on which specific pathway it arrived from and exactly where it terminated within the cortical sensory map.
6. Classes of Sensory Neurons Carrying Somatic Information
Peripheral nerve fibers are structurally and functionally classified according to axon diameter, myelination state, and corresponding conduction velocities. Larger, heavily myelinated axons exhibit the fastest conduction velocities due to decreased internal resistance and saltatory conduction.
7. Proprioception: The Sixth Sense
Proprioception encompasses our innate, subconscious sense of body position, joint movement, limb trajectory, and the force generated by our muscular system in three-dimensional space. It is foundational for coordinated motor control, posture maintenance, balance, spatial navigation, and adjusting effort for tactile tasks. Proprioceptive feedback is continuously fed into the central nervous system by three integrated receptor classes:
Cutaneous / Skin Mechanoreceptors: Specifically, SAI (Merkel) afferents and SAII (Ruffini) endings terminate among the structural collagen fibrils of the skin. This positioning allows them to register patterns of skin stretch, distortion, and pressure during movement. They are critical for encoding joint position and fine motor control, particularly within the hands, feet, and perioral mouth region.
Joint Receptors: Ruffini-type endings and Pacinian corpuscles are embedded directly within the fibrous layer of joint capsules and surrounding ligaments. Ruffini endings register sustained pressure, capsular deformation, and extreme structural limits, whereas Pacinian corpuscles register high-frequency vibration, acceleration, and dynamic changes in angular positioning. While informative, they are not strictly essential for limb position sense, as joint capsule removal or local anesthesia does not fully abolish positional awareness due to muscle receptor redundancy.
Muscle Spindles (Muscle Stretch Sensors): Encapsulated structures nested parallel to skeletal muscle fibers. They contain specialized muscle fibers known as intrafusal fibers. Coiled around these intrafusal fibers are sensory axons belonging to two functional classes:
  • Type Ia Afferents: Highly dynamic, rapidly adapting endings signaling the rate of muscle length change.
  • Type II Afferents: Slowly adapting endings signaling the static, absolute length of the muscle.
Muscle spindles also receive motor innervation from gamma motor neurons, which adjust intrafusal fiber tension to fine-tune and sustain spindle sensitivity across a wide range of muscle lengths.
Golgi Tendon Organs (Muscle Tension Sensors): Encapsulated receptor structures strategically embedded in series at the junctions between muscles and skeletal tendons. They consist of a protective capsule enclosing sensory nerve terminals that intertwine tightly with tendon collagen strands.
  • Innervation: Innervated by rapid Type Ib sensory nerve fibers that spread across the collagen matrix as spiral endings.
  • Mechanics: When a muscle contracts, it exerts tension on the tendon, squeezing the interwoven Type Ib endings and triggering action potentials.
  • Function: They measure muscle tension and generated force. This feedback is used to modulate the firing of alpha motor neurons via spinal interneurons, protecting musculoskeletal tissues from excessive load-bearing injury and smoothing force output during movement.
Property
SAI (Merkel Discs)
SAII (Ruffini Endings)
RAI (Meissner Corpuscles)
RAII (Pacinian Corpuscles)
Specialized Ending
Merkel cell / disc
Unknown / Ruffini ending
Meissner corpuscle
Pacinian corpuscle
Skin Depth / Layer
Upper dermis (Superficial)
Dermis (Deep)
Upper dermis (Superficial)
Lower dermis / Subcutaneous (Deep)
Receptive Field Size
Small Receptive Field
Large Receptive Field
Small Receptive Field
Large Receptive Field
Adaptation Profile
Slowly Adapting (SA): Fires continuously during sustained displacement; codes duration & magnitude.
Slowly Adapting (SA): Fires continuously during sustained tissue stretch; codes duration & magnitude.
Rapidly Adapting (RA): Fires only at stimulus onset and offset (transients); silent during static displacement.
Very Rapidly Adapting (RA): Extremely sensitive to transients and high-frequency variations; silent during static hold.
Sensory Neuron Class
Muscle Afferent Class Equivalent
Myelinated
Axon Diameter / Velocity Relationship
Type of Information Transmitted
Aα (Alpha)
Class I
YES
Largest Diameter & Fastest Velocity (Conveys posture/balance variables rapidly)
Proprioceptors of skeletal muscle (Muscle Spindles and Golgi Tendon Organs).
Aβ (Beta)
Class II
YES
Medium-Large Diameter & Moderate-Fast Velocity
Cutaneous skin mechanoreceptors (Fine touch, touch pressure, high-frequency/low-frequency vibrations).
Aδ (Delta)
Class III
YES
Small Diameter & Slower Conduction Velocity
Fast pain sensations ('first pain', sharp, localized) and cold temperatures.
C
Class IV
NO
Smallest Diameter & Slowest Conduction Velocity (Unmyelinated axons)
Dull pain ('second pain', aching, poorly localized), hot temperatures, and itch sensations.",
Pharmacology of the Autonomic Nervous System,"Comprehensive Reference Guide: Drugs Affecting the Autonomic Nervous System
Based on Monash School of Medicine Lecture Notes (MED1100)
Associate Professor Barbara Kemp-Harper
Learning Objectives & Core Concepts
This clinical and pharmacological review covers the structural biology, signal transduction pathways, and therapeutic applications of drugs targeting the autonomic nervous system (ANS). By analyzing these mechanisms, clinicians can predict physiologic responses, evaluate therapeutic indications, and anticipate adverse effect profiles.
Topic 1: Nicotinic Receptors & Ganglionic Pharmacology
Nicotinic acetylcholine receptors (nAChRs) are ligand-gated ion channels that facilitate rapid neurotransmission across the somatic and autonomic efferent systems.
Nicotinic Receptor Subtypes: Ganglia vs. Neuromuscular Junction (NMJ)
• Structural Subunits: The pentameric structure of nicotinic receptors varies distinctively based on anatomical location. Neuronal nicotinic receptors located within the autonomic ganglia possess a distinct subunit configuration (e.g., combinations of alpha and beta neuronal subunits) compared to the muscle-type nicotinic receptors found at the somatic neuromuscular junction (NMJ).
• Pharmacological Selectivity: This fundamental structural divergence allows for highly selective drug actions. Therapeutic agents can selectively target neuronal ganglionic receptors to modulate autonomic output while completely sparing somatic motor transmission at the skeletal muscle level.
Mechanisms and Physiology of Ganglion Blockade
Inhibition of ganglionic neurotransmission can occur through two separate mechanisms:
1. Nicotinic Antagonists: Competitive or non-competitive block of the nicotinic receptor channel pore.
2. Nicotinic Agonists (Depolarization Blockade): Persistent agonist exposure leads to prolonged depolarization of the post-synaptic membrane, inactivating voltage-gated sodium channels and rendering the neuron unexcitable.
Physiological Manifestations of Autonomic Blockade:
• The Concept of Autonomic Tone: At first glance, blocking both the sympathetic and parasympathetic autonomic ganglia simultaneously might appear to produce a net-zero effect. However, the dual branches of the ANS are rarely in absolute balance; instead, a specific branch usually exerts a dominant homeostatic 'tone' over any given organ system.
• Tachycardia at Rest: At rest, the parasympathetic nervous system (via the vagus nerve) exerts a dominant tone over the heart, acting as a metabolic brake on cardiac pacing. Introducing a ganglion blocking drug abolishes both branches, effectively 'taking the foot off the brake.' The loss of parasympathetic vagal restraint results in a sharp, predictable rise in heart rate (tachycardia).
• Clinical Status: Due to their widespread and non-selective systemic consequences across both sympathetic and parasympathetic pathways, there are currently very few clinical indications for drugs targeting ganglionic nicotinic receptors.
Topic 2: Muscarinic Receptors & Cholinergic Pharmacology
Muscarinic acetylcholine receptors are metabotropic G-protein coupled receptors (GPCRs) responsible for mediating parasympathetic effector responses.
Muscarinic Subtypes and Signalling Cascades
There are 5 structurally similar subtypes of muscarinic receptors (M1–M5):
• M1, M4, and M5 Receptors: Distributed predominantly within the Central Nervous System (CNS).
• M2 and M3 Receptors: Distributed throughout both the CNS and peripheral effector tissues.
The Cholinergic Toxidrome: DUMBELLS Mnemonic
Hyperactivation of the parasympathetic nervous system (as seen in muscarine or organophosphate poisoning) triggers the clinical syndrome summarized by the mnemonic DUMBELLS:
  • Diarrhea
  • Urination
  • Miosis (Pupillary constriction)
  • Bradycardia (Slowing of heart rate)
  • Emesis
  • Lacrimation (Tearing)
  • Lethargy
  • Salivation
Comparative Pharmacology of Muscarinic Agonists
Muscarinic agonists differ in their tissue distribution and clinical applicability. Natural compounds like Muscarine function as non-selective agonists, while synthetic derivatives exhibit tailored tissue preferences:
Organ-Specific Applications of Muscarinic Agents
Ophthalmologic Applications:
• Pupillary Mechanics: Pupillary diameter is controlled by two opposing sets of smooth muscles. The inner circular sphincter muscle, controlled by parasympathetic M3 receptors, causes constriction (miosis). The outer longitudinal dilator muscle, controlled by sympathetic alpha1-adrenergic receptors, causes widening (mydriasis).
• Glaucoma Therapy (Agonists): Topical Pilocarpine targets M3 receptors to contract the iris sphincter and the ciliary muscle. This structural shift physically opens up the trabecular meshwork, facilitating the drainage of aqueous humour out of the anterior chamber, lowering intraocular pressure. Side effects include temporary blurring of vision and loss of accommodation.
• Diagnostic Examination (Antagonists): Muscarinic antagonists like Atropine (originally isolated from Atropa belladonna) block M3 constriction, causing prolonged mydriasis necessary for comprehensive retinal examinations.
Respiratory Applications:
• Pathophysiology: Basal parasympathetic tone over M3 receptors maintains a baseline bronchoconstriction and mucus secretion.
• Antimuscarinic Drugs: Ipratropium is delivered via inhalation to competitively block M3 receptors, inducing bronchodilation in asthma and COPD. Systemic Atropine can be administered pre-operatively as an anesthetic premedication to safely dry up airway secretions.
Gastrointestinal and Urinary Applications:
• GI Regulation: Parasympathetic vagal outflow enhances gut peristalsis and digestive secretions via M3 receptors. Bethanechol is clinically deployed to stimulate gut motility in cases of non-obstructive loss of muscle tone. Conversely, Hyoscine (derived from Datura stramonium) serves as a powerful antispasmodic agent to counteract GI hypermotility, cramping, and diarrhea.
• Urinary Function: M3 stimulation by acetylcholine contracts the detrusor muscle to promote bladder emptying. Bethanechol can treat post-operative or post-partum non-obstructive urinary retention (though mechanical catheterization is often clinically preferred). Conversely, Oxybutynin relaxes the detrusor muscle to treat overactive bladder and urge incontinence.
Central Nervous System (CNS) Applications:
• Muscarinic Agonists: While peripheral side effects limit systemic use, central muscarinic agonists are under investigation for enhancing cognitive transmission in Alzheimer's disease.
• Muscarinic Antagonists: Hyoscine crosses the blood-brain barrier and is uniquely effective in preventing motion sickness via actions in the vestibular centers. Benzatropine is utilized centrally to balance striatal cholinergic excess and mitigate movement disorders (extrapyramidal symptoms) associated with Parkinson's disease or antipsychotic use.
Topic 3: Adrenergic Receptors & Sympathetic Pharmacology
Adrenergic receptors are metabotropic G-protein coupled receptors activated by the endogenous catecholamines noradrenaline and adrenaline.
Adrenoceptor Subtype Classification & Potency Ranks
Adrenoceptors are broadly divided into Alpha (alpha) and Beta (beta) classes based on their historical rank order of potency in tissue preparations:
• Alpha-Adrenoceptors (alpha1, alpha2): Rank potency is Noradrenaline > Adrenaline > Isoprenaline.
• Beta-Adrenoceptors (beta1, beta2, beta3): Rank potency is Isoprenaline > Adrenaline > Noradrenaline.
Downstream Biochemical and Physiological Effector Responses:
• Alpha1 Receptors: Mediate smooth muscle contraction (vasoconstriction) and hepatic gluconeogenesis.
• Alpha2 Receptors: Predominantly pre-synaptic; mediate the inhibition of further noradrenaline exocytosis.
• Beta1 Receptors: Excitatory receptors located on cardiac muscle, increasing heart rate and force of contraction.
• Beta2 Receptors: Mediate smooth muscle relaxation (bronchodilation, vasodilation) and hepatic glycogenolysis.
• Beta3 Receptors: Located on the detrusor muscle, mediating smooth muscle relaxation during bladder filling.
Receptor Coexistence and Biological Balance
Opposing adrenoceptor subtypes frequently coexist within the same tissue bed. For instance, vascular smooth muscle expresses both contractile alpha1/alpha2 and relaxant beta2 receptors. The net physiological response of a given vascular bed depends heavily on the specific density populations of these receptors and the concentration of circulating catecholamines (Adrenaline has high affinity for beta2, while Noradrenaline targets alpha1 overwhelmingly).
Organ-Specific Sympathetic Pharmacology
Ophthalmologic Applications:
• Alpha1-Agonists (e.g., Phenylephrine): Cause contraction of the outer longitudinal dilator muscle of the eye, inducing mydriasis without affecting cycloplegia.
• Beta2-Antagonists (e.g., Timolol): Applied topically to reduce the rate of aqueous humour formation within the ciliary body, lowering intraocular pressure to treat glaucoma.
Cardiovascular Applications:
• Beta1-Agonism: The cardio-selective agonist Dobutamine increases cardiac contractility (inotropy) and output, serving as a short-term support option for acute cardiogenic shock or severe cardiac failure.
• Beta1-Antagonism (Beta-Blockers): Cardio-selective blockers like Atenolol diminish heart rate and stroke volume. Clinical indications include cardiac arrhythmias, chronic heart failure management, physical manifestations of situational anxiety, and essential hypertension.
• Selectivity Profiles: Not all beta-blockers possess equal safety profiles. Atenolol is heavily beta1-selective, whereas Propranolol is a non-selective beta1 and beta2 antagonist. Non-selective agents are strictly contraindicated in patients with asthma or COPD, as blocking beta2 receptors in the lungs removes the essential tone required for bronchodilation, potentially precipitating fatal bronchospasms.
Pulmonary Applications:
• Selective Beta2-Agonists: Induce robust bronchial smooth muscle relaxation. Short-acting agents like Salbutamol provide immediate rescue from acute bronchospasm, while long-acting agents like Eformoterol offer extended maintenance control. High systemic doses can cause peripheral skeletal muscle tremor due to beta2 activation in skeletal muscle beds.
• Physiological Note: Interestingly, human lungs lack direct post-ganglionic sympathetic neuronal innervation. Bronchial beta2 receptors are primarily stimulated by circulating adrenaline released from the adrenal medulla into the bloodstream.
Urinary and Bladder Applications:
• Coordinate Control: Bladder filling is coordinated by sympathetic pathways. Beta3-adrenergic receptors on the detrusor muscle mediate relaxation to facilitate compliance, while alpha1-receptors at the bladder neck and proximal urethra maintain a closed outlet.
• Overactive Bladder: Beta3 agonists promote enhanced detrusor relaxation.
• Prostatic Hyperplasia (BPH): Benign enlargement of the prostate compresses the prostatic urethra, restricting flow. Alpha1 antagonists like Prazosin, and particularly the uroselective alpha1A antagonist Tamsulosin, selectively relax smooth muscle at the prostate and bladder neck to increase urinary flow rate.
Vascular Alpha-Adrenoceptor Regulation:
• Alpha1-Agonists (e.g., Phenylephrine): Induce potent local vasoconstriction, serving as nasal or ocular decongestants. They are frequently co-administered with local anesthetics because the localized vasoconstriction slows drug clearance, prolonging local anesthetic block.
• Alpha1-Antagonists (e.g., Prazosin): Block endogenous vasoconstrictor tone, dropping systemic vascular resistance to treat hypertension.
Presynaptic Alpha2 Autoreceptors and Feedback Loops
• Negative Feedback Loop: Pre-synaptic alpha2 adrenoceptors serve as vital homeostatic autoreceptors on noradrenergic nerve terminals. When synaptic noradrenaline levels rise, they bind to these alpha2 receptors, triggering a feedback cascade that shuts down further calcium-dependent exocytotic neurotransmitter release.
• Alpha2 Agonists (e.g., Clonidine): Function by mimicking and reinforcing this negative feedback mechanism, suppressing central sympathetic outflow from the brainstem. Clonidine acts in the CNS and spinal cord as a sedative, anxiolytic, and centrally acting antihypertensive. Adverse effects match its sympatholytic mechanism: hypotension and bradycardia.
• Alpha2 Antagonists (e.g., Yohimbine, Phentolamine): Prevent this negative feedback inhibition, thereby accelerating noradrenaline release into the synaptic cleft and amplifying sympathetic neurotransmission.
Non-Selective Alpha Blockade: The Phentolamine Paradox
Phentolamine is a potent, non-selective competitive blocker of both alpha1 and alpha2 receptors. Its unique dual blockade illustrates key autonomic feedback loops:
1. Therapeutic Indication: Phentolamine is deployed to manage acute hypertensive crises associated with phaeochromocytoma (a catecholamine-secreting tumor of the adrenal medulla). Its alpha1 blockade successfully neutralizes excess noradrenaline-mediated vasoconstriction, lowering blood pressure.
2. The Adverse Reflex (Tachycardia): Simultaneously, phentolamine blocks pre-synaptic alpha2 receptors on cardiac sympathetic nerves. This destroys the negative feedback loop, allowing uninhibited noradrenaline release into the cardiac synapses. This excess noradrenaline binds unchecked to cardiac beta1 receptors, causing severe reflex tachycardia.
Therapeutic Comparison: Adrenaline vs. Noradrenaline
• Adrenaline: Acts non-selectively across alpha1, alpha2, beta1, and beta2. It induces profound vasoconstriction via alpha1 but also vasodilation in skeletal muscle beds via beta2. It dramatically accentuates cardiac output via beta1 and triggers potent bronchodilation via beta2. It is the gold standard, first-line drug for anaphylaxis.
• Noradrenaline: Displays a strong potency preference for alpha1 over beta2 (alpha1 >> beta2). Consequently, it induces intense, uniform vasoconstriction with minimal beta2-mediated vasodilation or bronchodilation, and less pronounced cardiac stimulation compared to adrenaline. It is clinically used to maintain and elevate systemic blood pressure during acute medical situations associated with shock or profound low blood pressure.
Summary Matrix of Adrenergic Agonists and Antagonists
Agonist
Cardiovascular (M2)
Gastrointestinal (M3)
Urinary Bladder (M3)
Eye (M3)
Clinical Utility
Acetylcholine
++
++
++
+
None (Rapidly degraded by AChE)
Bethanechol
+
+++
+++
++
Treatment of bladder & GI loss of smooth muscle tone
Pilocarpine
+
+++
+++
++
Treatment of Glaucoma (Topical formulation)
Receptor
Agonist
Clinical Use
Antagonist
Clinical Use
Alpha1 (α1)
Phenylephrine
Nasal/Ocular decongestant, Local anesthetic adjunct
Prazosin, Tamsulosin, Phentolamine
Hypertension management, BPH flow relief, Phaeochromocytoma management
Alpha2 (α2)
Clonidine
Centrally acting antihypertensive, Sedative, Anxiolytic
Yohimbine, Phentolamine
Research settings, Reversal of negative feedback loops
Beta1 (β1)
Dobutamine
Inotropic support in acute cardiac failure / Cardiogenic shock
Atenolol, Propranolol
Arrhythmias, Chronic heart failure, Anxiety, Hypertension
Beta2 (β2)
Salbutamol, Eformoterol
Bronchodilation in acute and chronic Asthma / COPD
Propranolol (Contraindicated)
Non-selective agent; can precipitate bronchospasm in asthmatics
Beta3 (β3)
BRL 37344
Experimental / Treatment of Overactive Bladder (Detrusor relaxation)
-
None clinically defined",
Acute and chronic pain,"Comprehensive Analysis of Acute and Chronic Pain Pathophysiology
Medical Education Lecture Series | Monash School of Medicine
Lead Instructor: Dr. Simone Carron-Peters
Assisted by: Dr. Ben Seyer
1. Executive Primer on Pain Perception
Pain is a multi-dimensional sensory and emotional experience essential for biological survival. At its core, classical pain processing begins in the periphery where specific primary afferent neurons, known as nociceptors, detect harmful mechanical, thermal, or chemical stimuli. These peripheral signals traverse axonal pathways into the central nervous system, making their first vital synaptic contact within the spinal cord's dorsal horn. Here, complex interneuronal networks process, modulate, and gate the incoming information. Following this initial integration, the signals ascend via secondary projection neurons to the thalamus, which serves as the central relay station, before being distributed into wide cortical regions—including the somatosensory cortex for localized intensity discrimination and limbic structures for emotional and affective integration.
2. Temporal Profiles: The Dual Phases of Pain
When a tissue injury occurs, the sensory experience presents as a biphasic temporal profile. This phenomenon demonstrates the functional segregation of nerve fibers specialized in conducting different aspects of nociception.
First Phase Pain (Fast Pain)
First pain is characterized as an initial, sharp, intense, and highly localized sensation. It is mediated by fast-conducting, thinly myelinated Aδ (A-delta) fibers. Because of their myelin sheath, these fibers possess a high conduction velocity, allowing them to rapidly signal an immediate threat to the organism. This immediate signaling drives nociceptive reflexes, such as the rapid withdrawal response from noxious stimuli (e.g., pulling a hand away from a hot stove), thereby minimizing further tissue damage. First pain is a cornerstone of acute physiological pain identification.
Second Phase Pain (Slow Pain)
Second pain is characterized as a continuous, long-lasting, burning, aching, and diffuse sensation that lacks precise localization. This phase is mediated by slower-conducting, completely unmyelinated C fibers. The absence of myelin results in slower conduction velocities. Biologically, second pain serves to increase the individual's long-term attention to the injured site, promoting protective behaviors and allowing natural healing processes to take place. Crucially, the intensity of second pain can increase over time when brief stimuli are repeatedly applied—a phenomenon known as temporal summation, which plays an essential role in transition states toward chronic pain.
Clinical Comparison of Primary Afferent Pain Fibers
3. Nosological Taxonomy: Acute vs. Chronic and Mechanistic Classes
Pain is classified both by its temporal course (acute vs. chronic) and its underlying pathophysiological mechanism (nociceptive, neuropathic, nociplastic, or mixed).
The Clinical Divide: Acute vs. Chronic Pain
• Acute Pain: Represents a sudden and severe health issue arising quickly and maintaining a short duration. It is primarily nociceptive, triggered directly by noxious stimuli, mechanical trauma, or overt tissue injury (e.g., muscle strains, surgical cuts, burns, or broken bones). Acute pain acts as a vital physiological alarm system. Crucially, acute pain resolves completely once the underlying tissue pathology heals.
• Chronic Pain: Conceptualized as a long-developing clinical syndrome that persists for a prolonged period, typically defined as lasting longer than normal tissue healing times (frequently exceeding 3 to 6 months). Unlike acute pain, chronic pain is not simply a prolonged symptom; it signifies a profoundly dysregulated, over-sensitive nervous system. It can persist indefinitely, often for the remainder of an individual's life, even in the complete absence of ongoing peripheral tissue damage.
Mechanistic Classification Matrix
1. Nociceptive Pain: Tissue-related pain directly triggered by actual or threatened damage to non-neural tissue, which causes the activation of peripheral nociceptors. It occurs in the setting of intact, normally functioning nervous system machinery responding to trauma or localized inflammation. Examples include acute sports injuries, acute postoperative pain, gout, and active rheumatoid arthritis.
2. Neuropathic Pain: Nerve-related pain that arises as a direct consequence of a lesion, disease, or structural damage affecting the somatosensory nervous system itself. This includes peripheral nerves, roots, or central nervous system tracts. Clinical archetypes include painful polyneuropathies (such as diabetic neuropathy), trigeminal neuralgia, central post-stroke pain, and neuropathic pain secondary to leprosy.
3. Nociplastic Pain: Dysfunctional pain characterized by altered nociceptive signaling and processing, occurring in the complete absence of clear tissue damage, peripheral nociceptor activation, or structural nerve lesions. In these conditions, the nervous system processes normal sensations as pain due to intrinsic amplification. Examples include fibromyalgia, irritable bowel syndrome (IBS), chronic widespread tension headaches, and chronic fatigue syndrome.
4. Mixed Pain States: Many chronic conditions do not fit neatly into a single mechanistic category but instead combine elements of nociceptive, neuropathic, and nociplastic alterations simultaneously. Clinical examples include osteoarthritis, cancer-associated pain, chronic low back pain, chronic postoperative pain syndromes, post-herpetic neuralgia, venous leg ulcers, and pressure ulcers.
4. The Molecular Landscape of Chronic Pain Syndromes
The persistence of chronic pain is driven by distinct pathophysiological transformations across peripheral and central nervous circuits. These mechanisms turn an adaptable alarm system into a maladaptive condition.
Peripheral Sensitization
Following localized tissue injury or continuous immune activation, primary afferent nerve endings (nociceptor terminals) develop an increased sensitivity to painful stimuli. Inflammatory cells—including tissue macrophages and recruited neutrophils—infiltrate the microenvironment and release an inflammatory soup of mediators. This chemical cocktail includes pro-inflammatory cytokines (such as Tumor Necrosis Factor-alpha [TNF-α], Interleukin-1 beta [IL-1β], and Interleukin-6 [IL-6]), chemokines (e.g., CCL2, CXCL1, CXCL10), pain-related signaling molecules (Nerve Growth Factor [NGF], Prostaglandin E2 [PGE2], bradykinin, histamine, and HMGB1), as well as reactive oxygen species.

These specialized substances bind to cognate G-protein coupled receptors (GPCRs) and cytokine receptors present on peripheral sensory terminals. This binding initiates intracellular kinase cascades, involving extracellular signal-regulated kinase (ERK), protein kinase A (PKA), protein kinase C (PKC), AKT, and STAT3. These signaling cascades phosphorylate and alter the kinetics of key ion channels, specifically transient receptor potential vanilloid 1 (TRPV1, TRPV4, TRPA1) and voltage-gated sodium channels (primarily Nav1.7, Nav1.8, and Nav1.9). This molecular remodeling significantly lowers the activation threshold of the nociceptor. As a result, the neuron fires action potentials at a much higher frequency in response to sub-threshold stimuli and increases its baseline release of excitatory neurotransmitters into the central spinal dorsal horn synapse.
Central Sensitization
Central sensitization develops within the central nervous system when intense, high-frequency, or prolonged peripheral sensory input induces long-lasting functional and structural modifications in spinal dorsal horn neurons. As heavily sensitized primary afferents persistently fire, their central terminals within the Dorsal Root Ganglion (DRG) release massive amounts of neurochemical messengers into the synaptic cleft. These include the primary fast neurotransmitter glutamate, alongside neuromodulators like Brain-Derived Neurotrophic Factor (BDNF), Substance P (SP), and Adenosine Triphosphate (ATP).

This excessive release triggers prolonged postsynaptic depolarization in the secondary dorsal horn projection neurons. This intense depolarization removes the voltage-dependent magnesium (Mg2+) block from postsynaptic N-methyl-D-aspartate (NMDA) receptors, leading to an influx of calcium (Ca2+) into the postsynaptic neuron. This intracellular calcium surge activates downstream signaling pathways that increase the baseline excitability, synaptic strength, and responsiveness of central pain-pathway neurons. Consequently, the central nervous system amplifies normal or sub-threshold inputs, enabling them to be processed as intense pain signals.
Dysfunctional Descending Modulatory Systems
Under physiological conditions, the central nervous system manages pain using an active descending modulatory system that can inhibit or facilitate incoming spinal pain signals. This circuit originates in higher cortical zones—including the somatosensory cortex and anterior cinnulate—and routes signals down through the thalamus, the midbrain Periaqueductal Gray (PAG) matter, the locus coeruleus, and the Rostral Ventromedial Medulla (RVM) before terminating in the spinal dorsal horn.

In chronic pain states, this modulatory architecture becomes structurally and functionally impaired. The physiological balance shifts as normal endogenous descending inhibition (mediated by monoamines like norepinephrine and serotonin) is diminished, while descending pain facilitation is pathologically amplified. This loss of endogenous pain control leaves the spinal gating mechanism unchecked, further worsening central pain amplification and contributing to the persistence of chronic pain.
5. Clinical Manifestations of Altered Pain States
The clinical presentation of chronic pain conditions is characterized by two distinct sensory abnormalities: hyperalgesia and allodynia. These serve as diagnostic indicators of underlying neurological dysregulation.
Hyperalgesia
Hyperalgesia is defined as an abnormal, heightened sensitivity to a stimulus that is normally painful, causing it to be perceived with a significantly increased intensity of pain. An everyday clinical example is experiencing severe, intense pain from a light poke on skin that has a recent minor burn. The underlying mechanisms driving hyperalgesia include both peripheral and central sensitization, continuous localized inflammatory signaling, and a loss of descending inhibitory control, which combine to lower thresholds and exaggerate pain responses.
Allodynia
Allodynia represents a more profound sensory distortion, defined as pain evoked by a stimulus that is normally non-painful and completely innocuous under healthy conditions. Classic clinical presentations include patients experiencing clear, sharp pain from a light feather touch, a gentle cool breeze, or from clothes rubbing against the skin. Allodynia is primarily driven by central sensitization, where normal tactile inputs carried by low-threshold mechanoreceptive Aβ (A-beta) fibers are misrouted or amplified within the sensitized spinal dorsal horn, causing the brain to misinterpret normal touch as a painful sensation.
Learning Outcomes & Key Concepts
By completion of this medical review, clinicians and students must be able to:
1. Trace peripheral nociceptive signals as they are processed within the spinal dorsal horn prior to thalamic and cortical transmission.
2. Characterize the detailed molecular mechanics behind nociceptor activation and peripheral/central sensitization.
3. Differentiate clinically and neurobiologically between acute physiological pain and chronic pain syndromes.
4. Formulate the pathological mechanisms driving neuropathic, inflammatory, and nociplastic clinical conditions.
5. Elucidate how visceral pain is generated and the physiological basis behind referred cutaneous pain.
Property
Aδ (A-Delta) Fibers
C Fibers
Clinical / Pathological Role
Myelination Status
Thinly Myelinated
Unmyelinated
Determines conduction speed and temporal latency.
Conduction Speed
Fast-conducting
Slower-conducting
Aδ provides immediate warning; C provides prolonged distress.
Sensation Typology
Sharp, pricking, well-localized
Diffuse, aching, burning, throbbing
First pain vs. second pain presentation.
Pathological Link
Acute pain and rapid protective reflexes
Temporal summation, chronic pain propagation
C-fiber amplification drives hyperalgesia.",
Pain and temperature sensation,"Comprehensive Guide to Pain and Temperature Sensation
Medical Physiology Lecture Reference Guide
Monash School of Medicine
Prepared by: Dr. Simone Carron-Peters
Assisted by: Dr. Ben Seyer
1. Core Learning Objectives
Understand the physiological basis of somatic sensation, specifically focusing on pain and temperature modalities.
Know that pain and temperature sensations are primarily detected by un-encapsulated receptors (free nerve endings) linked with thin-diameter primary afferent fibres.
Recognise and trace the specific pathways to the cerebral cortex for pain, temperature, and touch sensations.
Identify and describe the structural and functional properties of thermoreceptors.
Classify the types and properties of nociceptors, including their roles in clinical pain states.
2. Clinical Relevance & Presentation of Pain
Pain serves as a primary protective mechanism and is clinically the most common reason that individuals present to healthcare facilities, particularly emergency departments. Understanding its physiology is essential for effective diagnosis and patient management.
Top 10 Reasons for Emergency Room Presentations:
1. Stomach and abdominal pain
2. Chest pain
3. Fever
4. Cough
5. Shortness of breath
6. Headache
7. Pain, unspecified site
8. Back symptoms
9. Leg symptoms
10. Vomiting
Clinical Pain Assessment Tools & Limitations
In clinical practice, quantitative evaluation of subjective pain is achieved through standardized assessment tools:
Numeric Rating Scale (NRS): A linear scale from 0 to 10, where 0 represents 'No Pain', 5 signifies 'Moderate Pain', and 10 denotes the 'Worst Possible Pain'.
Wong-Baker FACES Pain Rating Scale: Utilizes a series of six facial icons ranging from a smiling face (0 - 'No Hurt') to a crying face (10 - 'Hurts Worst') to assist patients (such as children or those with communication barriers) in articulating their pain levels.
Key Limitations of Pain Scales:
Conceptualization: It is inherently difficult for a patient to accurately conceptualize or score pain intensities they have never experienced before.
Chronic Pain Overlap: For patients with pre-existing chronic pain syndromes, differentiating between baseline background pain and acute, current pain exacerbations is clinically challenging.
3. Noxious Stimuli and Nociceptors
Noxious stimuli are defined as environmental or internal changes that can cause potential or actual tissue damage. These stimuli lead directly to the activation of nociceptors—specialized nerve endings that transduce tissue injury into neural signals directed toward the central nervous system.
Classification of Noxious Stimuli
Mechanical Stimuli: Involves structural cuts, pinches, sharp punctures, or intense blunt pressure that physically distorts the cutaneous or visceral tissue.
Thermal Stimuli: Exposure to extreme temperatures that cross physiological safety thresholds (noxious heat or noxious cold).
Chemical Stimuli: Exogenous or endogenous substances that provoke tissue irritation, injury, or severe local inflammation (e.g., inflammatory mediators, bradykinin, histamine, or acids).
Functional Types of Nociceptors
Nociceptors are structurally characterized as un-encapsulated free nerve endings distributed extensively across bodily tissues. They are divided functionally into several major classes:
Mechanosensitive Nociceptors: Associated primarily with Aδ fibres, responding to intense mechanical deformation, sharp wounds, and localized tissue pressure.
Mechanothermal Nociceptors: Also associated with Aδ fibres; activated selectively by intense mechanical force combined with extreme thermal thresholds.
Polymodal Nociceptors: Typically bound to unmyelinated C fibres. These versatile receptors respond concurrently to multiple modalities, including damaging mechanical, thermal, and chemical signals (such as capsaicin molecules from chili peppers).
Silent (Sleep) Nociceptors: These receptors exhibit a complete lack of response to typical acute noxious intensities. However, they become functionally active following substantial tissue damage or persistent inflammation. They play a pivotal role in the development of hyperalgesia (an increased, exaggerated pain response to a noxious stimulus) and allodynia (the perception of pain from a normally non-painful stimulus) during inflammatory states.
4. The Four Core Pain Processes
The physiological transition from an environmental threat to a conscious, emotionally charged perception of pain involves four discrete, interconnected biological processes:
•  Transduction: The fundamental process where a peripheral noxious stimulus (mechanical, thermal, or chemical) is converted into electrical energy. This triggers a localized depolarization of the free nerve ending, activating specialized nociceptors to generate propagating action potentials.
•  Transmission: The physiological propagation and conduction of these generated electrical pain signals along primary afferent nerve fibers from the periphery into the dorsal horn of the spinal cord, and subsequently up toward higher cerebral centers.
•  Modulation: An adaptive neural mechanism where pain signals are either amplified (facilitated) or suppressed (inhibited) as they travel along the neural pathway. This dynamic adjustment is regulated by local interneurons within the spinal cord dorsal horn and descending pathways originating from the brainstem, altering final pain intensity perception.
•  Perception: The final step involving the complex cortical and subcortical interpretation of the incoming pain signals within the brain. Perception is highly subjective and heavily influenced by cognitive factors, previous experiences, and the individual's current emotional state.
5. Sensory Afferent Nerve Fibres for Pain and Touch
Primary sensory afferent neurons carry inputs from the peripheral receptors to the spinal cord. They vary markedly in diameter, myelination status, conduction velocity, and functional modality:
Spinal Cord Entry and Anatomy
Dorsal Root: Strictly contains sensory (afferent) nerve fibres carrying impulses into the central nervous system.
Dorsal Root Ganglion (DRG): Houses the cell bodies of all pseudounipolar primary sensory neurons.
Ventral Root: Strictly contains motor (efferent) nerve fibres exiting the spinal cord to innervate peripheral musculature.
6. Properties and Distribution of Thermoreceptors
Thermoreceptors are specialized sensory neurons consisting of free nerve endings that dynamically monitor both absolute environmental temperatures and relative shifts in temperature.
Molecular Mechanisms: TRP Ion Channels
Thermoreception is driven at the sub-cellular level by Transient Receptor Potential (TRP) ion channels embedded within the neuronal biomembrane. When exposed to specific temperatures, these channels undergo a structural conformational change, opening a central pore that permits the inward flux of specific cations (primarily Ca²⁺ and Na⁺). This influx rapidly depolarizes the neuron, generating the action potentials that signal temperature changes to the brain.
Chemical-Temperature Polymodality:
TRP channels are chemical-thermal polymodal. They can be artificially activated by specific chemical compounds that perfectly mimic thermal variations. For example, low concentrations of menthol (found in mint plants) activate cold-sensitive channels like TRPM8 and TRPA1, producing a conscious cooling sensation. Conversely, capsaicin (found in chili peppers) binds and activates heat-sensitive channels like TRPV1, causing a intense burning sensation without an actual change in structural tissue temperature.
Analgesic Properties: Interestingly, while low concentrations of menthol generate cooling, high concentrations completely inhibit TRPA1 channels. This receptor inhibition contributes to the known analgesic (pain-relieving) clinical effects of concentrated topical menthol formulations.
Thermoreceptor Receptors, Thresholds, and Distribution
Innocuous to Noxious Transition: Thermoreceptors operate within distinct ranges. When temperatures transition past safety thresholds—dropping below 16°C (noxious cold) or climbing above 43°C (noxious heat)—innocuous thermal sensations terminate, and thermal pain receptors (nociceptors) are recruited to generate a protective pain response.
Asymmetry of Cold vs. Warm: Humans possess a significantly greater total number of peripheral cold receptors than warm receptors. Furthermore, cold afferent fibres feature faster baseline conduction velocities than warm afferents, combining to produce a noticeably faster homeostatic response and heightened sensitivity to cold exposures.
Anatomical Distribution: Warm receptors are generally located within deeper histological layers of the skin, whereas cold receptors are embedded closer to the superficial epidermal-dermal boundary. Anatomically, the face features a significantly higher density of both cold and warm receptors compared to the hands or forearms.
7. Neural Pathways to the Cerebral Cortex
The transmission of touch, pain, and temperature information follows specific somatosensory wiring schemes into the brain. Temperature and pain modalities are propagated exclusively via the classical Spinothalamic Tract, which is a major component of the anterolateral system.
Step-by-Step Spinothalamic Tract Pathway:
First-Order Neuron & Entry: Sensory signals from peripheral thermoreceptors and nociceptors travel along Aδ or C afferent nerve fibres, entering the spinal cord via the dorsal root. They synapse onto second-order projection neurons within the gray matter of the dorsal horn.
Decussation & Ascend: The axons of these second-order neurons immediately cross over (decussate) to the opposite side of the spinal cord via the anterior white commissure. They enter the white matter and ascend rostrally through the spinothalamic tract.
Brainstem & Thalamic Relay: The ascending axons pass up through the medulla, pons, and midbrain. They eventually enter the thalamus, synapsing specifically within the intralaminar and ventral posterolateral (VPL) nuclei.
Cortical Projection & Conscious Perception: Third-order thalamic neurons project directly through the internal capsule to the primary somatosensory area of the cerebral cortex, located in the postcentral gyrus. This cortical region is responsible for the conscious, highly descriptive perception and precise localization/discrimination of temperature and pain intensity.
Divergent Autonomic Pathways: Concurrently, temperature and pain information diverges to the brainstem reticular formation and alternative forebrain structures, including the insula. These tracts are responsible for driving involuntary autonomic homeostatic responses, such as visceral blood flow regulation, sweating, and shivering.
Fibre Type
Myelination
Diameter (µm)
Conduction Velocity
Sensation Modality
Type Aβ
Myelinated
6 – 12 µm
> 20 m/sec
Innocuous touch and light pressure from skin; fast-driving mechanoreceptors.
Type Aδ
Thinly Myelinated
1 – 5 µm
2 – 20 m/sec
Mechanothermal and touch; signals fast, sharp, piercing, well-localized pain.
Type C
Unmyelinated
0.02 – 1.5 µm
0.5 – 2 m/sec
Polymodal (Mech/Therm/Chem); signals slow, dull, aching, throbbing, poorly localized pain.",
Modulation of nerve conduction- Local anaesthetics ,"Comprehensive Instructional Guide:
Modulation of Nerve Conduction by Local Anaesthetics
Based on the Lectures of Dr. Benjamin Seyer | Monash School of Medicine
1. Introduction to Local Anaesthesia
Local anaesthetics (LAs) are indispensable pharmacological agents used to prevent or alleviate pain by transiently and reversibly blocking nerve conduction. Unlike general anaesthetics, they induce a localized loss of sensation without causing a loss of consciousness. This clinical guide covers their fundamental mechanism of action, structural-functional relationships, classification, physiological factors dictating sensitivity, and diverse clinical modalities.
2. Molecular Mechanism of Action
The primary mechanism of action of local anaesthetics involves the direct inhibition of voltage-gated sodium (Na+) channels located on the neuronal plasma membrane. Under physiological conditions, an action potential propagates along an axon via the rapid influx of Na+ ions through these voltage-gated channels when they transition to an open state.
Mechanism: Direct Intracellular Binding: Local anaesthetics exert their effect by binding directly to the intracellular portion of the voltage-gated Na+ channel pore. This requires the drug molecule to first cross the lipophilic neuronal membrane.
Inhibition: Prevention of Action Potential Propagation: Once bound to the intracellular receptor site, the LA molecule physically blocks the channel or alters its conformation, preventing the influx of Na+ ions. Consequently, depolarization cannot occur, and the propagation of the electrical action potential along the axon is effectively halted.
Clinical Effect: Interruption of Nociceptive Signaling: By obstructing action potential propagation, the peripheral pain signal is stopped from passing along the sensory neuron and reaching the central nervous system (the brain), thereby rendering the target tissue completely analgesic.
3. Chemical Structure and Structure-Activity Relationships
Local anaesthetics are amphipathic molecules, meaning they possess both hydrophobic and hydrophilic characteristics. Structurally, they consist of three essential components that dictate their clinical behavior, stability, and route of metabolism:
1. Lipophilic Group: A benzene ring that provides the molecule with its lipid solubility, allowing it to penetrate through the hydrophobic lipid bilayer of the nerve cell membrane.
2. Intermediate Bond/Linkage: An intermediate chain that links the aromatic ring to the amine group. This linkage is the primary structural differentiator between the two major classes of local anaesthetics, existing as either an Ester (-CO-) or an Amide (-HNC-) linkage. The nature of this bond is highly relevant to how the drug is cleared by the body and its shelf-life properties.
3. Hydrophilic Group: Typically a tertiary amine that serves as a weak base, capable of accepting a hydrogen ion to become ionized (charged) or remaining unionized (uncharged) depending on the environmental pH.
4. Structural Classification: Esters vs. Amides
The chemical classification of local anaesthetics is fundamentally based on the intermediate bond. This division determines the site of metabolic breakdown, duration of action, and allergenicity profiles.
Ester-Linked Local Anaesthetics (e.g., Amethocaine / Tetracaine)
Metabolism: Ester-linked LAs are rapidly broken down and metabolized by tissue-associated esterases, as well as those found circulating within the blood plasma (pseudocholinesterases).
Storage & Stability: These compounds tend to be chemically unstable in solution and often require a higher concentration of preservatives to maintain efficacy and stability during long-term storage.
Clinical Application: Due to their rapid breakdown and chemical characteristics, they are frequently utilized for topical and surface applications.
Amide-Linked Local Anaesthetics (e.g., Lignocaine / Lidocaine)
Metabolism: Amide-linked LAs undergo metabolic biotransformation primarily in the liver, driven by hepatic microsomal enzymes (specifically the Cytochrome P450 system).
Duration: Because hepatic metabolism is a slower process than plasma ester hydrolysis, amides exhibit a significantly longer duration of action compared to esters.
Safety Profile: Amide compounds possess a substantially lower risk of provoking hypersensitivity (allergic) reactions, making them the standard choice for most infiltrative and regional nerve blocks.
Excretion Note: In both classes, the metabolic pathways break down and alter the parent compounds to make them highly water-soluble, facilitating ultimate excretion via the renal system (kidneys).
5. Ionization Status and the Impact of Tissue pH
The ionization state of a local anaesthetic molecule is crucial to its ability to reach its intracellular target. Most local anaesthetics are formulated as weak bases. In physiological environments, they exist in a dynamic equilibrium between an uncharged (unionized) base form (RN) and a charged (ionized) conjugate acid form (RNH+):
RN + H+ ⇌ RNH+
Membrane Permeation: The uncharged, lipid-soluble form (RN) is the only form capable of successfully diffusing across the lipophilic epineurium and neuronal cell membrane.
Intracellular Activation: Once inside the intracellular axoplasm, the molecule re-equilibrates. It re-accepts a hydrogen ion (H+) to revert to its charged, ionized active form (RNH+). It is this ionized form that directly binds to the internal pore of the voltage-gated Na+ channel to block ion conductance.
The Inflamed/Acidic Tissue Paradox: When tissues are infected or inflamed, the local microenvironment becomes highly acidic (lower pH, elevated H+ concentration). This drives the chemical equilibrium heavily to the left, trapping the drug in its ionized, water-soluble form (RNH+) outside the cell. Because the charged form cannot cross the membrane, less drug reaches the inside of the axon, necessitating a significantly higher clinical dose to achieve a successful block.
6. Nerve Fiber Characteristics and Differential Blockade
Local anaesthetics exhibit differential nerve blockade, meaning they preferentially inhibit certain types of nerve fibers before others. This is primarily governed by fiber diameter, myelination, and physical accessibility within the nerve bundle. LAs preferentially block pain and temperature fibers while leaving motor function intact at lower concentrations because motor fibers are much larger and heavily myelinated, presenting a more robust barrier to diffusion.
Anatomical Nerve Architecture: In a peripheral nerve bundle, individual axons are surrounded by endoneurium, grouped into fascicles by the perineurium, and bound together externally by the epineurium. LAs must diffuse through these dense structural connective tissue barriers to achieve a complete clinical block.
7. Use-Dependence (Phasic Blockade)
Local anaesthetic action exhibits use-dependence (also referred to as state-dependence or phasic blockade). Because the binding site is located within the inner vestibule of the channel, the drug can only gain access to its receptor when the channel transitions into its open or recently inactivated states during depolarization.
Frequency-Dependent Binding: High-frequency neuronal firing shifts the proportion of local sodium channels into open and inactivated states, drastically increasing the accessibility of the binding site to the drug.
Therapeutic Benefit: The higher the frequency of action potential generation in a nerve fiber, the more rapidly and intensely the local anaesthetic blocks it. This is clinically highly advantageous, as nociceptive (pain) fibers fire at high frequencies when stimulated, making them prime targets for selective inhibition.
8. Clinical Use Cases and Administration Modalities
Local anaesthetics are administered via several specialized methods depending on the required surgical or therapeutic outcome:
Nerve Block (Peripheral Nerve Blockade)
The anaesthetic is precisely injected adjacent to a major peripheral nerve or nerve plexus (e.g., the Brachial Plexus block, which targets the roots, trunks, divisions, cords, and terminal branches to completely numb the upper extremity). This approach anesthetizes all downstream sensation and motor function below the target site without systemic sedation.
Epidural and Spinal Anaesthesia
Commonly utilized in obstetric medicine (childbirth) and lower body surgeries, these central neuraxial blocks involve injecting the drug into the epidural space or subarachnoid space surrounding the spinal cord. They offer a significantly safer and more effective alternative to oral or intravenous opioids, minimizing central sedation and respiratory depression. However, they are strictly contraindicated in clinical cases presenting with increased intracranial pressure (ICP) or other pre-existing neurological conditions.
Regional Intravenous Anesthesia (Bier Block)
This specialized modality is used for brief surgical procedures or manipulations of the upper limb. The target limb is first completely exsanguinated (cleared of blood using an Esmarch bandage), and a specialized double-cuff tourniquet system is applied to the upper arm. The local anaesthetic solution is then injected directly into the venous system of the isolated limb.
Sequential Inflation Technique: The upper cuff is inflated first after clearing the veins to isolate the limb. The local anaesthetic is injected. The lower cuff is then inflated over the anesthetized tissue, and the upper cuff is deflated to maximize patient comfort and ensure tight safety.
Critical Safety Warning: Absolute restriction of systemic blood flow is critical. If the tourniquet fails prematurely, a large bolus of local anaesthetic can enter the central circulation, causing life-threatening systemic side effects.
9. Optimizing Therapy: Coadministration of Vasoconstrictors
To optimize the therapeutic window of local anaesthetics, they are frequently coadministered with a potent vasoconstrictor, most commonly epinephrine (adrenaline):
Minimizing Systemic Toxicity: By constricting local blood vessels, epinephrine restricts the systemic absorption and 'overflow' of the local anaesthetic into the bloodstream, drastically lowering the risk of systemic toxic events.
Prolonging Duration of Action: Confining the local anaesthetic to the immediate injection site delays clearance, which significantly extends the duration of the nerve block.
Dose Reduction: Because the drug remains concentrated at the target site longer, a lower overall mass dose of the local anaesthetic is required to achieve an identical depth of anesthesia.
Concentration Safety: The concentration of epinephrine utilized is extremely minute, typically prepared in highly diluted ratios such as 1:100,000 or greater to avoid local tissue necrosis or adverse systemic cardiovascular stimulation.
10. Systemic Adverse Effects and Toxicity Profile
While local anaesthetics are highly safe when confined to local tissues, accidental intravascular injection or rapid systemic absorption leads to Local Anaesthetic Systemic Toxicity (LAST). Toxicity increases in a dose-dependent fashion, primarily targeting two highly excitable organ systems:
Central Nervous System (CNS) Toxicity: Early signs include a metallic taste in the mouth, perioral numbness, tinnitus (ringing in the ears), and lightheadedness. As plasma levels rise, it can progress to muscular twitching, generalized grand mal seizures, and ultimate central nervous system depression leading to coma or respiratory arrest.
Cardiovascular System (CVS) Toxicity: Local anaesthetics block cardiac sodium channels and inhibit myocardial conduction. This leads to profound myocardial depression, bradycardia, severe hypotension, ventricular arrhythmias (such as ventricular fibrillation), and complete cardiovascular collapse or cardiac arrest, which can be highly refractory to standard resuscitation.
Fiber Type / Group
Diameter (μm)
Conduction Speed (m/s)
Sensory Receptors & Modality
Aα (Group I)
13 - 20
80 - 120
Proprioceptors (Motor/Position)
Aβ (Group II)
6 - 12
35 - 75
Mechanoreceptors (Touch/Pressure)
Aδ (Group III)
1 - 5
5 - 30
Pain, Temperature (Sharp, fast pain)
C (Group IV)
0.2 - 0.5
0.5 - 2
Temperature, Pain, Itch (Dull, slow pain)",
Introduction to anti-inflammatory agents ,"Comprehensive Guide to Anti-Inflammatory Agents and Non-Opioid Analgesics
A Clinical and Pharmacological Overview Based on Monash School of Medicine Lecture Notes
════════════════════════════════════════════════════════════
1. Introduction and Learning Objectives
This comprehensive informative reference manual outlines the foundational principles of anti-inflammatory pharmacology, focusing heavily on non-opioid analgesics and non-steroidal anti-inflammatory drugs (NSAIDs). Navigating these therapeutic pathways requires a firm understanding of structural inflammatory pathophysiology, molecular mediator profiles, distinct chemical classes, pharmacokinetic parameters, clinical indications, and serious toxicity profiles associated with overdose scenarios.
By evaluating these core concepts, medical professionals and students will be able to:
 Describe the five cardinal symptoms of an acute inflammatory response.
 Map the principal biochemical mediators responsible for driving these clinical features.
 Categorize different drug classes used to manage pain, pyrexia, and localized inflammation.
 Detail the precise cellular mechanisms of action governing non-opioid analgesics and traditional NSAIDs.
 Analyze the comprehensive side effect profiles and critical management strategies required during clinical overdose.
2. Pathophysiology of the Inflammatory Response
The Five Cardinal Symptoms
Inflammation represents a coordinated vascular and cellular reaction to tissue injury or pathogenic invasion. Clinically, it presents via five classic symptoms:
 Heat (Calor): Driven by localized hyperemic vasodilation.
 Redness (Rubor): Induced by increased localized microvascular blood flow.
 Swelling (Tumor): Caused by increased capillary endothelial permeability, resulting in plasma exudation and inflammatory fluid accumulation in the interstitial spaces.
 Pain (Dolor): Triggered by mechanical tissue distension and direct chemical nociceptor excitation.
 Loss of Function (Functio Laesa): Arising from structural impairment, severe swelling, or protective reflex inhibition due to pain.
Primary Inflammatory Mediators
When tissue injury occurs, sentinel cells like mast cells release potent local chemical mediators that directly cause or amplify these symptoms:
 Histamine: Released via mast cell degranulation; induces rapid arteriolar vasodilation and increased venular permeability.
 Bradykinin: A plasma-derived peptide that directly activates and sensitizes peripheral nociceptors to produce pain, while co-stimulating vasodilation.
 5-Hydroxytryptamine (Serotonin): Contributes to vascular remodeling and local nociceptor excitation.
 Eicosanoids: Lipid-derived messengers synthesized from membrane phospholipids that are crucial in establishing, maintaining, and potentiating the pain and inflammatory cascades.
3. The Eicosanoid Biosynthetic Pathway
Eicosanoids are localized lipid signaling molecules that are not stored pre-formed, but instead synthesized de novo upon physiological or pathological cell activation.
The Arachidonic Acid Cascade
1. Cell Membrane Disruption: Physical or chemical trauma activates the enzyme Phospholipase A2 (PLA2).
2. Arachidonic Acid Liberation: PLA2 cleaves membrane phospholipids to release arachidonic acid, a 20-carbon polyunsaturated fatty acid.
3. Enzymatic Divergence: Arachidonic acid serves as a substrate for two major diverging metabolic branches:
The Lipoxygenase (LOX) Pathway: Synthesizes leukotrienes (LTs), which act as powerful bronchoconstrictors and chemotactic agents.
The Cyclooxygenase (COX) Pathway: Synthesizes the central prostanoids (prostaglandins, prostacyclin, and thromboxane). This pathway represents the direct therapeutic target for NSAIDs.
4. Prostanoid Synthesis: Cyclooxygenase converts arachidonic acid into the unstable cyclic endoperoxide intermediates Prostaglandin G2 (PGG2) and Prostaglandin H2 (PGH2). Specialized downstream terminal synthases and isomerases transform PGH2 into specific cell-type prostanoid variants.
Physiological Roles of Key Cellular Prostanoids
 Prostacyclin (PGI2): Synthesized via PGI2 synthase predominantly in vascular endothelial cells. Functionally, it acts as a highly potent vasodilator, hyperalgesic factor, and powerful inhibitor of platelet aggregation.
 Thromboxane A2 (TxA2): Synthesized via TxA2 synthase within blood platelets. It serves as an absolute functional antagonist to PGI2, acting as a potent pro-thrombotic agent that stimulates platelet aggregation and induces intense vasoconstriction.
 Prostaglandin D2 (PGD2): Produced primarily by mast cells; acts as a vasodilator, an inhibitor of platelet aggregation, and promotes gastrointestinal smooth muscle relaxation.
 Prostaglandin E2 (PGE2): The most abundant and multi-functional inflammatory prostanoid. It induces profound local vasodilation, selectively downregulates gastric acid secretion while enhancing protective mucus production, and directly elevates core body temperature (fever) in the hypothalamus while sensitizing peripheral nociceptors to other chemical stimuli (pain hyperalgesia).
 Prostaglandin F2a (PGF2a): Promotes intense bronchoconstriction and drives myometrial (uterine smooth muscle) contraction.
4. Cyclooxygenase (COX) Isoenzymes
The cyclooxygenase enzyme exists in at least two clinically significant distinct isoform variants:
COX-1 (Constitutive Isoform)
COX-1 is expressed ubiquitously throughout the majority of human tissues under steady-state conditions. It plays a physiological 'housekeeping' role by generating the baseline prostanoids required to maintain structural gastric mucosal integrity, sustain physiological renal blood flow auto-regulation, and regulate blood clotting dynamics. Crucially, COX-1 is the only functioning cyclooxygenase isoform expressed inside blood platelets, meaning platelet TxA2 synthesis depends entirely on active COX-1.
COX-2 (Inducible Isoform)
In contrast, COX-2 expression is normally negligible under healthy baseline conditions. Instead, it is highly upregulated and induced within macrophages, endothelial cells, fibroblasts, and other inflammatory cells following stimulation by inflammatory cytokines, endotoxins, or physical injury. COX-2 is the primary source of the elevated prostanoid levels that drive pathologic localized inflammation, pain transmission, and febrile states.
5. Mechanism of Action and General Side Effects of NSAIDs
Non-steroidal anti-inflammatory drugs (NSAIDs) exhibit their therapeutic properties by acting as competitive inhibitors of the cyclooxygenase enzyme, directly binding to the active site and preventing arachidonic acid conversion into PGG2 and PGH2.
Therapeutic Actions
 Analgesic: Reduced peripheral PGE2 synthesis removes nociceptor hypersensitization, decreasing pain perception.
 Anti-inflammatory: Suppressing vasodilatory prostaglandins reduces tissue erythema and edema.
 Antipyretic: Inhibiting PGE2 synthesis in the hypothalamus resets the biological thermostat, alleviating fever.
Pathophysiology of General NSAID Side Effects
Because traditional NSAIDs are non-selective inhibitors that block both COX-1 and COX-2, they induce several characteristic adverse reactions:
 Gastrointestinal Irritation and Peptic Ulceration: Blocking constitutive COX-1 removes the cytoprotective effect of PGE2 in the gut. Gastric acid secretion increases, bicarbonate and protective mucus production drops, and local tissue perfusion declines, exposing the gastric wall to erosive ulceration and life-threatening bleeding.
 Increased Bleeding Time: Inhibiting platelet COX-1 blocks TxA2 synthesis, arresting the initial phase of platelet plug formation and prolonged bleeding.
 Exacerbation of Asthma (Aspirin-Induced Asthma / Bronchospasm): When the cyclooxygenase pathway is blocked by an NSAID, arachidonic acid metabolism is shunted entirely down the lipoxygenase (LOX) pathway. This overactivation results in an overproduction of cysteinyl leukotrienes, inducing severe, acute bronchoconstriction in susceptible asthmatic individuals.
General Pharmacokinetic Profile
Traditional NSAIDs encompass a wide structural variety of chemical classes. As a collective group, they share highly uniform pharmacokinetic properties: they exhibit excellent oral absorption and bioavailability, and they undergo heavy hepatic metabolism primarily mediated by the cytochrome P450 (CYP) enzyme systems before renal excretion.
6. Detailed Individual Drug Profiles
Aspirin (Acetylsalicylic Acid)
Aspirin stands as a structurally distinct agent within the NSAID group due to its unique permanent chemical modification mechanism.
 Mechanism of Action: Aspirin is an irreversible cyclooxygenase inhibitor. It achieves this by covalently transferring its acetyl group to specific serine residues located inside the active site channel of both COX-1 and COX-2 enzymes, permanently rendering them non-functional.
 Because platelets lack a cell nucleus, they cannot synthesize new proteins. Therefore, the irreversible inhibition of platelet COX-1 by aspirin persists for the entire lifespan of that platelet (~7 to 10 days). New thromboxane synthesis can only recover as new platelets are released from megakaryocytes in the bone marrow.
 Dose-Dependent Selectivity: At low doses (75–150 mg daily), aspirin displays high selectivity for platelet COX-1, making it a powerful anti-platelet agent for cardioprotection. At higher standard therapeutic doses (e.g., 300–600 mg), it functions as a non-selective inhibitor of both COX-1 and COX-2, unlocking its classic analgesic, antipyretic, and anti-inflammatory properties.
 Pharmacokinetics: Aspirin acts as a weak organic acid with a pKa of 3.5. In highly acidic environments like the stomach lumen, aspirin shifts into its un-ionized (uncharged) state, which dramatically enhances its lipid solubility and allows rapid trans-mucosal absorption. However, its clearance displays dose-dependent, saturable kinetics. At low doses, its elimination half-life is brief (approximately 2 to 4 hours). At high therapeutic or toxic doses, metabolic pathways in the liver become completely saturated, causing its half-life to skyrocket to 15 to 30 hours, which significantly increases the risk of systemic accumulation.
Ibuprofen
Ibuprofen represents a classic traditional non-selective NSAID that reversibly inhibits both the COX-1 and COX-2 isoenzymes.
 Clinical Indications: It is highly effective and widely used for managing mild-to-moderate pain, acute fever, and localized musculoskeletal inflammatory conditions.
 Core Attributes: Unlike aspirin, ibuprofen exerts a significantly weaker and fully reversible effect on platelet aggregation. It provides an effective balance, providing robust analgesic and antipyretic efficacy with a slightly lower baseline gastrointestinal side effect profile compared to equivalent anti-inflammatory doses of aspirin or indomethacin.
Paracetamol (Acetaminophen)
Paracetamol is a distinct non-opioid analgesic that acts as a simple analgesic rather than a classical NSAID.
Clinical Distinction: Mechanism of Action: Paracetamol acts predominantly within the central nervous system (CNS), potentially inhibiting cyclooxygenase variants within the brain or interacting with a postulated central 'COX-3' variant, alongside modulating endogenous analgesic pathways. Crucially, it functions as an incredibly weak inhibitor of both COX-1 and COX-2 in peripheral tissues, which has major clinical implications:
 It possesses absolutely zero anti-inflammatory therapeutic properties.
 It does not affect platelet aggregation or bleeding times.
 It does not cause gastric irritation, mucosal ulceration, or renal blood flow impairment, making it safe for patients with history of peptic ulcers or those where aspirin is contraindicated.
Selective COX-2 Inhibitors (Coxibs, e.g., Celecoxib)
Designed specifically to bypass the structural toxicity issues of traditional non-selective NSAIDs.
 Rationale: By selectively targeting the inducible COX-2 isoform responsible for pain and inflammation while leaving the constitutive COX-1 isoform untouched, these drugs significantly reduce the incidence of gastrointestinal irritation and mucosal ulceration.
 Cardiovascular Risks: However, highly selective COX-2 inhibition creates a profound physiological imbalance. It completely suppresses the synthesis of endothelial prostacyclin (PGI2, a powerful vasodilator and anti-clotting factor) while leaving platelet-derived thromboxane A2 (TxA2, a pro-thrombotic vasoconstrictor driven by COX-1) entirely active. This clinical imbalance creates a pro-thrombotic state, significantly increasing the risk of myocardial infarction, stroke, fluid retention, and systemic hypertension. This safety risk led to the high-profile voluntary withdrawal of rofecoxib (Vioxx) by Merck in 2004.
7. Toxicology: Clinical Overdose and Management Protocols
Aspirin Toxicity (Salicylism)
Aspirin overdose represents an acute, life-threatening medical emergency. Because two of the four primary metabolic elimination pathways in the liver become saturated at low therapeutic levels, any significant increase in dose transitions the body into zero-order, non-linear kinetics, leading to rapid drug accumulation.
 Toxic Threshold: Plasma salicylate concentrations exceeding 100 mg/100 mL (1000 mg/L) are frequently associated with fatal outcomes.
 Clinical Manifestations: Early presentation includes prominent tinnitus (ringing in the ears), sensorineural deafness, severe headache, and hyperventilation (leading to complex mixed acid-base disorders). Progression results in worsening mental confusion, generalized seizures, metabolic acidosis, hyperpyrexia, cardiovascular collapse, deep coma, and death.
 Overdose Management Protocols:
1. Immediate Resuscitation: Provide aggressive cardiovascular and ventilatory support while closely monitoring blood gas status.
2. Gastric Decontamination: Administer activated charcoal orally or via a nasogastric tube if the patient presents early. Activated charcoal features a porous surface area that binds salicylic acid molecules, preventing further systemic gastrointestinal absorption.
3. Forced Alkaline Diuresis: Administer intravenous Sodium Bicarbonate (NaHCO3). This alkalizes the blood and urine. Because aspirin is a weak acid (pKa 3.5), raising the pH of the renal tubular fluid shifts the chemical equilibrium, forcing the salicylate molecules into their ionized (charged) state. Charged molecules have extremely low lipid solubility and cannot diffuse backward across the renal tubular membrane, successfully trapping them in the urine for rapid excretion ('ion trapping').
4. Extracorporeal Clearance: Initiate immediate emergency hemodialysis in cases of severe poisoning to rapidly remove the drug from circulation.
Paracetamol Toxicity
Paracetamol overdose is the single most common reason for emergency calls placed to Poisons Information Centres and stands as the leading cause of severe drug-induced acute liver injury globally.
 Pathophysiology of Hepatic Necrosis: At safe therapeutic doses, 95% of paracetamol is safely converted via hepatic phase II glucuronidation and sulfation into non-toxic, water-soluble conjugates that are easily excreted by the kidneys. A minor fraction (<5%) is metabolized via cytochrome P450 enzymes into a highly reactive, cytotoxic intermediate known as NAPQI (N-acetyl-p-benzoquinoneimine). Under normal conditions, the liver immediately neutralizes this small amount of NAPQI by conjugating it with endogenous glutathione. However, in an acute overdose scenario (>100 mg/kg), the standard glucuronidation and sulfation pathways become overwhelmed. A large portion of the drug is forced down the CYP450 pathway, creating massive amounts of NAPQI that rapidly deplete the liver's limited supply of glutathione. Once glutathione is exhausted, the free, unbound NAPQI binds covalently to vital cellular proteins on hepatocytes, denaturing them and inducing widespread centrilobular hepatic necrosis.
 Clinical Management and Antidote Administration: Clinical triage utilizes a paracetamol toxicity nomogram to cross-reference time since ingestion against quantitative plasma concentrations to predict the probability of liver injury. The specific antidote is N-acetylcysteine (NAC). NAC functions as a direct biochemical precursor to glutathione, replenishing hepatic glutathione stores and allowing the liver to safely neutralize the remaining NAPQI. To prevent irreversible liver damage, rapid administration of NAC is crucial, ideally initiated within 8 hours of drug ingestion.
8. Clinical Application: The WHO Analgesic Ladder
The implementation of non-opioid analgesics in clinical practice follows the standard World Health Organization (WHO) Analgesic Ladder, ensuring a structured, progressive escalation strategy for pain management:
 Step 1: Mild Pain – Controlled using simple non-opioid analgesics (such as paracetamol) or non-selective NSAIDs (such as ibuprofen or aspirin) if a prominent inflammatory component is clinically present.
 Step 2: Moderate Pain – Escalated by combining Step 1 non-opioid medications with a weak opioid agonist (such as codeine).
 Step 3: Severe Pain – Managed using highly potent, strong opioid agonists (such as morphine) while continuing scheduled, background non-opioid simple analgesics to maximize multi-modal analgesic synergy and reduce overall opioid requirements.
9. Comparative Reference Matrix of Key Agents
Parameter
Aspirin
Paracetamol
Ibuprofen
Diclofenac
Celecoxib
Primary Target
COX-1 (low dose)
COX-1/2 (high dose)
CNS COX
(COX-2?, COX-3?)
COX-1 and COX-2
(Non-selective)
COX-1 and COX-2
(Non-selective)
COX-2 Selective
(Isoform Specific)
Analgesic Efficacy
Yes
Yes
Yes
Yes
Yes
Anti-Inflammatory
Yes
No
Yes
Yes
Yes
Antipyretic Effect
Yes
Yes
Yes
Yes
Yes
Clinical Practice Points / Key Toxicity
Peptic ulcer disease, increased systemic bleeding times, asthma exacerbation, salicylate poisoning emergency.
Gentle on the gastric mucosa; acute overdose causes fatal centrilobular hepatic necrosis (NAPQI-driven).
Effective musculoskeletal agent, lower risk of severe GI toxicity at low doses.
Potent musculoskeletal agent, standard risk of peptic ulceration.
Excellent gastrointestinal safety profile; significantly increased risk of severe cardiovascular thrombotic events.",
Steroidal anti-inflammatory drugs,"Advanced Clinical Pharmacology: Steroidal Anti-Inflammatory Drugs
A Comprehensive Reference Guide on Endogenous Regulation, Molecular Mechanisms, and Clinical Applications
1. Introduction to Inflammation and Therapeutic Classes
Inflammation is a fundamental physiological response characterized classically by the five cardinal signs: heat (calor), redness (rubor), swelling (tumor), pain (dolor), and loss of function (functio laesa). While inflammation serves as a vital defense mechanism to eliminate harmful stimuli and initiate tissue repair, unregulated or chronic inflammatory states underlie numerous debilitating human diseases. To counteract these pathological processes, clinical medicine utilizes two distinct major classes of therapeutic medications: Non-Steroidal Anti-Inflammatory Drugs (NSAIDs) and Glucocorticosteroids (GCS). Unlike NSAIDs, which primarily target cyclooxygenase enzymes to limit prostanoid synthesis, glucocorticoids act via a comprehensive nuclear receptor framework, altering gene expression to exert profound anti-inflammatory and immunosuppressive effects.
2. Biosynthesis and Action of Endogenous Glucocorticoids
Anatomical and Histological Organization
Endogenous steroids are synthesized within the cortex of the adrenal glands, which sit superiorly to the kidneys. The adrenal gland is divided structurally into an outer cortex and an inner medulla. The adrenal cortex itself is organized into three distinct histological zones, each responsible for synthesizing a specific class of steroid hormones from a common precursor molecule, cholesterol:
Zona Glomerulosa: Synthesizes mineralocorticoids, primarily aldosterone, which regulates water and electrolyte balance by promoting sodium retention and potassium excretion.
Zona Fasciculata: Synthesizes glucocorticoids, primarily hydrocortisone (cortisol), which plays a pivotal role in regulating carbohydrate and protein metabolism, orchestrating the physiological stress response, and suppressing inflammatory processes at supraphysiological concentration scales.
Zona Reticularis: Synthesizes adrenal androgens, such as dehydroepiandrosterone and androstenedione, which are subsequently converted into active sex hormones in peripheral target tissues.
The Enzymatic Biosynthetic Pathway
The pathway begins with cholesterol, which is enzymatically converted to pregnenolone. Within the zona glomerulosa, pregnenolone is converted sequentially via progesterone and corticosterone into aldosterone. Concurrently, within the zona fasciculata, pregnenolone undergoes 17α-hydroxylation to form 17α-hydroxypregnenolone, which is sequentially metabolized into 11-deoxycortisol and ultimately hydrocortisone (cortisol). Cortisone also acts as an endogenous substrate, which must be converted in vivo into active hydrocortisone to perform biological functions.
The Hypothalamic-Pituitary-Adrenal (HPA) Axis
The synthesis and systemic release of glucocorticoids are strictly regulated by the Hypothalamic-Pituitary-Adrenal (HPA) axis, operating under a fine-tuned homeostatic feedback framework:
1. Stimulus and Hypothalamic Activation: In response to biological stress, circadian rhythms, or low circulating cortisol, the hypothalamus secretes Corticotropin-Releasing Factor (CRF). This process can be positively augmented by Antidiuretic Hormone (ADH) acting on the anterior pituitary gland.
2. Pituitary Response: CRF translocates to the anterior pituitary gland, where it stimulates the synthesis and release of Adrenocorticotropic Hormone (ACTH) into the systemic circulation.
3. Adrenal Cortical Steroidogenesis: ACTH travels via the bloodstream to the adrenal cortex, where it binds to specific receptors to stimulate the immediate synthesis and release of glucocorticoids (hydrocortisone) from the zona fasciculata.
4. Multilevel Negative Feedback Control: To maintain homeostatic equilibrium and prevent toxicity, free circulating glucocorticoids exert a powerful inhibitory effect via a long negative feedback loop, directly binding to receptors in both the hypothalamus (inhibiting CRF release) and the anterior pituitary gland (inhibiting ACTH release). Additionally, ACTH exerts an inhibitory effect on the hypothalamus via a short negative feedback loop. Separately, mineralocorticoid release from the zona glomerulosa is predominantly controlled by the Renin-Angiotensin System.
3. Clinical Presentation of Endogenous Dysregulation
Primary Adrenocortical Insufficiency (Addison's Disease)
Addison's disease represents a chronic clinical state resulting from a quantitative deficiency in the synthesis of hydrocortisone and mineralocorticoids due to adrenocortical destruction. The clinical features reflect a total metabolic breakdown:
Metabolic and Systemic Manifestations: Generalized weakness, profound lethargy, and progressive weight loss.
Cardiovascular and Electrolyte Disturbances: Persistent hypotension and severe dehydration, driven directly by a loss of mineralocorticoid activity leading to wasting of sodium ions (Na+).
Dermatological Clues: Characteristic hyperpigmentation of the skin and mucous membranes, alongside patches of vitiligo.
Gastrointestinal Symptoms: Nausea, diarrhea, vomiting, constipation, and abdominal pain.
The mandatory therapeutic strategy requires precise hormone replacement therapy utilizing exogenous hydrocortisone combined with a potent synthetic mineralocorticoid, fludrocortisone, to restore normal fluid and electrolyte balance.
Hypercortisolism (Cushing's Syndrome)
Cushing's syndrome represents the opposite pathological extreme, defined by a chronic excess of circulating glucocorticoids. It presents as a severe metabolic disorder characterized by upper body obesity, a rounded 'moon face', a 'buffalo hump' fat pad, severe muscle wasting, skin thinning, and hypercortisolemia-induced physiological imbalances. While it can occur endogenously due to pituitary adenomas, it most commonly manifests as an iatrogenic potential side effect in patients on long-term, high-dose exogenous steroids for chronic inflammatory conditions.
4. Molecular Mechanisms of Action
Nuclear Receptor Signal Transduction
Glucocorticoids possess a unique, highly lipophilic chemical structure, allowing them to freely cross the lipophilic cellular plasma membrane via simple passive diffusion. Unlike membrane-bound ligand-gated ion channels, G-protein coupled receptors, or kinase-linked receptors, the glucocorticoid receptor (GR) is a specialized class 4 nuclear receptor residing inside the cytoplasm in an inactive conformation, bound to molecular chaperones including heat shock protein 90 (hsp90).
Upon ligand binding, the receptor undergoes an immediate conformational shift causing the dissociation of hsp90. The activated ligand-GR complex quickly homodimerizes and translocates through the nuclear pore complex into the nucleus, where it binds directly to specific genomic sequences known as Glucocorticoid Response Elements (GRE) or interacts directly with vital transcription factors to elicit dual genomic effects:
1. Transrepression (Down-regulation of Inflammatory Genes): The ligand-GR complex binds directly to transcription factors like Activator Protein-1 (AP-1) or Nuclear Factor kappa B (NF-κB). This interaction physically blocks gene transcription, leading to a marked down-regulation of pro-inflammatory cytokines (e.g., IL-1, IL-2, IL-3, IL-6, TNF-α, GM-CSF, IFN-γ) and inflammatory mediators.
2. Transactivation (Up-regulation of Anti-inflammatory Genes): The complex binds natively to specific GRE promoters, structurally activating the transcription of mRNA coding for potent anti-inflammatory proteins. The most critical of these is annexin-1 (also historically designated as lipocortin-1).
Downstream Interruption of the Eicosanoid Pathway
The up-regulation of annexin-1 is the primary molecular engine driving glucocorticoid anti-inflammatory efficacy. Under normal inflammatory conditions, physical or chemical stimuli activate the enzyme phospholipase A2 (PLA2), which cleaves membrane phospholipids to release arachidonic acid. Arachidonic acid then serves as the fundamental substrate for two major cascading inflammatory pathways:
The Cyclooxygenase (COX) Pathway: Utilizes cyclooxygenase enzymes (COX-1 and COX-2) to generate prostaglandin G2 and H2 (PGG2/PGH2). These intermediate endoperoxides are converted by specific isomerases and synthases into active prostacyclin (PGI2), thromboxane A2 (TxA2), and pro-inflammatory prostaglandins (PGD2, PGE2, PGF2α).
The Lipoxygenase (LOX) Pathway: Utilizes the lipoxygenase (LOX) enzyme to process arachidonic acid into leukotrienes (LTs), which mediate bronchoconstriction, vascular permeability, and white blood cell chemotaxis.
Exogenous glucocorticoids fundamentally arrest this entire inflammatory cascade at its point of origin. Annexin-1 directly binds to and inhibits phospholipase A2. By blocking PLA2 function, glucocorticoids completely prevent the release of arachidonic acid from cellular membranes. Consequently, both downstream pathways—the COX pathway and the LOX pathway—are fully deprived of their primary substrate, leading to a total shutdown in the production of all prostaglandins, prostacyclins, thromboxanes, and leukotrienes.
Cellular and Tissue Immunosuppressive Footprint
Glucocorticoids act globally across various physiological compartments to suppress both the immune apparatus and structural inflammatory changes:
Lymphocytes: Decreased production of IL-2, IL-3, IL-6, TNF-α, GM-CSF, and IFN-γ, leading to suppressed clonal expansion and impaired T-lymphocyte activation.
Monocytes and Macrophages: Markedly reduced generation of IL-1 and TNF-α, paired with a significant down-regulation of Fc and C3 complement receptors, neutralizing their phagocytic, antigen-presenting, and chemotactic capabilities.
Endothelial Cells: Down-regulated expression of key endothelial adhesion molecules, such as Intercellular Adhesion Molecule-1 (ICAM-1) and E-selectin. This prevents the marginated rolling, adhesion, and emigration of circulating white blood cells from the bloodstream into inflamed extravascular tissues.
Basophils and Mast Cells: Direct suppression of histamine and leukotriene release, blunting immediate-type hypersensitivity reactions.
Fibroblasts: Inhibition of proliferation and extracellular matrix synthesis, which suppresses fibrovascular proliferation and chronic scarring.
At the tissue level, these combined cellular changes result in a profound clinical reduction in vasodilation, local edema, leukocytic infiltration, nitric oxide synthesis, eicosanoid generation, and cytokine-driven tissue damage.
5. Chemical Classification and Pharmacokinetics
Endogenous vs. Synthetic Structural Profiling
Exogenous corticosteroids are categorized into short, intermediate, or long-acting agents based on their structural modifications, anti-inflammatory potency, and mineralocorticoid cross-reactivity:
Hydrocortisone and Cortisone: Naturally occurring molecules. They possess high inherent mineralocorticoid activity alongside their glucocorticoid action.
Prednisone and Prednisolone: Prednisone is a prodrug that is biologically inactive until metabolized in vivo by hepatic enzymes into its active form, prednisolone. These synthetic intermediates show enhanced anti-inflammatory potency and significantly reduced mineralocorticoid effects compared to hydrocortisone.
Dexamethasone, Betamethasone, and Triamcinolone: Dexamethasone and betamethasone are highly modified fluorinated steroids. They are extremely potent anti-inflammatory agents that completely lack mineralocorticoid cross-reactivity in vivo, making them ideal when sodium and water retention must be avoided.
Inhaled and Topical Corticosteroids: Beclomethasone, fluticasone, and budesonide are highly lipophilic molecules engineered specifically for targeted, topically restricted delivery.
Routes of Drug Administration
Glucocorticoids are highly versatile and can be administered through multiple clinical routes depending on the disease pathology:
Systemic Routes: Utilized for systemic, widespread therapy (e.g., oral tablets for chronic autoimmune flares, intramuscular injections for sustained systemic release, or immediate intravenous pushes for emergency acute status asthmaticus or anaphylaxis).
Topical/Localized Routes: Engineered to optimize local therapeutic concentration directly at the site of active inflammation while minimizing systemic distribution and avoiding systemic side effects. These include dermatological creams for eczema, ophthalmic eye drops for eye inflammation, nasal sprays for allergic rhinitis (hay fever), or metered-dose inhalers (MDI) for asthma.
Metabolic Profile and Substrate Interactions
Systemically administered glucocorticoids undergo extensive hepatic metabolism. Critically, these agents act as powerful inducers of the hepatic Cytochrome P450 3A4 (CYP3A4) enzyme pathway. By up-regulating CYP3A4 transcription, systemic glucocorticoids significantly accelerate the clearance and reduce the therapeutic efficacy of any co-administered medications that are substrates for this specific hepatic enzyme. These drug interactions are highly prevalent with systemic administration but are markedly less likely with topically restricted formulations due to minimal systemic absorption.
6. Clinical and Therapeutic Indications
Ophthalmic and Dermatological Inflammation
Topical glucocorticoids are the standard of care for severe non-infectious inflammatory disorders of the eye and skin. Ophthalmic suspensions utilizing fluorometholone, loteprednol, or dexamethasone effectively suppress anterior uveitis, iritis, and post-surgical ocular inflammation. In dermatology, topical steroid formulations are utilized to resolve acute exacerbations of dermatitis, eczema, and psoriasis by suppressing local cytokine expression and tissue edema.
Rheumatoid and Autoimmune Arthritis
In conditions like Rheumatoid Arthritis (RA), macrophages and activated T-lymphocytes continuously infiltrate the synovial joint spacer, releasing a destructive wave of IL-1, TNF-α, and matrix metalloproteinases. This inflammatory environment drives persistent fibroblast proliferation, pannus formation, and enzymatic erosion of joint cartilage and bone, culminating in permanent joint damage. Systemic or intra-articular glucocorticoids (e.g., dexamethasone, methylprednisolone, triamcinolone) potently interrupt this pathological cascade, suppressing macrophage activation and preserving functional joint architecture.
Allergic Reactions and Hypersensitivity States
Glucocorticoids are highly effective at blunting hypersensitivity cascades, such as allergic rhinitis (hay fever) and acute environmental allergies (e.g., severe bee stings). While epinephrine is mandatory for immediate anaphylactic management, glucocorticoids are administered concurrently to suppress the delayed-phase inflammatory response, down-regulating leukocyte activation and preventing secondary tissue edema.
Asthma and Airway Hyperresponsiveness
Asthma is characterized pathophysiologically by a biphasic airway response:
Immediate Response: An immediate-phase hypersensitivity reaction marked by mast cell degranulation, histamine release, and acute spasm of bronchial smooth muscle (bronchoconstriction).
Late-Phase Response: A delayed late-phase inflammatory reaction driven by T-lymphocyte recruitment, eosinophil activation, hypersecretion of mucus, and profound mucosal swelling.
Glucocorticoids function strictly as long-term preventative maintenance controllers ('preventers'). They have absolutely no direct effect on acute smooth muscle spasm and do not provide immediate bronchodilation. Instead, they target the late-phase inflammatory reaction, directly reducing mucosal swelling and secretions. In clinical practice, asthma therapy utilizes two primary dosing strategies:
Oral Formulations (e.g., Prednisolone): Reserved for acute, severe asthma exacerbations. Short-term courses (typically 7 to 14 days) are generally well-tolerated. However, longer periods of oral treatment require an obligatory slow dose tapering schedule before transitioning the patient fully to localized therapy.
Inhaled Corticosteroids (ICS): The preferred standard for chronic maintenance. Highly lipophilic synthetic agents, such as fluticasone, budesonide, and beclomethasone, are delivered directly to the respiratory mucosa. Because they undergo minimal systemic absorption from the mucus membranes, they carry an exceptionally low systemic side-effect profile. Crucially, their airway penetration can be significantly enhanced when co-administered alongside a long-acting beta-2 agonist (β-agonist), which dilates the airways to allow deeper steroid deposition.
7. Adverse Side-Effect Profile of Prolonged Therapy
While glucocorticoids are exceptionally potent anti-inflammatory agents, prolonged systemic exposure leads to widespread endocrine and metabolic toxicity:
Hyperglycemia and Diabetes: Glucocorticoids accelerate gluconeogenesis and decrease peripheral glucose utilization, inducing state-wide insulin resistance and hyperinsulinemia. This leads to marked hyperglycemia and can precipitate iatrogenic Type 2 Diabetes Mellitus.
Growth Suppression and Muscle Wasting: In children, chronic glucocorticoid exposure suppresses growth hormone secretion and blunts epiphyseal growth plate expansion, leading to skeletal growth suppression. In adults, enhanced skeletal muscle protein catabolism causes profound muscle wasting and proximal myopathy.
Osteoporosis: Glucocorticoids directly inhibit osteoblast function, stimulate osteoclast activity, decrease intestinal calcium (Ca2+) absorption, and significantly increase renal calcium excretion. This triple mechanism results in rapid bone demineralization, culminating in severe osteoporosis and spontaneous pathological fractures.
Hypertension: Steroids enhance peripheral vascular sensitivity to catecholamines and cross-react with mineralocorticoid receptors at high doses, expanding extracellular fluid volume and causing systemic hypertension.
Increased Susceptibility to Infection: Due to global immunosuppression, patients are at a highly elevated risk for opportunistic infections. Crucially, because glucocorticoids suppress the production of pro-inflammatory cytokines, they mask classical clinical symptoms of active infection (such as fever and localized swelling), potentially delaying diagnosis.
8. Clinical Practice Points and Tapering Guidelines
To optimize therapeutic outcomes while minimizing severe systemic toxicity, clinical practitioners must strictly adhere to foundational safety principles:
1. General Dosing Philosophy: Always prescribe the lowest clinically effective dose for the shortest possible duration.
2. Acute vs. Chronic Toxicity: A single large systemic dose administered in an acute, one-off life-threatening emergency (e.g., anaphylactic shock or status asthmaticus) is virtually harmless and carries no long-term toxic footprint. Conversely, prolonged continuous systemic therapy is inevitably tied to significant, multi-organ side effects.
3. Physiological Adrenal Atrophy: Exogenous glucocorticoids suppress endogenous steroid production via long-term negative feedback on the HPA axis, leading to structural atrophy of the zona fasciculata. If systemic steroid therapy is stopped abruptly, the atrophied adrenal glands cannot immediately resume hormone synthesis, resulting in acute adrenal insufficiency.
4. Mandatory Dose Tapering: To prevent cardiovascular collapse from sudden adrenal insufficiency, any prolonged course of systemic glucocorticoids must be discontinued via a strict, gradual dose tapering schedule. This allows the HPA axis and the adrenal cortex to slowly recover structural and functional capacity.
Clinical Alert: Adrenal Crisis
An acute, life-threatening manifestation of Addison's disease or sudden steroid withdrawal. It presents as an emergency triad of high fever, syncope, convulsions, severe hypoglycemia, profound hyponatremia, and intractable severe vomiting and diarrhea, rapidly culminating in cardiovascular collapse if untreated.",
Viral pathogens 1 ,"Medical Virology and Pathogenesis: A Comprehensive Analysis of Viral Mechanisms
Based on the academic curriculum of Monash School of Medicine (MED1100/1200), this comprehensive medical guide explores the intricate principles of viral pathogenesis, structural classification, host-pathogen interactions, and clinical countermeasures. Curated from clinical lectures by Dr. Meredith Hughes, this resource serves as an intensive reference for advanced medical students exploring musculoskeletal, neuromuscular, and cardiovascular infectious diseases.
1. The Global Burden and Epidemiology of Viral Pathogens
Viruses constitute some of the most pervasive and clinically challenging etiologic agents affecting human health. Historically and contemporaneously, they are responsible for substantial morbidity, high mortality rates, and devastating economic burdens across global health systems. To understand the scale of these pathogens, clinical virology evaluates several defining historical benchmarks and ongoing epidemiological statistics:
Influenza Virus: c. 656,000 deaths annually worldwide, presenting a continuous threat via antigenic drift and shift.
Rotavirus: A critical pediatric pathogen responsible for an estimated 215,000 deaths per year globally (based on 2013 data), predominantly due to severe dehydration from acute gastroenteritis.
Smallpox (Variola Virus): Responsible for an estimated 300 million deaths during the 20th century alone before its monumental eradication in 1977 achieved through synchronized global vaccination strategies.
Hepatitis B Virus (HBV): Causes chronic infections, cirrhosis, and hepatocellular carcinoma, leading to approximately 800,000 deaths annually.
Rabies Virus: An acute, progressive incurable viral encephalomyelitis possessing a case-fatality rate of virtually 100%, claiming over 60,000 human lives each year.
Human Immunodeficiency Virus (HIV): A chronic systemic pandemic pathogen currently infecting or affecting approximately 40 million individuals worldwide.
Hendra and Nipah Viruses: Zoonotic paramyxoviruses native to fruit bats that display severe clinical lethality rates ranging between 40% and 80% during outbreaks.
Ebola Virus: A filovirus causing severe hemorrhagic fever with catastrophic lethality rates spanning from 25% to 90%.
Emerging and Zoonotic Viral Threats
The interface between animal reservoirs and human populations has accelerated the emergence of highly virulent zoonotic pathogens. Key chronological milestones in modern zoonotic epidemiology include:
1947: Zika VirusDiscovery of the flavivirus, later linked to congenital neurological abnormalities.
1976: Ebola VirusFirst recognized emergence of the highly lethal Ebola virus hemorrhagic fever in Zaire.
1994: Hendra VirusIdentification of Hendra virus in Australia following respiratory outbreaks in horses and humans.
1998: Nipah VirusOutbreak of Nipah virus in Malaysia causing severe encephalitis in pig farmers.
2003: SARS-CoV-1Emergence of Severe Acute Respiratory Syndrome Coronavirus 1 (SARS-CoV-1), demonstrating high transmissibility within healthcare settings.
2012: MERS-CoVIdentification of Middle East Respiratory Syndrome Coronavirus (MERS-CoV) originating from dromedary camels.
2014: West African Ebola OutbreakThe catastrophic West African Ebola epidemic, underscoring systemic vulnerabilities in global outbreak responses.
2015: Zika Virus EpidemicWidespread transmission across the Americas, establishing a definitive causal link to fetal microcephaly and developmental neuropathology.
Modern Era: Coronavirus Pandemic (SARS-CoV-2)The generation of global health crises, illustrating the profound capacity of novel coronaviruses to cause severe multi-systemic disease.
2. Biological Nature and Structural Anatomy of Virions
Viruses are strictly acellular, non-living infectious agents that function as obligate intracellular parasites. Structurally minimal, they lack autonomous metabolic machinery and complete enzyme systems, rendering them entirely dependent on host cell metabolic factors, ribosomes, and substrates to synthesize viral proteins and replicate genomic material. Consequently, most viruses exhibit a tightly restricted host range and highly specific cellular tropism.
Comparative Architecture and Genomic Density
On a structural scale, a typical virion measures approximately 0.02 to 0.3 micrometers (with standard reference visuals utilizing a 0.25 µm scale bar to highlight their microscopic dimensions relative to bacteria and eukaryotic animal cells). Despite their physical simplicity, viral genomes display extraordinary genetic density, packing structural and regulatory data into minimal base pairs compared to cellular organisms:
HIV: Possesses a compact single-stranded RNA genome of 9.7 kilobases (kb) which encodes exactly 9 essential genes.
Escherichia coli: A single-celled bacterium possessing a double-stranded DNA genome of 4.6 megabases (Mb) encoding 4,377 genes.
Homo sapiens: A complex eukaryotic genome spanning 3.2 gigabases (Gb) encoding more than 20,000 distinct protein-coding genes.
Virion Structural Classifications
Virions are divided into naked or enveloped varieties and exhibit four classical morphological architectures:
1. Helical: Cylindrical capsids composed of repeating protein subunits (capsomeres) wound around a central axis of helical viral RNA (e.g., Tobacco Mosaic Virus, measuring approximately 18 x 250 nm).
2. Icosahedral: Three-dimensional, 20-sided geometric capsids demonstrating 5:3:2 rotational symmetry, built from capsomeres protecting internal viral DNA (e.g., Adenoviruses, possessing a diameter of 70–90 nm and projecting prominent attachment fibers).
3. Enveloped: An inner nucleocapsid surrounded by an outer host-derived lipid bilayer membrane (lipid envelope) embedded with viral-encoded glycoproteins essential for receptor binding (e.g., Influenza viruses, 80–200 nm in diameter; HIV).
4. Complex: Intricate structures combining multiple symmetries, frequently featuring an icosahedral head containing viral DNA attached to a contractile tail sheath, baseplate, and tail fibers utilized for host cell wall penetration (e.g., Bacteriophage T4, measuring 80 x 225 nm).
3. Dynamics of Viral Transmission and Tissue Specificity
The survival and propagation of viral pathogens depend on efficient transmission between hosts. Epidemiologically, transmission pathways are bifurcated into two primary modalities:
Direct Transmission: Horizontal contact (e.g., kissing, sexual intercourse), direct exposure to airborne droplets expelled during respiration, or biological vector-mediated transmission (e.g., arthropods). Vertical contact represents direct mother-to-child transmission transplacentally, intrapartum, or via breast milk.
Indirect Transmission: Mediated via inanimate vehicles including contaminated surfaces (fomites), food, water, or blood products. Respiratory viruses frequently exploit indirect transmission via fine aerosols that remain suspended in the air. Crucially, fecal-oral contamination can drive both direct and indirect transmission pathways.
Host Receptor Exploitation and Cell Tropism
Tissue specificity and clinical symptomatology are directly dictated by the specific host cell surface molecules that viruses exploit for attachment. This structural lock-and-key interaction limits the virus to particular anatomical niches:
Influenza Virus: Exploits cell-surface sialic acid residues on respiratory epithelial cells, causing localized respiratory disease.
Rotavirus: Binds to GM1 ganglioside receptors on gastrointestinal epithelial cells, causing severe localized enterocyte damage and diarrhea.
Human Immunodeficiency Virus (HIV): Exhibits strict tropism for immune cells by binding to the CD4 glycoprotein alongside chemokine co-receptors (CCR5 or CXCR4) on CD4+ T lymphocytes, driving chronic systemic immunosuppression.
Herpes Simplex Virus (HSV): Utilizes heparan sulfate proteoglycans as primary attachment factors on a wide array of mucosal and cutaneous cells.
Adenovirus: Exploits the Coxsackievirus and Adenovirus Receptor (CAR) alongside alpha-v integrins to gain entry into host cells.
Human Herpesvirus 8 (HHV-8): Utilizes the specialized C-type lectin receptor DC-SIGN to infect specific subsets of immune cells.
4. The Universal Viral Life Cycle and Core Replicative Steps
Regardless of genomic composition, all viral pathogens progress through five fundamental sequential stages to complete an intracellular reproductive cycle:
1. Attachment (Adsorption): The initial, high-affinity physical binding between viral surface proteins (or glycoproteins) and matching host cell surface receptors or attachment factors.
2. Penetration, Entry, and Uncoating: The virion crosses the host plasma membrane via receptor-mediated endocytosis or direct membrane fusion (for enveloped viruses). This is immediately followed by uncoating, where the protective protein capsid is disassembled, liberating the viral genome into the host intracellular environment.
3. Gene Expression and Replication: The viral genome subverts the host cell's transcription and translation machinery to drive the synthesis of viral messenger RNA (mRNA) and early regulatory proteins. Concurrently, the viral genome is replicated utilizing either host or viral polymerases.
4. Assembly, Packaging, and Maturation: Structural capsomere subunits spontaneously or enzymatically organize around freshly synthesized copies of the viral nucleic acid genome, undergoing maturation into stable, infectious progeny virions.
5. Release: Progeny virions exit the host cell. Non-enveloped viruses typically cause host cell lytic destruction (lysis). Enveloped viruses exit via budding or exocytosis, sequentially wrapping themselves in host-derived lipid membranes embedded with viral glycoproteins.
5. The Baltimore Classification System
The Baltimore classification system organizes all viruses into seven distinct groups based on their genomic nucleic acid composition (DNA vs. RNA, single-stranded vs. double-stranded), polarity (positive-sense vs. negative-sense), and the specific biochemical mechanisms utilized to generate translatable positive-sense mRNA (+sense mRNA). While the classical Central Dogma dictates a linear flow of information (DNA -> mRNA -> Proteins), viral pathogens utilize diverse strategies:
Group I: Double-stranded DNA (dsDNA) Viruses — Utilize host or viral DNA polymerases for direct transcription into mRNA. Examples include Herpes Simplex Virus (HSV), Human Papillomavirus (HPV), and Hepatitis B Virus (HBV - Group VII variant).
Group II: Single-stranded DNA (ssDNA) Viruses — Must synthesize a complementary strand to form a dsDNA intermediate prior to mRNA transcription.
Group III: Double-stranded RNA (dsRNA) Viruses — Possess a segmented or non-segmented double-stranded RNA genome. Example: Rotavirus.
Group IV: Positive-sense Single-stranded RNA (ssRNA+) Viruses — Genomes function directly as mRNA upon entry. Examples: Hepatitis C Virus (HCV), Coronaviruses, Dengue Virus.
Group V: Negative-sense Single-stranded RNA (ssRNA-) Viruses — Must carry an active viral RNA-dependent RNA polymerase (RdRp) inside the virion to transcribe the negative-sense genomic template into positive-sense mRNA. Examples: Influenza Virus, Ebola Virus.
Group VI: ssRNA-RT Viruses (Retroviruses) — RNA viruses that encapsulate a reverse transcriptase enzyme, transcribing their single-stranded RNA into a dsDNA intermediate that integrates permanently into the host genome. Example: HIV.
6. Host Infection Outcomes and Replicative Strategies of DNA Viruses
Following intracellular entry, the interaction between a virus and its host cell results in one of four distinct pathophysiological outcomes:
1. Lytic/Acute Infection: Rapid replication culminating in cell lysis and immediate tissue destruction. These are termed cytopathic viruses.
2. Persistent Infection: Chronic, slow release of viral particles without inducing immediate host cell death. This often results in prolonged immunopathology.
3. Latent Infection: The viral genome remains completely intact but transcriptionally quiescent within the host cell nucleus. No infectious progeny are produced during this dormant phase. However, the virus retains the capacity to reactivate into a lytic cycle upon exposure to specific cellular or environmental stimuli.
4. Transforming/Oncogenic Infection: The virus induces oncogenesis, transforming normal cellular lineages into malignant tumor cells. This occurs via two principal mechanisms: (a) activation of cellular oncogenes or expression of viral-encoded oncogenes, or (b) direct inhibition of host cell tumor suppressor pathways.
General Replication Scheme of DNA Viruses
For the vast majority of DNA viruses, the viral genome must be actively transported across the nuclear membrane into the host cell nucleus. The singular major exception to this rule is the Poxviridae family, which replicates exclusively within the cytoplasm due to their large size and self-encoded enzymatic machinery. Once inside the nucleus, DNA viruses utilize the host cell's own RNA Polymerase II to transcribe viral genes into mRNA. A notable exception is the Hepatitis B Virus (HBV), which utilizes a reverse transcription intermediate.
Early gene products synthesized immediately after uncoating are predominantly non-structural. They include viral DNA polymerases, high-affinity origin-binding proteins, and specialized regulatory proteins designed to re-program host cell cell-cycle checkpoints and subvert the innate host antiviral response.
7. Pathogenesis and the Molecular Mechanisms of Disease Symptoms
The physiological adversity and clinical symptoms characterizing viral infections stem from three distinct pathological processes: Cytopathy, Oncogenesis, and Immunopathology.
1. Cytopathy: Direct, irreversible structural damage inflicted on host tissues and target organs as a consequence of rapid viral replication and subsequent cell lysis.
2. Oncogenesis: Malignant subversion of host cell regulatory mechanisms through the inactivation of tumor suppressors or the constitutive activation of proliferative oncogenes.
3. Immunopathology: Collateral damage inflicted on healthy tissue by the host's own immune response. This is the primary driver of disease symptoms for most non-cytopathic viruses. It manifests via:
• Inflammation: Massive recruitment and infiltration of immune cells into infected sites, causing severe swelling, localized warmth, and painful rashes.
• Cytokine/Lymphocyte Deregulation: Uncontrolled hypercytokinemia and aberrant lymphocyte activation, leading to systemic shock and vascular compromise.
• Auto-immunity: Molecular mimicry or accidental immune activation where viral antigens prompt the generation of T cells and antibodies that are cross-reactive with self-antigens.
Clinical Case Study: Antibody-Dependent Enhancement (ADE) in Dengue Virus
Antibody-Dependent Enhancement represents a catastrophic example of immunopathology. Under baseline conditions, circulating human monocytes are completely non-susceptible to initial dengue virus exposure because they lack the appropriate attachment receptors. However, if a patient possesses pre-existing, non-neutralizing antibodies from a primary infection with a different dengue serotype, a subsequent secondary exposure creates a highly hazardous clinical dynamic:
1. Complex Formation: Pre-existing heterotypic antibodies bind to the new dengue virus serotype but fail to neutralize it. Instead, they form intact antibody-virus complexes.
2. Receptor Exploitation: The Fc portions of these bound antibodies attach with high affinity to Fc receptors normally expressed on the surface of circulating monocytes. This acts as a molecular Trojan horse, facilitating efficient viral entry into cells that are normally non-susceptible.
3. Hyper-Replication: Intracellular entry leads to an elevated viral load and rapid replication within the immune system.
4. Vascular Collapse: This uncontrolled replication triggers an aggressive systemic cytokine storm. Stimulated T cells produce massive quantities of pro-inflammatory cytokines, causing widespread plasma leakage, profound vascular compromise, and severe internal hemorrhaging.
Clinical Correlation: This vicious feedback loop drives the pathogenesis of Dengue Hemorrhagic Fever and Dengue Shock Syndrome, illustrating how an immune response can be subverted to accelerate fatal multi-organ disease.
8. Detailed Case Study: Family Herpesviridae
The family Herpesviridae comprises large, enveloped, linear double-stranded DNA viruses possessing genomes spanning 125–150 kilobases (kb) and encoding approximately 75 distinct genes. Prominent members include Cytomegalovirus (CMV), Epstein-Barr Virus (EBV), and Varicella-Zoster Virus (VZV). A defining feature of all herpesviruses is their ability to establish persistent, life-long latent infections within specific host cell niches following primary infection, effectively remaining within the host permanently.
Anatomical Niches of Latency and Reactivation Dynamics
Herpes Simplex Virus Type 1 (HSV-1) and Type 2 (HSV-2) are highly ubiquitous human pathogens that establish latency within the nervous system, which functions as an immune-privileged site:
HSV-1: Establishes primary infection in the oral mucosa and maintains life-long latency within the trigeminal (V) nerve ganglion. Reactivation manifests as classic oral herpes, presenting as clusters of fluid-filled watery blisters on the lips and mouth (fever blisters).
HSV-2: Establishes primary infection in the anogenital mucosa and resides latently within the sacral ganglia. Reactivation causes painful genital herpes lesions and recurrent cutaneous ulcerations.
During the latent phase, the viral genome is maintained as a stable, non-integrated circular episome within the host neuron nucleus. The virus remains dormant and cannot be transmitted to another host. Reactivation is triggered by external stimuli and cellular stress factors, including ultraviolet (UV) light exposure, emotional or physical stress, fever, localized tissue damage, or systemic immunosuppression.
Upon reactivation, a coordinated switch in gene expression represses latency-associated transcripts (LATs) and activates genes required for genome replication and structural protein synthesis. Newly formed infectious virions are transported via anterograde axonal transport back to the peripheral epithelial cells, where they replicate and form localized blisters that heal with a scab over 10–14 days. Crucially, reactivation can occur in the absolute absence of clinical symptoms (asymptomatic reactivation). In HSV-2 infections, asymptomatic viral shedding occurs on approximately 25% of all days, serving as the primary driver of transmission between sexual partners.
Advanced Immune Evasion Mechanisms of HSV
To survive indefinitely despite robust host immunity, HSV utilizes a sophisticated arsenal of molecular evasion strategies:
• Complement Blockade: Viral surface glycoproteins (specifically gC) bind to and rapidly inactivate the host C3b complement component, halting the complement cascade.
• Antibody Sequestration: The gE-gI glycoprotein complex acts as an Fc receptor, binding the Fc portion of host IgG antibodies. This sequesters host antibodies and blocks Fc-mediated effector activities.
• Virion Host Shut-off: Synthesizes the Virion Host Shut-off (Vhs) protein immediately upon entry. Vhs systematically degrades host cellular mRNA, completely blunting the host cell's ability to mount an antiviral defense.
• Interferon Inhibition: Actively blocks type 1 interferon-mediated signaling pathways, preventing the transcription of hundreds of Interferon-Stimulated Genes (ISGs) designed to establish an antiviral state.
• MHC-I Degradation: Directly downregulates and targets host Major Histocompatibility Complex Class I (MHC-I) molecules for proteasomal degradation, hiding infected cells from Cytotoxic T Lymphocyte (CTL) elimination.
• Apoptosis Inhibition: Produces specialized factors that actively inhibit Natural Killer (NK) cell activation and block CD8+ T cell-mediated apoptosis, preserving the infected host cell.
9. Detailed Case Study: Family Papillomaviridae
The family Papillomaviridae consists of small, non-enveloped, icosahedral viruses measuring 55 nm in diameter. They contain a circular double-stranded DNA genome of approximately 6.8 to 8.4 kilobases (~7,900 base pairs). With over 170 recognized human papillomavirus (HPV) genotypes, this family exhibits strict tropism for the epithelial cells of the skin and mucous membranes. Their replicative life cycle is entirely dependent on the progressive differentiation pathway of host keratinocytes.
Epidemiological Niches and Oncogenic Risk Stratification
Papillomaviruses are highly ubiquitous, distributed worldwide without seasonal incidence, and are transmitted primarily via direct skin-to-skin or sexual contact. Clinically, they are organized into two major genera:
Alpha-papillomavirus: Preferentially infects the oral or anogenital mucosa. This genus is further stratified based on oncogenic potential:
• High-Risk Types: Genotypes 16, 18, 31, and 45. These are high-risk oncogenic viruses strongly associated with cervical intraepithelial neoplasia (CIN), invasive cervical carcinoma, and cancers of the anus, vagina, vulva, penis, mouth, and throat.
• Low-Risk Types: Genotypes 6 and 11. These are low-risk variants responsible for benign anogenital warts (condyloma acuminatum) and recurrent laryngeal or conjunctival papillomas.
Beta-papillomavirus: Preferentially infects cutaneous skin surfaces, producing common, plantar, or flat cutaneous warts, as well as driving skin pathology in conditions like epidermodysplasia verruciformis (e.g., HPV-5, HPV-9).
Molecular Mechanisms of HPV Replication and Oncogenesis
HPV utilizes a 'stealth' pathogenesis strategy. It is completely non-cytotoxic, does not induce viraemia, and elicits no localized inflammation. The virus establishes a latent infection within the basal epithelial cells of the stratum basale, maintaining a low copy number via episomal replication. As infected cells divide and migrate upward through the dermis, early viral genes are expressed. Viral assembly occurs exclusively within the upper, terminally differentiated layers of the epithelium, and mature virions are passively shed into the environment with the outermost layer of dead squames, completely evading immune surveillance.
In high-risk HPV types (such as 16 and 18), malignancy takes years or decades to develop and is critically dependent on the integration of the circular viral genome into the host chromosome. Integration typically disrupts the viral E2 gene, which normally functions as a transcriptional repressor of the early oncogenes E6 and E7. The loss of E2 regulation leads to the uncontrolled over-expression of early viral oncoproteins E6 and E7, which subvert host cell tumor suppressor pathways:
• E6 Mediation of p53 Degradation: The viral E6 oncoprotein binds directly to the host p53 tumor suppressor protein, targeting it for rapid ubiquitin-mediated proteasomal degradation. In the absence of functional p53, the host cell can no longer repair DNA damage, halt the cell cycle, or initiate apoptosis.
• E7 Inhibition of pRb: The viral E7 oncoprotein binds with high affinity to the active retinoblastoma protein (pRb), disrupting its normal complex with the E2F transcription factor. This forces the host cell to undergo continuous, unregulated cell division and enter the S-phase of mitosis.
Pathological Distinction: In benign skin warts, either the inactivation of p53 and pRb is incomplete, or the stimulated epithelial cells are so close to terminal differentiation and natural senescent death that they lack the metabolic lifespan required to transform into invasive carcinomas.
10. Clinical Preventive Countermeasures: Prophylactic Vaccination
Because there are no highly effective antiviral drugs to cure established papillomavirus infections, clinical intervention relies on recombinant prophylactic vaccines designed to elicit robust neutralizing antibody responses before sexual exposure occurs:
1. Gardasil (CSL / Merck): A quadrivalent, recombinant vaccine containing viral-like particles (VLPs) synthesized from the major capsid protein L1 of HPV types 6, 11, 16, and 18. Administered to both males and females aged 9 to 26, it provides near-total protection against approximately 70% of cervical cancer cases, 70% of vaginal cancers, 50% of vulvar cancers, 80% of anal malignancies, and 90% of benign genital warts cases.
2. Cervarix (GlaxoSmithKline): A bivalent vaccine specifically formulated with L1 VLPs targeting high-risk oncogenic types 16 and 18. It is indicated for the prevention of cervical cancer, high-grade cervical intraepithelial neoplasia (CIN 2/3 or worse), adenocarcinoma in situ, and low-grade neoplasia (CIN 1).
Clinical Guidance: Prophylactic vaccines do not provide therapeutic protection against pre-existing disease or types to which a patient has already been exposed through previous sexual activity. Furthermore, they do not protect against all minor oncogenic HPV genotypes, necessitating continued routine cervical screening in clinical practice.
11. Core Concept Summary
• Determinants of Outcome: The definitive clinical outcome of an infection is determined by the specific viral family, its structural attributes, and its interactions with host receptors.
• Pathogenetic Modalities: Symptom severity and disease progression stem from direct cellular lysis (cytopathy), host immune-mediated damage (immunopathology), or long-term genetic disruption (oncogenesis).
• Herpesvirus Strategy: Herpesviruses utilize a broad array of complement inhibitors, antibody-sequestering surface molecules, and transcriptional silencers to establish permanent, life-long latency within immune-privileged neuronal ganglia.
• Papillomavirus Strategy: Papillomaviruses utilize an immune-evasive stealth replication strategy within differentiating keratinocytes. High-risk types integrate their genome to drive the E6/E7-mediated degradation of p53 and pRb, leading to malignant transformation.",
Viral pathogens 2 ,"Advanced Study Guide: Viral Pathogenesis II
RNA Viruses and Clinical Implications
Monash School of Medicine | MED1100 Microbiology
Instructor: Dr. Meredith Hughes
1. Core Concepts in Viral Classification and Pathogenesis
Viral pathogenesis describes the mechanisms by which viruses infect host cells and cause physiological disease. The ultimate clinical outcome of a viral infection is determined by a complex, dynamic interplay between the virus's structural characteristics, replication strategies, and the host's immunopathological response.
The Baltimore Classification System
Viruses do not strictly adhere to the classical central dogma (DNA → mRNA → Proteins). Instead, they are categorized into 7 distinct types based on three fundamental parameters:
The type of genomic nucleic acid (DNA or RNA, single-stranded [ss] or double-stranded [ds]).
The precise molecular mechanism utilized to generate messenger RNA (mRNA).
The pathway and strategy deployed to replicate the new viral genomes.
Sense Differentiation and RNA Polymerase Mechanics
• Positive-Sense (+ve) RNA: Can function directly as mRNA within the host cytoplasm. Host ribosomes can immediately bind and translate the viral genomic strand into viral proteins.
• Negative-Sense (-ve) RNA: Cannot be directly translated. It must first be transcribed into its complementary positive-sense strand by a virally encoded enzyme to serve as an mRNA template.
Crucially, because host cells lack the enzymatic machinery to copy RNA from an RNA template, all RNA viruses must encode their own RNA-dependent RNA polymerase (RdRp). Unlike host DNA polymerases, viral RdRps possess no proofreading activity. This results in extraordinarily high substitution and mutation rates (e.g., Poliovirus at 2×10⁻⁶ and Hepatitis C Virus at 10⁻⁴ complete genome error rates), allowing RNA viruses to continuously evolve, undergo antigenic variation, and rapidly evade host immune surveillance.
2. Positive-Sense Single-Stranded RNA (+ssRNA) Viruses
Severe Acute Respiratory Syndrome Coronavirus 2 (SARS-CoV-2)
SARS-CoV-2 is an enveloped, +ssRNA virus responsible for the COVID-19 pandemic. While conventional coronaviruses are benign pathogens causing 15–30% of standard common colds, highly pathogenic variants like SARS, MERS, and SARS-CoV-2 elicit severe multi-system disease.

• Cellular Entry: The viral Spike (S) protein binds with high affinity to the host surface receptor Angiotensin-Converting Enzyme 2 (ACE2), which is extensively expressed across respiratory epithelial cells, cardiovascular tissues, and endothelial surfaces. This binding triggers fusion, entry, and subsequent blockage of normal ACE2 physiological functions.
• Immunopathology & ARDS: The primary driver of severe morbidity and mortality is not direct viral cytolysis alone, but an overactive host inflammatory immune response. Intense localized pulmonary inflammation leads to substantial fluid build-up inside and around the alveoli, resulting in Acute Respiratory Distress Syndrome (ARDS).
• Systemic Sequelae: The hyper-inflammatory state compromises endothelial barriers, provoking severe cardiovascular damage, systemic hypercoagulability, and multiorgan failure in fatal cases. Prior to December 2019, the virus existed purely as a zoonotic agent; its sudden spillover into humans encountered zero baseline population immunity.
Hepatitis C Virus (HCV)
HCV belongs to the Flaviviridae family (which includes other human pathogens like Dengue, Yellow Fever, Zika, and West Nile virus). It is an enveloped, icosahedral, +ssRNA virus with a global burden of approximately 71 million infected individuals.

• Transmission Pathways: Primarily blood-borne. Transmission occurs via contaminated blood products, improper medical or iatrogenic procedures, vertical transmission during childbirth, tattooing with unsterile equipment, and injection drug use (accounting for the vast majority of infections in Australia, where 50–80% of users acquire HCV within their first two years of use).
• Pathogenesis & Chronicity: Upon entering the bloodstream, HCV travels directly to the liver to infect hepatocytes. Because of its highly error-prone replication, it undergoes spontaneous mutation at extreme frequencies, generating 'quasispecies' that continually outpace host antibody responses. Only 15–25% of acutely infected individuals spontaneously clear the virus; the remaining 75–85% progress to chronic, lifelong infection.
• Cirrhosis & Carcinoma: Over a 20–30 year timeline, persistent viral replication and chronic infiltration of activated immune cells release a cascade of inflammatory cytokines. This ongoing immunopathology induces progressive liver fibrosis, culminating in cirrhosis in roughly 20% of chronic patients. Of those with cirrhosis, 4% per year develop Hepatocellular Carcinoma (HCC), and 6% per year progress to End-Stage Liver Disease (ESLD). Consequently, chronic HCV is a primary indication for liver transplantation in the Western world.
• Direct-Acting Antiviral (DAA) Therapy: Modern medical breakthroughs have replaced poorly tolerated interferon regimens with highly specific DAAs. Treatments combine multiple targets, such as NS3/4A protease inhibitors (e.g., Grazoprevir, Voxilaprevir), NS5A inhibitors (e.g., Ledipasvir, Daclatasvir), and NS5B polymerase inhibitors (e.g., Sofosbuvir), yielding cure rates exceeding 90–95% across genotypes.
3. Retroviruses: Human Immunodeficiency Virus (HIV)
Retroviruses are unique +ssRNA viruses that deviate from standard central dogma rules by using a double-stranded DNA intermediate for replication. The identification of this reverse-flow mechanism earned Howard Temin and David Baltimore the Nobel Prize in 1975.
Structural and Genomic Organization
HIV is an enveloped lentivirus containing a genomic dimer composed of two identical monomers of linear +ssRNA (each 7–11 kb in size). Key structural features include:
• gp120: The outer docking glycoprotein responsible for binding host cellular receptors.
• gp41: The transmembrane glycoprotein that mediates viral envelope fusion with the host cell membrane.
• Core Enzymes: Reverse Transcriptase (RT), Integrase (IN), and Protease (PR), which are packaged directly inside the viral capsid.
The 7-Step Replication Lifecycle
1. Binding / Attachment: The viral gp120 glycoprotein binds with high affinity to the primary host CD4 receptor, inducing conformational changes that allow subsequent engagement with a chemokine coreceptor (CCR5 or CXCR4) on T cells or macrophages.
2. Fusion and Uncoating: The gp41 peptide facilitates direct fusion of the viral lipid bilayer membrane with the host plasma membrane, releasing the viral capsid core into the cytoplasm where uncoating takes place.
3. Reverse Transcription: The viral Reverse Transcriptase copies the single-stranded viral RNA genome into a complementary minus-strand DNA, and subsequently synthesizes a double-stranded viral DNA intermediate. This enzyme is highly error-prone, driving rapid genetic variation.
4. Integration (Provirus Formation): The viral dsDNA intermediate is actively transported across the nuclear membrane. The viral enzyme Integrase cleaves host genomic DNA and inserts the viral DNA covalently into the host chromosome, establishing a permanent, lifelong state called a 'provirus' or latent reservoir.
5. Transcription and Translation: Using the host cell's RNA polymerase, the integrated provirus is transcribed into new positive-sense viral genomic RNAs and shorter mRNAs. Host ribosomes translate these mRNAs into long, non-functional polyproteins.
6. Assembly: Viral structural polyproteins and genomic RNA dimers migrate to the host cell surface, assembling into an immature, non-infectious virion particles.
7. Budding and Maturation: The immature virion buds off from the host plasma membrane, acquiring its lipid envelope. Concurrently, the packaged viral Protease cleaves the large polyproteins into individual structural proteins and functional enzymes, altering capsid morphology and creating a fully mature, infectious virion.
Cellular Tropism and Clinical Progression to AIDS
HIV exhibits a narrow cellular tropism, targeting cells of the myeloid and lymphoid lineages that present surface CD4 molecules. Specifically, it actively infects and induces direct lytic destruction of CD4+ T helper lymphocytes. Conversely, it establishes a persistent, non-lytic infection within long-lived macrophages and dendritic cells, forming an anatomical reservoir that completely evades standard immune clearance.

• Typical Clinical Course: Acute infection presents with a transient surge in viral load and a mild decline in CD4+ cells, accompanied by an acute anti-HIV immune response. This is followed by a prolonged period of clinical latency lasting several years, during which CD4+ T cell counts slowly, linearly decline. Once the peripheral CD4+ T cell count falls below a critical threshold (<200 cells/µL), the host transitions into Acquired Immune Deficiency Syndrome (AIDS). The loss of natural epithelial and cell-mediated immune barriers leaves the patient vulnerable to fatal opportunistic infections and secondary malignancies.
• Antiretroviral Therapy (ART): Because a single drug rapidly selects for resistant mutations, HIV is managed with Combination Anti-Retroviral Therapy (ART). This regimen simultaneously combines multiple drugs with completely distinct viral targets: Nucleoside Reverse Transcriptase Inhibitors (NRTIs - e.g., Azidothymidine), Non-Nucleoside Reverse Transcriptase Inhibitors (NNRTIs - e.g., Nevirapine), Protease Inhibitors (e.g., Saquinavir), Integrase Inhibitors (e.g., Raltegravir), and Fusion/Entry Inhibitors (e.g., Enfuvirtide, Maraviroc). Successful ART suppresses viral replication to completely undetectable levels, fully recovers host immune profiles, and dramatically drops transmission risk by up to 96%.
4. Negative-Sense Single-Stranded RNA (-ssRNA) Viruses
Negative-sense ssRNA viruses must carry a pre-packaged, active RNA-dependent RNA polymerase inside their virions. Upon entry, this enzyme immediately transcribes the negative parental strand into complementary positive-sense mRNAs, which are then recognized by host ribosomes for translation.
Influenza Virus
Influenza is an acute respiratory pathogen characterized by a segmented RNA genome. This segmentation plays a major role in how the virus evolves and shifts immunologically:
• Surface Glycoproteins: Hemagglutinin (HA) mediates viral binding to host sialic acid receptors and cellular entry. Neuraminidase (NA) cleaves sialic acid residues to allow newly formed progeny virions to release from the host cell.
• Antigenic Drift: Minor variation caused by point mutations within HA and NA genes during replication, necessitating regular annual vaccine updates.
• Antigenic Shift: Major variations occurring when a single host cell is coinfected by two completely distinct influenza strains (e.g., a human strain and an avian or swine strain). The genomic segments re-assort during assembly, generating a completely novel chimeric virus possessing novel HA or NA proteins. This lack of pre-existing immunity in humans can trigger devastating global pandemics.
• Pathogenesis: The virus infects upper and lower respiratory tracts, destroying natural ciliated epithelial barriers. Systemic symptoms (fever, myalgia) are driven by a robust host cytokine response. This epithelial loss creates a significant susceptibility to secondary bacterial superinfections, often presenting as severe secondary pneumonia.
Ebola Virus
Ebola virus belongs to the Filoviridae family and represents one of the deadliest known human pathogens, carrying a case-fatality rate ranging from 25% to 90% depending on the specific strain (Ebola-Zaire, Sudan, Ivory Coast, or Bundibugyo).

• Structure and Zoonosis: Filamentous particles of uniform diameter (80nm) but irregular, extended lengths up to 14,000nm. The genome is a single, non-segmented -ssRNA molecule encoding seven distinct genes. It is a classic zoonosis, maintained in natural wildlife reservoirs (most likely fruit bats) and transmitted sporadically to wild primates and humans via contact with contaminated body fluids.
• Broad Tissue Tropism: Unlike localized or cell-specific viruses, Ebola exhibits exceptionally broad tissue tropism. It directly infects and destroys monocytes, macrophages, dendritic cells, endothelial cells, fibroblasts, hepatocytes, and adrenal cortical cells, utilizing multiple host cell surface receptors for attachment.
• Aggressive EVD Pathogenesis: Following a 2–21 day incubation period, overwhelming lytic viral replication destroys infected cells, while infected macrophages release massive amounts of pro-inflammatory cytokines, triggering systemic immunopathology. Severe damage to hepatocytes disrupts coagulation factor production, while infection of adrenal cortical cells impairs systemic fluid and blood pressure regulation. Simultaneously, endothelial cell infection destroys vascular integrity. This combo of vascular damage and coagulopathy triggers localized hemorrhage during peak illness. The massive fluid loss from vomiting, diarrhea, and internal bleeding leads directly to hypovolemic shock (loss of >20% of the body's total fluid/blood supply), multi-organ failure, and death between days 6 and 16.
5. Comparative Summary of Main RNA Pathogens
6. References and Academic Notice
This summary guide is compiled for medical study and reference based on lecture materials provided by the Monash University Department of Microbiology (MED1100 Series, Viral Pathogenesis II). Information and structural data are adapted from Prescott's Microbiology (8th Edition, McGraw-Hill) and Principles of Virology (3rd Edition, ASM Press). Compliance with the Commonwealth of Australia Copyright Regulations 1969 is strictly required.
Virus Name
Genomic Classification
Primary Target / Tropism
Core Mechanism of Disease
SARS-CoV-2
Enveloped, +ssRNA
Respiratory epithelial cells (via ACE2 receptor)
Pulmonary hyper-inflammation, alveolar fluid accumulation, ARDS.
Hepatitis C Virus (HCV)
Enveloped, +ssRNA
Hepatocytes (Liver)
Persistent immunopathology, progressive fibrosis, cirrhosis, HCC tumor transformation.
Human Immunodeficiency Virus (HIV)
Enveloped, Retrovirus (+ssRNA dimer with dsDNA intermediate)
CD4+ T helper cells, Macrophages, Dendritic cells
Direct helper T cell lysis, permanent proviral integration, chronic latency, progression to AIDS.
Ebola Virus
Enveloped, Non-segmented -ssRNA
Broad tissue tropism (Macrophages, Endothelial cells, Hepatocytes, Adrenal cortex)
Widespread lytic replication, catastrophic vascular leakage, coagulation failure, hypovolemic shock.",
Infectious disease of the skin and MSK system ,"Infections of the Skin and Musculoskeletal System
Comprehensive Medical Reference Guide Based on Lecture Notes
1. Core Architectural Framework & Learning Outcomes
Infectious diseases of the skin and musculoskeletal (MSK) system represent a significant domain of clinical medicine, encompassing a broad spectrum of severity from self-limiting superficial conditions to life-threatening surgical emergencies. This comprehensive text serves as a structured reference guide detailing the pathophysiology, microbial etiology, clinical manifestations, diagnosis, and therapeutic management of these infections.
By the conclusion of this study guide, medical students should be able to achieve the following competencies:
• Relate and differentiate the three primary pathophysiological mechanisms through which microbial skin and soft tissue infections occur: breach of intact barrier, skin manifestations of systemic infections, and toxin-mediated damage.
• Describe the clinical features, classification, and management protocols of complex bone and joint infections.
• Appreciate that while the majority of skin and MSK infections are predominantly viral or bacterial in origin, clinically significant causes can also include fungal and parasitic pathogens.
• Recognize and critically analyze the clinical importance of Streptococcus pyogenes and Staphylococcus aureus as the preeminent bacterial pathogens responsible for the majority of severe and common skin and MSK infections.
2. Pathophysiological Mechanisms of Infection
Microbial diseases of the skin and soft tissues arise via three distinct pathogenetic channels:
1. Breach of Intact Skin: Microbes gain access to vulnerable deeper tissue layers through physical disruptions of the skin barrier. Clinical examples include surgical incisions, traumatic burns, deep lacerations, pressure sores, and intravenous drip insertions.
2. Skin Manifestations of Systemic Infections: The cutaneous lesions observed are not due to direct external localized invasion but reflect an ongoing systemic hematogenous infectious process. Notable textbook examples include the pathognomonic 'rose spots' seen in typhoid fever (Salmonella typhi), petechial/purpuric rashes characteristic of meningococcemia (Neisseria meningitidis), and the systemic vesicular rashes of viruses like Herpes simplex and Varicella-zoster.
3. Toxin-Mediated Skin Damage: The primary organism remains localized at a distant focal site, but secretes potent exotoxins into the circulation that induce widespread superficial tissue damage and inflammatory scaling. Classic examples include scarlet fever and staphylococcal/streptococcal toxic shock syndromes.
3. Innate Cutaneous Host Defenses
The skin employs a multi-layered defensive strategy categorized into physical, chemical, and biological barriers to maintain homeostasis and prevent pathogenic colonization:
4. Anatomical Stratification of Soft Tissue Infections
Infections are precisely localized to particular histological layers within the integumentary and sub-integumentary systems. Understanding this stratification is critical for accurate clinical diagnosis:
• Ringworm (Tinea): Involves the highly keratinized outer layers of the epidermis.
• Impetigo: Superficial intraepidermal bacterial infection presenting with honey-colored crusts.
• Erysipelas: Involves the upper dermis and superficial cutaneous lymphatics, presenting as a raised, bright-red, sharply demarcated plaque.
• Cellulitis: Acute spreading infection involving the deep dermis and lax subcutaneous connective tissues.
• Folliculitis: Localized superficial inflammation of hair follicles.
• Boils: A deeper, painful, walled-off follicular abscess (furuncle).
• Carbuncles: A large, deep confluent mass of multiple coalescing boils draining through multiple follicular orifices.
• Necrotizing Fasciitis: A highly destructive, rapidly progressive, severe infection tracking along the deep fascial planes.
• Myonecrosis (Gas Gangrene): Severe clostridial infection involving deep skeletal muscle tissues causing muscle necrosis and crepitus.
5. Essential Dermatological Nomenclature
Accurate morphological description of skin lesions is critical for medical communication:
• Erythema: A focal or diffuse area of redness on the skin surface caused directly by localized vasodilation and increased capillary hyperemia.
• Macule: A flat, circumscribed area of altered skin color, strictly flush with the surrounding skin, measuring less than 1 cm in diameter.
• Papule: A solid, circumscribed, elevated area of skin with distinct borders, measuring less than 1 cm in diameter.
• Vesicle: A small, circumscribed superficial epidermal blister containing clear serous fluid.
• Bulla: A large fluid-filled vesicle or blister measuring greater than 1 cm in diameter.
• Pustule: A well-demarcated superficial vesicle or bulla containing cloudy, purulent fluid (pus).
6. Detailed Analysis of Bacterial Skin Infections
6.1 Staphylococcus aureus Skin Infections
Staphylococcus aureus is a Gram-positive, coagulase-positive coccus that serves as the predominant causative agent of pyogenic skin infections. Its clinical spectrum includes:
• Folliculitis: Superficial inflammation of hair follicles.
• Boils (Furuncles): Deep, tender inflammatory nodules arising from folliculitis that progress to central suppuration and focal tissue necrosis.
• Carbuncles: Extensive, deep-seated interconnecting abscesses that emerge from the confluence of multiple furuncles, tracking through deep subcutaneous layers.
• Abscess: A localized collection of pus surrounded by inflamed, indurated tissue.
• Impetigo: Superficial, highly contagious vesiculopustular lesions that rupture to form classic honey-colored crusts.
• Surgical Wound Infections: Infections occurring at operative sites due to direct intraoperative introduction of endogenous or exogenous bacterial strains. Management relies heavily on targeted anti-staphylococcal systemic antibiotics combined with physical surgical drainage where indicated.
Staphylococcal Toxin-Mediated Syndromes
1. Staphylococcal Scalded Skin Syndrome (SSSS): Driven by exfoliative/scalded skin toxins secreted by specific strains of S. aureus. These epidermolytic toxins target desmoglein-1, causing cleavage of the stratum granulosum layer of the epidermis. Clinically, it presents with extensive sheets of erythema, large flaccid blisters, and significant epidermal desquamation. Patients are rarely systemically ill or bacteremic because the toxin acts at a distance from the localized infection site. Treatment involves strict fluid and electrolyte replacement paired with anti-staphylococcal antibiotics.
2. Toxic Shock Syndrome (TSS): Associated with localized staphylococcal infections of both genital (historically linked to high-absorbency tampon use) and non-genital sites (burns, surgical wounds). It is mediated by exotoxins acting as superantigens, primarily Toxic Shock Syndrome Toxin-1 (TSST-1). These superantigens cross-link MHC class II molecules on antigen-presenting cells directly with T-cell receptors, circumventing normal antigen processing. This triggers a massive hyper-inflammatory release of cytokines. Clinical features involve multi-organ system failure, high fever, profound hypotension, a diffuse macular erythematous rash, and subsequent desquamation. Management requires aggressive fluid resuscitation, surgical drainage of any focal infection, and systemic antibiotics.
6.2 Streptococcus pyogenes Skin Infections
Streptococcus pyogenes (Group A Streptococcus) is another critical Gram-positive pathogen that presents a highly contagious profile, typically transmitted via direct physical contact. Its clinical syndromes include:
• Impetigo: Highly contagious, superficial epidermal infection characterized by non-bullous crusting vesicles. It is easily spread via direct autoinoculation or close physical contact.
• Erysipelas: An infection involving the superficial dermis and dermal lymphatics. It manifests as a raised, bright-red, edematous plaque with sharp, clearly demarcated borders and peripheral induration. The drug of choice is systemic Penicillin; alternatives for penicillin-allergic patients include Erythromycin or oral Cephalosporins.
Streptococcal Toxin-Mediated Syndromes
1. Scarlet Fever: Occurs as a sequela to streptococcal pharyngitis or skin infections, mediated by streptococcal pyrogenic exotoxins. It manifests as a diffuse, punctate erythematous rash that feels like sandpaper, along with a characteristic 'strawberry tongue'.
2. Streptococcal Toxic Shock Syndrome (STSS): Mediated by pyrogenic exotoxins acting as superantigens. It manifests with rapid-onset shock and multi-system organ failure, often carrying a higher mortality rate than its staphylococcal counterpart.
6.3 Cellulitis
Cellulitis is defined as an acute, rapidly spreading infection involving the deep dermis and subcutaneous tissues. It often originates from superficial lesions (boils, ulcers) or directly follows traumatic or surgical wounds.
• Etiology: S. aureus and S. pyogenes are the most common causative organisms.
• Clinical Features: Patients typically present with a localized area that is red, hot, swollen, and tender, accompanied by systemic symptoms such as high fever, chills, and rigors. In severe cases, it can cause bloodstream invasion (bacteremia/sepsis).
• Predisposing Factors: Traumatized or devitalized tissue due to surgical/traumatic wounds, localized tissue ischemia, or underlying diabetes mellitus. In these devitalized states, anaerobic or mixed aerobic/anaerobic organisms may also participate in a polymicrobial infection.
• Therapeutic Management: Immediate empiric systemic antibiotic therapy designed to cover both Streptococcus and Staphylococcus.
6.4 Necrotizing Fasciitis
Necrotizing fasciitis is a life-threatening medical and surgical emergency characterized by rapidly spreading inflammation and extensive necrosis of the skin, subcutaneous fat, and underlying deep fascial planes.
• Polymicrobial Necrotizing Fasciitis (Type I): This is the most common presentation. It involves a synergistic relationship between various bacteria, typically a mix of anaerobes and facultative anaerobes.
• Monomicrobial Necrotizing Fasciitis (Type II): Most frequently caused by a single aggressive organism, specifically Streptococcus pyogenes (often colloquially referred to as 'flesh-eating bacteria').
• Clinical Presentation: Intense localized pain that is characteristically out of proportion to the visible physical findings, along with rapid tissue breakdown, crepitus, and systemic toxicity.
• Therapeutic Protocol: Requires urgent medical management and surgical intervention, consisting of immediate radical excision and debridement of all necrotic fascia, paired with high-dose broad-spectrum intravenous antibiotics.
6.5 Gas Gangrene (Clostridial Myonecrosis)
Gas gangrene is a highly lethal, rapidly progressive infection of the skeletal muscle tissue caused primarily by Clostridium perfringens.
• Pathogenesis: Clostridium spores are widely distributed in soil and animal feces. They gain entry into host tissue through deep traumatic wounds or surgical injuries that exhibit poor localized blood supply (ischemia). The anaerobic environment allows the spores to germinate. The vegetative bacilli multiply rapidly within subcutaneous tissue and invade deeper skeletal muscle layers, producing potent alpha-toxin (lecithinase). Lecithinase splits lecithin in host cell membranes, causing extensive cell lysis, tissue death, cell wall destruction, and widespread myonecrosis. Bacterial fermentation of cellular carbohydrates generates gas, leading to localized subcutaneous crepitus, severe tissue edema, and profound systemic toxemia.
• Management: Requires immediate, emergency surgical intervention to excise all affected necrotic muscle tissues or perform limb amputation, combined with high-dose systemic penicillin therapy.
6.6 Acne
Acne is a highly prevalent bacterial skin condition of the pilosebaceous unit. At puberty, increased circulating androgens stimulate a marked rise in sebum production. This excess sebum, combined with abnormal follicular desquamation, blocks the sebaceous ducts. This obstructed, lipid-rich microenvironment allows Propionibacterium acnes (now known as Cutibacterium acnes), a normal commensal anaerobic bacterium, to proliferate. This triggers a localized inflammatory cascade that results in inflammatory papules, pustules, and nodules.
7. Fungal Skin Infections (Mycoses)
Fungal skin infections are classified based on the depth of tissue involvement, ranging from superficial to systemic or opportunistic processes:
7.1 Superficial Mycoses: Tinea Versicolor
Tinea versicolor is a superficial fungal infection caused by the lipophilic yeast Malassezia furfur. It clinically manifests as hypo- or hyperpigmented macules, primarily on the trunk, chest, and back. The lesions are often scaling and are classically associated with increased ambient humidity and profuse sweating.
7.2 Cutaneous Mycoses: Dermatophytosis
Dermatophytoses are infections restricted to the keratinized structures of the body, including the skin epidermis, hair shafts, and nails. They are caused by a specialized group of filamentous fungi called dermatophytes, which belong to three primary genera: Trichophyton, Epidermophyton, and Microsporum. These infections are commonly referred to as Tinea or Ringworm.
7.3 Cutaneous Candidiasis
Candidiasis is a cutaneous and mucosal infection caused by the opportunistic yeast Candida albicans. While it can occur in healthy individuals as thrush or diaper rash in infants, or as vulvovaginitis and penile infections, severe or refractory esophageal and oral candidiasis is an important indicator of underlying immunodeficiency (such as in immunocompromised patients).
8. Viral Pathogens with Cutaneous Manifestations
8.1 Human Papillomavirus (HPV) Infection
Human Papillomavirus is a double-stranded DNA virus with over 170 distinct genotypes. It is transmitted through direct physical contact or indirect contact with contaminated fomites. The virus infects the undifferentiated cells of the basal layer of the skin or mucosal epithelium. As the infected cells divide, the viral lifecycle induces localized epithelial hyperplasia, resulting in the formation of cutaneous warts (verrucae). Specific genotypes HPV 6 and HPV 11 are classic causes of benign genital warts (condylomata acuminata).
8.2 Herpes Simplex Virus (HSV) Infection
Herpes simplex virus is an enveloped DNA virus characterized by its ability to cause primary infection and establish lifelong latency within sensory nerve ganglia:
• Herpes Simplex Virus Type 1 (HSV-1): Typically transmitted via saliva and close respiratory contact; primarily responsible for primary oropharyngeal infections and recurrent herpes labialis (cold sores).
• Herpes Simplex Virus Type 2 (HSV-2): Typically transmitted via direct sexual contact; primarily responsible for painful, recurring genital blisters and shallow mucosal ulcers.
• Therapeutic Protocol: Antiviral medications such as Acyclovir, administered either topically or systemically, are used to manage symptoms and reduce viral replication.
8.3 Varicella-Zoster Virus (VZV) Infection
Varicella-Zoster Virus is a double-stranded DNA virus belonging to the Herpesviridae family, existing as a single serotype with an incubation period averaging 14 days (range 10–23 days):
• Primary Infection (Varicella/Chickenpox): Transmitted via the inhalation of respiratory droplets from saliva or direct contact with fluid from active skin lesions. It clinically manifests as a generalized pruritic rash that develops in successive 'crops' over several days. A key diagnostic feature is that all evolutionary stages of the lesions (macules, papules, vesicles, pustules, and crusts) occur simultaneously.
• Reactivation (Shingles/Herpes Zoster): After primary varicella resolves, the virus remains latent within the dorsal root ganglia. Upon reactivation, it travels down the sensory nerve to infect the corresponding dermatome. Clinically, it presents as a painful, unilateral vesicular eruption restricted to a specific dermatome. Reactivation is characterized by severe paresthesia (burning, tingling, or prickling sensations) and dermatomal pain that typically precedes the development of the physical rash.
• Complications: The most common chronic complication of herpes zoster is postherpetic neuralgia (PHN), which is defined as persistent, severe neuropathic pain remaining in the affected dermatome long after the physical shingles rash has completely resolved.
• Management and Prevention: Acute management involves early administration of antiviral drugs (Acyclovir, Valaciclovir, or Famciclovir) to reduce new lesion formation, accelerate healing, and decrease the duration of viral shedding. Prevention is achieved through immunization using a live attenuated vaccine (such as the MMRV or varicella-specific vaccine).
8.4 Measles (Rubeola)
Measles is a highly infectious disease caused by a Paramyxovirus (which possesses only one serotype), with an incubation period of 1 to 2 weeks. It is transmitted via respiratory droplets.
• Clinical Features: The disease begins with a prodrome of respiratory symptoms (cough, coryza), fever, and conjunctivitis. This is followed by the appearance of Koplik's spots (small white spots on the buccal mucosa opposite the lower molars), which are pathognomonic for measles, and a subsequent maculopapular rash that spreads craniocaudally. Measles presents a significantly more severe clinical course with higher mortality rates in malnourished children. Infection provides lifelong immunity.
• Diagnosis and Treatment: Diagnosis is established through clinical presentation and serological testing (Measles-specific IgM antibodies). There are no specific antiviral therapies available; management is entirely supportive. A live attenuated vaccine (administered as part of the MMR series) provides highly effective prevention.
8.5 Rubella (German Measles)
Rubella is caused by a single-stranded RNA Togavirus (one serotype) and is transmitted via respiratory droplets, with an incubation period of 14 to 21 days.
• Clinical Presentation: The postnatal infection is often mild or entirely subclinical, presenting with a low-grade fever, malaise, and an irregular maculopapular rash that lasts for approximately 3 days.
• Congenital Rubella Syndrome (CRS): The principal medical impact of rubella occurs when primary infection is contracted during early pregnancy. The virus can cross the placenta and exert severe teratogenic effects on the developing fetus, leading to congenital defects including deafness, cataracts, cardiac anomalies, and neurodevelopmental delays.
• Diagnosis and Treatment: Confirmed via clinical features and serology (Rubella-specific IgM). No targeted antiviral therapies exist. Highly effective control is achieved through universal vaccination with the live attenuated MMR vaccine.
8.6 Enteroviral Rashes (Coxsackieviruses and Echoviruses)
Certain enteroviruses are classic causes of exanthems (skin rashes) and enanthems (mucosal lesions):
• Hand, Foot, and Mouth Disease: Most commonly caused by Coxsackievirus A16. It manifests as a combination of vesicular lesions on the palms of the hands and soles of the feet, paired with painful ulcerative lesions on the buccal mucosa.
9. Complex Infections of the Musculoskeletal System
9.1 Osteomyelitis
Osteomyelitis is defined as an infection of the bone tissue. Pathogens gain access to the osseous architecture through three primary routes:
1. Hematogenous Spread: Pathogens travel through the bloodstream from a distant focal site to seed the bone tissue.
2. Direct Implantation: Direct entry due to trauma or clinical intervention, such as open compound fractures, penetrating wounds, or direct surgical contamination during orthopedic procedures.
3. Contiguous Source: Infection spreads from adjacent soft tissue infections, deep ulcers, or infected joints.
Microbial Etiology:
• Acute Osteomyelitis: Staphylococcus aureus is the most common cause of acute osteomyelitis.
• Chronic Osteomyelitis: Often caused by Mycobacterium tuberculosis (Pott's disease when involving the spine) or resulting from unresolved acute infections.
Clinical presentation typically includes high fever, localized bone pain, swelling, warmth, and exquisite tenderness over the affected site. Diagnostics rely on blood cultures and bone tissue biopsy/cultures. Treatment requires surgical debridement and drainage of any abscesses, combined with a prolonged course of targeted systemic antibiotics.
9.2 Septic Arthritis
Septic arthritis is an acute, purulent bacterial infection of a joint space that represents a medical emergency. Pathogens enter the joint hematogenously or through direct trauma or surgery.
• Clinical Features: Presents with acute onset of high fever, intense joint pain, localized swelling, warm joint effusion, and a severely limited range of motion.
• Microbial Etiology: S. aureus is the most common cause across most age groups. Other key pathogens include Salmonella species (classically associated with sickle cell disease patients), Haemophilus influenzae, and Neisseria gonorrhoeae (a common cause in sexually active young adults).
• Management: Requires immediate, emergency targeted systemic antibiotic therapy combined with urgent surgical drainage and joint wash-out to prevent irreversible cartilage destruction.
9.3 Viral Arthritis
Certain viral infections can lead to arthritis or arthralgia. Unlike bacterial septic arthritis, viral arthritis is typically milder, non-destructive, and self-limiting. Classic viral triggers include Rubella virus, Chikungunya virus, and Zika virus.
9.4 Reactive Arthritis
Reactive arthritis is an immunologically mediated inflammatory arthropathy where the causative microbe is located at a distant mucosal site, with no direct microbial invasion of the joint space itself. It typically develops as a sequela to gastrointestinal or genitourinary infections:
• Enteric Pathogens: Shigella, Salmonella, Campylobacter, and Yersinia species.
• Genitourinary Pathogens: Chlamydia trachomatis.
10. Core Summary Checklist for Medical Students
References: Chapter 27, Mim's Medical Microbiology and Immunology, 6th Edition.
System / Organ Component
Specific Defensive Components
Primary Protective Mechanism
Physical Barriers
Squamous Epithelium & Low Surface Temperature
Acts as a thick mechanical block; cellular desquamation continuously sheds adherent microbes; low surface temp inhibits optimal mesophilic bacterial replication.
Chemical Defenses
Sweat, Sebum, and Acidic pH
Contains antimicrobial long-chain fatty acids; hypertonic environment (salty sweat) lyses susceptible cells; acidic pH (5.5) inhibits growth of many non-commensals.
Biological Barriers
Normal Cutaneous Microbiota (Flora)
Produces active antimicrobial substances (bacteriocins); mediates strict competitive exclusion for nutrient consumption and structural colonization sites.
1. Skin and soft tissue infections occur via three mechanisms: breach of the skin barrier, systemic infection manifestations, and toxin-mediated damage.
2. Staphylococcus aureus and Streptococcus pyogenes are the two most common and clinically significant bacterial pathogens in skin and MSK infections.
3. S. aureus is the primary cause of acute osteomyelitis and septic arthritis, frequently requiring surgical drainage and long-term antibiotic therapy.
4. Viral pathogens frequently manifest as characteristic skin lesions (e.g., VZV, measles, rubella) and can also trigger self-limiting viral arthritis.
5. Fungal and parasitic pathogens represent important alternative etiologies, particularly in superficial, cutaneous, or opportunistic clinical settings.",
Epidemiology and emerging infections ,"Comprehensive Guide to Infectious Disease Epidemiology and Emerging Infections
Based on Monash University School of Medicine Lecture Notes (MED 1100/1200)
Instructor: Dr Meredith Hughes
1. Introduction to Infectious Disease Epidemiology
Epidemiology is defined as the study of the causes, frequency, distribution, and determinants of health and disease, morbidity, disability, and mortality in both human and animal populations. While the principles of epidemiology apply broadly to any disease entity—whether non-communicable, genetic, or environmental—the subfield of infectious disease (ID) epidemiology introduces distinct biological and mathematical dynamics due to the transmissible nature of biological pathogens.
Core Epidemiological Metrics
Morbidity: Refers to the occurrence of illness, cases, or clinical disease within a specified population. It represents the disease burden experienced by the community.
Mortality: Refers to deaths resulting from a specific disease within a population. It is often mathematically expressed as a Case Fatality Rate (CFR) or mortality rate, calculated as:
What Makes Infectious Disease Epidemiology Distinct?
Unlike chronic or non-communicable disease epidemiology, infectious disease epidemiology must account for unique variables that heavily influence disease modeling and public health interventions:
Pathogen Transmission: Infectious agents spread across populations horizontally or vertically. This spread can happen rapidly and lethally across multiple hosts.
Sub-clinical and Asymptomatic Infections: Individuals may be infected without showing visible clinical signs, yet they can actively influence transmission dynamics and perpetuate the spread.
Complex Contact Patterns: Transmission relies heavily on human-to-human, animal-to-human, or environmental-to-human contact networks, making social and spatial behavior primary drivers.
Immunity Dynamics: The presence of natural or vaccine-induced immunity within a host population directly influences the susceptibility threshold, altering the trajectory of an outbreak.
Urgency in Action: Outbreak settings require rapid real-time data collection, immediate surveillance tracking, and swift mitigation strategies to prevent exponential propagation.
Rationale for Studying ID Epidemiology
The public health imperative for investigating infectious diseases is categorized into four main domains:
Explanatory Value: Identifying specific risk factors, establishing causative associations, and mapping evolutionary shifts in pathogens.
Global Disease Burden: Evaluating the massive global scale of illness, as biological infections remain a leading cause of international morbidity and mortality.
Dynamic Nature: Addressing the constantly changing threat profile presented by completely novel emerging pathogens and re-emerging historical infections.
Public Health Intervention: Establishing structural disease surveillance programs, implementing predictive transmission models, and evaluating the real-world efficacy of preventive programs.
2. The Chain of Transmission and Pathogen Spreading
For an infectious disease to successfully propagate, a complete and unbroken chain of transmission must exist. Public health interventions focus heavily on identifying and disrupting specific links within this chain.
Links in the Chain of Transmission
The Agent: The underlying biological pathogen (virus, bacterium, fungus, protozoan, helminth).
The Reservoir: The natural environmental niche, biological carrier, or host population where the infectious agent normally lives, grows, and multiplies.
Portal of Exit: The anatomical pathway through which the pathogen leaves the reservoir or infected host.
Mode of Transmission: The specific mechanism by which the agent travels from the source to a new host (direct or indirect).
Portal of Entry: The anatomical site through which the pathogen gains entry into a vulnerable host.
Susceptible Host: A person or animal lacking sufficient protective immunity against the specific biological agent.
Anatomical Portals of Exit and Entry
Portals of entry and exit represent the biological interfaces where pathogens interact with host organ systems. Crucially, the portal of entry and the portal of exit for a specific pathogen can be the same. The four primary anatomical systems involved are:
Respiratory Tract (e.g., via coughing, sneezing, inhalation of droplets or aerosols)
Gastrointestinal (GI) Tract (e.g., via ingestion of contaminated matter or shedding in stool)
Genitourinary Tract (e.g., via sexual contact or mucosal exchange)
Skin and Integumentary Barriers (e.g., via micro-abrasions, deep wounds, vector punctures, or direct mucosal membrane touch)
Mechanisms of Direct vs. Indirect Transmission
Transmission routes dictate the mathematical speed of an outbreak and guide mechanical protective measures:
3. Transmission and Clinical Timelines
A critical aspect of infectious disease epidemiology is recognizing that the biological timeline of infectivity does not always align precisely with the timeline of clinical symptoms. This gap can lead to cryptic transmission networks.
Key Timeline Concepts
Incubation Period: The precise time interval between the initial exposure to an infectious pathogen and the first appearance of diagnostic clinical symptoms or signs.
Latent Period: The biological time frame from the moment of initial infection until the host becomes capable of transmitting the pathogen to another individual (the start of the infectious period).
Infectious Period: The duration during which an infected individual can actively shed or transmit the pathogen to susceptible contacts.
Clinical Disease Phase: The period during which the host exhibits visible clinical signs and symptoms of illness.
Epidemiological Implications of Timeline Discrepancies
Pre-symptomatic / Incubation Transmission: If the latent period is shorter than the incubation period, a host becomes infectious before showing any symptoms. This mismatch makes control extremely challenging, as individuals continue their normal social contact patterns while actively transmitting disease.
Surveillance Limitations: In public health tracking, the 'onset of illness' (the start of clinical symptoms) is used to calculate the duration of the incubation period when the exact exposure date is unknown. In surveillance databases, this often correlates with the formal 'notification date'.
Variability: The duration of these phases varies significantly based on factors like the initial infectious dose, the specific biological agent, and the host's underlying immune status (e.g., immunocompromised individuals may experience a compressed incubation window or a prolonged infectious period).
4. Basic Reproduction Number ($R_0$) and Population Dynamics
The Basic Reproduction Number, denoted mathematically as $R_0$, is a foundational parameter used to measure the transmission potential of an infectious agent.
Mathematical Definition of $R_0$
The value of $R_0$ determines the fundamental direction of an outbreak:
If R0 > 1: The number of cases increases exponentially, and the disease will spread through the population as an epidemic.
If R0 < 1: The disease transmission cannot sustain itself, and the outbreak will naturally decline and eventually die out.
The higher the magnitude of R0, the more transmissible the disease is, and the more difficult it is for public health interventions to control.
Biological Comparison of $R_0$ Values Across Well-Known Pathogens
The table below details established $R_0$ ranges and primary transmission routes for notable infectious diseases:
Determinants Influencing the Magnitude of $R_0$
The basic reproduction number is not a fixed biological constant inherent only to the pathogen; rather, it is a composite metric determined by three interconnected variables:
Duration of the Infectious Period: The total length of time an infected individual can actively shed viable pathogens.
Infectivity of the Agent: The biological probability of establishing an infection given a single contact event between an infectious source and a susceptible host.
Contact Rate: The average number of susceptible individuals in the population who come into contact with the infectious case per unit of time.
5. The Epidemiological Triad and Levels of Disease Occurrence
To understand how diseases persist and propagate, epidemiologists use structural frameworks to analyze host, pathogen, and environmental interactions.
The Infectious Disease Triad
The outcome of an exposure event and the ultimate value of $R_0$ depend on complex interactions among three factors:
The Agent: Defined by its infectivity (ability to infect), pathogenicity (ability to cause disease), virulence (severity of disease caused), immunogenicity (ability to provoke an immune response), antigenic stability, and environmental survival capability.
The Host: Defined by host immunity (prior infection or immunization status), genetic background, age, sex, behavioral choices, and general underlying health status.
The Environment: Defined by weather patterns, climate, structural housing conditions, geographical layout, occupational settings, and general air quality.
Classifying Levels of Disease Occurrence
Public health authorities classify the occurrence of diseases in human populations into distinct levels based on frequency, geographic distribution, and predictability over time:
Sporadic Level: The occasional, intermittent occurrence of individual cases at irregular and highly unpredictable intervals (e.g., isolated cases of an illness without a clear epidemiological connection).
Endemic Level: The constant, persistent presence of a disease within a given geographic region or population group, maintaining a low-to-moderate baseline level of occurrence.
Hyperendemic Level: A persistent, long-term occurrence of a disease within a population that maintains an elevated baseline level.
Epidemic / Outbreak: A clear, sudden increase in the number of cases of a disease well above the expected normal baseline level for a specific population and time frame. An epidemic typically stems from a common source exposure or rapid person-to-person transmission.
Pandemic: An epidemic that has spread globally or across a very wide geographic area, crossing multiple international borders and usually affecting a large number of people.
Understanding Transmission Roles
In tracking outbreaks, specific designations are given to cases based on their order of appearance and notification:
Index Case: The very first case identified and documented within the population by health authorities. The index case provides a starting point for tracing, though they may not always be the actual first source of infection.
Primary Case: The true initial case that introduced the pathogen into the population. In point-source exposures, this can refer to all cases that originated directly from that single exposure event.
Secondary Case: Any subsequent case resulting directly from downstream transmission from an infected primary or index source.
Carrier Status: An individual who harbors a specific infectious agent without showing apparent clinical illness, but who can actively transmit the pathogen to others. Famous historical examples include Mary Mallon, known as 'Typhoid Mary', who served as a healthy carrier of Salmonella Typhi and caused multiple localized typhoid outbreaks while working as a cook.
Herd Immunity Dynamics
Herd immunity refers to the collective resistance of a group or community to the spread of an infectious disease. It occurs when a high proportion of individuals develop immunity, reducing the likelihood that a susceptible person will come into contact with an infectious case.
The specific threshold required to achieve herd immunity depends directly on the disease's R0 value. Highly transmissible pathogens require much higher population immunity levels to halt transmission networks.
For example, Measles—which has an exceptionally high R0 of 12 to 18—requires a strict herd immunity threshold of 92% to 94% vaccine or natural immunity coverage to prevent sustained community outbreaks.
6. Historical Case Studies in Outbreak Investigations
Case Study 1: The 2003 SARS Pandemic (Severe Acute Respiratory Syndrome)
The 2003 SARS pandemic serves as a classic modern example of how international travel can rapidly scale a localized outbreak into a global threat. It also highlights the specific epidemiological factors that allowed public health interventions to contain it.
The Index Event: On February 21, 2003, a 65-year-old medical doctor from Guangdong Province, China, who had been treating patients with an undiagnosed atypical pneumonia, checked into a room on the 9th floor of the Hotel Metropole in Hong Kong. Cryptic aerosolization or droplet transmission in the hotel's hallways and elevators infected multiple international guests.
Rapid International Dispersion: Within days, infected hotel guests traveled to Singapore, Vietnam, Canada, Ireland, and the United States, sparking secondary hospital-based and community outbreaks globally.
Timeline of Discovery: The initial cases of atypical pneumonia began in November 2002 in Guangdong, China. By February 11, 2003, over 300 cases and 5 deaths were noted. On February 28, 2003, Dr. Carlo Urbani formally notified the World Health Organization (WHO) of cases in Hanoi, defining the clinical entity as 'SARS'. On March 12, the WHO issued a global alert. By April 16, international laboratory collaboration successfully identified the novel pathogen: SARS-CoV.
Epidemiological Factors for Control: Despite its high virulence, SARS was successfully brought under control due to three favorable epidemiological characteristics:
A short incubation period (typically 2 to 7 days).
The clear presentation of severe symptoms right at the onset of infectivity, with minimal to no asymptomatic transmission.
A clear clinical outcome—patients either recovered or became severely ill, which allowed for efficient identification, isolation, and contact tracing.
Case Study 2: The Salmonella enterica Typhimurium Outbreak (Peanut Butter Contamination)
This foodborne outbreak investigation highlights the utility of tracking epidemic curves to identify industrial systemic failures in food supply chains.
The Scale: Public health authorities officially documented 714 confirmed cases and 9 deaths across the United States. However, statistical modeling indicated that the true scale of the outbreak likely exceeded 22,000 unnotified cases, driven by a contaminated ingredient distributed across more than 1,800 different commercial products.
The Outbreak Investigation: Epidemiologists plotted the epidemic curve—charting the progression of the outbreak over time by comparing each patient's date of illness onset against total case counts. By analyzing the common incubation timelines of Salmonella, investigators traced the point-source contamination back to industrial processing facilities managed by the Peanut Corporation of America.
Legal and Regulatory Outcomes: The investigation revealed that corporate leadership knowingly introduced adulterated food products into the commercial marketplace despite internal testing indicating contamination. This finding led to significant regulatory oversight reforms and a historic 28-year prison sentence for the company's CEO.
Case Study 3: The 2013-2014 Fiji Dengue Outbreak
Dengue virus is a mosquito-borne flavivirus transmitted primarily by the Aedes aegypti vector. It typically presents with severe headache, high fever, and a characteristic rash. While often self-limiting, it can progress to severe dengue hemorrhagic fever characterized by dangerous fluid shifts.
The Surveillance Signal: In late December 2013, routine national weekly surveillance systems flagged an unusual rise in dengue-like illnesses well above expected baseline rates.
System Strain: Within two weeks, case counts escalated exponentially into a full epidemic, threatening to overwhelm the national health care system. Hospitals faced critical shortages of diagnostic laboratory kits, full blood count (FBC) reagents, and clinical bed capacity.
The Public Health Action Plan: Faced with resource limitations, the ministry implementing a multi-pronged mitigation strategy:
Clinical Standardization: Establishing clear clinical case definitions and identifying specific 'Warning Signs' to prioritize care for severe cases.
Public Communication: Launching widespread educational campaigns focused on symptom recognition, proper hydration, and seeking timely care.
Vector Control: Launching large-scale chemical spraying and community-led cleanup programs to eliminate mosquito breeding sites.
7. Emerging and Re-Emerging Infectious Diseases
A century ago, infectious diseases represented the single leading cause of global human mortality. Structural public health improvements—such as centralized sanitation systems, widespread immunization programs, antimicrobials, and rigorous clinical infection prevention protocols—significantly reduced this burden, driving an historic rise in global life expectancy. However, pathogens continue to evolve, leading to the rise of emerging and re-emerging infectious diseases.
Defining the Threat Profile
Emerging Pathogens: Entirely novel infectious agents identified in human populations for the first time. Historical examples include Legionella pneumophila (1976), Listeria monocytogenes (1980), Human Immunodeficiency Virus (HIV, 1983), Hendra virus (1994), Pandemic H1N1 Influenza A virus (2009), and SARS-CoV-2 (2020).
Re-emerging Pathogens / Old Agents with New Weaponry: Known historical pathogens that have developed novel evolutionary traits to bypass existing defenses. This includes the rise of dangerous antimicrobial resistance profiles, such as Methicillin-Resistant Staphylococcus aureus (MRSA), Multi-Drug Resistant Tuberculosis (MDR-TB), and pan-resistant Gram-negative rods.
The 12 Key Factors Driving Emerging and Re-Emerging Diseases
Pathogen emergence is driven by a combination of human behavior, biological evolution, and global environmental shifts:
1. Microbial Adaptation and Change: Pathogens undergo continuous mutations and genetic shifts, leading to increased transmissibility or altered virulence (e.g., highly pathogenic H5N1 avian influenza strains).
2. Human Susceptibility to Infection: Changing population demographics—including an aging global population, rising numbers of individuals living with HIV, intravenous drug use networks, and growing numbers of solid-organ transplant recipients on immunosuppressive regimens—create expanded populations of highly vulnerable hosts.
3. Population Growth and Density: Exponential growth in human populations increases the frequency of contact events, accelerating potential transmission chains.
4. Urbanization and Crowding: Mass migration into dense urban environments creates crowded conditions that modify social and sexual networks, facilitating the spread of mucosal or sexually transmitted agents.
5. Breakdown of Public Health Infrastructure: The decay or underfunding of surveillance systems can lead to historical disease resurgence, as seen in the re-emergence of Tuberculosis in New York City during the late 20th century.
6. War, Social Dislocation, and Refugee Populations: Conflicts displace human populations into crowded refugee settings that lack basic sanitation infrastructure, facilitating the spread of waterborne and filth-associated pathogens. This category also includes threats associated with bioterrorism.
7. Globalization of Travel and Trade: Modern commercial aviation allows an infected person to travel between nearly any two cities worldwide within 24 hours—well within the incubation period of most pathogens—facilitating rapid global dispersion (as seen in SARS and COVID-19).
8. Live and Wild Animal Markets: Wet markets bring diverse wild and domestic animal species into close contact with dense human populations, creating ideal conditions for cross-species viral spillover events (e.g., 'Bird Flu' avian influenza strains).
9. Intensified Livestock Production and Altered Food Chains: Large-scale, high-density commercial farming can inadvertently amplify novel pathogens or introduce processing risks, as seen in Bovine Spongiform Encephalopathy (BSE, or 'Mad Cow Disease').
10. Misuse of Antibiotics: The over-prescription of antimicrobials in clinical medicine and their widespread prophylactic use in industrial animal agriculture exert strong selective pressure, accelerating global antibiotic resistance.
11. Anthropogenic Changes to Ecosystems: Encroachment into pristine natural habitats through deforestation and biodiversity loss increases human exposure to novel sylvatic animal reservoirs, facilitating zoonotic spillover events (e.g., Nipah virus outbreaks).
12. Global Climate Change: Shifting temperature and precipitation patterns expand the geographic range of vector organisms (such as Anopheles and Aedes mosquitoes), introducing vector-borne diseases into immunologically naive, higher-latitude populations.
Comparing Coronavirus Pandemics
A comparison of the three major coronavirus outbreaks of the 21st century demonstrates how transmission dynamics—rather than case fatality rates alone—dictate a pathogen's global impact:
Epidemiological Paradox: While SARS (10.0% CFR) and MERS (34.0% CFR) were significantly more lethal on an individual basis, COVID-19 caused vastly more total deaths globally. This outcome was driven entirely by transmission dynamics: SARS-CoV-2 spreads effectively via asymptomatic and pre-symptomatic individuals presenting with milder initial illness. This allowed it to circulate silently through populations and achieve a massive scale of infection that ultimately overwhelmed healthcare infrastructure.
Global Response Strategies
To counter the threat of emerging infectious diseases, international public health bodies like the Centers for Disease Control and Prevention (CDC) emphasize four primary core strategies:
Enhance Surveillance and Response Capabilities: Improving tracking networks to rapidly detect anomalies and define the true scope of an outbreak early.
Encourage Applied Research: Investing in the development of novel diagnostic techniques, rapid sequencing capabilities, and targeted therapeutic interventions.
Strengthen Infrastructure and Training: Technical data collection is of limited value without local operational public health infrastructure. International efforts focus on 'Capacity Building', particularly within resource-limited countries, to ensure local teams can investigate and contain outbreaks at their source.
Improve Vaccination Programs: Creating, distributing, and maintaining high vaccination coverage to protect populations and preserve herd immunity thresholds.
References and Recommended Reading:
Goering, R. et al. (2019). Mim's Medical Microbiology and Immunology (6th ed.), Chapter 33: Epidemiology and Emerging Infectious Diseases.
Semenza, J. C., Lindgren, E., Balkanyi, L., Espinosa, L., Almqvist, M. S., Penttinen, P., & Rocklöv, J. Determinants and Drivers of Infectious Disease Threat Events in Europe.
Mortality Rate / Case Fatality Rate = [Total Deaths from the Disease] / [Total Number of Confirmed Cases of the Disease]
Transmission Category
Mechanism / Route
Clinical Examples
Direct Transmission
Mucous membrane-to-mucous membrane contact
Sexually Transmitted Infections (STIs)
Direct Transmission
Vertical transmission across the placental barrier
Congenital Toxoplasmosis
Direct Transmission
Direct cutaneous or skin-to-skin contact
Herpes Simplex Virus (HSV)
Indirect Transmission
Faecal-oral pathway (ingestion of shed viral/bacterial particles)
Norovirus, Poliovirus
Indirect Transmission
Respiratory secretions via larger droplets or fine aerosols
Measles virus, Influenza virus
Indirect Transmission
Vector-borne transmission via biological blood-feeding arthropods
Malaria (Plasmodium via Anopheles mosquito)
Indirect Transmission
Fomites (inanimate contaminated objects like surfaces, doorknobs)
Picornaviruses, Rhinoviruses
Indirect Transmission
Waterborne contamination of municipal or natural water supplies
Hepatitis A virus, Vibrio cholerae
Indirect Transmission
Foodborne ingestion of contaminated agricultural or animal products
Salmonella enterica
R0 represents the average number of secondary infectious cases generated by a single, typical infectious index case over the entire course of its infectious period, within an entirely susceptible, uninfected population.
Disease Entity
Primary Mode of Transmission
Established R0 Value
Malaria
Vector-borne (Anopheles mosquito transmission vector)
Up to 1000! (Highly dependent on vector density)
Measles
Airborne aerosol transmission
12 – 18
Pertussis (Whooping Cough)
Airborne respiratory droplets
12 – 17
Diphtheria
Saliva and respiratory secretions exchange
6 – 7
Smallpox
Close social contact and droplet transmission
5 – 7
Polio
Fecal-oral transmission route
5 – 7
HIV / AIDS
Direct sexual contact or blood-borne exchange
2 – 5
SARS (2003 strain)
Airborne respiratory droplets
2 – 5
Influenza (1918 Pandemic Strain)
Airborne respiratory droplets
2 – 3
Ebola Virus Disease
Direct contact with infected bodily fluids
1 – 4
Pandemic Status
Causative Agent
Active Time Frame
Global Deaths
Confirmed Cases
Case Fatality Rate
SARS
SARS-CoV
2002 – 2003
~ 800
~ 8,000
10.0%
MERS
MERS-CoV
2012 – Present
~ 850
~ 2,500
34.0%
COVID-19
SARS-CoV-2
2020 – Present
~ 6.9 Million
~ 217 Million
3.2%",
"Pain, opioids and other analgesic agents","Pain, Opioids and Analgesic Agents
Monash University School of Medicine | Medical Lecture Reference Guide
Instructed by A/Prof Brad Broughton | Assisted by Dr. Ben Seyer
1. Introduction and Core Learning Outcomes
This comprehensive educational resource serves as a structured review of clinical pain management, the pharmacology of opioid analgesics, and related therapeutic agents. Designed for medical students and clinical trainees, this guide synthesizes core pharmacological concepts with foundational neuroanatomy to establish a complete understanding of nociceptive modulation.
Upon mastering this material, learners should be able to confidently achieve the following educational outcomes:
Describe the clinical uses of opioid analgesics and related therapeutic agents across various pain severity levels.
Outline the exact physiological and cellular mechanisms of action of opioid analgesics.
Explain the major systemic adverse effects and clinical risks associated with the use of opioid analgesics.
Describe and apply the clinical analgesic ladder framework for effective patient pain management.
2. Opium and the Origins of Opioids
Naturally derived opioids trace their biochemical lineage to plant origins. The primary source of crude opium is the opium poppy, botanically classified as Papaver somniferum. Raw opium extracted from the poppy capsule is a highly complex mixture containing at least 20 distinct alkaloids. Among these naturally occurring compounds, the principal and most pharmacologically active alkaloid is morphine. Morphine represents the definitive non-synthetic opioid prototype against which all semi-synthetic and synthetic opioid developments are benchmarked.
3. Opioid Receptor Classifications and Physiological Effects
Opioid agents exert their physiological effects by binding specific G-protein coupled receptors distributed throughout the central and peripheral nervous systems. These receptors are classified into three major physiological types:
4. Clinical Profiling of Common Opioids
Different opioid formulations express varying relative binding affinities for the mu-receptor, directly governing their clinical potency, appropriate indications, and therapeutic utility.
5. Neuroanatomy of Pain Pathways and Site-Specific Analgesia
Pain signaling is an intricately regulated process moving through dedicated anatomical pathways. An understanding of these structures dictates where specific classes of analgesic agents exert their inhibitory control:
Primary Anatomical Landmarks:
Peripheral Nociceptors: Specialized sensory receptors located in peripheral tissues that detect noxious mechanical, thermal, or chemical stimuli resulting from direct trauma.
Synapses in the Dorsal Horn: The primary relay gateway in the spinal cord where peripheral nociceptive fibers synapse onto secondary projection neurons.
Ascending Spinothalamic Tract: The major ascending pathway that transmits nociceptive electrical impulses upstream through the spinal cord toward the thalamus and cerebral cortex for sensory processing.
Descending Pathway: An endogenous antinociceptive circuit originating in the higher brain centers (such as the periaqueductal gray, or PAG) that projects downward to the dorsal horn to suppress incoming pain signals.
Anatomical Mapping of Analgesic Interventions:
Cerebral Cortex Level: Systemic opioids exert profound central actions here, altering the psychological perception and emotional response to pain.
Descending Pathway & Spinal Dorsal Horn: This represents a multi-mechanistic site of pharmacological convergence. Nociceptive transmission here is suppressed by systemic opioids, tricyclic/SNRI antidepressants (which reinforce descending monoaminergic pathways), anticonvulsants (which stabilize hyper-excitable neuronal membranes), and classic non-opioid analgesics.
Peripheral Tissue / Site of Trauma: Localized pain signaling is directly targeted at the source using topical analgesics and localized non-opioid analgesics (such as NSAIDs that inhibit inflammatory prostaglandin synthesis).
6. Cellular Mechanism of Action: Mu-Opioid Receptor Activation
At the microscopic level, mu-opioid receptors are G-protein coupled receptors (GPCRs) complexed internally with heterotrimeric (alpha, beta, gamma) G-proteins. When an opioid agonist like morphine binds to the extracellular domain of the receptor, it induces a conformational change that triggers the exchange of GDP for GTP on the alpha subunit.
The activated G-protein complex dissociates and initiates two primary intracellular cascades that effectively block neuronal signaling:
Inhibition of Adenylyl Cyclase: The activated inhibitory G-alpha subunit directly suppresses adenylyl cyclase, downregulating intracellular cyclic AMP (cAMP) synthesis.
Post-Synaptic Hyperpolarization via Potassium Channels: The G-protein activation opens inward-rectifying potassium (K+) channels. This stimulates an accelerated outward flux of K+ ions from the cell, causing the neuronal membrane potential to become deeply negative (hyperpolarized), rendering the neuron highly resistant to firing action potentials.
Pre-Synaptic Inhibition via Calcium Channels: Concurrently, the G-protein complex acts directly to inhibit voltage-gated calcium (Ca2+) channels. By drastically reducing the inward current of Ca2+ ions into the pre-synaptic terminal, the cell is unable to trigger the exocytosis and release of excitatory neurotransmitters (such as substance P and glutamate), completely disrupting pain transmission across the synaptic cleft.
7. Endogenous Opioid Systems and Natural Modulation
The human body possesses an innate, highly efficient pain-modulation system comprised of endogenous opioids. Enkephalins represent a vital class of these intrinsic signaling molecules. When descending impulse signals from the brain travel down the antinociceptive pathway to the dorsal horn, they synapse onto specialized enkephalin-releasing interneurons.
The released enkephalin binds natively to opiate receptors situated on incoming nociceptive afferent nerve terminals, blocking their signal propagation. These endogenous systems are densely distributed throughout the brain and spinal cord, serving critical roles:
Acute Pain Modulation: They are rapidly mobilized and released during acute physiologic shock, stress, and severe traumatic injury to temporarily dull pain perception.
Physiological Phenomena: They provide the definitive biological explanation behind the 'runner's high' experienced during extreme physical exertion, as well as the physiological symptoms associated with exercise withdrawal syndrome.
8. Systemic Adverse Effects Profile
While highly effective at pain suppression, the widespread distribution of opioid receptors across non-targeted physiological systems precipitates an predictable and clinically significant profile of adverse effects:
9. Clinical Application of the Analgesic Ladder
To optimize patient outcomes and minimize risks of dependence and respiratory depression, clinical pain management is structured using a progressive framework known as the Analgesic Ladder. This tiered strategy matches therapeutic intensity directly to the patient's reported pain severity:
• Step 1: Mild Pain. Managed primarily using non-opioid analgesics (e.g., paracetamol, NSAIDs) with or without appropriate adjuvant therapies.
• Step 2: Mild-to-Moderate Pain. Indicates the addition of a mild or low-potency opioid formulation (such as codeine, which possesses a mu-receptor affinity of 0.2) combined with ongoing Step 1 non-opioid strategies.
• Step 3: Severe Pain. Requires the implementation of high-affinity strong opioids (such as morphine or fentanyl, which exhibits an exceptionally high mu-affinity of 80) to provide deep, systemic central analgesia alongside multimodal adjuvants.
Receptor Type
Physiological and Adverse Effects
μ (mu)
Responsible for the vast majority of primary opioid therapeutic effects, including profound analgesia. It also mediates major adverse profiles: respiratory depression, physical and psychological dependence, sedation, and intense euphoria.
δ (delta)
Contributes significantly to the modulation of analgesic effects alongside mu receptor activation.
κ (kappa)
Contributes to localized and systemic analgesic effects, distinct from mu and delta pathways.
Opioid Agent
Relative Mu-Affinity
Primary Clinical Indication / Notes
Morphine
1.0
Management of acute and chronic severe pain; serves as the clinical standard.
Oxycodone
1.5
Management of moderate-to-severe chronic pain contexts.
Codeine
0.2
Management of moderate pain. Possesses substantially lower potency than morphine, but is highly bioavailable via oral absorption and rarely associated with high addiction rates when used appropriately.
Fentanyl
80
Extremely high potency agent utilized specifically for the management of severe, acute, or breakthrough pain.
Heroin
2.0
Highly lipophilic opioid with rapid central nervous system penetration; primarily illicit with limited legal medical applications in specific jurisdictions.
Loperamide
Negligible / N/A
Utilized exclusively as an anti-diarrhoeal agent. It is exceptionally poorly absorbed from the gastrointestinal tract and does not readily cross the blood-brain barrier.
Naloxone
Antagonist
Pure mu-receptor antagonist. Indicated for the management of hyperalgesia induced by pain/stress/inflammation, and as the definitive life-saving rescue agent in acute opioid overdose to reverse lethal respiratory depression.
Adverse Effect
Underlying Pathophysiological Cause
Nausea and Vomiting
Occurs in approximately 40% of clinical cases. It is driven by the direct pharmacological stimulation of the chemoreceptor trigger zone (CTZ) located within the central nervous system.
Histamine Release
Opioids trigger mast cell degranulation, causing systemic histamine release. This presents localized itching (pruritus) and urticaria at injection sites, and can precipitate severe bronchoconstriction and systemic hypotension in susceptible individuals.
Constipation
Opioids profoundly inhibit the physiological release of Acetylcholine (ACh) from post-ganglionic cholinergic nerves within the enteric nervous system, severely slowing gastrointestinal smooth muscle contractility and motility.
Respiratory Depression
The most lethal side effect. Opioids directly inhibit the specialized chemosensitive neurons within the brainstem respiratory center that are fundamentally responsible for generating and maintaining the automatic respiratory rhythm.
Clinical Note: The Analgesic Ladder mandates starting with non-opioid strategies for mild pain and progressively stepping up to weak and then strong opioids if pain persists or intensifies, ensuring adjuvant therapies are considered at every level.",
Overview of the back,"Comprehensive Reference Guide: Overview of the Back
Part 1: The Vertebral Column
Based on Lectures by Associate Professor Luca Fiorenza
Monash University — Department of Anatomy and Developmental Biology
1. Learning Outcomes & Scope
This comprehensive educational article provides an in-depth breakdown of the human vertebral column, serving as a core foundation for medical and anatomical education. By reviewing the architectural layout and regional specialization of the spinal column, students are expected to achieve the following competencies:
Describe the general structure of the vertebral column and evaluate regional variations in its bony components across different sections.
Discuss the structure of a typical vertebra, identifying individual landmarks and contrasting the unique morphological specializations characteristic of cervical, thoracic, lumbar, sacral, and coccygeal segments.
2. General Architecture and Physiological Functions
The human vertebral column constitutes a central pillars of the axial skeleton. It typically consists of 33 vertebrae structurally grouped into five precise anatomical regions:
Cervical Region (7 Vertebrae, C1–C7): Forms the flexible skeletal framework of the neck and supports the cranium.
Thoracic Region (12 Vertebrae, T1–T12): Provides attachment sites for the ribs, forming the posterior boundary of the bony thoracic cage.
Lumbar Region (5 Vertebrae, L1–L5): Comprises the large weight-bearing segments of the lower back.
Sacral Region (5 Fused Segments, S1–S5): Fused into a single solid, triangular bony block known as the sacrum, which transfers upper body weight to the pelvic girdle.
Coccygeal Region (4 Fused Segments, Co1–Co4): Coalesces into the coccyx (tailbone), representing a vestigial terminal portion of the column.
Primary Physiological Functions:
Protection of the Central Nervous System: Encloses and shields the vulnerable spinal cord and the roots of the emerging spinal nerves within its central bony canal.
Weight-Bearing Capability: Progressively supports and transmits the weight of the head, upper limbs, and trunk down to the pelvis and lower limbs.
Axial Flexibility and Support: Acts as a partly rigid yet dynamically flexible midline axis for the torso while serving as a crucial pivoting mechanism for cranial rotations.
Locomotion and Posture: Serves as an anchor for intrinsic and extrinsic musculature, playing an irreplaceable role in maintaining upright posture and facilitating coordinated gait dynamics.
3. Osteological Landmarks of a Typical Vertebra
A standard mid-column vertebra possesses distinct components that enclose a central space and project outward to serve as functional levers for muscles and articulations. Understanding these components from a cranial aspect provides an excellent baseline:

Vertebral Body (Centrum): The massive, anteriorly situated, roughly cylindrical portion of the bone. It functions as the principal weight-bearing component. Adjacent vertebral bodies are separated and cushioned by fibrocartilaginous intervertebral (IV) discs.
Vertebral Arch: The posterior boundary enclosing the nervous structures. It is assembled symmetrically from two distinct sub-regions:
  • Pedicles: Short, stout, robust bony pillars projecting directly posteriorly from the superolateral aspects of the vertebral body.
  • Laminae: Broad, flat plates of bone extending medially from the pedicles to fuse in the midline, completing the posterior ring.
Vertebral Foramen: The spacious central opening bounded anteriorly by the body and posterolaterally by the vertebral arch. When stacked sequentially, these foramina form the continuous Vertebral Canal (Spinal Canal) housing the spinal cord.
Bony Processes (7 Lever Projections):
Spinous Process (1): A singular median projection pointing posteriorly and inferiorly from the junction of the two laminae.
Transverse Processes (2): Lateral projections extending posterolaterally from the junctions of the pedicles and laminae. They serve as muscle attachments and, in the thorax, as rib articulations.
Articular Processes (4): Two superior and two inferior processes projecting vertically from the junctions of the pedicles and laminae. Each process bears a smooth, hyaline-cartilage-covered articular facet. These processes engage with corresponding facets of adjacent superior and inferior vertebrae to restrict undesirable translation and guide spinal motion.
4. Comprehensive Analysis of Regional Variations
As one transitions down the spinal axis, regional metabolic and biomechanical challenges necessitate profound structural alterations. The unique identifying markers of each major region are categorized below:
Cervical Vertebrae (C3–C7 Overview & Atypical C1/C2)
The cervical spine provides unmatched mobility to allow multi-axial head movements. Standard cervical elements (C3–C6) display several distinguishing features:
Vertebral Body: Small in size and noticeably wider in the lateral dimension than the anterior-posterior axis.
Vertebral Foramen: Disproportionately large and triangular to accommodate the cervical enlargement of the spinal cord.
Transverse Foramina: Every transverse process contains a unique hole called the foramen transversarium. This pathway accommodates the ascending vertebral artery, accompanying veins, and sympathetic nerve plexuses (note: the transverse foramen of C7 is small and transmits only accessory veins, not the main vertebral artery).
Spinous Processes: Typically short. Crucially, the spinous processes from C3 through C5 are exceptionally short, while those from C3 through C6 exhibit a bifid (forked) configuration to anchor the ligamentum nuchae and deep neck extensors.
C7 (Vertebra Prominens): An atypical transitional element featuring a markedly long, robust, non-bifid spinous process that projects almost horizontally. It produces a prominent surface landmark easily palpable at the base of the neck.
Specialized Upper Cervical Elements:
1. The Atlas (C1): 
Unique among all vertebrae because it lacks both a vertebral body and a spinous process. Instead, it forms an open, delicate ring consisting of an anterior arch (bearing an anterior tubercle) and a posterior arch. The wide lateral masses bear large, concave, kidney-shaped superior articular facets. These facets articulate with the convex occipital condyles of the skull to create the atlanto-occipital joints, enabling the primary back-and-forth nodding gesture ('yes').
2. The Axis (C2): 
Serves as the vital pivot point for cranial rotation. Its distinguishing feature is the 
2. The Axis (C2): Serves as the vital pivot point for cranial rotation. Its distinguishing feature is the Dens (Odontoid Process), a prominent tooth-like vertical projection rising from the superior surface of its vertebral body. The dens represents the modified, fused body of the atlas. It features an anterior articular facet that rests against the posterior aspect of the atlas's anterior arch. It is secured tightly by the transverse ligament of the atlas, allowing the atlas and attached skull to pivot around it. This creates the atlanto-axial joint, responsible for the shaking rotation of the head ('no').
Thoracic Vertebrae (T1–T12)
Vertebral Body: Medium-sized and characteristically heart-shaped when viewed from a cranial perspective.
Vertebral Foramen: Noticeably small and circular.
Costal Facets for Rib Articulation: The identifying feature of this region. Every thoracic vertebra articulates with ribs. The bodies possess superior and inferior costal facets (or demifacets) laterally to accept the heads of the ribs.
Transverse Processes: Thick and long, bearing distinct transverse costal facets for articulation with the smooth tubercles of corresponding ribs (with the exception of transitional segments T11 and T12, which lack transverse costal facets).
Spinous Process: Long, slender, and angled sharply inferiorly. In mid-thoracic levels, these processes overlap the spinous process of the immediate inferior vertebra, restricting excessive hyperextension of the thoracic cage.
Lumbar Vertebrae (L1–L5)
Vertebral Body: Massive, thick, robust, and kidney-shaped. This large surface area is optimized to withstand heavy mechanical loads transmitted down the upper skeleton.
Vertebral Foramen: Triangular in shape, intermediate in size (larger than thoracic, smaller than cervical).
Transverse Processes: Long, slender, and flattened, projecting almost directly laterally to act as levers for powerful core stabilizers.
Spinous Process: Short, broad, and flat, projecting straight backward in a characteristic hatchet-like shape. This layout allows for thick muscle insertions while leaving substantial spacing for lumbar flexion and extension.
5. Osteological Variations and Transitional Abnormalities
Although the textbooks describe a standard layout, the human spinal column frequently demonstrates clinical variations. The total number of individual elements can safely range between 32 and 35 segments. Most normal deviations arise in the terminal coccygeal elements or at the borders where distinct segments transition into one another:
Cervical Ribs: An accessory rib structure arising from the transverse process of the C7 vertebra. While asymptomatic in many, a cervical rib can mechanically compress the subclavian artery or the lower trunk of the brachial plexus, causing thoracic outlet syndrome (TOS).
Lumbar Ribs: An accessory costal element projecting from L1 or T12, occasionally misidentified as a broken transverse process on diagnostic radiography.
Sacralization of L5: A transitional anomaly where the fifth lumbar vertebra is abnormally fused, either partially or entirely, with the base of the sacrum. This results in an apparently 4-element lumbar spine.
Lumbarization of S1: Occurs when the first sacral segment fails to fuse with the rest of the sacral mass. S1 remains fully mobile and differentiated, behaving functionally like a sixth lumbar vertebra.
6. Clinical Focus: Embryological Defects — Spina Bifida
During embryonic development, the primordial neural tube and surrounding somites must coordinate to fuse and form the neural tissue and surrounding skeletal arches. Spina bifida is a congenital neural tube defect characterized by an incomplete or defective closure of the posterior vertebral arches (typically the laminae), failing to enclose the vertebral canal completely. This defect spans a wide spectrum of severity:
Variant Type
Pathological Architecture
Clinical Manifestations
Spina Bifida Occulta
Minor failure of the bony laminae to fuse. The spinal cord, spinal nerve roots, and meninges remain fully contained within the canal.
Often entirely asymptomatic. The skin over the bony gap remains intact and frequently features a localized patch of coarse hair (hair tuft) or a small dimple.
Meningocele
A localized failure of the arch allows the protective meninges and cerebrospinal fluid (CSF) to herniate outward, creating a fluid-filled cystic sac.
The spinal cord remains in its normal anatomical position inside the canal. Variable neurological deficits may be present, but are less severe than open forms.
Meningomyelocele
The most severe open neural tube variant. The wide bony defect allows both the meninges (with CSF) and the functional neural tissue (spinal cord and nerve roots) to herniate into the external sac.
Severe neurological impairment below the level of the lesion, often resulting in paralysis, sensory loss, and bladder/bowel dysfunction.
Comprehensive Reference Guide: Joints and Functions of the Vertebral Column
Based on Lectures by Associate Professor Luca Fiorenza | Monash University
1. Introduction and Core Learning Outcomes
This reference manual outlines the fundamental anatomical structures, biomechanical principles, and functional kinetics governing the human vertebral column. Derived from core medical lecture material, this document details the physiological curvatures, intervertebral discs, ligamentous supports, and regional variations in movement that collectively facilitate human posture, locomotion, and axial protection.
The pedagogical framework of this study centers on three critical learning outcomes:
• Outcome 3: Describe the normal physiological curvatures of the vertebral column and discuss their pathological abnormalities.
• Outcome 4: Identify and describe the articular joints and stabilizing ligaments of the vertebral column.
• Outcome 5: Analyze the regional kinematics and specific movements permitted across different zones of the spine.
2. Physiological Curvatures of the Spine
The adult human vertebral column does not form a straight vertical line; instead, it exhibits a series of four anteroposterior curvatures. These curves are critical adaptations designed to support bipedal upright posture, distribute axial loads, and preserve neurological integrity.
Primary vs. Secondary Curvatures
Anatomically and developmentally, spinal curves are classified as either primary or secondary based on their chronological emergence:
• Primary Curves (Thoracic and Sacral): These curves develop during the fetal stage of gestation. They retain the original C-shaped profile present in utero and are concave anteriorly (convex posteriorly).
• Secondary Curves (Cervical and Lumbar): These curves develop postnatally during infancy and childhood. The cervical curvature becomes pronounced as the infant begins to lift their head against gravity (typically at 3-4 months), while the lumbar curvature emerges later in development as the child assumes an upright sitting position, crawls, and begins to walk (around 12-18 months). Secondary curves are convex anteriorly (concave posteriorly), a conformation known as lordosis.
Mechanical and Physiological Significance
The existence of these physiological curves provides distinct mechanical advantages:
1. Structural Strength: Curvatures significantly increase the column's weight-bearing capacity compared to a perfectly straight rod.
2. Static Balance: They realign the body's line of gravity, facilitating an efficient upright stance with minimal active muscle contraction.
3. Shock Absorption: The curves act dynamic springs that compress and absorb mechanical shocks during high-impact activities like walking, running, and jumping, thereby protecting individual vertebrae from compressive stress fractures.
Pathological Abnormalities of Spinal Curvature
When physiological curves exceed normal parameters or deviate laterally, they impair mechanical efficiency and give rise to distinct clinical pathologies:
• Kyphosis: An exaggerated posterior curvature of the thoracic region, often presenting visually as a 'hunchback' or rounded upper spine.
• Lordosis: An exaggerated anterior curvature of the lumbar or cervical region, colloquially referred to as 'swayback.' This is commonly seen temporarily during late-stage pregnancy or chronically due to abdominal obesity.
• Scoliosis: An abnormal lateral deviation or rotational curvature of the vertebral column, most frequently observed in the thoracic spine during adolescent growth spurts.
3. Evolutionary Dynamics and Bioenergetic Costs of Upright Posture
The transition from quadrupedalism and knuckle-walking to obligate bipedalism represents a major milestone in hominin evolution. In quadrupeds and modern non-human primates (such as chimpanzees), the vertebral column maintains a single, long C-shaped curve. This requires heavy muscular effort from the erector spinae group to prevent the trunk from collapsing forward under gravity.
In humans, the development of the S-shaped spinal profile brings the vertical center of gravity directly over the feet and bipedal support base. While highly efficient for flat-ground locomotion, this morphology introduces significant biological compromises, particularly during pregnancy.
As demonstrated by Whitcome et al. (2007), a pregnant chimpanzee suffers a significant anterior shift in her center of mass (COM), forcing her to exert substantial muscular force to avoid falling forward. In contrast, pregnant human females exhibit evolved morphological adjustments: they increase lumbar lordosis by naturally extending the lower back backward. This behavioral and anatomical adaptation helps preserve the systemic center of gravity directly over the hip joints, mitigating the muscular workload and mechanical strain on the lumbar spine.
4. Structure and Biomechanics of Intervertebral Discs
Intervertebral (IV) discs form the primary symphyseal joints between adjacent vertebral bodies from C2 down to the sacrum. They serve as robust mechanical dampeners and structural connectors.
Anatomical Architecture
An intervertebral disc is composed of three interconnected structural zones:
1. Nucleus Pulposus: The gelatinous core of the disc, rich in proteoglycans and water. It functions as an incompressible hydrodynamic sphere that absorbs and redistributes compressive stresses evenly across the disc area.
2. Anulus Fibrosus: An outer fibrocartilaginous ring composed of concentric lamellae of collagen fibers arranged in alternating oblique orientations. This precise structure binds adjacent vertebral bodies together, resists high tension, and prevents bulging of the core.
3. Hyaline Cartilage Endplates: Thin layers of hyaline cartilage that separate the disc from the bony vertebral body, facilitating structural attachment and diffusion of nutrients into the avascular disc tissue.
Biomechanical Behavior under Mechanical Load
The intervertebral disc undergoes predictable structural modifications under varying gravitational forces:
• Recumbent Posture: When lying flat, gravitational loading is eliminated. The hydrostatic pressure drops, allowing the nucleus pulposus to imbibe water and rehydrate, increasing disc height.
• Erect Posture (Weight-Bearing): Under typical vertical load (e.g., body weight or carrying a external load like 5 kg), the nucleus pulposus flattens and distributes force radially. The surrounding anulus fibrosus tenses to contain this pressure, slightly compressing the disc height.
• Lateral Flexion Kinetics: During asymmetric movements such as lateral flexion, the vertebral bodies tilt. This compresses the disc on the ipsilateral side, forcing the highly mobile nucleus pulposus to shift contralaterally (away from the direction of bending) to accommodate the dynamic redistribution of pressure.
5. Stabilizing Ligaments of the Axial Skeleton
The high flexibility of the spinal column is constrained and stabilized by a series of dense, fibrous ligaments that prevent hyper-movement and maintain structural alignment:
• Anterior Longitudinal Ligament (ALL): A broad, thick band running vertically along the ventral surfaces of the vertebral bodies. It serves as the primary restraint against hyperextension of the spine.
• Ligamentum Flavum: A specialized, elastic ligament connecting the laminae of adjacent vertebral arches. Its rich yellow elastic fiber content helps restore the upright posture following trunk flexion.
• Supraspinous Ligament: A cord-like band connecting the apexes of the spinous processes from the sacrum up to the lower cervical spine.
• Ligamentum Nuchae: A large, triangular midline accentuation of fibroelastic tissue located within the posterior neck region. It extends from the external occipital protuberance of the skull down to the spinous process of the seventh cervical vertebra (C7), providing critical structural support for the skull and anchor points for cervical musculature.
• Lateral Costotransverse Ligament: A supportive collateral band that articulates the transverse processes of the thoracic vertebrae with the necks and tubercles of the corresponding ribs, stabilizing the costovertebral junctions.
6. Kinematics and Regional Kinetic Variations
The aggregate movement of the vertebral column is extensive, though the mobility between any single pair of vertebrae is relatively small. The primary physiological movements include flexion (forward bending), extension (backward stretching), lateral flexion (side bending), and axial rotation (twisting).
The mechanical direction and absolute range of motion within each specific spinal region are dictated primarily by the spatial orientation of the zygapophyseal (facet) joints:
In summary, the intricate coordination between the primary/secondary curvatures, the specialized hydrostatic intervertebral discs, and the stabilizing ligamentous complexes ensures that the human spine can simultaneously execute complex multi-axial movements while serving as a resilient structural pillar for bipedal weight-bearing support.
Spinal Region
Facet Joint Orientation
Dominant Kinematic Movement
Cervical Spine
Oblique / Horizontal plane
High flexibility across all planes: significant flexion, extension, lateral flexion, and extensive rotation.
Thoracic Spine
Coronal / Frontal plane
Permits significant axial rotation; flexion and extension are constrained by the attached rib cage.
Lumbar Spine
Sagittal plane
Optimized for high-range flexion and extension; severely restricts axial rotation to protect the discs.
Comprehensive Anatomical Study: Muscles of the Back
Based on Lecture Notes by Associate Professor Luca Fiorenza, Monash University
Learning Outcomes
Outcome 6: Identify and locate the principal extrinsic and intrinsic muscles of the back.
Outcome 7: Describe the movement and function of the back muscles.
1. Structural Classification of Back Muscles
The musculature of the back is anatomically divided into two main categories based on their embryological origin and function: extrinsic muscles and intrinsic muscles.
Extrinsic Muscles
The extrinsic muscles of the back are superficial and intermediate muscles that serve as axio-appendicular muscles. They connect the axial skeleton (vertebral column) with the appendicular skeleton (scapula, clavicle, and humerus) to control limb movements and respiration. These are further sub-classified into:
1. Superficial Layer: Responsible for controlling movements of the upper limbs.
2. Intermediate Layer: Includes respiratory muscles such as the serratus posterior muscles.
Intrinsic Muscles
The intrinsic (or deep) muscles are the true muscles of the back, situated deepest within the regional anatomy. They are confined to the back region, are enclosed by deep fascia, and are primarily responsible for maintaining posture, extending, rotating, and laterally flexing the vertebral column. They are structured into three distinct layers:
1. Superficial Layer: Composed of the splenius muscles.
2. Intermediate Layer: Composed of the vast erector spinae muscle complex.
3. Deep Layer: Composed of the transversospinalis muscle group and minor deep muscles.
2. Extrinsic Back Muscles
The major extrinsic back muscles include the Trapezius, Latissimus dorsi, Levator scapulae, Rhomboid major, Rhomboid minor, and the Serratus posterior muscles.
Summary Table of Major Extrinsic Back Muscles
Note on Latissimus Dorsi & Serratus Posterior: Latissimus dorsi m.
The Latissimus dorsi is a broad, flat muscle covering the lumbar and lower thoracic regions of the back, acting directly on the humerus to facilitate shoulder extension, adduction, and internal rotation. The Serratus posterior m. represents the intermediate layer of extrinsic back muscles, divided into superior and inferior portions, primarily functioning to assist in respiration by elevating or depressing the ribs.
3. Intrinsic Back Muscles
The intrinsic back muscles are organized systematically into three layers from superficial to deep:
Superficial Intrinsic Layer: Splenius Muscles
The splenius muscles are thick flat muscles located on the lateral and posterior aspects of the neck.
- Splenius capitis m.
- Splenius cervicis m.
• Anatomical Origin and Path: These muscles arise from the spinous processes of the cervical and thoracic vertebrae and extend superiorly and laterally to attach to the skull and upper cervical vertebrae.
• Functions: Working bilaterally, they extend the neck and head. Working unilaterally, they laterally flex and rotate the neck toward the ipsilateral side.
Intermediate Intrinsic Layer: Erector Spinae Muscle Complex
The erector spinae complex lies in a deep groove on each side of the vertebral column. It represents the major extensor of the vertebral column and is organized into three distinct longitudinal columns running from lateral to medial:
1. Iliocostalis m.: The most lateral column, arising from the iliac crest and posterior superior iliac spine, inserting onto the angles of the ribs and lower cervical transverse processes. It is subdivided into Iliocostalis lumborum, Iliocostalis thoracis, and Iliocostalis cervicis.
2. Longissimus m.: The intermediate column, inserting up to the mastoid process of the skull. It is subdivided into Longissimus thoracis, Longissimus cervicis, and Longissimus capitis.
3. Spinalis m.: The most medial column, closely aligned with the spinous processes. It is supported by the nuchal ligament and extends between spinous processes, subdivided into Spinalis thoracis, Spinalis cervicis, and Spinalis capitis.
Deep Intrinsic Layer: Transversospinalis Group & Minor Deep Muscles
The transversospinalis group occupies the anatomical groove located between the transverse and spinous processes of adjacent vertebrae. It consists of three primary muscular cohorts:
1. Semispinalis m.: The most superficial of the deep layer, spans 4 to 6 segments. Notable components include the Semispinalis capitis and Semispinalis thoracis.
2. Multifidus / Multifidi m.: The intermediate cohort of the deep layer, thickest in the lumbar region, spanning 2 to 4 vertebral segments to stabilize individual joints.
3. Rotatores m.: The deepest cohort, highly developed in the thoracic region, spanning 1 to 2 segments to assist with local rotation and proprioception.
Minor Deep Muscles and Accessory Musculature:
- Interspinales m. (Cervical and Lumbar groups interconnecting adjacent spinous processes).
- Intertransversarii mm. (Cervical and Lumbar groups connecting adjacent transverse processes).
- Levatores costarum (Assisting with rib elevation and costal stabilization).
4. Functional Kinesiology and Coordinate Movements
Movement of the vertebral column requires complex coordinated actions between the back muscles, abdominal musculature, and pelvic stabilizers:
A. Flexion: Primary muscles involved include the Rectus abdominis and the Psoas major when starting from an extended position.
B. Extension: Executed primarily by the deep intermediate and deep layers of the back, specifically the Erector spinae, Multifidus, and Semispinalis thoracis (starting from a flexed position), with assistance from pelvic muscles like the Gluteus maximus.
C. Lateral Flexion: Asymmetric contraction of lateral muscles bends the spine. Key contributors include the Splenius, Sternocleidomastoid, Rhomboids, Serratus anterior, External oblique, Internal oblique, Quadratus lumborum, Gluteus medius, and Gluteus maximus.
D. Rotation: Rotational force is generated by the combined action of oblique abdominal muscles and deep intrinsic back muscles. Muscles contract to turn the spine, including the Splenius, Sternocleidomastoid, Transversospinalis group, Iliocostalis, Longissimus, Internal oblique, and External oblique.
Muscle
Proximal Attachment
Distal Attachment
Innervation
Function
Trapezius
Superior nuchal line; external occipital protuberance; nuchal ligament; spinous processes of C7-T12 vertebrae.
Lateral third of clavicle; acromion and spine of scapula.
Spinal accessory nerve (CN XI)
Descending part elevates scapula; ascending part depresses scapula; middle part retracts scapula. Descending and ascending parts act together to rotate the glenoid cavity superiorly.
Levator scapulae
Transverse processes of C1-C4 vertebrae.
Medial border of scapula (superior to the scapular spine).
Dorsal scapular nerve and cervical nerves.
Elevates the scapula.
Rhomboid minor
Nuchal ligament and spinous processes of C7 and T1 vertebrae.
Medial end of the scapular spine.
Dorsal scapular nerve.
Retracts the scapula, rotates its glenoid cavity inferiorly, and fixes the scapula to the thoracic wall.
Rhomboid major
Spinous processes of T2-T5 vertebrae.
Medial border of the scapula from the level of the spine to the inferior angle.
Dorsal scapular nerve.
Retracts the scapula, rotates its glenoid cavity inferiorly, and fixes the scapula to the thoracic wall.",
Embryology of the heart,"The Embryological Development of the Human Heart

A Comprehensive Review Based on the Lectures of A/Prof Michelle D. Lazarus

1. Introduction and Core Principles
The study of cardiovascular embryology is fundamental to medical practice because adult cardiovascular anatomy is a direct reflection of its developmental history. As emphasized by A/Prof Michelle D. Lazarus, 'relationships matter, at least the anatomical ones,' and understanding how the heart transforms from a simple cellular tube into a complex four-chambered pump provides the precise tools necessary to identify, explain, and manage post-natal heart defects.
The embryonic period, spanning from the third through the eighth week of gestation, represents the phase of maximum susceptibility for organ systems. During this brief window, cleavage, implantation, and gastrulation establish the foundation for organogenesis. The cardiovascular system is the first major organ system to become functional, with heart development commencing early in the third week. Consequently, any disruption by teratogens during this critical embryonic window results in major congenital anomalies or intrauterine death, whereas disruptions in the subsequent fetal period (week 9 to full term at week 38) typically result in milder functional defects or minor anomalies.
2. Fetal Versus Post-Natal Circulation
The fundamental theme of fetal circulation is the rapid distribution of oxygenated blood to vital developing tissues without overloading the non-functional pulmonary circuitry. Because gas exchange occurs at the placenta rather than the lungs, the fetal heart operates as a parallel system with high right-sided pressure, relying on three distinct anatomical shunts to bypass the liver and lungs. At birth, the transition to post-natal circulation is driven instantly by pressure changes initiated by the newborn's first breath.
The Three Fetal Shunts and Their Remnants
 To successfully maintain parallel fetal circulation, three distinct shunts exist:
1. Ductus Venosus: Bypasses the hepatic sinusoidal beds. It directly connects the umbilical vein (carrying high-oxygen, nutrient-rich blood from the mother's placenta) to the inferior vena cava (IVC). This ensures that oxygen-dense blood reaches the right atrium rapidly. Following birth, it obliterates to form the 
• Ductus Venosus: Bypasses the liver, directly connecting the oxygen-rich umbilical vein to the inferior vena cava (IVC). After birth, it obliterates to become the Ligamentum Venosum.
• Foramen Ovale: An interatrial opening that allows blood to pass directly from the right atrium to the left atrium, bypassing the non-functional lungs. Post-natally, it closes to form the Fossa Ovalis.
• Ductus Arteriosus: A muscular vessel connecting the pulmonary trunk to the aorta, diverting the remaining blood away from the lungs. At birth, it constricts and becomes the Ligamentum Arteriosum.
Summary of Circulatory Transitions
3. Part I: Embryonic Folding and Heart Positioning
The heart begins as bilateral cords of cardiogenic mesoderm located in the neck region of the trilaminar embryo, specifically cranial to the oropharyngeal membrane. The transition from this initial position to its definitive anatomical location in the adult thorax requires two coordinated folding events occurring around day 18 to day 22:
• Cranial-Caudal Folding: This longitudinal flexion swings the cardiogenic mesoderm ventrally and caudally, moving the heart from the neck region into the future thorax. This folding establishes the critical anatomical link between the heart and the septum transversum (the future diaphragm).
• Lateral Folding: This horizontal folding brings the bilateral endocardial heart tubes toward the midline, where they fuse into a single, unified heart tube suspended within the primitive pericardial cavity.
4. Part II: Heart Tube Folding (Cardiac Looping)
Once a single heart tube is established in the thorax, it rapidly grows within the confined space of the pericardial cavity. Driven by precise genetic and molecular signaling, the heart tube undergoes asymmetric twisting and bending, known as cardiac looping or heart tube folding. This folding brings the future inflow tracks posterior and superior to the outflow tracks, establishing the complex spatial arrangement of the adult heart.
Embryological Precursors and Adult Derivatives
The primitive heart tube is divided into five distinct dilatations along its cranio-caudal axis. The fate of each segment dictates the definitive anatomy of the adult heart chambers and great vessels:
• Truncus Arteriosus: Forms the ascending aorta, pulmonary trunk, and the semilunar valves (aortic and pulmonary).
• Bulbus Cordis: Gives rise to the smooth outflow tracts of the ventricles, including the conus arteriosus in the right ventricle and the aortic vestibule in the left ventricle.
• Primitive Ventricle: Gives rise to the trabeculated (muscular) portions of the adult right and left ventricles.
• Primitive Atrium: Develops into the trabeculated parts of the adult atria containing the pectinate muscles.
• Sinus Venosus: The right horn forms the smooth-walled part of the right atrium (sinus venarum), while the left horn forms the coronary sinus and the oblique vein of the left atrium.
Clinical Anatomical Correlation: This looping event explains the formation of the Transverse Pericardial Sinus in adult anatomy—a physical passageway separating the outflow tracts (aorta and pulmonary trunk) from the inflow tracts (superior vena cava and pulmonary veins).
5. Part III: Atrial and Ventricular Septation
To transition from a simple mixing tube into a synchronized four-chambered pump, the primitive heart must partition its common internal spaces. This occurs through simultaneous atrial and ventricular septation around day 28, a process heavily driven by the development of the endocardial cushions (AV cushions).
The Multi-Step Sequence of Atrial Septation
Atrial partitioning is a delicate, multi-step process engineered to allow a right-to-left shunt during fetal life while preparing for immediate post-natal closure:
1. Septum Primum and Foramen Primum: The Septum Primum grows down from the roof of the common atrium toward the endocardial cushion. The transient opening between its leading edge and the cushion is the Foramen Primum, which allows right-to-left shunting.
2. Ostium Secundum Formation: Before the Foramen Primum is completely sealed, apoptosis creates perforations in the upper part of the Septum Primum, forming the Foramen Secundum (Ostium Secundum) to maintain blood flow.
3. Septum Secundum and Foramen Ovale: A thicker, muscular Septum Secundum grows immediately to the right of the Septum Primum. It does not fuse completely with the cushion, leaving a crescentic opening called the Foramen Ovale.
4. Physiological and Anatomical Closure: The flexible Septum Primum acts as a one-way flap valve against the rigid Septum Secundum. At birth, left atrial pressure rises, slamming the flap shut. Over months, they fuse to form the Fossa Ovalis.
Ventricular Septation
Ventricular septation requires the fusion of two separate components: a muscular portion that grows upward from the apex of the primitive ventricle, and a thinner membranous portion derived from the downward growth of the endocardial cushions and the aorticopulmonary septum. At the same time, the atrioventricular (AV) and semilunar valves form via a process of excavation and delamination from the endocardial cushions, establishing the chordae tendineae and papillary muscles.
6. Part IV: Septation of the Aorta and Pulmonary Trunk
The conversion of the single truncus arteriosus into two independent outflow tracts—the aorta and the pulmonary trunk—presents a complex spatial challenge. This process relies on the development of the aorticopulmonary septum, which must spiral as it grows downward:
• The Spiral Septum: Truncal and bulbar ridges grow and spiral 180 degrees as they fuse down the midline, forming the twisted Aorticopulmonary Septum that cleanly divides the aorta and pulmonary trunk.
• Clinical and Auscultation Significance: This developmental twist explains why the aortic valve is auscultated at the right second intercostal space, while the pulmonary valve is heard at the left second intercostal space, despite their anatomical origins.
7. Congenital Heart Diseases and Clinical Classifications
When any step in this sequence fails to execute or complete correctly, congenital heart defects manifest post-natally. Clinically, these anomalies are classified as either Cyanotic or Non-Cyanotic based on blood flow pathways and internal pressure differentials:
Cyanotic Congenital Heart Anomalies (Right-to-Left Shunts)
Cyanotic lesions occur when poorly oxygenated systemic venous blood bypasses the lungs and enters the systemic arterial circulation directly, or when abnormal outflow structures pump mixed blood to the body:
• Transposition of the Great Arteries (TGA): Occurs when the aorticopulmonary septum fails to spiral, leading to the aorta arising from the right ventricle and the pulmonary trunk from the left ventricle. Survival requires a life-saving shunt (ASD/VSD/PDA) to allow oxygen mixing before surgical correction.
• Persistent Truncus Arteriosus: A total failure of the aorticopulmonary septum to form, resulting in a single massive outflow vessel overriding both ventricles and mixing oxygenated and deoxygenated blood.
• Tetralogy of Fallot: A combination of four defects: pulmonary stenosis, overriding aorta, ventricular septal defect, and right ventricular hypertrophy, driven by anterior misalignment of the aorticopulmonary septum.
Non-Cyanotic Congenital Heart Anomalies (Left-to-Right Shunts & Obstructive Lesions)
Non-cyanotic anomalies do not initially dilute systemic arterial oxygen saturation, though they may lead to long-term pulmonary overload or localized tissue perfusion deficiencies:
• Atrial Septal Defect (ASD): Results from incomplete or improper formation of the Septum Secundum or excessive resorption of the Septum Primum. It causes left-to-right shunting of blood. A minor 'probe patent' variant persists in 25% of the population.
• Ventricular Septal Defect (VSD): The most frequent congenital heart defect, resulting from a failure of the muscular or membranous interventricular components to fully fuse.
• Atrioventricular (AV) Canal Defect: A severe endocardial cushion defect resulting in a large central opening, compromising both atrial and ventricular septation along with the AV valves.
• Obstructive Lesions: Conditions like coarctation of the aorta or valvular stenosis that physically restrict blood flow to the body or lungs without an active shunt mechanism.
8. Conclusion
The intricate, synchronized folding and septation of the embryological heart highlight why structural relationships are the bedrock of clinical cardiology. By tracing post-natal defects back to specific developmental arrests—whether it is a failure of lateral folding, abnormal heart tube looping, or incomplete endocardial cushion fusion—clinicians can predict symptoms, anticipate hemodynamic shifts, and execute precise life-saving surgical repairs.
Organ Bypassed
Fetal Shunt Structure
Anatomical Location
Adult Remnant Structure
Liver
Ductus Venosus
Umbilical Vein to IVC
Ligamentum Venosum
Lungs
Foramen Ovale
Between Right and Left Atria
Fossa Ovalis
Lungs
Ductus Arteriosus
Between Pulmonary Trunk & Aorta
Ligamentum Arteriosum",
Overview of the thoracic cage and spaces,"Anatomical Overview of the Thoracic Cage, Spaces, and Visceral Mechanics
The thoracic wall is a dynamic, complex structural framework that serves four primary, integrated physiological functions: protection of vital intrathoracic organs, provision of essential physiological space, coordination of respiratory movement, and the minimization of friction during continuous structural adjustments. This article provides a highly detailed, comprehensive analysis derived from advanced lecture notes by A/Prof Michelle Lazarus, thoroughly exploring surface anatomy, osteology, muscular systems, neurovascular bundles, and pleural dynamics, alongside critical clinical frameworks.
1. Clinical Surface Anatomy & Reference Lines
In clinical practice, the surface anatomy of the thorax serves as an invaluable diagnostic grid, allowing clinicians to map superficial landmarks to underlying visceral structures, identify pathological causes, and safely execute invasive procedures.
Palpable Bony Landmarks
• Clavicles: Define the superior boundary of the anterior thoracic wall and assist in locating the first intercostal space immediately inferior to them.
• Suprasternal Notch: The palpable indentation on the superior border of the manubrium, situated between the medial clavicular heads.
• Sternal Angle (Angle of Louis): A critical landmark formed by the junction of the manubrium and the sternal body. It denotes the level of the T4/T5 intervertebral disc posteriorly and directly articulates with the costal cartilage of the 2nd rib. It serves as the starting point for counting ribs, as the 1st rib lies deep to the clavicle and is not palpable.
• Xiphisternal Junction: The articulation between the sternal body and the xiphoid process, marking the inferior boundary of the central anterior thoracic wall.
• Costal Margin: The medial lower boundary of the thorax formed by the continuous cartilaginous syncytium of costal cartilages from ribs 7 through 10.
Anatomical Reference Lines
• Anterior Median Line (Midsternal Line): Divides the sternum vertically into symmetrical left and right halves.
• Parasternal Lines: Vertical lines running dropped along the lateral borders of the sternum.
• Midclavicular Lines: Dropped vertically from the midpoints of the clavicles. In anatomical position, the male nipple typically aligns with the 4th intercostal space along the midclavicular/mammillary lines, though this is highly variable.
• Axillary Lines: Consist of the Anterior Axillary Line (inferior from the anterior axillary fold), Midaxillary Line (inferior from the apex of the axillary vault), and Posterior Axillary Line (inferior from the posterior axillary fold, formed by the latissimus dorsi and teres major).
2. Osteology and Protection Framework
The skeleton of the thoracic wall provides rigid protection for the cardiorespiratory viscera while maintaining structural elasticity to accommodate breathing cycles. It is composed of 12 pairs of ribs, 12 thoracic vertebrae, costal cartilages, and the sternum.
Classification of Ribs
• True Ribs (1–7): Articulate directly with the sternum via their independent costal cartilages.
• False Ribs (8–10): Do not articulate directly with the sternum; instead, their costal cartilages fuse with the cartilage of the rib immediately superior, forming the costal arch.
• Floating Ribs (11–12): Have no anterior cartilaginous connection; their anterior tips terminate freely within the musculature of the posterior abdominal wall.

Structural Note: The ribs slope significantly downward as they course from posterior to anterior. The severity of this downward oblique angle increases sequentially from rib 1 through rib 12.
The Sternum
The sternum consists of three separate entities: the superior manubrium, the elongated central body, and the inferior xiphoid process. The sternal angle is not only an essential counting milestone but also correlates with profound internal visceral events: the arch of the aorta initiates and terminates at this horizontal plane, and the trachea bifurcates into the left and right primary bronchi at this level.
3. Thoracic Apertures and Boundary Spaces
The thoracic cavity is open to the neck superiorly and closed off from the abdomen inferiorly through two primary apertures designed to safely accommodate transiting viscera.
Superior Thoracic Aperture
Often referred to clinically as the thoracic inlet (and paradoxically in some functional contexts as the outlet), this narrow opening accommodates the esophagus, trachea, great vessels (brachiocephalic trunk, left common carotid, left subclavian arteries, and internal jugular/subclavian veins), phrenic and vagus nerves, and the apex of the lungs. The superior aperture is structurally reinforced and defined laterally by the anterior, middle, and posterior scalene muscles, and it is covered over the lung apices by the specialized dense endothoracic fascia known as the suprapleural membrane (Sibson's fascia).
Inferior Thoracic Aperture
Bounded by the 12th thoracic vertebra, the 11th and 12th ribs, the costal margins, and the xiphisternal junction, the inferior aperture is vast and completely sealed off by the muscular diaphragm. The diaphragm forms a dynamic, highly domed partition that projects deep into the thoracic cage, pushing upwards to approximately the level of the 4th intercostal space centrally during full exhalation. This anatomical layout means that highly superior abdominal organs—such as the liver, stomach, spleen, and upper poles of the kidneys—lie safely deep to the bony protection of the lower thoracic cage.
4. Muscular Systems and Respiratory Kinetics
Movement of the thoracic cage drives ventilation by altering intrapleural pressures. This requires specialized intercostal and accessory muscle layers.
The Intercostal Musculature
• External Intercostal Muscles: The most superficial layer. Their fibers run inferoanteriorly (metaphorically described as 'hands in pockets'). They are most active during inspiration, contracting to elevate the ribs and expand the thoracic cavity. Anteriorly, the muscular fibers terminate and are replaced by the thin external intercostal membrane.
• Internal Intercostal Muscles: Sit deep to the externals. Their fibers run inferoposteriorly ('hands on chest'). They are most active during expiration; their interosseous portions depress the ribs during forced exhalation, whereas their interchondral portions can assist in rib elevation. Posteriorly, they transition into the internal intercostal membrane.
• Innermost Intercostal Muscles: The deepest layer, sharing the same fiber direction as the internal intercostals. They are separated from the internal intercostals by the intercostal neurovascular bundle. These muscles span internal rib surfaces to fix the intercostal spaces and resist paradoxic respiratory pressures.
Deep Thoracic Musculature
• Subcostal Muscles: Located on the internal aspect of the posterior thoracic wall, these fibers span from the internal surface of a rib angle to the internal surface of the second or third rib below it, pulling the ribs inferiorly during forced expiration.
• Transverse Thoracic Muscles: Radiate from the posterior aspect of the inferior sternum to the inner borders of costal cartilages 2 through 6. They lie posterior to the internal thoracic vessels and depress the costal cartilages while providing important proprioceptive feedback during respiratory excursions.
The Diaphragm and Respiratory Dimensions
The diaphragm is the primary, indispensable muscle of inspiration. Innervated entirely by the phrenic nerve—arising from cervical spinal segments C3, C4, and C5 ('C3, 4, 5 keep the diaphragm alive')—its unique dome contraction changes the vertical dimension of the thoracic cavity. During active inspiration, the diaphragm contracts and flattens, descending into the abdominal cavity, which concurrently elevates intra-abdominal pressure. This is coupled with the activation of the intercostal muscles, which expand the anteroposterior (AP) and transverse dimensions via 'pump-handle' and 'bucket-handle' movements.
In contrast, quiet exhalation is entirely passive, driven by the intrinsic elastic recoil of the lungs and the relaxation of the diaphragm and external intercostals. In newborns, breathing kinetics differ markedly: infants possess highly pliable, cartilaginous thoracic walls with limited accessory muscle development, resulting in a reliance on diaphragmatic excursion that produces characteristically shallow, rapid abdominal breathing patterns.
5. The Intercostal Neurovascular Bundle
To safely supply the musculature and skin, each intercostal space houses an organized neurovascular bundle containing an intercostal vein, intercostal artery, and intercostal nerve.
Spatial Orientation and the Costal Groove
The neurovascular bundle travels within the subcostal groove along the inferior border of each rib, positioned securely between the internal intercostal and innermost intercostal muscle layers. The bundle maintains a strict cephalic-to-caudal orientation, easily remembered by the mnemonic VAN:
  • V – Vein: Occupies the most superior position within the groove.
  • A – Artery: Positioned in the middle of the bundle.
  • N – Nerve: Occupies the most inferior position, making it the most vulnerable structure to needle trauma as it slightly escapes the protective overhang of the costal groove. Small collateral neurovascular branches also run along the superior border of the rib below.
Vascular Anastomoses & Innervation
The intercostal spaces feature an elegant vascular anastomosis between the posterior and anterior intercostal arteries. The vast majority of posterior intercostal arteries arise directly from the thoracic aorta. The anterior intercostal arteries arise from the internal thoracic artery (for the upper six spaces) or the musculophrenic artery (for spaces 7 through 9).
The intercostal nerves represent the anterior rami of spinal nerves T1 through T11. They give off deep muscular branches, pleural branches, and lateral/anterior cutaneous branches to provide segmented dermatomal coverage. Notably, nerves 7 through 11 cross the subcostal margin anteriorly to supply the anterolateral abdominal wall musculature and integument, where they are classified as thoracoabdominal nerves.
6. Pleural Dynamics and Friction Reduction
To ensure seamless coordination between the expanding thoracic cage and the expanding lungs, the entire pulmonary cavity is lined by a specialized continuous simple epithelial serous layer termed the mesothelium, or the pleura.
The Two Layers of Pleura
• Visceral Pleura: Completely coats the external parenchyma of the lungs, dipping into the interlobar fissures. It lacks somatic sensory innervation and is insensitive to sharp pain.
• Parietal Pleura: Lines the internal surface of the thoracic wall, the superior surface of the diaphragm, and the lateral walls of the mediastinum. It is backed by endothoracic fascia. Due to its somatic innervation via intercostal and phrenic nerves, the parietal pleura is highly sensitive to localized, sharp pain.
The Pleural Cavity as a Potential Space
Under normal conditions, the pleural cavity is entirely a potential space containing only a microscopic layer of serous fluid. This thin fluid layer minimizes friction between the visceral and parietal sheets during ventilation and creates a high surface tension that prevents the lung from collapsing, forcing it to expand and move in perfect alignment with the musculoskeletal boundaries of the thoracic cage.
References:
• Lecture notes and slides by A/Prof Michelle Lazarus (Monash University), '9.4 Overview of the thoracic cage and spaces.pdf'
• Moore & Dalley: Clinically Oriented Anatomy, 5th ed.
• Grant's Atlas of Anatomy, 11th ed.
• Netter Atlas of Human Anatomy, 4th ed.
• Clemente Anatomy, 4th/5th ed.
CLINICAL SIGNIFICANCE: PED-V-GERIATRIC THORACIC MECHANICS
The structural composition of the thoracic skeleton undergoes marked changes over the human lifespan, drastically altering its protective and mechanical capabilities.

• Young Children: The ribs and costal cartilages retain extreme elasticity due to incomplete calcification and active, open growth plates. Consequently, high-energy chest trauma or aggressive cardiopulmonary resuscitations (CPR) in pediatric patients rarely results in rib fractures, though internal visceral contusions may occur without external bony damage.

• Aged Adults: Costal cartilages become highly brittle and calcified, and the manubriosternal joint frequently undergoes complete synostosis (fusion). Chest compressions during CPR in elderly individuals routinely result in multiple fractures of brittle costal cartilages or ribs, requiring clinicians to anticipate secondary injuries like pneumothoraces.
CLINICAL APPLICATION: BOUNDARY SPACES AND APERTURES
• Central Venous Line Placement: When inserting a central venous line (e.g., via the subclavian or internal jugular vein), a post-procedural chest X-ray must always be performed prior to using the line. Because the lung apices project through the superior thoracic aperture and above the medial third of the clavicles, improper needle advancement carries a high risk of puncturing the visceral and parietal pleura, causing an iatrogenic pneumothorax.

• Abdominal Physical Examination: Because the liver is tucked deep to the right diaphragm within the inferior thoracic aperture, a regular manual examination requires the clinician to utilize the right costal margin. By placing hands along the costal margin and asking the patient to take a deep inspiration, the contracting diaphragm descends, pushing the liver inferiorly and allowing its lower edge to become briefly palpable.
PROCEDURAL TECHNIQUE: INTERCOSTAL NERVE BLOCK
To perform an intercostal nerve block for local anesthesia following a rib fracture or thoracotomy, the needle must be placed with strict adherence to neurovascular geometry.

The safest approach requires inserting the needle immediately superior to the border of the inferior rib bounding the space, or carefully angling up toward the subcostal groove of the superior rib while avoiding direct contact with the inferior edge. Inserting a needle carelessly at the absolute inferior edge of a rib puts the main intercostal nerve (N) and artery (A) at risk for laceration, which can cause severe intercostal neuralgia or extensive hemothoraces.
CLINICAL PRACTICE: THORACENTESIS AND PRESSURE SYSTEM DYNAMICS
When an excess volume of fluid (pleural effusion, hemothorax) or air (pneumothorax) enters this potential space, lung mechanics fail, requiring a thoracentesis or chest tube placement.

• Fluid Sampling (Thoracentesis): Because fluid pools gravitimetrically, sampling or drainage is performed inferiorly, typically in the 7th–9th intercostal spaces along the posterior axillary line. The needle is inserted strictly along the superior border of the lower rib to avoid the main neurovascular bundle.

• Air Removal: Because air rises, emergency air decompression is performed superiorly, traditionally at the 2nd intercostal space in the midclavicular line or the 4th/5th intercostal space in the midaxillary line.",
Adult heart anatomy and innervation,"Comprehensive Guide to Adult Heart Anatomy and Innervation
This article serves as a master reference text detailing the structural, developmental, and neurological complexities of the human heart based on advanced anatomical lectures. Designed for medical students and clinical practitioners, it Bridges embryology, spatial anatomy, and advanced diagnostic mechanics.
1. Anatomical Positioning and Clinical Surface Anatomy
The adult heart's specific spatial orientation within the middle mediastinum is a direct consequence of the complex dextral looping and folding mechanics that occur during early embryonic development. Rather than being a symmetric organ, the heart lies obliquely, tilted on a complex multi-axial plane.
The Base of the Heart:  projects postero-superiorly and is primarily formed by the left atrium and a small portion of the right atrium. It faces toward the bodies of thoracic vertebrae T6–T9.
The Apex of the Heart:  projects antero-inferiorly and to the left. It is entirely formed by the inferolateral portion of the left ventricle.
Clinical Correlate: The Point of Maximal Impulse (PMI)
In physical examination, the apex corresponds directly to the point of maximal impulse (PMI). This is clinically localized and palpated at the 5th intercostal space along the left midclavicular line. Lateral displacement or alterations in the size of the PMI provide immediate bedside clues regarding ventricular hypertrophy or cardiac dilatation.
Radiological Anatomy on a Posterior-Anterior (PA) Chest X-ray
When assessing a standard PA chest radiograph, unique landmarks delineate the borders of the cardiac silhouette:
On a true PA view, only the right atrium and the left ventricle form the visible structural margins. The right ventricle lies directly anteriorly, forming the sternocostal surface, and thus does not contribute to the lateral borders on a PA projection.
The cervical dome of the pleura is visible projecting superior to the clavicle, supported structurally by Sibson’s fascia (the suprapleural membrane).
Key radiological angles include the right and left cardiophrenic angles (where the cardiac silhouette meets the diaphragm) and the left costophrenic angle.
The arch of the aorta forms a prominent superior contour ('aortic knob'), which occurs precisely at the level of the T4/T5 vertebral plane (the plane of Louis or sternal angle).
2. Clinical Auscultation Mechanics
Auscultation points do not correspond to the physical, grid-like positions of the cardiac valves over the chest wall. Instead, clinical auscultation relies on the direction of blood flow downstream through the valves, which transmits the sonic vibrations of closure toward specific parasternal and chest areas.
3. The Pericardial Wrapper: Layers, Embryology, and Hilton's Law
The heart is enclosed within a complex, fibroserous sac called the pericardium. Understanding its structural layers requires an appreciation of the coelomic cavity development.
Derived from mesoderm, the pericardial sac can be conceptualized using the classic analogy of a fist pushing into an underinflated balloon. This creates a two-step layering sequence that results in three distinct anatomical layers:
1. Fibrous Pericardium: A tough, unyielding outer sac composed of dense connective tissue derived from the embryonic body wall. It is securely attached inferiorly to the central tendon of the diaphragm.
2. Parietal Serous Pericardium: The outer serous lining that lines the inner surface of the unyielding fibrous pericardium. It develops from somatic mesoderm.
3. Visceral Serous Pericardium: Also known as the epicardium, this layer is intimately adherent to the outer surface of the myocardium. It develops from splanchnic mesoderm.
The potential space between the parietal and visceral serous layers is the pericardial cavity, containing a thin film of lubricating serous fluid that eliminates friction during contraction.
Pericardial Innervation and Hilton's Law
The nerve supply to the pericardium strictly follows Hilton's Law, which dictates that nerves supplying a joint or capsule also supply the muscles moving it and the overlying skin:
Phrenic Nerves: Provides the primary sensory (afferent) fibers to the parietal pericardium. Because these nerves arise from cervical spinal cord segments C3–C5, pericardial pain (pericarditis) is classically referred to the ipsilateral shoulder and supraclavicular regions.
Vagus Nerves (CN X): Course through the cardiac plexus but have an unverified sensory function regarding the parietal pericardium.
Sympathetic Trunks: Derived from T1–T5 segments, providing vasomotor control to the pericardial blood supply.
Clinical Relevance: Cardiac Tamponade and Beck's Triad
Because the fibrous pericardium is thick and completely unyielding, rapid fluid accumulation (blood, pus, or severe exudative effusions) within the pericardial cavity rapidly overrides the reserve volume of the sac. This induces cardiac tamponade, an acute life-threatening emergency where elevated intrapericardial pressure impairs diastolic filling of the right atrium and ventricle, leading to a catastrophic decline in stroke volume and cardiac output.
Diagnosis relies heavily on identifying Beck's Triad:
1. Hypotension with a narrowed pulse pressure (due to reduced systemic stroke volume).
2. Jugular Venous Distension (JVD) (due to backup of blood entering the restricted right side of the heart).
3. Muffled or distant heart sounds (due to the acoustic dampening effect of the fluid layer wrapping the heart).
4. Coronary Circulation: Perfusion Patterns and Dominance
The myocardium requires an immense, continuous oxygen supply provided by the right coronary artery (RCA) and left coronary artery (LCA), which arise immediately superior to the semilunar cusps of the aortic valve within the aortic sinuses.
The Right Coronary Artery (RCA) and Branches
The RCA originates above the right aortic cusp and courses along the right atrioventricular (coronary) sulcus. Its primary branches include:
Sinoatrial (SA) Nodal Artery: Supplies the primary cardiac pacemaker in approximately 60% of individuals.
Right Marginal Artery: Courses along the inferior margin to supply the free wall of the right ventricle.
Atrioventricular (AV) Nodal Artery: Supplies the AV node in approximately 80% of individuals.
Posterior Interventricular (Descending) Artery (PDA): Courses down the posterior interventricular sulcus.
The Left Coronary Artery (LCA) and Branches
The LCA originates above the left aortic cusp and quickly bifurcates into major branches:
Anterior Interventricular Artery: Also known as the Left Anterior Descending (LAD) artery. It travels in the anterior interventricular groove, giving off diagonal branches to supply the anterior wall of both ventricles and the anterior two-thirds of the interventricular septum. It classically anastomoses with the PDA at the apex.
Circumflex Artery (LCX): Courses along the left atrioventricular groove around to the posterior aspect, giving off left marginal branches to supply the free wall of the left ventricle. In 40% of patients, it gives rise to the SA nodal artery.
Understanding Coronary Dominance
Coronary dominance is defined strictly by which coronary artery gives rise to the Posterior Descending Artery (PDA) supplying the posterior third of the interventricular septum:
Right Dominance: Occurs in approximately 67–70% of the population, where the PDA is a direct branch of the RCA.
Left Dominance: Occurs when the LCX continues around the groove to give rise to the PDA, meaning the LCA supplies almost the entirety of the left ventricle and interventricular septum.
Co-dominance: The perfusion is split relatively equally, with both the RCA and LCA contributing to the posterior interventricular supply.
Clinical Relevance: Myocardial Infarction Risk
The quantity of tissue at risk during an ischemic event depends on the location of the occlusion. A proximal blockage in the main stem of the LCA or the proximal LAD ('the widowmaker') puts a massive percentage of the left ventricular free wall and septum at risk of transmural infarction. This induces sudden ventricular performance declines, leading to a vicious cycle of decreased cardiac output, neurohumoral activation, systemic vasoconstriction, increased water/sodium retention, and a crushing workload increase on injured myocardium.
Venous Drainage of the Heart Tissue
The cardiac veins act like a sponge to drain metabolic waste into the right atrium via the coronary sinus, which sits in the posterior coronary sulcus. The venous drainage mirrors the arterial supply anatomy:
Great Cardiac Vein: Runs alongside the LAD artery in the anterior interventricular sulcus.
Middle Cardiac Vein: Runs alongside the PDA in the posterior interventricular sulcus.
Small Cardiac Vein: Runs alongside the right marginal artery.
Anterior Cardiac Veins: Drain blood directly from the anterior right ventricular wall into the right atrium.
Thebesian Veins (Venae Cordis Minimae): Minute channels that drain directly from the deep myocardium into any of the four chambers.
5. Valve Microanatomy and Perfusion Physiology
The semilunar valves (aortic and pulmonic) exhibit subtle engineering features that prevent structural inversion without requiring the chordae tendineae or papillary muscles found in atrioventricular valves. Each valve is composed of three pocket-like semilunar cusps that are distinctly concave when viewed from superiorly.
Nodule: A localized fibrocartilaginous thickening at the center of the free edge of each cusp.
Lunula: The thin, crescent-shaped peripheral margin on either side of the nodule that acts as the coaptation zone during valve closure.
Perfusion Paradox: Diastolic Coronary Filling
Unlike every other organ in the human body, which is perfused primarily during ventricular systole, the myocardium is perfused primarily during ventricular diastole (relaxation).
During ventricular systole, the open aortic valve leaflets are pushed outward toward the walls of the aortic sinuses, shielding the coronary ostia. Concurrently, the intense contractile force of the ventricular myocardium tightly compresses the intramyocardial capillaries, rendering coronary blood flow virtually zero.
During ventricular diastole, the ventricles relax, and the recoil of elastic systemic arteries forces blood backward down the ascending aorta. This backflow catches the pocket-like semilunar cusps of the aortic valve, snapping them shut to prevent aortic regurgitation. As these aortic sinuses fill with blood, the blood is automatically forced under pressure straight into the coronary ostia, optimally perfusing the resting myocardium.
Pathological Interrelations
Critical pathologies easily break this interdependent system:
Aortic Stenosis: Calcific narrowing of the aortic valve restricts outflow and leads to left ventricular outflow obstruction. This forces severe hypertrophic cardiomyopathy to develop as the left ventricle tries to generate higher pressure. The thickened wall possesses a decreased chamber volume and a massively increased oxygen demand, yet because the valve is stenosed, diastolic filling pressures suffer, culminating in the classic triad of exertional chest pain (angina), syncope, and heart failure.
6. Intrinsic Conducting System and Autonomic Innervation
The heart possesses an intrinsic, specialized neuromuscular conducting system that coordinates the cardiac cycle, which is continually modulated by the autonomic nervous system via the superficial and deep cardiac plexuses.
The Intrinsic Conducting Cascade
1. Sinoatrial (SA) Node: Located in the subepicardium of the right atrium near the superior vena cava entrance, acting as the primary pacemaker with an intrinsic rate of ~72 bpm.
2. Internodal Pathways: Three tracts (posterior via crista terminalis, middle behind SVC through septum, anterior in front of SVC) carry the wave across the atria to ensure coordinated atrial contraction.
3. Atrioventricular (AV) Node: Located in the interatrial septum, acting as a secondary pacemaker (~40 bpm). Critically, it introduces a physiological delay, slowing impulses from the SA node to allow the atria time to completely empty their volume into the ventricles prior to ventricular contraction.
4. Bundle of His: Passes through the central fibrous skeleton of the heart, dividing into right and left bundle branches.
5. Right Bundle Branch: Courses along the surface of the moderator band to reach the base of the anterior papillary muscle, helping synchronize papillary muscle contraction with ventricular systole to prevent tricuspid regurgitation.
6. Left Bundle Branch: Divides into three main tracts: anterior, middle, and posterior fascicles, which subdivide into six smaller tracts.
7. Purkinje Fibers: Specialized subendocardial fibers that distribute the depolarizing wave instantaneously through the ventricular myocardium from apex to base.
Autonomic Modulation via the Cardiac Plexus
The cardiac plexus integrates sympathetic, parasympathetic, and visceral afferent fibers to control chronotropy, inotropy, and vasomotor tone:
Sympathetic Input: Arises from presynaptic fibers in spinal cord segments T1–T5 that synapse in cervical and upper thoracic sympathetic chain ganglia. Postsynaptic fibers terminate throughout the superficial and deep cardiac plexuses, innervating the SA node, AV node, and coronary vasculature. Sympathetic activation acts via adrenergic stimulation to increase heart rate, increase contractile force, and promote coronary vasodilation to support heavy metabolic demands.
Parasympathetic Input: Arises from the brainstem dorsal vagal nuclei via the vagus nerve (CN X). Preganglionic fibers travel to the heart and synapse directly within microscopic cardiac ganglia embedded in the heart wall. Postganglionic parasympathetic fibers end primarily at the SA and AV nodes. Vagal stimulation slows the heart rate and reduces atrial contractile force.
Visceral Afferents and Referred Pain: Sensory pain fibers from the heart travel backward along the sympathetic trunks and enter the spinal cord at the T1–T5 levels, predominantly on the left side. This is the physiological basis of classic anginal referred pain, where visceral cardiac ischemia is interpreted by the brain as somatosensory pain localized to the T1–T5 dermatomes—specifically the left chest, shoulder, axilla, and medial aspect of the left arm.
The Sinus Reflex
The autonomic system participates in rapid blood pressure buffering. Increased arterial blood pressure triggers high-pressure baroreceptors within the carotid sinus and aortic arch. This initiates the Sinus Reflex, which strongly stimulates the parasympathetic system (vagal drive) and inhibits sympathetic tone, causing an immediate drop in heart rate and contractile force to reduce systemic arterial blood pressure back to homeostatic baselines.
Valve
Anatomical / Auscultation Site
Key Mnemonic / Landmark
Aortic Valve
Right 2nd Parasternal Intercostal Space
RIGHT 2nd
Pulmonic Valve
Left 2nd Parasternal Intercostal Space
LEFT 2nd
Tricuspid Valve
Left 4th Parasternal Intercostal Border
LEFT 4th
Mitral Valve
Left 5th Intercostal Space, Midclavicular Line
LEFT 5th (Apex)
Clinical Pearl: Pharmacological agents targeting the autonomic nervous system (such as beta-blockers, calcium channel blockers, or anticholinergics) will have profound, direct effects on cardiac rate, electrical conduction velocities, and coronary perfusion mechanics.",
CVS overview and basic hemodynamics,"Comprehensive Study Guide:
Cardiovascular System Overview and Basic Hemodynamics
Based on MED1022 Lecture Notes — Monash University
Part 1: Cardiovascular System Overview
Clinical Significance and Global Burden
Cardiovascular diseases (CVDs) constitute the primary cause of morbidity and mortality across the globe, surpassing all other causes of death combined. According to World Health Organization (WHO) statistics, an estimated 17.9 million individuals lost their lives to CVDs in 2016 alone, a figure representing approximately 31% of all global fatalities. Strikingly, acute events such as myocardial infarctions (heart attacks) and cerebrovascular accidents (strokes) account for 85% of these deaths. The clinical burden is heavily skewed geographically, with more than three-quarters of CVD-related deaths occurring within low- and middle-income nations.
The insidious nature of cardiovascular disorders is underscored by high-profile clinical events and post-mortem findings. For instance, the sudden cardiac arrest of 27-year-old Ecuadorian football forward Christian Benítez in Qatar highlighted a catastrophic congenital deficiency in one of his coronary arteries—an anomaly that eluded standard screening and was only uncovered during a secondary autopsy. Similarly, public figures such as Malaysian filmmaker Yasmin Ahmad have succumbed to sudden strokes resulting from extensive cerebral hemorrhages. In up to 50% of cardiac pathology cases, the very first outward clinical presentation of a structural or vascular problem is sudden cardiac death. Consequently, regardless of a clinician's ultimate medical specialty, mastery of the cardiovascular system remains a non-negotiable core competency.
Classification of Major Cardiovascular Conditions
Coronary Heart Disease (CHD): Disease affecting the blood vessels supplying the myocardium (heart muscle).
Cerebrovascular Disease: Disease affecting the arterial network delivering blood to the cerebrum (brain).
Peripheral Arterial Disease (PAD): Occlusive or structural disease affecting blood vessels supplying the upper and lower extremities (arms and legs).
Anatomical Components and System Architecture
The human cardiovascular system functions as a closed, continuous loop comprised of three core components:
1. Blood: The specialized fluid medium containing plasma and cellular lineages tasked with transport, coordination, and defense.
2. Blood Vessels: The multi-branched network of conduits (arteries, arterioles, capillaries, venules, and veins) through which blood is distributed.
3. Heart: The central muscular pump generating the hydrostatic pressure gradients required to compel blood flow.
Primary Physiological Functions
1. Nutrient and Gas Exchange: Delivery of essential metabolic substrates (oxygen, glucose, amino acids) to parenchymal cells alongside the concurrent clearance of metabolic end-products (carbon dioxide, urea).
2. Systemic Homeostatic Integration: Facilitating humoral coordination by transporting endocrine messengers (hormones) from tissue origins to distant target cell receptors.
3. Immunological and Barrier Defense: Acting as a deployment highway for leukocytes, immunoglobulins (antibodies), and clotting factors directly to sites of tissue trauma or microbial invasion.
4. Thermoregulation: Modulating systemic core temperature via controlled alterations in cutaneous blood flow (vasodilation and vasoconstriction leading to heat dissipation or conservation).
The Dual Circulation Design
The human circulatory architecture is separated into two anatomically distinct yet physiologically interdependent circuits arranged strictly in series. This groundbreaking anatomical design was first detailed by the 13th-century Syrian physician Ibn al-Nafis, who correctly deduced the existence of a separate pulmonary pathway dedicated to blood gas alteration.
1. Pulmonary Circulation: Driven by the morphologically thinner 'Right Heart' (specifically the right ventricle), this low-pressure circuit (mean arterial pressure ~15 mmHg) receives systemic deoxygenated venous return and directs 100% of it into the pulmonary alveolar capillary beds for carbon dioxide excretion and oxygen loading before returning it to the left atrium. In this circuit, the pulmonary arteries carry deoxygenated blood and the pulmonary veins carry oxygenated blood.
2. Systemic Circulation: Driven by the highly muscular 'Left Heart' (specifically the left ventricle), this high-pressure circuit (mean arterial pressure ~95 mmHg) pumps newly oxygenated blood out of the aorta to fulfill the metabolic needs of all organ systems—including the heart muscle itself via the coronary circulation and the structural lungs via the bronchial circulation. Here, systemic arteries contain highly oxygenated blood, while systemic veins contain deoxygenated blood returning to the right atrium.
Series and Parallel Systemic Flow Principles
Because the pulmonary and systemic circulations are organized in series, the total volumetric flow rate through both circuits must be identical per unit of time (Cardiac Output of Right Heart = Cardiac Output of Left Heart). However, within the systemic circuit itself, blood flow is distributed to individual organ beds arranged in parallel. This parallel arrangement ensures that every organ receives a fresh supply of fully oxygenated arterial blood, rather than residual blood from another tissue, and allows for independent dynamic regulation of regional blood flow according to real-time metabolic demand.
Blood Flow Redistribution: Rest vs. Heavy Exercise
Under resting conditions, blood is distributed generously to metabolic and filtration organs:
Gastrointestinal (GI) Tract: ~20 - 25%
Renal (Kidneys): ~20%
Skeletal Muscle: ~15 - 20%
Cerebral (Brain): ~15%
Coronary (Myocardium): ~4 - 5%
Cutaneous (Skin): ~4 - 5%
During maximal or heavy exercise, a profound autonomic redistribution occurs, prioritizing contracting skeletal muscle while protecting vital organs:
Skeletal Muscle: Surges dramatically to 80 - 85% of total cardiac output (volumetric flow can skyrocket from ~0.75 L/min at rest to over 20 L/min).
Gastrointestinal Tract: Drops sharply to 3 - 5%.
Renal System: Drops sharply to 2 - 4%.
Coronary Circulation: Maintained robustly at 4 - 5% to support the heavily elevated workload of the pump.
Cerebral Circulation: Decreases in relative percentage to 3 - 4%, though absolute volumetric flow remains tightly auto-regulated and stable.
Cutaneous Circulation: Settles around ~2.5% depending on ambient temperature and thermoregulatory requirements.
Clinical Correlation: Left vs. Right Heart Failure
Pathological breakdown within the series-arranged circuits yields vastly different clinical syndromic presentations depending on which side of the pump fails:
Pure Left-Sided Heart Failure: Results in a backward failure where the left ventricle is unable to effectively clear blood arriving from the lungs. This elevates pressure within the pulmonary veins, leading to pulmonary venous congestion and fluid extravasation into the lung parenchyma. On clinical presentation and thoracic radiography, this manifest as cardiomegaly, prominent upper lobe vessels, alveolar edema forming a classic bilateral 'bat's wing' opacity pattern, Kerley B lines indicative of interstitial edema, and pleural effusions. Patients suffer from severe dyspnea, orthopnea, and paroxysmal nocturnal dyspnea.
Pure Right-Sided Heart Failure: Results in a backward failure where the right ventricle fails to propel blood forward into the lungs, causing upstream congestion within the systemic venous network. Hydrostatic pressures build within the inferior and superior vena cavae, translating to clinical signs such as elevated jugular venous pressure (JVP), hepatic congestion (hepatomegaly), and significant systemic venous congestion manifesting as dependent, bilateral pitting peripheral edema in the lower extremities (feet and ankles).
Congestive / Biventricular Heart Failure: Chronic failure typically progresses from isolated left-sided failure into concurrent right-sided failure due to elevated pulmonary arterial pressures, manifesting with overlapping pulmonary and systemic symptoms.
Part 2: Basic Hemodynamics: Pressure, Flow, and Resistance
The Biomechanics of Blood Flow
Blood flow through a vascular conduit is fundamentally driven by a hydrostatic pressure gradient and opposed by a baseline vascular resistance. The heart provides the mechanical input: contraction of the atrial and ventricular syncytia generates an ejection wave that creates high pressure at the root of the aorta, producing a measurable systemic arterial blood pressure and a peripheral arterial pulse wave. As blood flows down the systemic tree, it moves continuously from regions of high pressure toward regions of progressively lower pressure.
The Pressure Gradient Requirement
It is vital to recognize that blood flow through a vessel depends entirely on the pressure difference (gradient, delta P) between the upstream and downstream ends of that vessel, rather than the absolute pressure values within the lumen. For instance, a vessel with an upstream pressure of 90 mmHg and a downstream pressure of 10 mmHg has a delta P of 80 mmHg. It will exhibit the exact same volumetric flow rate as a vessel with an upstream pressure of 180 mmHg and a downstream pressure of 100 mmHg (which also features a delta P of 80 mmHg), assuming all physical dimensions are identical. Under ideal laminar conditions, blood flow is directly proportional to the pressure gradient:
F proportional to delta P
Laminar versus Turbulent Flow Regimes
Laminar Flow: This represents the normal, physiological state of flow throughout the vast majority of the healthy arterial tree. It is characterized by smooth, parallel streams of blood moving in concentric shells (laminae) down the length of the vessel. The layer closest to the vascular endothelium is slowed by friction and moves slowest, while the central axial stream moves fastest, creating a parabolic velocity profile. Crucially, laminar flow produces no swirling or structural disruptions, making it entirely silent.
Turbulent Flow: Characterized by the breakdown of orderly concentric streams, giving way to chaotic cross-currents, swirling patterns, and vortex formation (eddies). Turbulent flow is highly inefficient, demanding a much greater pressure gradient to achieve the same volumetric flow rate. Mechanically, it occurs where a vessel or valve is narrowed, roughened, or features sharp geometric changes. A defining feature of turbulent flow is that it is noisy; the fluid vibrations generate sound waves that can be picked up via clinical auscultation.
Clinical Diagnostic Utility of Turbulence
The sound-generating properties of turbulent flow serve as a powerful tool for diagnosing valvular heart disease:
Valvular Stenosis: Under normal conditions, an open cardiac valve permits smooth, laminar blood flow, which is quiet. However, if a valve becomes structurally narrowed and calcified (stenotic), the restricted orifice forces high-velocity blood through, inducing intense turbulence that presents as a systolic or diastolic cardiac murmur.
Valvular Insufficiency: A normal closed cardiac valve forms a tight, impermeable seal, resulting in no flow (which is quiet). If a valve suffers from insufficiency (regurgitation or incompetence), it fails to close properly, allowing blood to leak backward into the lower-pressure chamber. This abnormal backflow is highly turbulent and generates a characteristic murmur.
The Physics of Vascular Resistance
Vascular resistance (R) is the measure of friction and opposition that blood encounters as it passes through a vessel. Hemodynamic flow, pressure, and resistance are unified by the foundational equation (analogous to Ohm's Law in electrical circuits):
F = delta P / R
Vascular resistance is dictated by three primary physiological and physical variables, as mathematically codified in Poiseuille's Law:
R proportional to (eta * L) / r^4
1. Vessel Length (L): The total distance a vessel travels. Resistance is directly proportional to vessel length; however, in an adult human, mature vessel length remains relatively static and is not used as a dynamic mechanism for adjusting regional blood flow.
2. Blood Viscosity (eta): The structural internal thickness of the blood fluid, representing its internal friction and resistance to shearing forces. Viscosity is heavily dependent on the cellular composition of the blood.
3. Vessel Radius or Diameter: The internal radius (r) or diameter of the vascular lumen. Resistance is inversely proportional to the fourth power of the vessel radius. Because of this exponential relationship, minor changes in luminal radius produce massive, profound shifts in resistance. If a vessel's radius is cut in half, its resistance increases by a factor of 16 (2 to the 4th power), causing flow to drop drastically unless driven by a 16-fold increase in pressure. Consequently, the regulation of vessel diameter via smooth muscle contraction (vasoconstriction) and relaxation (vasodilation) serves as the primary physiological mechanism for controlling systemic vascular resistance and regional perfusion.
Vascular Resistance Profiles: Practical Leg Artery Case Study
To illustrate how length and diameter interact to determine resistance, consider the distinct mechanical profiles of three major arteries within the human lower extremity:
Common Femoral Artery: Length = 33 cm; Diameter = 4.5 mm; Calculated Resistance = 12 mmHg/L/min. Despite its long length, its large diameter keeps resistance moderate.
Popliteal Artery: Length = 14 cm; Diameter = 4.2 mm; Calculated Resistance = 10 mmHg/L/min. Because it is much shorter than the common femoral, it exhibits a slightly lower resistance despite a minor decrease in diameter.
Deep Femoral Artery: Length = 31.5 cm; Diameter = 1.5 mm; Calculated Resistance = 16 mmHg/L/min. This vessel demonstrates the extreme dominance of the radius over length. Although it is slightly shorter than the common femoral, its narrow 1.5 mm diameter drives its resistance up significantly, illustrating Poiseuille's inverse fourth-power relationship.
Blood Composition and Hematocrit
To understand the cellular and physical nature of blood viscosity, its constituents must be evaluated:
1. Plasma: The aqueous fluid matrix of blood, composed of ~95% water filled with critical solutes, including electrolytes (sodium, potassium, chloride), plasma proteins (albumin, globulins, fibrinogen), absorbed nutrients, cellular wastes, metabolic gases, and circulating hormones.
2. Buffy Coat: Cellular elements primarily composed of leukocytes (white blood cells) engaged in immune surveillance, and platelets (thrombocytes), which act as key catalysts for primary hemostasis and blood clotting.
3. Erythrocytes: Highly specialized, biconcave, anucleated red blood cells packed with hemoglobin molecules dedicated entirely to high-affinity oxygen transport.
The term Hematocrit (Hct) defines the specific percentage of total blood volume occupied strictly by erythrocytes. In healthy adult demographics, hematocrit values follow standard physiological ranges:
Adult Men: ~45% (yielding a slightly higher total systemic hemoglobin mass and oxygen-carrying capacity).
Adult Women: ~42%.
Viscosity Alterations and Clinical Pathophysiology
Blood viscosity is directly dependent on hematocrit. As hematocrit rises, the concentration of erythrocytes increases, elevating internal friction and causing blood viscosity to increase exponentially. According to Poiseuille's Law, this elevated viscosity increases vascular resistance, forcing the heart to generate much higher pressure gradients to sustain adequate tissue perfusion.
Clinical Risk of Blood Doping: The illicit and dangerous athletic practice of boosting red blood cell mass—either through autologous blood transfusions or the administration of recombinant erythropoietin (EPO)—is designed to artificially raise oxygen-carrying capacity. However, blood doping pushes the hematocrit well beyond normal limits, drastically increasing blood viscosity and vascular resistance. This places an immense workload on the myocardium and can slow blood flow in microcirculatory beds, significantly increasing the clinical risk of intravascular thrombus formation, acute myocardial infarction, and ischemic stroke.",
Electrical activity of the heart 1 ,"Comprehensive Reference Guide:
Electrical Activity of the heart (Part 1)
Based on Monash School of Medicine Lecture Notes (MED1200 Physiology)
1. Introduction & Physiological Significance of Cardiac Excitation
Excitation is an absolute prerequisite for mechanical contraction in cardiac tissue. Unlike skeletal muscle, which relies completely on central nervous system input via the neuromuscular junction, the heart contains an intrinsic electrical system that spontaneously initiates and propagates action potentials. When this electrical activity ceases, resulting in an electrocardiogram (ECG) 'flatline', there is an immediate absence of ventricular contraction, loss of arterial pulse, and circulatory collapse.
The physical manifestation of this propagated electrical event is the arterial pulse, commonly assessed via the carotid artery. The carotid sinus contains specialized baroreceptors that sense blood pressure changes generated by the force of ventricular stroke volume, transmitting this feedback through the carotid sinus nerve to modulate cardiac output and maintain mean arterial pressure (MAP).
2. Myocardial Pacemaking Capabilities & Autonomy
A foundational property of the heart is its physiological autonomy, known as pacemaking. Because excitation is initiated entirely within the cardiac structures themselves, a heart can continue to beat in complete isolation from the rest of the body. This phenomenon is clinically exploited during orthotopic heart transplant procedures, where a donor heart is harvested, kept viable, and successfully sutured into a recipient patient's mediastinum, re-establishing circulation once standard vascular connections (pulmonary artery, aorta, superior vena cava, and inferior vena cava) are carefully achieved.
3. The Cardiac Conducting System & Spread of Excitation
The precise sequence of electrical propagation through the heart requires highly specialized tissues organized linearly into a conduction network. Individual cardiac myocytes are structurally and electrically coupled via gap junctions localized within intercalated disks, creating a functional syncytium where an impulse in one cell spreads directly to adjacent cells.
The sequential timeline of excitation follows a strict geographical pathway:
Sinoatrial (SA) Node: Located in the upper right atrium, the SA node acts as the primary dominant pacemaker where excitation originates (0.00 seconds).
Internodal Pathways: The impulse spreads quickly across both the right and left atria via internodal pathways, triggering coordinated atrial contraction.
Atrioventricular (AV) Node: The wave of depolarization encounters a pronounced physiological delay at the AV node. Here, conduction velocity slows drastically to approximately 0.05 m/s. This intentional delay (~0.12 to 0.16 seconds post-initiation) ensures that the atria fully empty their blood volumes into the ventricles before ventricular systole commences.
Bundle of His (Atrioventricular Bundle): After traversing the AV fibrous tissue, the impulse passes down the left and right bundle branches split along the ventricular septum.
Purkinje Fibers: Reaching the subendothelial layers, the impulse enters the Purkinje network, which features highly rapid conduction velocities (~3.0 to 5.0 m/s). This fast delivery facilitates a synchronized, apex-to-base contraction pattern essential for optimal blood ejection into the pulmonary and systemic circulations.
4. Action Potential Morphology: Pacemaker vs. Ventricular Tissue
Action potentials differ fundamentally in shape, duration, and underlying voltage profiles depending on the specific region of the heart:
Ventricular Myocytes: Characterized by a highly stable resting membrane potential (~ -90 mV) and a prominent, extended plateau phase. This prolonged depolarization ensures an adequate refractory period to prevent tetanic contraction, protecting the heart's filling mechanism.
Pacemaker Cells (SA and AV Nodes): Exhibit no stable resting potential. Instead, they demonstrate a slow, spontaneous upward drift in electrical potential known as the pacemaker potential. Additionally, their most negative state—the Maximum Diastolic Potential (MDP)—is less negative than that of ventricular muscle, residing around -50 to -60 mV.
5. Ionic Mechanisms of the Ventricular Action Potential
The ventricular action potential rests upon steep concentration gradients maintained across the cell membrane. The resting state is defined by specific ionic distributions and corresponding equilibrium potentials (calculated via the Nernst equation):
The morphology of the ventricular waveform is dictated by sequential channel gate dynamics:
Rapid Depolarization (Upstroke): Triggered when the cell reaches threshold, opening fast voltage-sensitive Na+ channels. A massive inward flux of Na+ shifts the membrane potential rapidly toward ENa.
Plateau Phase: Maintained by the subsequent opening of slow voltage-sensitive Ca2+ channels (primarily L-type). The slow inward movement of Ca2+ balances a concurrent outward movement of K+, holding the cell in a prolonged state of depolarization.
Repolarization: Driven by the inactivation of Ca2+ channels and the full activation of voltage-sensitive K+ channels, producing a swift outward K+ current that restores the membrane potential back to its stable resting baseline of -90 mV.
6. Ionic Mechanisms of the Spontaneous Pacemaker Action Potential
The pacemaker potential is initiated by a unique membrane current termed the pacemaker current, or the 'funny' current (I_f, also historically denoted as I_h due to its activation during hyperpolarization). Unlike most voltage-gated channels that open upon depolarization, funny channels open when the membrane potential hyperpolarizes to its most negative limit at the end of repolarization.
The pacemaker action potential progresses through three distinct ionic movements:
The Pacemaker Potential Slope: Following the termination of an action potential, the funny current drives a slow inward flux of Na+. As the cell drifts upward, transient T-type Ca2+ channels open to allow a brief inward flux of Ca2+, further accelerating the depolarization slope. Simultaneously, there is a gradual decrease in the outward leak of K+.
The Action Potential Upstroke: Once the pacemaker potential reaches its activation threshold (~ -40 mV), long-lasting L-type Ca2+ channels open. The ensuing upstroke is driven entirely by a slow influx of Ca2+, explaining why the upstroke of a pacemaker action potential is significantly gentler and less steep than the fast Na+-driven upstroke of a ventricular cell.
Repolarization: L-type Ca2+ channels close, and voltage-sensitive K+ channels open, allowing an outward K+ current to reset the cell back to its Maximum Diastolic Potential, where the funny channels are once again triggered.
7. Toxicology Integration: The Differential Effects of Tetrodotoxin
Understanding the distinct channel configurations between tissues helps explain cardiac toxicology. Tetrodotoxin (TTX), a potent neurotoxin found within organs of the puffer fish, serves as a highly selective and potent inhibitor of fast voltage-gated Na+ channels. 
If a ventricular myocardium is exposed to TTX, the toxin completely blocks the fast Na+ channels, abolishing phase 0 depolarization, rendering the ventricular muscle entirely inexcitable and paralyzed. In sharp contrast, TTX exerts absolutely no effect on sinoatrial node pacemaker action potentials. Because the upstroke of a pacemaker cell is mediated exclusively by slow Ca2+ influx via L-type channels, and its slow diastolic drift relies on funny channels rather than standard fast voltage-gated Na+ channels, the pacemaker cells continue to fire rhythmically and spontaneously even in the presence of lethal concentrations of tetrodotoxin.
End of Document
Next Scheduled Subject: The Electrocardiogram (ECG) and Autonomic Control of Heart Rate
Ion species
Extracellular [Conc]e
Intracellular [Conc]i
Equilibrium Potential (E_ion)
Sodium (Na+)
145 mM
15 mM
+70 mV
Calcium (Ca2+)
2 mM
0.0001 mM
+120 mV
Potassium (K+)
5 mM
150 mM
-90 mV",
Electrical activity of the heart 2 ,"Comprehensive Reference Guide: Electrical Activity of the Heart
Physiological Principles, Electrocardiography, and Autonomic Regulation
Welcome, student. This structured article expands upon our recent cardiovascular physiology lecture. Use this as your primary study reference for mastering electrocardiography (ECG) phases, the pathophysiological mechanisms behind common arrhythmias, and the precise neural pathways through which the autonomic nervous system modulates cardiac activity.
1. Foundations of Electrocardiography (ECG)
The electrocardiogram (ECG) is a non-invasive, clinical diagnostic tool that records the heart's electrical activity directly from the surface of the body. This recording is possible because the fluids and tissues of the human body act as excellent electrical conductors. As waves of electrical excitation (depolarization and repolarization) sweep across the myocardial cells at any given instant, subtle charge differentials are established—some areas of the heart become temporarily positive relative to neighboring negative regions. These charge differences generate small electrical currents that propagate outward through the surrounding media to the skin, where they are detected via surface electrodes.
Clinical Diagnostic Utility
Cardiologists heavily rely on the ECG to evaluate cardiac structure and function. Specifically, a standard recording allows clinicians to determine:
1. Structural Dimensions: The anatomical orientation of the heart and the relative size of its muscle walls and chambers (e.g., detecting ventricular hypertrophy).
2. Rhythm and Conduction: Acute or chronic disturbances in cardiac rhythm and electrical conduction paths (e.g., heart blocks, tachyarrhythmias).
3. Ischemic Injury: The precise location, depth, and extent of ischemic damage or active myocardial infarction.
4. Chemical & Electrolyte Inflections: The direct physiological effects of specific pharmacological agents or abnormal concentrations of critical plasma electrolytes (e.g., hyperkalemia, hypokalemia).
Standard Bipolar Limb Leads
To construct a comprehensive picture, the electrical potential of the heart is analyzed from multiple geometric angles using distinct configurations termed 'leads'. The foundational views are established by the standard bipolar limb leads:
Lead I: Measures the potential difference from the right arm (-ve electrode) to the left arm (+ve electrode) at an orientation of 0 degrees.
Lead II: Measures from the right arm (-ve electrode) to the left leg (+ve electrode) at an orientation of 60 degrees. Due to its alignment with the general anatomical axis of ventricular depolarization, Lead II typically yields the tallest, clearest waves.
Lead III: Measures from the left arm (-ve electrode) to the left leg (+ve electrode) at an orientation of 120 degrees.
A fundamental rule governs lead interpretation: when a wave of electrical depolarization moves directly toward a recording positive (+ve) electrode, the ECG tracer records a positive, upward deflection. Conversely, a wave moving away from a positive electrode results in a downward, negative deflection.
2. Waveform Morphology and the Cardiac Action Potential
A normal ECG tracing is composed of three distinct electrical phases that correspond directly to the mechanical events of the cardiac cycle, though it is vital to remember that the ECG measures electrical activity, not physical contraction:
1. P Wave: Represents the rapid spread of excitation across the atrial syncytium (atrial depolarization). This electrical event immediately precedes the physical contraction of the left and right atria.
2. QRS Complex: Represents the rapid sweep of excitation through the ventricular specialized conduction system and working myocardium (ventricular depolarization). It physically masks the simultaneous, low-amplitude wave of atrial repolarization.
3. T Wave: Represents the recovery phase of the ventricular muscle cells as they restore their negative resting membrane potentials (ventricular repolarization).
Why is the QRS Complex Amplitude Higher than the P Wave?
Students frequently ask why the QRS complex demonstrates a significantly larger vertical amplitude than the P wave. The ECG is a composite, summation recording of all action potentials generated by the nodal and myocardial cells combined. Because the ventricles possess a much larger anatomical muscle mass and a far greater number of myocardial cells than the thin-walled atria, the total magnitude of electrical current generated during ventricular depolarization is vastly superior, resulting in a much larger voltage deflection on the body surface.
3. Cardiac Arrhythmias and Disorders of Conduction
A cardiac arrhythmia is any deviation from the normal electrical rhythm of the heart (termed Normal Sinus Rhythm). Under physiological conditions, the Sinoatrial (SA) Node functions as the primary pacemaker because its cells possess the fastest intrinsic rate of spontaneous diastolic depolarization ('follow the leader' principle). The rest of the heart follows this pace. Arrhythmias typically emerge from four primary pathophysiological causes:
1. Pacemaker Shift: A shift of the primary pacemaking duties away from the SA node to other latent pacemaking tissues (latent pacemakers).
2. Nodal Intrinsic Dysfunction: Abnormal or erratic impulse generation directly within the SA node itself.
3. Conduction Blockades: A physical block or severe delay of impulse propagation through the specialized electrical pathways.
4. Ectopic Foci Action: Spontaneous, ectopic generation of abnormal impulses in non-pacemaker myocardial cells.
Atrioventricular (AV) Conduction Blocks
Conditions that slow or entirely prevent electrical signals from passing through the crucial AV node bridge include:
Ischemia: Inadequate blood supply and oxygen deprivation to the nodal tissues.
Scar Tissue Compression: Mechanical compression of the nodal cells by non-conductive scar tissue formation post-infarction.
Inflammation: Localized or systemic inflammatory responses, often secondary to high fevers or infection.
Vagal Hypersensitivity: Extreme over-activation of parasympathetic fibers traveling via the vagus nerve.
Ventricular Fibrillation (VF)
Ventricular Fibrillation represents the most dangerous, chaotic form of spontaneous ectopic impulse generation. During VF, the ventricular muscle fibers contract in an entirely uncoordinated, chaotic manner, preventing any organized pumping of blood. It is a fatal consequence of acute myocardial ischemia or severe electrocution. Without immediate electrical correction via an implantable or external defibrillator—which delivers a high-energy shock to simultaneously depolarize all cells and allow the SA node to regain control—death occurs within minutes.
4. Autonomic Control and Neural Regulation of Heart Rate
While the heart is auto-rhythmic and can beat completely in isolation of the body, the autonomic nervous system (ANS) continuously adjusts the heart rate to meet metabolic demands, acting via balanced dual innervation.
The 'Brakes' vs. the 'Accelerator'
The neural regulation of cardiac tissue relies on two opposing branches controlled by autonomic centers in the medulla oblongata:
Parasympathetic Branch (The Brakes): Mediated by the right and left vagus nerves originating from the cardioinhibitory center. Acetylcholine binds to muscarinic (M) receptors on the SA and AV nodes, reducing the rate of spontaneous pacemaker action potential generation and slowing AV node conduction velocity. Intense vagal activity can lower heart rate down to 20 bpm (severe bradycardia).
Sympathetic Branch (The Accelerator): Mediated by thoracic spinal cardiac nerves originating from the cardioacceleratory center. Norepinephrine and circulating epinephrine bind to beta-1 (β1) adrenergic receptors on nodal and muscle tissues. This accelerates pacemaker potential generation, speeds up AV conduction velocity, and increases the force of contraction of both the atria and ventricles. Sympathetic excitation can elevate heart rate up to 230 bpm (severe tachycardia).
Autonomic Control at Rest vs. Exercise
At rest, the heart is dominated by a continuous, resting parasympathetic influence, frequently referred to as vagal tone. If we pharmacologically block both sympathetic and parasympathetic nerves simultaneously, the heart rate immediately jumps from a normal resting average of ~70 bpm up to its native, uninhibited intrinsic rate of approximately 100 bpm. This confirms that the 'brakes' are continuously applied during sedentary periods.
During physical exercise, the body achieves a linear increase in heart rate to amplify oxygen delivery to working skeletal muscles via a highly coordinated two-step process:
1. Vagal Withdrawal: At the onset of mild exercise, the medulla withdraws parasympathetic (vagal) inhibitory input, allowing the heart rate to rise quickly toward 100 bpm.
2. Sympathetic Activation: As exercise intensity escalates further, the sympathetic nervous system fires vigorously, driving the heart rate past 100 bpm up to its age-dependent maximum.
Comparative Exercise Response: Dynamic Case Study
To appreciate how these neural pathways function, we observe three diverse 30-year-old male subjects exposed to identical incremental exercise protocols:
Subject 1 (Sedentary / Normal Control): Demonstrates a perfect, efficient baseline resting heart rate (~60-70 bpm) due to healthy vagal tone, a linear rise during exertion, and a rapid recovery back to baseline post-exercise, which serves as a prime indicator of high aerobic fitness.
Subject 2 (Heart Transplant Recipient): Because a transplanted heart is surgically disconnected from the host's vagus and thoracic sympathetic nerves, this individual lacks all direct autonomic innervation. Consequently, their resting heart rate sits at the heart's natural intrinsic pace (~100 bpm). During exercise, their heart rate cannot increase immediately through nerve pathways; it rises slowly and exclusively via circulating adrenaline (epinephrine) delivered through the bloodstream, resulting in a delayed peak and a very slow, blunted recovery phase.
Subject 3 (Quadriplegic Individual): Due to a cervical or high thoracic spinal cord injury, these individuals have lost all descending sympathetic outflow from the brain but retain intact cranial vagus nerve pathways. As a result, their resting heart rate is normal or slightly low (under vagal dominance), but during exercise, they cannot activate the sympathetic 'accelerator'. Their heart rate response is severely blunted, struggling to elevate significantly above 100 bpm even at high physical workloads.
Summary Checklist for Examination Preparation:

Wave Identification: Be prepared to trace an ECG strip and match the P, QRS, and T waves to precise ionic and mechanical events.
Arrhythmia Mechanics: Understand how an AV block creates an independent, dissociated slower ventricular escape rhythm.
Innervation Transitions: Contrast the immediate neural effects of the vagus nerve with the circulating hormonal effects seen in a transplant patient.
CLINICAL CASE STUDY ANALYSIS: 
Consider a classic clinical scenario: A 30-year-old male arrives at the emergency department presentation with a pulse rate of exactly 40 pulses/minute. An ECG is performed, revealing an atrial rate of 90 contractions/minute alongside a complete blockage of electrical conduction through the atrioventricular node.

Why is his pulse rate exactly 40 bpm?
Because of the complete AV block, the 90 impulses generated by the SA node per minute are entirely trapped in the atria and cannot reach the ventricles. To prevent immediate cardiac arrest, the specialized tissues below the block—such as the Purkinje fibers—assume control. These latent tissues discharge at their own slow, intrinsic auto-rhythmic rate (typically 30-50 mph/bpm). Therefore, the patient's pulse rate is driven solely by this ventricular escape rhythm, which operates completely dissociated from the faster atrial rate.",
Heart failure and inotropic agents,"Comprehensive Medical Review: Heart Failure Pathophysiology and Inotropic Pharmacology
An Educational Article Based on Monash School of Medicine Lecture Materials
Author: Medical Instructor Network
Course Reference: Professor Robert Widdop (Pharmacology)
1. Introduction and Core Concepts
Heart failure (HF) represents a complex, clinical syndrome stemming from any structural or functional cardiac impairment that compromises the ability of the ventricles to fill with or eject blood efficiently. As a major, global healthcare burden that is frequently under-diagnosed in the elderly population, understanding its multi-faceted pathophysiology and corresponding therapeutic options is a cornerstone of modern medical education. The ultimate clinical consequence of heart failure is the inability of cardiac output (CO) to meet the body's metabolic demands, leading to progressive systemic hypoperfusion and venous congestion.
2. Clinical Classification and Sign/Symptom Profiles
Heart failure can manifest predominantly on the left side, right side, or bilaterally (biventricular failure). The distinct clinical signs and symptoms are determined by the 'back pressure' exerted on the respective circulatory circuits:
Left Heart Failure: Stemming from back pressure into the pulmonary circulation. Key signs include dyspnea (shortness of breath on exertion), orthopnea (shortness of breath when lying flat, alleviated by sitting upright), paroxysmal nocturnal dyspnea, and pulmonary crackles upon auscultation due to alveolar transudate.
Right Heart Failure: Stemming from back pressure into the systemic venous circulation. Key signs include elevated jugular venous pressure (JVP), hepatomegaly (enlarged liver due to hepatic congestion), ascites, and peripheral dependent edema (swelling of the ankles and feet).
Biventricular Heart Failure: Characterized by overlapping clinical findings from both categories. Tachycardia is universally common across variants as the body attempts to compensate for a critically falling stroke volume via increased heart rate.
3. Pathophysiology and Cardiac Workload Dynamics
Preload vs. Afterload
The physiological performance and workload of the failing myocardium are dictated by two fundamental extrinsic mechanical forces:
Preload: The volume of blood contained within the ventricles at the end of diastole (end-diastolic pressure/volume). Preload represents the stretching force applied to the cardiac myocytes prior to contraction. Under the Frank-Starling law, an increase in preload initially leads to an increase in cardiac output. However, in a failing heart, the curve plateaus and declines, leading to congestion. Preload is drastically increased in states of hypervolemia, valvular regurgitation, and advanced heart failure.
Afterload: The mechanical resistance that the left ventricle must overcome to open the aortic valve and circulate blood into the systemic vasculature. It is primarily driven by systemic vascular resistance (SVR), arterial stiffness, and vasoconstriction. An increased afterload directly translates to a heightened cardiac workload and a subsequent reduction in cardiac output.
Cardiac Remodeling: HFrEF vs. HFpEF
Progressive ventricular dysfunction is driven by structural changes known as cardiac remodeling. This dynamic alters the geometry of the heart and segregates heart failure into two primary phenotypes:
Heart Failure with Reduced Ejection Fraction (HFrEF): Characterized by a dilated, thin-walled ventricular geometry. Contractility is severely impaired (systolic dysfunction), leading to a severely depressed ejection fraction (e.g., LVEF < 40%). The classic etiology includes dilated cardiomyopathy and acute myocardial infarction.
Heart Failure with Preserved Ejection Fraction (HFpEF): Characterized by concentric ventricular hypertrophy and myocardial stiffening. While ventricular contraction and baseline resting cardiac output appear preserved, ventricular relaxation and filling during diastole are severely impaired (diastolic dysfunction). Consequently, cardiac output drops significantly during exercise or exertion. This phenotype is highly prevalent in females, elderly individuals, and diabetic patients, with hypertension serving as a dominant driver.
4. The Vicious Cycle of Compensatory Reflexes
When cardiac output falls, the body triggers a series of endogenous compensatory neurohormonal reflexes designed to maintain perfusion to vital organs. Paradoxically, while beneficial in the short term, the chronic activation of these pathways establishes a destructive positive feedback loop that accelerates cardiac deterioration:
1. Sympathetic Nervous System Activation: Decreased arterial stretch dampens baroreceptor firing, triggering massive sympathetic discharge. Norepinephrine (NE) stimulates myocardial beta-1 receptors to increase heart rate (tachycardia) and contractility, while alpha-1 stimulation prompts systemic vasoconstriction (increasing afterload). Chronic catecholamine exposure exerts direct cellular toxicity on cardiomyocytes and triggers arrhythmias.
2. Renin-Angiotensin-Aldosterone System (RAAS) Activation: Reduced renal perfusion pressure causes the juxtaglomerular apparatus to secrete renin. Renin converts angiotensinogen into Angiotensin I, which is subsequent transformed by Angiotensin-Converting Enzyme (ACE) into Angiotensin II. Angiotensin II is a potent vasoconstrictor (raising afterload) and directly stimulates the adrenal cortex to release Aldosterone, which promotes renal sodium and water retention (raising preload).
3. Pathological Fibrosis and Remodeling: Both Angiotensin II and Aldosterone act directly on cardiac fibroblasts to induce the deposition of extracellular matrix. This results in progressive cardiac fibrosis, or 'stiffening' of the heart, which irreversibly hampers diastolic compliance and compromises systolic reserve.
5. Positive Inotropic Agents
Digoxin
Mechanism of Action
Digoxin works by binding to and inhibiting the extracellular alpha-subunit of the Na+/K+ ATPase membrane pump on cardiomyocytes. This direct inhibition yields a specific cascade of electrolyte shifts:
1. Inhibition of the Na+/K+ ATPase prevents the active extrusion of intracellular sodium, resulting in an accumulation of intracellular Na+.
2. The diminished trans-membrane sodium gradient slows the activity of the secondary active transporter, the Na+/Ca2+ Exchanger (NCX), which relies on a sodium gradient to pump Ca2+ out of the cell.
3. Consequently, intracellular calcium levels rise. This calcium is sequestered into the sarcoplasmic reticulum (SR) via SERCA pumps, ensuring that a significantly larger bolus of Ca2+ is available for release into the cytosol via Ryanodine Receptors (RyR) during subsequent action potentials.
4. Enhanced binding of calcium to Troponin C promotes cross-bridge cycling, resulting in an increased force of myocardial contraction (positive inotropy) and reduced myocardial oxygen consumption in a failing heart due to a reduction in ventricular radius.
Clinical Indications and Uses
1. Chronic Symptomatic Heart Failure: Indicated strictly for low-output heart failure in patients who remain highly symptomatic despite optimized standard therapies (diuretics, RAS inhibitors, and beta-blockers). It is far more effective in primary cardiomyopathies and HFrEF, and noticeably less effective in heart failure secondary to high afterload chronic hypertension.
2. Rate Control in Atrial Tachyarrhythmias: Digoxin increases vagal efferent activity (parasympathomimetic effect), which slows AV nodal conduction velocity and prolongs its refractory period. This allows it to effectively control the ventricular rate in patients presenting with concurrent atrial fibrillation or atrial flutter.
Pharmacokinetics and Narrow Therapeutic Index
Digoxin possesses an incredibly long elimination half-life of roughly 30 to 40 hours and an unusually large volume of distribution (Vd ~ 640 L) because it binds heavily to skeletal muscle tissue. Due to an extremely narrow safety margin, serum concentration tracking is mandatory. Digoxin is cleared primarily by the kidneys via glomerular filtration and tubular secretion. Its clearance declines sharply in elderly and renal failure patients, meaning that creatinine clearance must be used to carefully calibrate and predict daily dosing.
Adverse Effects, Toxicity, and Electrolyte Interactions
Cardiovascular: Can precipitate nearly every type of cardiac arrhythmia. Common manifestations include premature ventricular contractions (PVCs), AV blocks, and ventricular tachycardia, which can prove fatal.
Gastrointestinal: Anorexia, prominent nausea, vomiting, and diarrhea. These are caused by both direct local irritation and central chemoreceptor trigger zone stimulation.
Central Nervous System: Marked vagal hyper-activation, visual disturbances (specifically dyschromatopsia or chloropsia, where objects appear with a yellow/green tint or halo), neurological disorientation, severe agitation, and hallucinations.
Crucially, Digoxin competes directly with potassium ions (K+) for binding sites on the extracellular aspect of the Na+/K+ ATPase pump. Therefore, hypokalemia (low potassium levels) decreases competition, causing an over-binding of Digoxin and severe toxicity, even at normal therapeutic serum concentrations. Conversely, hypercalcemia increases intracellular calcium overload, synergizing with Digoxin to precipitate lethal arrhythmias.
Dobutamine
Dobutamine is a synthetic catecholamine that acts as a potent agonist at beta-1 adrenoceptors. It is utilized primarily in acute or decompensated heart failure settings. By activating Gs-coupled beta-1 receptors, it stimulates adenylyl cyclase to increase intracellular cyclic adenosine monophosphate (cAMP). This activates Protein Kinase A (PKA), which phosphorylates L-type calcium channels, inducing a robust influx of calcium and enhancing myocardial contractility.
6. Decreasing Cardiac Workload: Mainstay Pharmacotherapies
Renin-Angiotensin System (RAS) Inhibitors
Angiotensin-Converting Enzyme (ACE) Inhibitors
Examples include Captopril, Enalapril, and Perindopril. These agents directly block the enzymatic conversion of Angiotensin I to Angiotensin II, while simultaneously inhibiting the breakdown of bradykinin (resulting in decreased Ang II and increased bradykinin).
Hemodynamic Effects: By wiping out Angiotensin II, they cause widespread arterial and venous vasodilation, which lowers total peripheral resistance (decreasing afterload). Additionally, they suppress aldosterone release, promoting renal sodium and water clearance (decreasing preload).
Indications: Indicated in hypertension, standard HFrEF care, and for preserving renal microvasculature in diabetic nephropathy.
Adverse Effects: A persistent dry cough and life-threatening angioedema (both driven by bradykinin accumulation), severe first-dose hypotension, and hyperkalaemia (due to loss of aldosterone-mediated potassium secretion). It is strictly contraindicated in pregnancy.
Angiotensin Receptor Blockers (ARBs)
Examples include Losartan. These drugs act as competitive antagonists at the Angiotensin II Type 1 (AT1) receptor. Unlike ACE inhibitors, circulating Angiotensin II levels remain unchanged or elevated, and bradykinin metabolism is completely unaffected. ARBs produce identical beneficial reductions in afterload and preload and are indicated for heart failure patients who are completely intolerant to ACE inhibitors due to dry cough.
Angiotensin Receptor-Neprilysin Inhibitors (ARNIs)
This new-ish class combines Sacubitril (a neprilysin inhibitor) with Valsartan (an ARB). Neprilysin is the endogenous enzyme responsible for degrading natriuretic peptides (ANP and BNP). By blocking neprilysin, Sacubitril elevates circulating natriuretic peptides, which bind to NPR-A receptors on target cells, stimulating guanylyl cyclase to increase intracellular cGMP. This drives systemic vasodilation, natriuresis, and directly suppresses sympathetic output and fibrosis, providing unmatched outcomes in HFrEF management.
Beta-Adrenoceptor Antagonists (Beta-Blockers)
Classification and Agents
Nonselective Blockers: Antagonize both beta-1 and beta-2 receptors. Examples include Propranolol and Carvedilol (which possesses additional alpha-1 blocking capabilities, further dropping afterload).
Cardioselective Blockers: Selectively target beta-1 receptors. Examples include Atenolol, Metoprolol, and Nebivolol (which additionally promotes nitric oxide-mediated vasodilation).
The Heart Failure Paradox
Historically, removing critical sympathetic drive using beta-blockers was predicted to worsen heart failure. Paradoxically, adding beta-blockers (specifically carvedilol, metoprolol succinate, or bisoprolol) to stable heart failure patients significantly decreases long-term mortality. The mechanisms behind this protection include preventing catecholamine-induced cardiomyocyte apoptosis, reducing myocardial oxygen demand, upgrading beta-receptor density, and exerting potent anti-arrhythmic and anti-ischemic actions. They must be initiated at extremely low doses and titrated up very slowly once the patient is entirely stable.
Diuretics
Diuretics act on renal tubular structures to enhance sodium and water clearance, shrinking the intravascular volume and directly lowering preload to relieve pulmonary and systemic congestion.
Loop Diuretics: Agents like Furosemide and Bumetanide heavily inhibit the Na+/K+/2Cl- cotransporter in the thick ascending limb of the loop of Henle. They are highly potent and rapidly clear congestion and edema. However, they cause significant potassium wasting, which can increase the risk of digoxin toxicity.
Potassium-Sparing Diuretics: Agents like Spironolactone and Eplerenone block aldosterone receptors in the late distal tubule and collecting duct. Beyond their weak, potassium-retaining diuretic effects, they block aldosterone's ability to drive extracellular matrix deposition. This directly reduces cardiac fibrosis and stiffening, making them an essential add-on therapy for HFrEF.
Sodium-Glucose Cotransporter 2 (SGLT2) Inhibitors
Examples include the 'gliflozins' (e.g., Dapagliflozin). Originally approved as anti-diabetic agents that block over 90% of filtered glucose reabsorption in the proximal renal tubule, new clinical trial data has established that SGLT2 inhibitors dramatically lower cardiovascular mortality in heart failure. They possess unique osmotic diuretic properties that reduce blood pressure and circulating volume without activating the sympathetic nervous system, while also decreasing body weight and optimizing myocardial metabolic efficiency.
7. Therapeutic Frameworks: HFrEF vs. HFpEF
Pharmacological options differ significantly between the two primary heart failure phenotypes based on rigorous clinical trial data and expert guidelines (such as the therapeutic guidelines [eTG]):
HFrEF Framework: Management requires a structured multi-drug regimen. Standard care centers around the simultaneous use of a RAS inhibitor (ideally an ARNI or ACE inhibitor), a guideline-directed beta-blocker, an aldosterone antagonist, and an SGLT2 inhibitor. Loop diuretics are layered on dynamically to manage fluid volume, and Digoxin is reserved for refractory symptom control or concurrent rate control in atrial fibrillation.
HFpEF Framework: The clinical drugs that provide immense outcome benefits in HFrEF have historically shown limited impact on mortality outcomes in HFpEF. According to the eTG, the therapeutic strategy focuses on: (1) Diagnosing and treating the underlying structural cause (e.g., managing severe hypertension); (2) Identifying and controlling acute precipitating factors (e.g., rate-controlling atrial fibrillation); (3) Managing symptoms effectively (e.g., deploying diuretics to clear congestion); and (4) Managing metabolic and structural comorbidities such as diabetes and ischemic heart disease.
Summary of Core Drug Classes Used in Heart Failure
CLINICAL PRESENTATION & INITIAL CASE STUDY
A 65-year-old man developed shortness of breath with exertion several weeks after experiencing a viral illness. This was accompanied by swelling of the feet and ankles, and increasing fatigue. On physical examination, he was found to be mildly short of breath lying flat (orthopnea), but felt better sitting upright. His vital signs revealed a regular pulse of 105 bpm (tachycardia) and a blood pressure of 90/60 mmHg (hypotension). Lung auscultation demonstrated bilateral basal crackles. Jugular venous pressure (JVP) was elevated, the liver was enlarged (hepatomegaly), and 3+ pitting edema was noted in his ankles and feet. An echocardiogram revealed a dilated, poorly contracting heart with a left ventricular ejection fraction (LVEF) of approximately 20% (normal: ~60%).

Presumptive Diagnosis: Dilated cardiomyopathy secondary to viral myocarditis, presenting as acute on chronic biventricular heart failure with reduced ejection fraction (HFrEF).
Drug Class & Examples
Primary Mechanism
Hemodynamic Impact
Critical Adverse Effects
ACE Inhibitors / ARBs
(Enalapril, Losartan)
Inhibit Ang II formation or block AT1 receptors; reduce aldosterone
Decreases afterload and preload; limits fibrosis
Cough (ACE), hyperkalemia, hypotension, angioedema. Contraindicated in pregnancy.
Beta-Blockers
(Carvedilol, Metoprolol)
Antagonize beta-1 adrenoceptors; block sympathetic over-activation
Reduces heart rate and contractility short term; protects myocardium long term
Bradycardia, bronchospasm (beta-2 interaction), acute heart failure decompensation.
Loop Diuretics
(Furosemide)
Inhibit Na+/K+/2Cl- cotransporter in loop of Henle
Drastically reduces blood volume and venous pressure (preload)
Hypokalemia, dehydration, electrolyte depletion, increased digoxin toxicity.
Digoxin
(Lanoxin)
Inhibits Na+/K+ ATPase pump -> elevates intracellular Ca2+
Positive inotropy (contractility up); vagal activation (AV conduction down)
Arrhythmias, nausea, vomiting, yellow-green visual disturbances. Toxicity elevated by hypokalemia.
SGLT2 Inhibitors
(Dapagliflozin)
Inhibit glucose reabsorption in proximal renal tubules
Osmotic diuresis; lowers blood pressure and ventricular workload
Genital mycotic infections, volume depletion, euglycemic ketoacidosis (rare).",
Anti-arrythmic agents,"Comprehensive Reference Guide:
Antiarrhythmic Drugs & Cardiac Electrophysiology
A Complete Instructional Article from Monash School of Medicine
Prepared by Professor Robert Widdop (Department of Pharmacology)
1. Introduction & Learning Outcomes
This technical guide covers the detailed mechanisms, classification, clinical indications, and serious adverse effect profiles of antiarrhythmic medications. It correlates molecular ion channel states with macro-level cardiac electrophysiology and electrocardiogram (ECG) changes, serving as a comprehensive study reference for medical students.
By completing this study guide, you should master the following foundational competencies:
Cardiac Rhythm Analysis:Describe normal cardiac rhythm mechanisms and the distinct types of pathological arrhythmias.
Vaughan Williams Classification:Differentiate the major antiarrhythmic drug classes (Class I to Class IV) under the Vaughan Williams classification framework.
Pharmacotherapeutic Principles:Explain the precise cellular mechanisms of action, use-dependence, electrocardiographic correlations, clinical scenarios for deployment, and life-threatening adverse event profiles of specific antiarrhythmic agents.
2. Cellular Cardiac Electrical Activity & Electrocardiogram (ECG) Correlation
Understanding the action potential profiles of distinct cardiac tissues is mandatory for evaluating antiarrhythmic drug actions. The heart contains two major electrical archetypes: slow-response nodal tissue and fast-response myocardial/Purkinje conductive tissue.
2.1. The Fast-Response Myocardial Action Potential Phases
Fast-response tissues (atrial myocytes, ventricular myocytes, and Purkinje fibers) exhibit a long, distinct 5-phase action potential driven by voltage-gated ion channel conductance fluxes:
Phase 0 (Upstroke):Characterized by rapid, massive depolarization. Triggered when the membrane potential hits threshold, opening fast voltage-gated sodium channels (Na+ influx). This fast inward sodium current is the primary target for Class I antiarrhythmic drugs.
Phase 1 (Early Partial Repolarization):Brief initial repolarization. Voltage-gated sodium channels quickly inactivate, and a transient outward potassium current (K+ efflux) begins.
Phase 2 (Plateau Phase):The prolonged plateau phase characteristic of cardiac tissue. It is maintained by a delicate equilibrium between inward calcium current through L-type calcium channels (Ca2+ influx) and outward potassium current. This phase prevents tetany and determines the overall Action Potential Duration (APD).
Phase 3 (Final Repolarization):Rapid repolarization back toward the resting membrane potential. L-type calcium channels close while delayed rectifier potassium channels open fully, producing a massive outward potassium current (K+ efflux). This outward K+ current is blocked by Class III antiarrhythmic agents.
Phase 4 (Resting Membrane Potential / Pacemaker Potential):The resting membrane potential. In normal atrial and ventricular myocytes, the membrane is stable at approximately -85 to -90 mV. In pacemaker cells, Phase 4 undergoes spontaneous diastolic depolarization driven by funny currents (If) and T-type calcium channels, establishing automaticity.
2.2. Nodal Tissue Electrophysiology
In contrast to myocytes, the sinoatrial (SA) node and atrioventricular (AV) node do not rely on fast sodium currents for Phase 0 upstroke. Instead, their depolarization is slow and driven entirely by slow inward calcium currents. Therefore, calcium channel blockers (Class IV) and beta-blockers (Class II) exert their most powerful negative chronotropic and dromotropic actions directly upon these calcium-dependent nodal structures.
2.3. Electrocardiogram (ECG) Waveform Correlations
The mechanical and electrical syncytium of the heart registers on the surface electrocardiogram (ECG), mapping to specific phases of cellular action potentials:
P Wave:Represents the wavefront of atrial depolarization spreading from the sinoatrial node through both atria.
PR Interval:The time required for an impulse to travel from the SA node, through the atria, across the AV node (where conduction is delayed), down the bundle of His, and into the Purkinje network. Normal length maps to AV nodal conduction. Class II (beta-blockers) and Class IV (calcium channel blockers) prolong this interval.
QRS Complex:Represents rapid ventricular depolarization, which corresponds directly to the rapid Phase 0 cellular upstroke of ventricular myocytes. Class IA and Class IC sodium channel blockers slow Phase 0 conduction velocity, widening the QRS duration.
T Wave:Represents ventricular repolarization (cellular Phase 3).
QT Interval:The entire duration of ventricular activation and recovery (from the start of ventricular depolarization to the end of ventricular repolarization). It corresponds to total ventricular action potential duration (APD). Prolongation of the QT interval represents a major pro-arrhythmic hazard associated with Class IA and Class III drugs, predisposing patients to Early After-Depolarizations (EADs).
3. Classification of Pathological Cardiac Arrhythmias
Arrhythmias are classified clinically according to their anatomical site of origin and their net effect on heart rate:
3.1. Classification Framework
Anatomical Site:Supraventricular/atrial arrhythmias origin vs. ventricular arrhythmias origin.
Heart Rate Vector:Tachyarrhythmias (heart rate > 100 bpm) vs. bradyarrhythmias (heart rate < 60 bpm).
3.2. Common Clinical Tachyarrhythmias
Atrial / Supraventricular Tachyarrhythmias
Atrial Fibrillation (AF):The most common sustained clinical arrhythmia. Characterized by chaotic, rapid, and persistent irregular atrial electrical activation, resulting in the loss of synchronized atrial contractions. It carries a severe clinical risk of heart failure exacerbation and thromboembolic stroke due to blood stasis in the left atrial appendage.
Supraventricular Tachycardia (SVT):A rapid, regular cardiac rhythm arising above the ventricles, typically caused by AV nodal re-entry circuits.
Paroxysmal Supraventricular Tachycardia (PSVT):An intermittent form of SVT that starts and terminates abruptly.
Ventricular Tachyarrhythmias
Ventricular Ectopics:Premature ventricular complexes (PVCs) caused by isolated ectopic focal firing within the ventricles.
Ventricular Tachycardia (VT):A rapid, regular ventricular rhythm consisting of three or more consecutive ventricular beats. It severely compromises cardiac output and can degrade into ventricular fibrillation.
Ventricular Fibrillation (VF):A completely chaotic, irregular, and non-functional ventricular rhythm. The ventricles merely quiver and cannot pump blood. This is fatal within minutes without immediate direct current (DC) cardioversion shock.
4. Pathophysiological Mechanisms of Arrhythmogenesis
Arrhythmias are generated through two major categories of errors: abnormal impulse generation and abnormal impulse conduction.
4.1. Abnormal Impulse Generation
Autonomic Alterations:Altering normal automaticity of the SA node via sympathetic or parasympathetic tone.
Ectopic Automaticity:Latent pacemakers (e.g., AV node, Purkinje fibers) or damaged myocardial zones develop an intrinsic firing rate faster than the SA node, taking over the cardiac rhythm.
4.2. Abnormal Impulse Conduction
Heart Blocks:Conduction block occur when the electrical wavefront fails to penetrate standard anatomical structures:
1st-Degree AV Block:Represented by a fixed, prolonged PR interval exceeding 200 milliseconds; all atrial impulses eventually reach the ventricles.
2nd-Degree AV Block:Some atrial impulses fail to conduct to the ventricles entirely, presenting on the ECG as a P wave that is not followed by a QRS complex.
3rd-Degree (Complete) AV Block:Complete AV dissociation; no electrical conduction passes through the AV node, and ventricles beat independently via a slow escape rhythm.
4.3. Re-Entry Circuits
Re-entry is the underlying mechanism for the majority of clinical tachyarrhythmias. To establish a self-sustaining re-entry loop, three specific criteria must be met:
1. An Anatomical or Functional Obstacle:Anatomical loop around an unexcitable zone, typically resulting from myocardial injury or localized ischaemia.
2. A Unidirectional Block:The impulse can travel down one pathway but is blocked in the parallel branch.
3. Slow Conduction Velocity Around the Circuit:The conduction velocity of the propagating wavefront must be slow enough that by the time the impulse circles the loop and re-enters the blocked pathway retrogradely, that tissue has emerged from its absolute refractory period. This creates a continuous retrograde circuit re-exciting the tissue.
4.4. After-Depolarisations
After-depolarizations are abnormal oscillations in membrane voltage that occur before the cell fully returns to its resting state, triggering ectopy:
Early After-Depolarisations (EADs):Occur during Phase 2 or Phase 3 of the action potential. They are primarily driven by a decrease in outward potassium current efflux, which expands the plateau duration and prolongs the QT interval. This mechanism underlies Torsade de Pointes and is classic for amiodarone toxicity or hypokalaemia.
Delayed After-Depolarisations (DADs):Occur after full repolarization during Phase 4, arising directly from resting potential. They are triggered by intracellular calcium (Ca2+) overload. Intracellular Ca2+ accumulation drives spontaneous calcium extrusion via the sodium-calcium exchanger (NCX), generating a net depolarizing inward current. This is characteristically caused by digoxin toxicity or high states of circulating catecholamines (adrenaline/noradrenaline).
5. Clinical Triggers, Exacerbating Factors, & the Central Role of Potassium
Arrhythmias rarely occur in a vacuum. They are initiated and exacerbated by clear systemic stressors, with potassium concentration being the most critical electrolyte variable.
5.1. Systemic and Cardiac Triggers
Myocardial Ischaemia and Infarction:Acute tissue death destroys ion channels and causes local injury currents.
Anatomical Irregularities:Congenital or scarred pathways that provide fixed substrates for re-entry loop generation.
Cardiothoracic Surgery:Direct physical disruption of cardiac conductive tissue and local inflammation.
Hypoxia:Alters ion channel conductance and enzyme kinetics.
Catecholamine Surges:High circulating levels of Adrenaline and Noradrenaline enhance SA node firing, increase DADs via calcium loading, and lower ventricular fibrillation thresholds.
5.2. The Importance of Serum Potassium Control
Potassium controls the resting membrane potential and conductance of rectifier K+ channels, making tight control mandatory:
Hypokalaemia (< 3.5 mmol/L):Significantly increases the physiological risk of generating after-depolarizations and ectopic pacemaker activity. Critically, hypokalaemia strongly enhances the toxic profile of digoxin, leading to fatal arrhythmias. Loop and thiazide diuretics are major offenders that cause clinical hypokalaemia.
Hyperkalaemia (> 5.0 mmol/L):Directly shifts the resting membrane potential closer to threshold, altering tissue permeability and depressing ectopic pacemakers and overall conduction velocity. Severe hyperkalaemia causes complete cardiac standstill and is rapidly life-threatening. Medications that conserve potassium—such as Angiotensin-Converting Enzyme Inhibitors (ACEi), Angiotensin Receptor Blockers (ARBs/Sartans), and potassium-sparing diuretics—can induce hyperkalaemia.
6. The Vaughan Williams Classification of Antiarrhythmic Drugs
Established in 1970, the Vaughan Williams system organizes antiarrhythmic agents into four primary classes based on their dominant cellular mechanism of action:
Class I:Sodium (Na+) channel blockers. They decrease conduction velocity by slowing Phase 0.
Class II:Beta-adrenergic receptor antagonists. They reduce sympathetic automaticity by flattening Phase 4.
Class III:Potassium (K+) channel blockers. They expand the action potential duration and effective refractory period by slowing Phase 3.
Class IV:Non-dihydropyridine Calcium (Ca2+) channel blockers. They suppress conduction in the calcium-dependent SA and AV nodes.
7. Class I Antiarrhythmics: Sodium Channel Blockers
Class I antiarrhythmics bind selectively to voltage-gated sodium channels, inhibiting the fast inward Na+ current during Phase 0 upstroke.
7.1. Use-Dependence as a Therapeutic Mechanism
Class I drugs display a phenomenon known as use-dependence. These drugs bind preferentially to sodium channels when they are in their activated or inactivated states (which occur during rapid depolarization), rather than their closed resting state. Consequently, the drug block intensifies in rapidly firing tissues (tachyarrhythmias) or depolarized zones (ischaemic myocardium), providing selective suppression of pathological regions while sparing healthy, normally paced tissue.
7.2. Class I Subclasses (IA, IB, and IC)
Subtle differences in binding kinetics and secondary effects on potassium channels require sub-classification into three groups:
Clinical Application Notes for Class I Agents
Procainamide and Quinidine (Class IA):Broad-spectrum agents useful for both atrial and ventricular arrhythmias, but limited by their pro-arrhythmic QT prolongation risk.
Lignocaine (Class IB):Administered exclusively intravenously. It possesses a low overall cardiotoxic profile because it rapidly dissociates from sodium channels during diastole. It is used exclusively for ventricular tachyarrhythmias (VT/VF) occurring in the acute period following a myocardial infarction (AMI).
Flecainide (Class IC):Exceedingly potent sodium channel blocker used to suppress premature ventricular contractions and atrial fibrillation. However, it is strongly cardiotoxic and must never be used in patients with structural heart disease or past myocardial infarction due to an elevated risk of causing sudden cardiac death.
8. Class II Antiarrhythmics: Beta-Blockers
Prototypical Drugs: Atenolol, Propranolol
8.1. Mechanism of Action
Class II antiarrhythmics act by competitively antagonizing beta-1 adrenergic receptors. This blocks the intracellular Gs-protein-cAMP-protein kinase A cascade, neutralizing the dangerous pro-arrhythmic effects of circulating adrenaline, noradrenaline, and elevated sympathetic tone (catecholamine toxicity).
At the cellular level, beta-blockers decrease the slope of Phase 4 spontaneous diastolic depolarization within the sinoatrial node. This slows the pacemaker firing rate (negative chronotropy) and reduces conduction velocity across the AV node (negative dromotropy), effectively prolonging the PR interval.
8.2. Clinical Indications
Atrial Fibrillation Rate Control:Used to slow the ventricular response rate by preventing rapid atrial impulses from crossing the AV node.
Post-Myocardial Infarction Prophylaxis:Routinely prescribed post-myocardial infarction, where they are proven to reduce all-cause mortality by preventing ischemia-driven ventricular fibrillation.
9. Class III Antiarrhythmics: Potassium Channel Blockers
Prototypical Drugs: Sotalol, Amiodarone
9.1. Mechanism of Action
Class III agents selectively block the voltage-gated delayed rectifier potassium channels responsible for Phase 3 repolarization. By slowing the outward movement of potassium, these agents prolong the total action potential duration (APD) and increase the Effective Refractory Period (ERP) across cardiac conductive structures. On a standard ECG trace, this presents as a prominent prolongation of the QT interval.
9.2. Sotalol Properties
Sotalol is a unique non-selective beta-blocker that possesses additional distinct Class III potassium channel blocking activity. While useful for rhythm control, its adverse effect profile mirrors general beta-blockers (e.g., bronchospasm, bradycardia) alongside a risk of QT prolongation.
9.3. Amiodarone: The Broad-Spectrum Agent
Amiodarone is a highly effective, broad-spectrum antiarrhythmic agent deployed for both atrial and ventricular tachyarrhythmias (oral or IV routes). Although officially categorized as Class III, amiodarone displays multi-channel blocking characteristics, incorporating Class I (sodium channel block), Class II (anti-sympathetic beta-block), and Class IV (calcium channel block) actions.
However, amiodarone features a severe multi-organ adverse effect profile that requires strict clinical monitoring:
Thyroid Dysfunction:Amiodarone contains high iodine content structurally. It can cause severe hyperthyroidism or hypothyroidism.
Pulmonary Toxicity:Can cause subacute interstitial pneumonitis which develops into fatal pulmonary fibrosis.
Liver Toxicity:Elevations in hepatic transaminases can progress to overt hepatotoxicity.
Pro-Arrhythmic Tendency:Despite prolonging the QT interval, it causes a lower incidence of Torsade de Pointes than other Class III agents, but remains fundamentally pro-arrhythmic via EAD generation.
10. Class IV Antiarrhythmics: Calcium Channel Blockers
Prototypical Drug: Verapamil (Note: Dihydropyridines like nifedipine and amlodipine do not possess antiarrhythmic actions because they target vascular smooth muscle rather than cardiac tissue).
10.1. Mechanism of Action
Class IV agents bind specifically to L-type voltage-gated calcium channels. Because Phase 0 upstroke and Phase 4 automaticity within nodal tissues (SA and AV nodes) are calcium-dependent, Verapamil strongly suppresses normal and abnormal automaticity in these structures. It slows AV nodal conduction velocity, effectively expanding the PR interval and halting re-entry loops that involve the AV node.
10.2. Clinical Indications
Atrial Fibrillation Rate Control:Used orally to maintain rate control in chronic AF.
PSVT Prophylaxis:Deployed to terminate and prevent the recurrence of paroxysmal supraventricular tachycardias.
11. Unclassified Antiarrhythmic Agents
Two major antiarrhythmic agents are heavily utilized in clinical practice but fall outside the classic Vaughan Williams classification system:
11.1. Digoxin (Digitalis Glycosides)
Digoxin exerts its therapeutic effect by directly stimulating central vagal nuclei, leading to an increase in parasympathetic (vagal) tone to the heart. This parasympathetic surge blocks atrioventricular conduction and slows the overall ventricular firing rate in atrial fibrillation.
However, digoxin has a narrow therapeutic index. At high doses, it inhibits the cellular Na+/K+-ATPase pump. This leads to a rise in intracellular sodium, which in turn halts the Na+/Ca2+ exchanger, resulting in severe intracellular calcium overload. This calcium overload triggers delayed after-depolarizations (DADs), meaning digoxin can cause almost any type of clinical tachyarrhythmia or bradyarrhythmia if toxicity occurs.
11.2. Adenosine
Adenosine is an endogenous nucleoside administered as an ultra-rapid intravenous bolus (half-life < 10 seconds). It acts on cardiac A1 receptors, opening potassium channels to hyperpolarize nodal cells while suppressing calcium currents. This results in a transient, total inhibition of AV nodal conduction, allowing prompt conversion of acute supraventricular tachycardias (PSVT) back into normal sinus rhythm.
12. Clinical Treatment Frameworks
The lecture material defines standard treatment protocols for common clinical scenarios:
Atrial Fibrillation Rate Management:Controlled via Digoxin, non-dihydropyridine Calcium Channel Blockers (Verapamil), or Beta-blockers. Because of the lifelong risk of stroke, long-term oral anticoagulation therapy (e.g., Warfarin) is mandatory.
Ventricular Fibrillation Management:Acute episodes are treated with an immediate intravenous bolus of Lignocaine. Long-term prevention utilizes Class II or Class III medications. If the patient goes into active VF, emergency direct current (DC) shock via an external defibrillator is mandatory; high-risk individuals require an implantable cardioverter-defibrillator (ICD).
Paroxysmal Supraventricular Tachycardia:Initial non-pharmacological management utilizes the Valsalva manoeuvre to stimulate vagal tone. If this fails, rapid intravenous Adenosine or Verapamil is administered.
Bradycardia Management:Acute bradycardia is managed using Atropine (an anticholinergic that blocks vagal tone) or Adrenaline. Chronic symptomatic bradycardia requires stopping any offending medications (beta-blockers, Verapamil, or Digoxin) and surgically placing a permanent pacemaker.
13. General Cautions & Drug-Induced Arrhythmias
A major paradox of cardiovascular medicine is that almost all antiarrhythmic medications have pro-arrhythmic actions. They can cause new or worsened arrhythmias, making careful patient selection and monitoring mandatory.
Non-Cardiovascular Agents that Trigger Arrhythmias:Sympathomimetics, tricyclic antidepressants, and volatile anesthetic solvents.
Antiarrhythmic Agents with Pro-Arrhythmic Action:Digoxin (can trigger almost any arrhythmia via Ca2+ overload), beta-blockers and calcium antagonists (can cause severe bradyarrhythmias), diuretics (induce electrolyte disturbances), and Class I or Class III agents (cause QT prolongation).
Elderly Population Risks:Elderly populations have a high prevalence of AF and structural heart disease. They are frequently on concurrent anticoagulation therapy, which significantly increases their risk for bleeding and bruising, requiring frequent monitoring during antiarrhythmic titration.
CLINICAL PEARL: Ventricular tachyarrhythmias are particularly common and life-threatening in the acute phase following a myocardial infarction (post-AMI).
Subclass
Prototypical Drugs
Effect on Phase 0 / Conduction
Effect on APD / ERP
Primary Toxicities / Adverse Effects
Class IA
Procainamide, Quinidine
Moderate slowing
Prolonged (blocks K+ channels)
QT prolongation, torsade de pointes, new ventricular arrhythmias
Class IB
Lignocaine, Phenytoin
Mild slowing
Shortened (accelerates Phase 3)
Neurological side effects (local anaesthetic toxicity, confusion, seizures)
Class IC
Flecainide
Marked slowing (prolongs QRS)
Unchanged
Severe cardiotoxicity, post-MI pro-arrhythmia risk
CRITICAL WARNING: Never combine intravenous Verapamil with a beta-blocker. Concomitant administration can trigger complete AV nodal block, profound bradycardia, and catastrophic cardiogenic shock.",
When cells die- Cardiac biomarkers,"Comprehensive Reference Guide: Acute Coronary Syndromes, Myocardial Infarction, and Clinical Cardiac Biomarkers
Instructor-Curated Academic Article & Study Manual for Medical Students
1. Introduction to Coronary Heart Disease and the Acute Coronary Syndrome Continuum
Coronary Heart Disease (CHD)—alternatively referred to as Ischemic Heart Disease (IHD) or Coronary Artery Disease (CAD)—encompasses a broad spectrum of clinical pathologies. These pathologies arise primarily due to a mismatch between myocardial oxygen supply and demand, typically driven by atherosclerotic plaque accumulation within the epicardial coronary arteries. Clinically, CHD is categorized into chronic and acute presentations.
Chronic Disease: Stable Angina, characterized by predictable radiating chest pain brought on by exertion and relieved by rest or nitroglycerin; and Chronic Heart Failure (HF) following previous ischemic damage.
Acute Presentation: Acute Coronary Syndrome (ACS), an overarching clinical umbrella that signifies any condition causing sudden, severely reduced blood flow to the myocardium. This spectrum includes Unstable Angina (UA), where chest pressure or pain occurs at rest or with minimal physical activity, as well as Acute Myocardial Infarction (AMI), colloquially known as a heart attack.
Crucially, medical practitioners must appreciate that ACS is not an isolated binary state but a true clinical continuum. A patient may present with mild ischemia that rapidly escalates into partial-thickness or full-thickness myocardial death. In many catastrophic cases, sudden cardiac arrest resulting from electrical instability (arrhythmia) can be the very first overt sign of ACS.
2. Coronary Anatomy, Pathophysiology, and Infarct Localization
The epicardial coronary arteries arise immediately above the aortic valve leaflets and fill predominantly during ventricular diastole, when the myocardium relaxes and intramyocardial pressure drops. Because these vessels ran external to the muscle mass and branches plunge inward, they are of relatively small caliber; any progressive or acute narrowing can drastically restrict downstream perfusion. Furthermore, in states of pathological muscle hypertrophy (such as chronic hypertension), the intramyocardial vessels are mechanically stretched and compressed, further reducing their delivery capacity.
The innermost layer of the heart wall—the sub-endocardial zone—is uniquely vulnerable to ischemia. This vulnerability exists because the sub-endocardium is situated at the terminal end of coronary perfusion and is subject to the highest wall tension and pressure from the left ventricular lumen. Its survival depends on a delicate balance between coronary arterial supply and limited direct luminal diffusion.
The location of a coronary artery obstruction strictly dictates the anatomical territory of the subsequent myocardial infarction, visible on specific electrocardiogram (ECG) leads, which directly determines clinical severity and prognosis:
Left Anterior Descending (LAD) Artery: Obstruction here accounts for approximately 50% of all AMI cases. Because it supplies the expansive anterior wall of the left ventricle, it is infamously dubbed the 'artery of sudden death'. An occlusion manifests as an anterior infarction, with characteristic ECG changes localized in the anterior chest leads.
Right Coronary Artery (RCA): Obstruction of this artery accounts for roughly 30% of cases. It leads to an inferior infarction and typically involves the posterior septum. This pathology yields diagnostic ECG changes in the inferior leads (leads II, III, and aVF).
Circumflex Artery: Obstruction here constitutes approximately 20% of cases, leading to a lateral infarction. The corresponding ischemic changes are captured in leads I, aVL, and the lateral chest leads (V4-V6).
3. Electrocardiographic (ECG) Stratification: STEMI vs. NSTEMI
When a patient presents with acute chest pain, the leading symptom that initiates the diagnostic and therapeutic cascade, an immediate 12-lead ECG must be performed. Based on electrocardiographic findings, patients are rapidly triaged into two distinct pathophysiological groups:
1. ST-Elevation Acute Coronary Syndrome (STEMI): Characterized by acute chest pain accompanied by persistent (>20 minutes) ST-segment elevation. Mechanistically, this reflects an acute, total coronary occlusion. The vast majority of these patients will ultimately develop an ST-elevation myocardial infarction (STEMI), indicating full-thickness (transmural) necrosis of the myocardial wall. The absolute mainstay of management for STEMI is immediate emergency reperfusion therapy, achieved via primary percutaneous coronary intervention (PCI) with stent deployment or urgent fibrinolytic (thrombolytic) therapy.
2. Non-ST-Elevation Acute Coronary Syndrome (NSTEMI / UA): Characterized by acute chest pain without persistent ST-segment elevation. The underlying pathology is typically a partial or transient coronary vessel occlusion, resulting in partial-thickness (sub-endocardial) myocardial ischemia or infarct. The ECG is highly variable; it may demonstrate transient ST-segment elevation, persistent or transient ST-segment depression, T-wave inversion, flat T waves, pseudo-normalization of previous T-wave anomalies, or it may appear completely normal.
4. The Universal Definition of Myocardial Infarction
According to international clinical consensus guidelines, an Acute Myocardial Infarction (AMI) is strictly defined as evidence of cardiomyocyte necrosis in a clinical setting consistent with acute myocardial ischemia. To confirm a formal diagnosis of acute MI, a specific combination of criteria must be met.
The primary requirement is the detection of a rise and/or fall of a validated cardiac biomarker—preferably high-sensitivity cardiac troponin (hs-cTn)—with at least one value exceeding the 99th percentile of the upper reference limit (URL). In addition to biomarker elevation, at least one of the following co-existing clinical criteria must be present:
Clinical symptoms of ischemia (e.g., crushing, radiating chest pain or pressure).
New or presumed new significant ST-T wave changes or a new left bundle branch block (LBBB) on the 12-lead ECG.
The development of new, pathological Q waves on serial ECG tracings.
Imaging evidence demonstrating a new loss of viable myocardium or a new regional wall motion abnormality.
Identification of an intracoronary thrombus via emergency coronary angiography or confirmed upon autopsy.
5. The Temporal Profile and Sensitivity of Diagnostic Cardiac Biomarkers
When myocardial cells lose membrane integrity due to oncotic cell death (necrosis), they release their intracellular enzymatic and structural proteins into the interstitial space, where they enter the lymphatic drainage and blood circulation. Measuring these biomarkers serially allows clinicians to track the onset, peak, and resolution of myocardial injury.
6. Diagnostic Confounders: Navigating 'The Grey Zone'
While high-sensitivity cardiac troponins are absolutely specific to cardiac tissue, an elevated troponin level does NOT automatically equate to an acute atherothrombotic myocardial infarction (Type 1 MI). Troponin elevations simply signify cardiomyocyte injury or death. This distinction creates a challenging clinical 'grey zone' where a patient presents with non-specific symptoms—such as shortness of breath—and a small troponin elevation, but no classic ischemic chest pain. Clinicians must meticulously differentiate AMI from other acute pathologies that induce cardiac stress:
Demand Ischemia / Stress: Severe sepsis, systemic shock, tachycardia, tachyarrhythmias, acute decompensated heart failure, or severe pulmonary complications (e.g., massive pulmonary embolism, acute exacerbation of chronic lung disease).
Direct Vasomotor Ischemia: Coronary vasospasm (Prinzmetal's angina) or extreme sympathomimetic activity induced by illicit drug use (e.g., cocaine or amphetamines).
Direct Myocardial Injury: Acute myocarditis (myocardial inflammation, which shows distinct flat or fluctuating troponin curves over days rather than a sharp rise and fall) or cardiotoxicity secondary to intensive chemotherapy.
Renal Impairment: Chronic kidney disease or acute kidney injury. Decreased renal clearance in aging or failing kidneys causes a predictable baseline accumulation of troponin in the plasma.
7. Histological Evolution and Clinical Complications Following AMI
Because the left ventricle features significantly thicker, high-pressure muscle walls, it is the predominant site of myocardial infarction. Following a coronary occlusion, cells undergo coagulative necrosis—a form of death where cardiomyocytes lose their functional structure and nuclei (fragmenting and disappearing) but temporarily retain their outer cellular outlines, a phenomenon often described as 'tombstone' histology. This necrotic tissue triggers a profound acute inflammatory response, which must proceed through a structured tissue organization process rather than resolution. The dead muscle is systematically replaced by dense fibrous scar tissue.
Abridged Timeline of Histological Alterations and Complications (Underwood’s Pathology):
Within Hours: No major changes visible on light microscopy. However, intracellular enzymes and structural proteins are already leaking across fractured cell membranes into the bloodstream, establishing the basis for clinical biomarker diagnosis.
1 - 3 Days: Marked congestion (blood and fluid accumulation), cell structure breakdown, loss of nuclei, and a massive infiltration of acute inflammatory neutrophils.
Several Days to 1 Week: Prominent infiltration of granulation tissue consisting of chronic inflammatory cells and a rich network of newly forming capillaries to bridge healthy and necrotic borders.
4+ Weeks: Replacement of the necrotic zone by dense, pale fibrous scar tissue. Surviving local cardiomyocytes undergo compensatory cellular hypertrophy to balance the permanent loss of functional contractile tissue.
Major Clinical Complications Ranked by Time of Onset:
Sudden Death (typically within hours due to primary ventricular fibrillation or profound mechanical pump failure).
Lethal Arrhythmias (highly prevalent within the first few days due to disrupted electrical conduction pathways around ischemic tissue).
Angina (immediate or delayed, signaling ongoing or recurrent ischemia).
Acute to Chronic Cardiac Failure (highly variable onset, depending entirely on total infarct size).
Acute Pericarditis (typically peaking between days 2 and 4 as inflammation spreads to the epicardium).
Cardiac Rupture (occurring between days 0 and 5+, a critical window where the necrotic tissue is weakest, structurally amorphous, and completely acellular before adequate collagen scar deposition).
Mural Thrombosis (occurring from 1+ weeks onward as stagnant blood flow over a non-contractile endocardial scar promotes clot formation).
Ventricular Aneurysm (developing at 4+ weeks as the thinned, fibrous scar tissue pathologically dilates under high intraventricular pressures).
8. Chronic Biomarkers: Natriuretic Peptides and C-Reactive Protein
Beyond acute diagnostic tracking, specific biomarkers are used to evaluate chronic cardiovascular stress, systemic inflammation, and long-term risk prediction:
Natriuretic Peptides (ANP, BNP, and NT-proBNP): Atrial Natriuretic Peptide (ANP) is synthesized and released by atrial myocytes in response to atrial distension and increased pressure. Brain Natriuretic Peptide (BNP), despite its historical name, is predominantly synthesized and released by the ventricular myocardium in response to chronic left ventricular wall stretch, volume overload, and mechanical stress. Structurally, the precursor molecule proBNP (aa1-aa108) undergoes enzymatic cleavage into the active hormone BNP (aa77-aa108) and the highly stable, inactive N-terminal breakdown fragment, NT-proBNP (aa1-aa76). Beide are gold-standard biomarkers for diagnosing and monitoring Heart Failure (HF). Functionally, natriuretic peptides induce sodium and water diuresis, act as potent systemic vasodilators, and directly inhibit Angiotensin II-mediated sodium and water retention. In clinical practice, serially decreasing BNP or NT-proBNP levels in well-treated HF patients serve as a strong objective indicator of therapeutic efficacy and improved clinical outcomes.
C-Reactive Protein (CRP): CRP is a classic acute-phase reactant synthesized and released by the liver under the direct stimulation of interleukin-6 (IL-6) secreted by active inflammatory cells. CRP binds to the phosphocholine expressions on the surface of dying or damaged cells, activating the complement cascade and promoting macrophage-mediated phagocytosis. Elevated plasma baseline levels of highly sensitive CRP (hs-CRP) serve as an independent predictive marker for future myocardial infarction and underlying cardiovascular disease (CVD). When combined with baseline troponin levels, CRP provides additive prognostic information regarding long-term cardiac risk and mortality.
9. Chronic Heart Failure and Ventricular Remodeling
Chronic Heart Failure (HF) represents a major global healthcare challenge, with a steadily rising incidence driven paradoxically by improved acute treatments that prolong life after an initial AMI. When a massive portion of the ventricular wall is lost to infarction, or subjected to chronic pressure/volume overload, the heart undergoes structural Ventricular Remodeling. This remodeling alters cardiac geometry, mass, and volume, ultimately dividing heart failure into two primary clinical phenotypes based on the Left Ventricular Ejection Fraction (LVEF):
1. Heart Failure with Reduced Ejection Fraction (HFrEF): Historically termed systolic dysfunction, this phenotype is characterized by severely impaired myocardial contraction and a significantly reduced ejection fraction. It is classically seen following a large transmural AMI or in dilated cardiomyopathy, where the ventricle structurally undergoes pathologically thinned, eccentric dilation (geometric expansion).
2. Heart Failure with Preserved Ejection Fraction (HFpEF): Historically termed diastolic dysfunction, this phenotype presents with a preserved resting ejection fraction and overall normal contractile capacity, but features severely impaired ventricular relaxation and filling during diastole. This is classically driven by chronic pressure overload states, such as long-standing hypertension, which forces the myocardium to undergo concentric ventricular remodeling. This results in stiff, thick walls with marked extracellular matrix (collagen) deposition, manifesting as extensive reactive organ fibrosis that severely reduces exercise tolerance.
Biomarker
Anatomical Specificity
Detection Window (Post-AMI)
Clinical Utility & Limitations
Myoglobin
Low (Present in both Cardiac and Skeletal Muscle)
1 - 2 Hours (Short-lived)
Early-release marker used for high negative predictive value; heavily limited by lack of cardiac specificity as skeletal injury elevates it.
Creatine Kinase (CK / CK-MB)
Moderate to High (CK-MB isoform is relatively heart-specific)
Rises 4-6 hours; Peaks 12-24 hours; Resolves in 2-3 days
Exists as dimers (BB, MM, MB). CK-MB was the historical standard; useful for detecting early re-infarction due to rapid clearance, but largely superseded by troponin.
Cardiac Troponin (cTnT / cTnI)
Absolute (Strictly specific to cardiac myocytes)
Rises 4 - 10 Hours; Peaks 12 - 48 Hours; Elevated for 4 - 10 Days
The modern Gold Standard. Binds within the calcium-regulated troponin complex. Long clearance window facilitates delayed presentation diagnosis. High-sensitivity assays are standard.",
"Arteries, arterioles and the distribution of blood flow","MEDICAL PHYSIOLOGY LEARNING MODULE
Arteries, Arterioles, and the Distribution of Blood Flow
Instructor Perspective Study Guide | Monash School of Medicine | MED1200 Physiology
Course Coordinator: Assoc Prof Julia Choate
Welcome, students. This comprehensive reference article transforms our core lecture notes on cardiovascular mechanics into a detailed study resource. Our objective today is to map out the biophysical and physiological principles that govern how blood pressure is generated, regulated, and dynamically distributed throughout the human systemic circulation. We will cover everything from the structural physics of large elastic conduits down to the microscopic local and extrinsic mechanisms governing resistance at the arteriolar level.
1. Core Learning Outcomes
Explain the biophysical rationale behind why arterial blood pressure is inherently pulsatile, and rigorously define the clinical parameters: systolic blood pressure (SBP), diastolic blood pressure (DBP), pulse pressure (PP), and mean arterial pressure (MAP).
Analyze and evaluate the critical importance of the anatomical architecture of large arteries, specifically focusing on their high-compliance elastic properties and low-resistance conductivity.
Discuss and contrast how arteriolar diameter and subsequent regional tissue blood flow are autoregulated via local intrinsic factors, including metabolic and myogenic negative feedback control pathways.
Elucidate the mechanisms by which extrinsic systems—specifically sympathetic noradrenergic nerves acting via alpha-1 receptors and circulating hormonal adrenaline acting via smooth muscle alpha and beta-2 adrenergic receptors—alter vascular tone and coordinate global blood distribution.
2. Hemodynamics of Large Arteries: Conduits and Reservoirs
Large systemic arteries are anatomically classified as large-diameter elastic tubes. Their thick walls feature prominent endothelium and a high density of specialized connective tissue arranged in multiple distinct elastic layers interspaced with smooth muscle cells. This structural configuration grants them two fundamental biophysical duties:
Pressure Reservoirs: Because their walls are highly compliant and rich in elastin fibers, arteries expand significantly when blood is forcefully ejected from the left ventricle. During ventricular diastole, when the heart is relaxing and the aortic valve snaps shut, the elastic tension stored in the arterial walls recoils. This passive recoil acts as an auxiliary pump, maintaining a constant driving pressure that forces blood forward through downstream peripheral tissues even when the heart is not actively contracting.
Low Resistance Conduits: According to Poiseuille’s law, resistance to fluid flow is inversely proportional to the fourth power of the vessel radius. Because large arteries possess remarkably large internal diameters, they present a minimal resistance pathway. This allows them to rapid-conduct high-volume blood flow from the central pump directly to major organs with virtually no loss in driving pressure.
3. The Pulsatile Nature of Arterial Blood Pressure
The output of blood from the left ventricle is fundamentally intermittent. The heart cyclically toggles between active contraction/emptying (systole) and relaxation/filling (diastole), separated by the mechanical closure of the aortic valve. In contrast, perfusion through peripheral capillary beds and organs must remain continuous to safeguard tissue survival. This transformation from intermittent cardiac ejection to continuous capillary flow is mediated entirely by the physical properties of the arterial pressure reservoir described above.
Key Clinical Parameters and Formulas
To evaluate this pulsatile trace, clinicians analyze several vital parameters:
Systolic Blood Pressure (SBP): The maximal pressure attained in the large central arteries during ventricular systole, when blood is actively ejected into the aorta. Typically normal at around 120 mmHg at rest.
Diastolic Blood Pressure (DBP): The minimal pressure remaining in the arterial tree during ventricular diastole, immediately prior to the next ventricular contraction. Typically normal at around 80 mmHg at rest.
Pulse Pressure (PP): The mathematical difference between the peak systolic pressure and minimum diastolic pressure. It reflects the force generated by each cardiac cycle contraction. Formula:
PP = SBP - DBP
Mean Arterial Pressure (MAP): The true average driving pressure forcing blood through systemic tissues across the entire cardiac cycle. Because the heart spends significantly more time in diastole than in systole at normal resting heart rates, MAP is not a simple arithmetic mean. Instead, it is weighted towards DBP according to the following formula:
MAP = DBP + 1/3(PP) = DBP + 1/3(SBP - DBP)
4. Sphygmomanometry and Clinical Assessment via Auscultation
Systemic arterial pressure is measured clinically via auscultation, utilizing an inflatable blood pressure cuff, a stethoscope positioned over the brachial artery, and a calibrated pressure-recording device. This diagnostic method relies on manipulating laminar versus turbulent fluid physics:
Complete Occlusion (Cuff > SBP): When the cuff is inflated above a patient's systolic pressure, the external pressure completely occludes the brachial artery lumen. Because no blood moves through the blocked segment, no sound can be heard through the stethoscope.
Turbulent Flow and Korotkoff Sounds (DBP < Cuff < SBP): As air is slowly released from the cuff, the external pressure drops just below peak systolic pressure. High-pressure blood can now force its way through the partially compressed artery, creating high-velocity turbulent flow. This turbulence is highly noisy and manifests as soft, tapping, intermittent sounds known as Korotkoff sounds. The precise pressure mark where the first tapping sound is detected represents the Systolic Blood Pressure.
Laminar Flow Restoration (Cuff < DBP): As deflation continues, the sounds become louder and rhythmic. Eventually, the cuff pressure falls below the minimum diastolic pressure. At this threshold, the external cuff no longer compresses the vessel during any part of the cardiac cycle; the artery remains permanently wide open. Blood flow transitions from noisy turbulent movement back to silent, efficient laminar flow. The exact pressure reading where the muffled sounds disappear entirely represents the Diastolic Blood Pressure.
5. Chronic Blood Pressure Pathologies vs. Acute Variations
At rest, clinical blood pressure metrics establish clear diagnostic baselines for systemic health:
Hypertension (High Blood Pressure): A pathological state characterized by resting blood pressures consistently measured above 140/90 mmHg.
Hypotension (Low Blood Pressure): A state characterized by resting blood pressures consistently measured below 100/60 mmHg.
The White Coat Effect & 24-Hour Holter Ambulatory Monitoring
Consider a crucial clinical scenario: A patient checks their blood pressure 5 minutes before delivering a high-stakes lecture, noting an elevated reading of 145/95 mmHg. Does this single reading warrant a diagnosis of chronic hypertension? Absolute not. Acute psychological anxiety or physical stress triggers transient sympathetic spikes that elevate SBP and DBP above baseline—a phenomenon related to 'white coat hypertension' seen in clinical environments.

To establish a reliable diagnosis, clinicians utilize a 24-hour ambulatory Holter blood pressure monitor to map the patient's actual pressure profile over time during routine awake and asleep periods. Let's analyze the clinical diagnostic data comparing two distinct ambulatory patient profiles:
6. Arterioles: The Gatekeepers and Resistance Controllers of Regional Flow
While large arteries provide a low-resistance pathway to distribute blood globally, arterioles serve as the primary site of total peripheral resistance (TPR). Arteriolar walls possess a rich, continuous circular ring of vascular smooth muscle cells. By adjusting their contractility, arterioles change their internal radius, acting as variable-resistance outflow valves that tightly control the proportional distribution of the total cardiac output to various organs.
The Hemodynamic Shift: Rest vs. Heavy Exercise
Under changing physiological demands, total cardiac output is dramatically upscaled and rearranged. At rest, the heart pumps roughly 5.1 Liters of blood per minute (L/min). During strenuous, heavy full-body exercise, overall cardiac output increases approximately five-fold to a massive 25 L/min. Arterioles accomplish a profound redistribution of this blood volume to optimize performance:
7. Mechanisms of Arteriolar Control: Local (Intrinsic) Pathways
Local intrinsic mechanisms allow individual tissues to autonomously auto-regulate their own regional perfusion independently of general systemic neural and hormonal commands. There are two primary local systems:
1. Metabolic Autoregulation (Chemical Feedback Control)
Whenever a tissue accelerates its metabolic workload (e.g., skeletal muscle during physical training or the myocardium during tachycardia), it consumes nutrients and rapidly generates cellular metabolic byproducts. The accumulation of these local chemical factors acts as a direct stimulus to relax vascular smooth muscle cells, increasing local vessel radius (vasodilation) and multiplying blood supply to match the metabolic demand. Key chemical triggers include:
Decreased Local Oxygen Tension (↓ O2): Reflects high tissue oxygen extraction and consumption.
Elevated Carbon Dioxide (↑ CO2): A direct byproduct of cellular respiration and Krebs cycle activation.
Increased Hydrogen Ions / Decreased pH (↑ H+): Driven by lactic acid production and carbonic anhydrase activity.
Elevated Potassium Ions (↑ K+): Released into the extracellular space during repeated action potential propagation in active muscle.
Adenosine Accumulation: A critical local vasodilator byproduct generated from the intracellular breakdown of ATP.
2. Myogenic Autoregulation (Stretch Response)
The myogenic mechanism is a protective mechanism that allows organs to keep regional blood flow constant despite fluctuations in central upstream driving blood pressure. Vascular smooth muscle cells in arteriolar walls act as physical stretch sensors:

When systemic arterial blood pressure acutely surges, it increases downstream pressure and stretches the arteriolar wall. In response to this stretch, mechanically gated ion channels open, causing an automated, reflexive contraction of the vascular smooth muscle cells (vasoconstriction). This localized constriction increases vascular resistance, normalizing regional blood flow down to normal levels and shielding fragile capillaries from barotrauma. This mechanism is particularly well-developed in the brain (cerebral circulation), ensuring steady intracranial blood flow.
8. Mechanisms of Arteriolar Control: Coordinated (Extrinsic) Regulation
While intrinsic autoregulation caters exclusively to local organ needs, the body requires an overarching centralized control network to manage global total peripheral resistance and protect systemic Mean Arterial Pressure. This is achieved via global extrinsic neural and hormonal inputs:
1. Central Neural Control (Sympathetic Noradrenergic Tone)
The vast majority of systemic arterioles are heavily innervated by postganglionic sympathetic nerve fibers (notably, there is no functional parasympathetic innervation to the vasculature, with a few specialized exceptions like erectile genital tissues).
Neurotransmitter Action: Sympathetic nerve terminals continuously release the neurotransmitter noradrenaline, which binds selectively to alpha-1 adrenergic receptors located on the vascular smooth muscle cell membrane. This binding triggers intracellular calcium release, causing smooth muscle contraction and marked vasoconstriction.
Sympathetic Vascular Tone: Under normal rest conditions, there is a constant baseline frequency of 'resting' sympathetic action potentials. This ensures that arterioles always exist in a state of partial vascular contraction (resting tone). This baseline can be dynamically modulated:
• An increase in global sympathetic firing frequency causes rapid vasoconstriction and decreased flow.
• A decrease in sympathetic firing frequency below baseline allows passive relaxation of the smooth muscle, causing vasodilation and increased flow.
2. Hormonal Control (Adrenaline and Specialized Vasoactive Factors)
During high-stress situations, exercise, or fight-or-flight activations, the sympathetic nervous system triggers the wholesale secretion of the hormone adrenaline from the adrenal medulla into the bloodstream. Circulating adrenaline exerts complex, dual-mode vascular actions based on local receptor density:
Alpha Receptor Activation (Generalized Vasoconstriction): In the majority of peripheral organs (such as the digestive tract, kidneys, and skin tissues), adrenaline binds primarily to alpha-1 adrenoceptors, reinforcing noradrenergic vasoconstriction and reducing non-essential regional perfusion.
Beta-2 Receptor Activation (Targeted Vasodilation): Crucially, arterioles supplying skeletal muscles, the liver, and the heart express a high density of specialized beta-2 adrenergic receptors. When circulating adrenaline binds to these beta-2 receptors, it activates an inhibitory intracellular cascade that causes smooth muscle relaxation and profound vasodilation. This pathway ensures that active metabolic tissues receive enhanced blood supply during stress.
In addition to adrenaline, other systemic hormones play vital roles in regulating vessel radius:
Potent Systemic Vasoconstrictors: Angiotensin II and Vasopressin (also termed Antidiuretic Hormone/ADH) cause vasoconstriction to defend blood pressure during low-volume or hypotensive crises.
Potent Systemic Vasodilator: Atrial Natriuretic Peptide (ANP), released by atrial cardiomyocytes in response to high volume stretch, acts to actively dilate arterioles and reduce peripheral vascular resistance.
Hemodynamic Summary Matrix: Vasoactive Factors Affecting Arteriolar Radius
Ambulatory Metric
Normal Threshold Reference
Patient A Profile
Patient B Profile
Diagnostic Conclusion
Mean Awake BP
Daytime < 140/90 mmHg
122 +/- 10 / 56 +/- 5 mmHg
163 +/- 12 / 114 +/- 12 mmHg
Patient B is highly hypertensive
Mean Asleep BP
Nighttime < 120/80 mmHg
100 +/- 9 / 44 +/- 5 mmHg
139 +/- 19 / 87 +/- 9 mmHg
Patient B lacks appropriate nocturnal dipping
Systolic Pressure Load
Normal < 15-20%
3% Load (Normal)
90% Load (Severely Elevated)
Patient B is under high chronic vascular strain
Diastolic Pressure Load
Normal < 15-20%
0% Load (Normal)
92% Load (Severely Elevated)
Patient A is perfectly normotensive
Target Organ / System
Resting Share (%)
Resting Absolute Flow
Heavy Exercise Share (%)
Exercise Absolute Flow
Skeletal Muscle
15% - 20%
~0.75 L/min
80% - 85%
~20.0 L/min (Massive 26x increase)
Gastrointestinal Tract
20% - 25%
~1.2 L/min
3% - 5%
~0.75 L/min (Proportional shut-down)
Kidneys (Renal System)
20%
~1.0 L/min
2% - 4%
~0.5 L/min (Significant vasoconstriction)
Brain (Cerebral System)
15%
~0.75 L/min
3% - 4%
~0.75 - 1.0 L/min (Absolute flow remains stable)
Heart (Coronary System)
4% - 5%
~0.25 L/min
4% - 5%
~1.0 - 1.25 L/min (Scales linearly with workload)
Control Category
Pro-Vasoconstriction Factors (Narrowing / ↑ Resistance)
Pro-Vasodilation Factors (Widening / ↓ Resistance)
Neuronal Control
↑ Sympathetic nerve activity (Noradrenaline via alpha receptors)
↓ Sympathetic nerve activity below baseline baseline tone
Hormonal Control
Circulating Adrenaline (via alpha-1 receptors), Angiotensin II, Vasopressin (ADH)
Circulating Adrenaline (via skeletal muscle beta-2 receptors), Atrial Natriuretic Peptide (ANP)
Local Autoregulation
Myogenic response to elevated internal blood pressure stretch
Metabolic factors: Local Accumulation of Adenosine, ↓ Local O2, ↑ Local CO2, ↑ Local H+, ↑ Local K+",
"Microcirculation, veins and venous return","Comprehensive Reference Guide:
Microcirculation, Capillary Fluid Dynamics, and Venous Return Mechanisms
This comprehensive guide serves as an instructor-led medical educational text detailing the microcirculation, the physiology of capillary exchange, the hemodynamics of veins, the specific forces underlying venous return, and their profound regulatory impact on cardiac stroke volume. It integrates all core material, mechanical illustrations, fluid equations, and clinical correlation questions presented within Monash University's MED1200 Cardiovascular Physiology modules.
1. Overview of the Cardiovascular System Circuit & Function
The systemic circuit represents a highly organized structure composed of sequential and specialized vascular sections designed to preserve perfusion pressure, facilitate delivery, and manage volume reservoirs:
Atria: Serve as low-pressure chambers receiving blood returning to the heart from the venous system. The Right Atrium (RA) collects deoxygenated systemic venous return via the superior and inferior venae cavae, while the Left Atrium (LA) collects fully oxygenated blood returning via the pulmonary veins.
Ventricles: Chambers whose powerful muscular contraction generates the dynamic hydrostatic pressure required to propel blood through the high-resistance vascular beds. The Right Ventricle (RV) pumps deoxygenated blood through the low-pressure pulmonary circuit to the lungs, whereas the Left Ventricle (LV) ejects oxygenated blood under high systemic pressure into the aorta to supply the entire body.
Arteries: Primary pressure reservoirs that conduct blood from the heart to specific organ systems. Their highly elastic walls allow them to distend during ventricular systole and recoil during diastole, ensuring a continuous, non-pulsatile downstream flow with minimal pressure loss across major conduits.
Arterioles: The smallest branches of the arterial tree. Known as the primary resistance vessels, they contain thick smooth muscle layers under tight neural, hormonal, and local metabolic control. Arterioles directly control the distribution of blood flow to specific tissues and establish the total peripheral resistance (TPR).
Capillaries: The structural and functional site of thin-walled microcirculation. They serve as the exclusive interface where the exchange of nutrients, oxygen, metabolic waste products, and gases takes place between the blood and the tissue parenchymal cells.
Venules & Veins: Venules collect blood exiting the thin capillary networks and merge into larger veins. Veins function as low-resistance volume reservoirs that hold approximately 60-70% of the total circulating blood volume at any given time, safely returning it back to the right atrium.
2. Microcirculation Architecture & Capillary Exchange Dynamics
The microcirculation encompasses the structural transition from the terminal arteriole to the postcapillary venule. Blood flow through the capillary bed is highly regulated depending on the metabolic demands of the surrounding parenchymal tissue:
In a state of physiological rest, many true capillaries are closed off by precapillary sphincters—rings of smooth muscle surrounding the root of each true capillary. Under these conditions, blood is shunted directly from the terminal arteriole to the postcapillary venule through a low-resistance central pathway consisting of a metarteriole and a continuous thoroughfare channel. When a tissue becomes metabolically active, local accumulations of waste metabolites (such as increased CO2, H+, adenosine, and decreased O2) induce precapillary sphincter relaxation. This action opens the true capillaries, drastically increasing the functional surface area available for nutrient exchange.
Capillary Refill Time (CRT) as a Clinical Assessment Tool
Capillary refill time provides an immediate clinical bedside indicator of peripheral tissue perfusion and cardiovascular status. To test CRT, firm pressure is applied to a nail bed or distal digit until blanching occurs, forcing blood out of the local capillary bed. Upon releasing the pressure, the time taken for the pink color to return is carefully measured. A normal CRT is less than 2 seconds, indicating healthy blood pressure and adequate local peripheral blood flow. An elongated CRT (> 2 seconds) alerts clinicians to compromised peripheral perfusion, potentially caused by hypovolemia, systemic shock, severe dehydration, or excessive peripheral vasoconstriction.
Dampening of the Pulse Pressure Waveform
As blood travels from the highly elastic aorta through large and small arteries, the arterial pulse pressure remains prominent. However, when blood hits the high-resistance arteriolar bottleneck, a substantial drop in hydrostatic pressure occurs. This severe resistance dampens the arterial pulse pressure waves, transforming pulsatile flow into a smooth, steady, and constant hydrostatic capillary pressure. This prevents fragile, single-endothelial-cell capillary walls from rupturing and optimizes the time available for fluid and solute diffusion.
3. Solute Transport Pathways across the Capillary Endothelium
The movement of essential nutrients and waste products across the single-layered capillary endothelial wall occurs via four distinct physical transport pathways:
Direct Lipid Diffusion: Highly lipid-soluble substances easily dissolve in and cross the phospholipid bilayer of the endothelial cell membranes. This rapid, gradient-driven pathway is utilized primarily by dissolved blood gases (Oxygen, O2, moving from the blood into tissue cells, and Carbon Dioxide, CO2, diffusing out of the tissue into the venular bloodstream).
Diffusion Through Endothelial Pores (Intercellular Clefts): Small, lipid-insoluble (water-soluble) substances cannot dissolve across the endothelial cell membranes. Instead, they pass freely through fluid-filled intercellular clefts or pores between adjacent endothelial cells. This pathway is heavily utilized by vital small water-soluble solutes such as glucose, free amino acids, and essential hydrophilic ions (Na+, Cl-, K+).
Bulk Flow: The passive, non-specific movement of protein-free plasma fluid driven exclusively by hydrostatic and osmotic pressure gradients across capillary walls. Bulk flow governs the dynamic distribution of extracellular fluid volumes between the intravascular plasma and the interstitial space.
Vesicular Transport (Transcocytosis): Large, hydrophilic macromolecules that can neither cross lipid bilayers nor fit through intercellular clefts are packaged into endocytic vesicles at the luminal membrane, moved across the cytoplasm, and released by exocytosis at the abluminal side. This pathways is used by specific large protein molecules, immunoglobulins, and peptide hormones.
4. Starling Forces & Capillary Fluid Balancing Equations
Capillary fluid exchange is governed by the balance of Starling forces, which dictate whether fluid is filtered out of the plasma into the interstitium or absorbed back into the intravascular space. The extracellular fluid compartments consist of the intravascular plasma (approximately 3 Liters) and the surrounding interstitial fluid (approximately 11 Liters). Fluid shifts between these two compartments are determined by two primary competing pressures:
Capillary Hydrostatic Pressure (Pc): The physical blood pressure within the capillary lumen. It acts as an outward force, directly pushing protein-free fluid out through endothelial clefts into the interstitial space (driving filtration).
Plasma Colloid Osmotic Pressure (Пp): Also known as oncotic pressure, this force is generated by trapped, large non-permeating plasma proteins (predominantly albumin) inside the capillary lumen. It acts as an inward-pulling force, drawing fluid from the interstitium back into the capillary lumen (opposing filtration/driving absorption).
Note: The corresponding interstitial hydrostatic pressure (Pi) and interstitial colloid osmotic pressure (Пi) are typically negligible (~0 mmHg) in healthy tissues because healthy tissue contains very low protein levels and free fluid flows easily into lymphatics.
Net Filtration Pressure (NFP) Along the Capillary Axis
The Net Filtration Pressure equation is expressed as: NFP = Pc - Пp
Because capillary blood pressure drops along the length of the capillary bed due to internal frictional resistance, the NFP changes dramatically from the arteriolar end to the venular end:
At the Arteriolar End: The capillary hydrostatic pressure (Pc) is high, measuring approximately 35 mmHg. The plasma oncotic pressure (Пp) is roughly 25 mmHg. This results in a positive Net Filtration Pressure: NFP = 35 - 25 = +10 mmHg. Because the NFP is positive, a net outward movement occurs, and protein-free plasma fluid exits the capillary into the interstitial space (Net Filtration).
At the Mid-Capillary Point: Frictional losses lower the capillary hydrostatic pressure (Pc) until it reaches exactly 25 mmHg, which perfectly balances the unchanging plasma oncotic pressure (Пp = 25 mmHg). Here, NFP = 25 - 25 = 0 mmHg. There is no net movement of fluid.
At the Venular End: The capillary hydrostatic pressure (Pc) drops further to approximately 18 mmHg, while the plasma oncotic pressure remains constant at 25 mmHg. This yields a negative Net Filtration Pressure: NFP = 18 - 25 = -7 mmHg. Because the NFP is negative, an inward fluid movement occurs, pulling fluid from the tissue back into the capillary lumen (Net Reabsorption).
The Role of the Lymphatic System
When integrating filtration and reabsorption across all systemic capillary beds, the fluid filtered at the arteriolar end slightly exceeds the fluid reabsorbed at the venular end. This results in a net filtration remainder of approximately 4 Liters of protein-free fluid per day into the interstitial space. To prevent fluid accumulation, the lymphatic system acts as a specialized drainage network. Blind-ended lymphatic capillaries absorb this excess interstitial fluid (now termed lymph) and return it back to the venous circulation via the thoracic duct and right lymphatic duct, preserving stable plasma volumes.
5. Pathophysiology of Extracellular Oedema (Edema)
Oedema is defined as the abnormal, excess accumulation of fluid within the interstitial tissue spaces. It arises when there is a serious imbalance in Starling forces or a structural failure in the lymphatic clearance pathway. Based on the Starling equation, there are four major pathophysiological causes of extracellular oedema:
Elevated Capillary Hydrostatic Pressure (Increased Pc): An abnormally high blood pressure inside the capillaries increases the outward filtration force along the entire length of the vessel, overwhelming venular reabsorption. This is commonly caused by structural venous obstruction (e.g., deep vein thrombosis), localized venous valve failure, or systemic fluid retention seen in chronic right- or left-sided heart failure.
Decreased Plasma Colloid Osmotic Pressure (Decreased Пp): A significant reduction in circulating plasma proteins minimizes the inward-pulling oncotic force, severely limiting fluid reabsorption at the venular end. This occurs due to severe protein malnutrition (Kwashiorkor), liver failure (inability to synthesize albumin), or renal wasting diseases like nephrotic syndrome (where large volumes of albumin are wrongfully filtered and lost in urine).
Increased Capillary Permeability: During acute inflammation, tissue trauma, or systemic allergic hypersensitivity response, locally released chemical mediators (such as histamine, bradykinin, and cytokines) cause endothelial cells to retract. This massively widens the intercellular clefts, allowing plasma proteins to leak out into the interstitium. This raises the interstitial oncotic pressure (Пi) while lowering internal plasma oncotic pressure (Пp), trapping fluid in the tissues.
Lymphatic Obstruction (Lymphedema): If the lymphatic drainage vessels become physically blocked or surgically removed, the normal daily ~4L filtered fluid remainder cannot be cleared. This causes fluid and leaked proteins to pool in the local interstitium. Common causes include surgical lymph node removal for cancer staging or parasitic infections that destroy lymphatic tissue (e.g., lymphatic filariasis/elephantiasis).
6. Hemodynamics and Unique Properties of Veins
Veins possess unique anatomical and mechanical features that optimize their role as low-resistance conduits and adjustable volume reservoirs:
Low Internal Pressure: By the time blood flows through the high-resistance arterioles and capillaries, the primary driving energy is largely dissipated. Hydrostatic pressure within the systemic veins drops to between 10 mmHg down to near 0 mmHg as it reaches the venae cavae.
Large Luminal Diameter & Low Internal Resistance: To ensure efficient return of blood despite extremely low pressure gradients, veins possess large luminal diameters. According to Poiseuille’s Law, internal resistance is inversely proportional to the fourth power of the radius (R x 1/r^4). Thus, a large radius keeps venous resistance extremely low, permitting smooth volume return.
Thin, Highly Compliant Structural Walls: Unlike thick, muscular arterial walls, venous walls are thin and contain minimal smooth muscle layers. This gives veins exceptionally high compliance—meaning they can accommodate massive changes in blood volume with virtually no change in transmural venous pressure. They can easily collapse or expand, acting as volume reservoirs.
One-Way Venous Valves: Because blood pressure in veins is low, flow must overcome gravitational pull in the limbs. Veins contain regular inward duplications of the tunica intima forming one-way pocket valves. These valves allow blood to flow forward toward the heart but snap shut immediately if blood attempts to pool backward, preventing pooling in distal lower extremities.
7. Physiology of Venous Return & Stroke Volume Regulation
Venous return is defined as the absolute volume of blood flowing back to the right atrium per minute (expressed in L/min). In a steady-state cardiovascular system, venous return must exactly equal cardiac output over time. Venous return directly alters the ventricular End-Diastolic Volume (EDV), which represents the total filling volume of the ventricles at the end of diastole.
The Frank-Starling Law of the Heart
The critical link between venous return and stroke volume is described by the Frank-Starling Law of the Heart. This intrinsic property states that the heart automatically adjusts its output to match the volume of incoming blood. Mechanically, when venous return increases, it causes greater ventricular filling during diastole, which increases the End-Diastolic Volume (EDV). This extra fluid physically stretches the myocardial cells, positioning the internal actin and myosin filaments at an anatomically optimal length-tension relationship. Consequently, the force of myocardial contraction increases, resulting in a proportional increase in Stroke Volume (SV = EDV - ESV). This ensures the heart handles incoming loads efficiently.
The Three Primary Regulatory Mechanisms Driving Venous Return
Because venous pressure is low, the body relies on three key mechanisms to drive venous return toward the heart:
The Sustained Pressure Gradient (Delta P): The fundamental driving force for blood flow is the pressure gradient between the systemic veins (mean pressure ~10 mmHg) and the right atrium (pressure ~0 mmHg). This subtle gradient is enhanced by sympathetic venoconstriction. When sympathetic nerves stimulate alpha-1 adrenergic receptors on venous smooth muscle, the veins stiffen (compliance decreases). This reduction in compliance raises local venous pressure, increasing the pressure gradient and accelerating venous return.
The Skeletal Muscle Pump: This mechanism is critical in limbs during movement. When skeletal muscles contract, they physically compress deep veins running between them. This compression raises internal venous pressure, forcing blood through proximal one-way valves toward the heart. When the muscle relaxes, the distal valves open to allow the vein to refill, while the proximal valves close to prevent backward flow.
The Respiratory Pump: Driven by pressure changes during breathing. During inspiration (breathing in), the diaphragm contracts and moves downward, expanding the thoracic cavity and causing intrathoracic pressure to drop below atmospheric pressure (becoming negative). Simultaneously, the downward movement of the diaphragm compresses the abdominal cavity, increasing intra-abdominal pressure. This creates a pressure gradient from the high-pressure abdominal veins to the low-pressure thoracic veins, vacuuming blood upward into the thoracic vena cava and right atrium.
8. Clinical Case Analysis: Paraplegia & Exercise Hemodynamics
To solidify these concepts, we analyze a specialized clinical physiology question involving complex cardiovascular integration:
Case Prompt: Question: A person with paraplegia undertakes upper-body arm-crank exercises. Due to a spinal cord injury, they have zero movement of their lower-limb leg muscles. However, they retain completely intact, normal autonomic nervous system control of the heart and all systemic blood vessels. Explain in detail TWO distinct mechanisms that will underlie the increase in their force of ventricular muscle contraction (and thus stroke volume) during this exercise.
Mechanism 1: Enhanced Myocardial Contractility via Sympathetic Nervous Activation (Extrinsic Regulation)
During upper-body exercise, the central nervous system triggers a massive increase in systemic sympathetic nerve activity, combined with a withdrawal of parasympathetic (vagal) tone. Because this patient has fully intact autonomic control of the heart and vasculature, sympathetic postganglionic fibers directly release noradrenaline (norepinephrine) onto cardiac myocytes. Noradrenaline binds to beta-1 adrenergic receptors on the ventricular myocardium, activating a cyclic AMP (cAMP) second-messenger pathway that opens intracellular L-type calcium channels and triggers calcium release from the sarcoplasmic reticulum.
This surge in free cytosolic calcium increases cross-bridge cycling between actin and myosin filaments, enhancing contractility (inotropy) independent of end-diastolic muscle length. Additionally, sympathetic activation causes the adrenal medulla to secrete adrenaline into the bloodstream, reinforcing this effect. This increased contractility allows the heart to squeeze more volume out of the ventricles, raising stroke volume by lowering the End-Systolic Volume (ESV).
Mechanism 2: The Frank-Starling Mechanism via Multi-Pump Venous Return Elevation (Intrinsic Regulation)
Despite lacking a lower-limb skeletal muscle pump, the patient can still increase venous return via alternative mechanisms, engaging the Frank-Starling Law of the Heart to enhance stroke volume:
The Upper-Body Skeletal Muscle Pump: Rhythmic contraction of the arm and shoulder muscles compresses local upper-body veins, forcing blood toward the heart via superior one-way valves.
The Respiratory Pump: The increased oxygen demand of exercising arm muscles drives an increase in breathing rate and depth (hyperpnea). This deeper inspiration creates larger negative thoracic pressures and higher abdominal pressures, vacuuming blood from the abdomen into the thoracic cavity.
Sympathetic Venoconstriction: Sympathetic nerves stimulate alpha-1 receptors on smooth muscle walls across the entire venous system, including the paralyzed lower limbs. This venoconstriction stiffens the large volume reservoirs, raising venous pressure and pushing pooled blood up toward the heart.
Together, these three adjustments increase the volume of blood returning to the heart, raising ventricular End-Diastolic Volume (EDV). This extra volume stretches the ventricular muscle fibers to an optimal length, increasing contractility and stroke volume via the intrinsic Frank-Starling mechanism.",
Regulation of MAP and the cardiac cycle ,"Comprehensive Reference Guide: Regulation of Mean Arterial Pressure (MAP) and the Cardiac Cycle
A Medical Instructor's Comprehensive Analysis and Lecture Review
1. Foundations of Hemodynamics & Mean Arterial Pressure (MAP)
Mean Arterial Pressure (MAP) represents the average pressure driving blood through the systemic vasculature during the cardiac cycle. It is tightly regulated to ensure adequate perfusion to essential tissues and vital organs. The relationship governing MAP can be mathematically expressed by the core hemodynamic equation:
MAP = CO × TPR
Determinants of MAP:
Cardiac Output (CO): The total volume of blood pumped by the left ventricle per unit time. It is the product of Heart Rate (HR, beats per minute) and Stroke Volume (SV, volume of blood ejected per contraction): CO = HR × SV.
Total Peripheral Resistance (TPR): The total resistance to blood flow within the entire systemic vasculature. This variable is primarily adjusted at the level of the arterioles (referred to as variable resistance vessels) by modifying their internal diameter through vasoconstriction or vasodilation.
2. Short-Term Neuronal Regulation: The Arterial Baroreflex
The arterial baroreflex is the primary mechanism for rapid, short-term neuronal blood pressure control, achieving corrective adjustments within 5 to 10 seconds of a pressure disturbance.
Anatomy and Mechanism of the Reflex Arc:
Baroreceptors: Highly sensitive mechanoreceptors located in the carotid sinuses (at the bifurcation of the common carotid arteries) and the aortic arch. These receptors monitor the physical stretch of the arterial walls, reflecting fluctuations in blood pressure.
Afferent Signaling: An increase in MAP increases arterial wall stretch, leading to an elevated pressure-sensitive firing rate of action potentials by the baroreceptors. Conversely, a fall in MAP diminishes wall stretch, lowering the action potential firing frequency.
Central Integration: Afferent sensory neurons project directly to the medullary cardiovascular center located in the brainstem. The medulla integrates this incoming sensory input and immediately coordinates a compensatory autonomic response.
Efferent Autonomic Output: The medullary center controls the heart and vasculature via two antagonistic efferent pathways: the parasympathetic nervous system (acting via the vagus nerve to slow heart rate at the sino-atrial node) and the sympathetic nervous system (acting on the sino-atrial node, myocardium, smooth muscle of veins, and smooth muscle of arterioles).
3. Clinical Application: Postural Changes, Orthostatic Hypotension, and Fainting
When an individual stands up rapidly, gravity shifts blood downward, causing blood pooling in the lower extremities and a sudden decrease in venous return to the heart.
The Pathophysiological Cascade:
Hemodynamic Impact: A decrease in venous return directly lowers End-Diastolic Volume (EDV). According to the Frank-Starling law of the heart, a reduced EDV decreases Stroke Volume (SV), thereby reducing Cardiac Output (CO) and causing a transient drop in MAP.
Orthostatic Hypotension: Defined clinically as a sudden fall in blood pressure upon standing, characterized by a systolic blood pressure drop of ≥20 mmHg or a diastolic blood pressure drop of ≥10 mmHg.
Vasovagal Syncope (Fainting): If compensatory neurogenic mechanisms fail or lag behind, cerebral hypoperfusion occurs, leading to vasovagal syncope (fainting). Fainting forces the body into a horizontal position, which eliminates gravitational resistance and rapidly restores venous return and MAP back to normal.
4. Autonomic Compensatory Mechanisms for Low Blood Pressure
In response to a sudden drop in MAP, the baroreceptor firing rate falls, causing the medullary cardiovascular center to implement a unified compensatory strategy: it decreases parasympathetic tone and increases sympathetic activation.
Targeted Compensatory Actions:
Sino-Atrial Node (Heart Rate): Sympathetic stimulation increases heart rate by acting on the sino-atrial (SA) node, while simultaneously reducing parasympathetic inhibitory input (vagal withdrawal).
Ventricles (Myocardial Contractility): Sympathetic activation increases the force of contraction and stroke volume by elevating intracellular/cytoplasmic calcium levels within the cardiomyocytes.
Veins (Venous Return): Sympathetic stimulation induces venoconstriction, increasing venous pressure, driving more blood back to the heart, and thus elevating EDV and SV.
Arterioles (Vasoconstriction): Sympathetic nerves stimulate alpha-1 (α₁) adrenergic receptors on arteriolar smooth muscle, inducing widespread vasoconstriction, which increases TPR to support systemic blood pressure.
5. Long-Term and Hormonal Control of Blood Pressure
While neuronal reflexes are optimized for immediate corrections, hormonal mechanisms provide intermediate to long-term systemic control by altering cardiac output, total peripheral resistance, and total blood volume. Because these hormones travel through the bloodstream to hit target receptors, their effects take significantly longer to manifest than rapid neurogenic adjustments.
Key Hormonal Systems Include:
- Angiotensin II: A powerful systemic vasoconstrictor that increases TPR and stimulates blood volume expansion.
- Anti-Diuretic Hormone (ADH / Vasopressin): Secreted by the posterior pituitary, it acts as a direct vasoconstrictor (hence its alternative name, vasopressin) and promotes fluid retention in the kidneys to increase blood volume.
- Adrenal Medulla Catecholamines (Adrenaline and Noradrenaline): Under psychological or physical stress, the sympathetic nervous system triggers the adrenal medulla to release adrenaline and noradrenaline into circulation. These hormones enhance CO (by increasing HR and contractility) and raise TPR via α-receptor-mediated vasoconstriction.
6. Mechanics of the Cardiac Cycle
The cardiac cycle encompasses all mechanical and electrical events occurring from the beginning of one heartbeat to the initiation of the next. The cycle alternates systematically between contraction and blood ejection (Ventricular Systole) and relaxation and blood filling (Ventricular Diastole).
Role of Cardiac Valves and Conducting System:
Passive Valve Mechanics: Valve movements are entirely passive, driven solely by fluid pressure gradients across the chambers. The Atrioventricular (AV) valves (Mitral/Bicuspid on the left, Tricuspid on the right) allow unidirectional flow from the atria to the ventricles and prevent backflow during systole. The Semilunar valves (Aortic and Pulmonary) allow blood to flow from the ventricles into the major arteries and prevent backflow during diastole.
Cardiac Conducting System: Coordinates the precise, rhythmic spread of electrical excitation across the myocardium to achieve a highly synchronized and effective contraction.
7. Five Core Phases of the Cardiac Cycle
The clinical sequence of the cardiac cycle is fully integrated into the Wiggers Diagram, mapping electrical events (ECG), pressure dynamics, and volumetric changes across five distinct phases:
Phase 1a: Passive Filling of Ventricles
The atria and ventricles are relaxed (diastole). Blood flows down its pressure gradient from the systemic and pulmonary veins, through the open AV valves, and directly into the ventricles. This accounts for roughly 80% of total ventricular filling, occurring while the heart is electrophysiologically silent on the ECG.
Phase 1b: Atrial Contraction (Atrial Systole)
The sinoatrial (SA) node fires action potentials, generating the P wave on the ECG. The atria contract, squeezing the remaining 20% of the blood volume into the ventricles. This active filling phase results in a slight rise in ventricular pressure and establishes the maximum blood volume within the ventricles, known as the End-Diastolic Volume (EDV).
Phase 2: Isovolumetric Ventricular Contraction
This marks the onset of ventricular systole, represented by the QRS complex on the ECG. As the ventricles depolarize and begin to contract, intraventricular pressure rises rapidly above atrial pressure, snapping the AV valves shut. The closure of the AV valves produces the classic First Heart Sound ('LUB'). Because ventricular pressure is not yet high enough to force open the semilunar valves, all four valves are completely closed. The ventricle acts as a sealed chamber; it contracts vigorously, causing pressure to skyrocket while ventricular volume remains unchanged at EDV.
Phase 3: Ventricular Ejection
When intraventricular pressure exceeds the pressure inside the aorta and pulmonary trunk, the semilunar (aortic and pulmonary) valves slide open. Blood is forcefully ejected from the ventricles into the arterial tree. Ventricular volume drops sharply from EDV down to its minimum value, the End-Systolic Volume (ESV). The difference between these volumes defines the Stroke Volume (SV = EDV - ESV). The T wave on the ECG occurs during the latter portion of this phase, signifying ventricular repolarization.
Phase 4: Isovolumetric Ventricular Relaxation
As the ventricles repolarize and enter diastole, intraventricular pressure drops rapidly below arterial pressure, causing blood to flow backward toward the heart and snapping the semilunar valves shut. The closure of the semilunar valves produces the Second Heart Sound ('DUB'). Because ventricular pressure remains higher than atrial pressure, the AV valves stay closed. The ventricle is once again a completely sealed chamber, experiencing a precipitous fall in pressure while volume remains constant at ESV. When ventricular pressure falls below atrial pressure, the AV valves pop open, and the cycle returns to Phase 1a.
8. Summary Table of Phase States and Valve Status
Phase of Cardiac Cycle
Atrial State
Ventricular State
AV Valves
Semilunar Valves
1a. Passive Filling
Relaxed
Relaxed
OPEN
SHUT
1b. Atrial Contraction
Contracted
Relaxed
OPEN
SHUT
2. Isovolumetric Contraction
Relaxed
Contracted
SHUT
SHUT
3. Ventricular Ejection
Relaxed
Contracted
SHUT
OPEN
4. Isovolumetric Relaxation
Relaxed
Relaxed
SHUT
SHUT",
Vasodilator agents,"Pharmacology of Vasodilator Agents and Anti-Anginal Therapy
A Comprehensive Review of Pathophysiology, Haemodynamics, and Therapeutics
Angina pectoris represents the clinical manifestation of transient myocardial ischaemia resulting from a critical imbalance between myocardial oxygen demand and supply. Effective management requires an intricate understanding of both the cardiovascular pathophysiology and the targeted mechanism of action of anti-anginal drugs. This article provides a comprehensive overview of the principal pharmacological interventions used to treat angina—focusing on nitro-vasodilators, calcium channel blockers, and beta-adrenoceptor antagonists—as presented in the clinical lecture series at the Monash School of Medicine.
1. Pathophysiology and Clinical Classification of Angina
The fundamental baseline defect in ischaemic heart disease (also known as coronary artery disease or coronary heart disease) is an insufficiency of coronary blood flow to meet the metabolic requirements of the myocardium. Myocardial oxygen demand is heavily driven by heart rate, contractility, wall tension (pre-load), and peripheral vascular resistance (after-load).
Clinical Symptoms and Demographics
The classic presentation of angina pectoris is a severe, crushing substernal chest pain that frequently radiates to the left arm, shoulders, back, or jaw. This discomfort is often accompanied by shortness of breath and typically lasts a few minutes. However, a crucial clinical distinction must be made regarding gender-based presentations:
Those assigned male at birth typically exhibit the classic radiating, crushing substernal pressure.
Those assigned female at birth frequently present with atypical symptoms, including a burning sensation, a feeling of fullness, localized pressure on the chest, back or jaw pain, nausea, and vomiting.
The Three Major Types of Angina
Stable Angina (Effort/Typical Angina): High plaque load due to stable atherosclerotic coronary artery disease. Symptoms are highly predictable and precipitated by increased oxygen demand during exercise, physical exertion, emotional stress, exposure to cold, or heavy meals. The discomfort disappears after 10–15 minutes of rest.
Unstable Angina: Characterized by an unpredictable onset, where pain can occur even at rest. It is driven by plaque disruption and localized mural thrombus formation, causing variable, partial vessel occlusion or distal emboli. This represents a transitional state within Acute Coronary Syndromes (ACS) and mandates urgent medical attention.
Variant Angina (Prinzmetal's/Vasospastic Angina): Occurs in the absence of advanced atherosclerosis, driven entirely by severe focal spasms of a coronary artery. It can occur at rest and is often precipitated by exposure to cold or emotional stress. Major risk factors include hypertension, hyperlipidemia, and smoking.
Electrocardiographic (ECG) Correlates and Acute Coronary Syndromes
In the setting of acute presentations, ECG interpretation is critical for guiding immediate survival interventions:
Stable Angina typically shows a normal ECG at rest, though slight left ventricular hypertrophy may be seen in chronic hypertensive patients.
Non-ST-Elevation Myocardial Infarction (NSTEMI) and Unstable Angina are characterized by partial vessel occlusion and partial-thickness subendocardial ischemia, presenting on the ECG as ST-segment depression or T-wave inversion.
ST-Elevation Myocardial Infarction (STEMI) involves plaque rupture leading to an occlussive thrombus, resulting in complete vessel occlusion and full-thickness transmural myocardial infarction. This manifests as a distinct ST-segment elevation.
Immediate treatments for life-threatening acute coronary events include rapid revascularisation via Percutaneous Coronary Intervention (PCI)/angioplasty (usually with stents) alongside urgent fibrinolytic drug administration using tissue plasminogen activator (recombinant tPA) within a narrow therapeutic window.
2. Haemodynamic Principles of Anti-Anginal Therapy
Pharmacological interventions aim to re-establish the balance between myocardial oxygen supply and demand. This is achieved via three primary haemodynamic modifications:
Venodilatation: Dilatation of large systemic veins increases venous capacitance, thereby decreasing venous pressure and reducing venous return (pre-load). This reduces cardiac output, ventriclar wall tension, and subsequent myocardial oxygen consumption.
Arterial Dilatation: Dilatation of peripheral arterioles decreases total peripheral resistance (TPR/after-load). This reduces the physical force needed for the left ventricle to pump blood into the systemic circulation, lowering cardiac workload and oxygen demand.
Coronary Dilatation: Direct relaxation of coronary vascular smooth muscle allows increased blood flow through both epicardial coronary arteries and collateral networks, augmenting the oxygen supply directly to starving ischemic cardiac tissue. This is particularly vital in vasospastic (variant) angina.
3. Detailed Pharmacology of Major Anti-Anginal Drug Classes
Class 1: Nitro-vasodilators (Organic Nitrates)
Nitro-vasodilators, exemplified by glyceryl trinitrate (GTN) and isosorbide dinitrate, act as organic prodrugs that donate nitric oxide. They function strictly as vascular smooth muscle relaxants and have no direct effect on cardiac or skeletal muscle tissues.
Mechanism of Action
Organic nitrates undergo intracellular metabolic bioactivation within vascular smooth muscle cells to release nitric oxide (NO). NO activates the soluble enzyme guanylyl cyclase, converting GTP to cyclic guanosine monophosphate (cGMP). Elevated intracellular cGMP activates cGMP-dependent protein kinase, which triggers the dephosphorylation of myosin light chains and sequestration of calcium, culminating in smooth muscle relaxation.
Haemodynamic Effects and 'Coronary Steal' Prevention
At therapeutic concentrations, nitro-vasodilators exert a profound effect on veins (venodilatation > arterial dilatation), drastically decreasing pre-load. At higher doses, they also achieve arteriolar dilatation to reduce after-load. Crucially, nitrates provide an additional benefit over generic non-specific vasodilators: they dilate large epicardial vessels and collateral arteries without dilating small, autoregulated resistance vessels in non-ischemic zones. This effectively redirects blood flow into hypoxic or ischemic regions of the myocardium, avoiding the dangerous phenomenon of 'coronary steal' where blood is shunted away from compromised tissue.
Pharmacokinetics and Formulations
Nitroglycerin experiences immense hepatic first-pass metabolism (>90%), rendering it entirely inactive when swallowed orally. Consequently, it must be delivered via non-systemic initial routes:
Sublingual tablets or sprays bypass the liver, providing rapid onset within 2–4 minutes for acute anginal attacks, with a duration of effect lasting less than 30 minutes.
Transdermal patches or ointments provide slow, sustained absorption for chronic prophylaxis, lasting up to 24 hours.
Isosorbide dinitrate can be given via sublingual routes (lasting <2 hours) or orally in high doses to saturate hepatic enzymes (lasting <6 hours).
Clinical Limitations, Adverse Effects, and Tolerance
The therapeutic utility of nitrates is limited by significant side effects, including severe headaches (secondary to meningeal artery dilatation), postural hypotension, flushing, and reflex tachycardia. The drop in systemic blood pressure triggers a baroreceptor-mediated reflex increase in heart rate, which can paradoxically increase myocardial oxygen demand and counteract the drug's therapeutic benefits.
Furthermore, continuous exposure to organic nitrates rapidly induces pharmacological tolerance, leading to a profound loss of efficacy. To prevent or reverse nitrate tolerance, a mandatory 'nitrate-free period' of 8–10 hours per 24-hour cycle is strictly required (e.g., removing transdermal patches overnight when myocardial demand is lowest).
Class 2: Calcium Channel Blockers (Antagonists)
Calcium influx across the L-type voltage-gated calcium channels is a primary requirement for both vascular smooth muscle contraction and myocardial excitation-contraction coupling. Calcium channel blockers (CCBs) bind to these channels, inhibiting the inward current of calcium and prompting smooth muscle relaxation (arterial > venous) and variable cardiac depression.
Classification and Differential Actions
CCBs are categorized into separate chemical classes that exhibit distinct selectivities for vascular vs. cardiac tissue:
Verapamil: A phenylalkylamine that is highly cardioselective. It exerts potent negative inotropic, chronotropic, and dromotropic actions (+++ cardiac depression), markedly slowing heart rate and atrioventricular (AV) conduction while moderately reducing blood pressure and TPR.
Diltiazem: A benzothiazepine that displays a balanced profile, yielding intermediate cardiac depression (++) and moderate arteriolar vasodilation, successfully lowering both blood pressure and heart rate.
Nifedipine and Amlodipine: Dihydropyridines that are highly vascular-selective smooth muscle relaxants. They cause powerful arterial vasodilation, which profoundly drops systemic blood pressure and TPR. However, short-acting dihydropyridines (like nifedipine) cause a rapid fall in blood pressure that triggers a severe reflex tachycardia (↑↑ HR). Long-acting agents like amlodipine possess a gradual onset, minimizing this hazardous reflex.
Indications, Adverse Effects, and Contraindications
CCBs are widely indicated for stable angina, variant angina, hypertension, and tachyarrhythmias (specifically supraventricular tachycardia for verapamil and diltiazem).
Common adverse effects include flushing, peripheral ankle edema (edema is an exceptionally common side effect of dihydropyridines due to altered capillary hydrostatic pressure), dizziness, headache, and nausea. Verapamil carries a high incidence of dose-dependent constipation due to inhibition of gastrointestinal smooth muscle channels. Due to their negative inotropic effects, verapamil and diltiazem are strictly contraindicated in heart failure. Furthermore, they must never be combined with beta-blockers, as the concurrent depression of SA/AV nodal conduction can induce severe bradycardia, advanced AV block, or complete cardiac arrest.
Class 3: Beta1-Adrenoceptor Antagonists (Beta-Blockers)
Beta-blockers prevent the binding of catecholamines to beta-adrenergic receptors, counteracting sympathetic stimulation of the heart. They are divided into non-selective agents (e.g., propranolol, which blocks both beta1 and beta2 receptors) and cardioselective beta1 antagonists (e.g., metoprolol and atenolol).
Mechanism of Action in Angina
Beta-blockers primarily manage angina by reducing myocardial oxygen demand. By competitively blocking cardiac beta1-adrenoceptors, they reduce heart rate and myocardial contractility, resulting in a fall in cardiac output and lower systemic blood pressure.
Crucially, beta-blockers offer a paradoxical secondary benefit that increases myocardial oxygen supply. Because coronary artery perfusion occurs almost exclusively during diastole (the relaxation phase of the cardiac cycle), slowing the heart rate extends the absolute duration of diastole. This prolonged interval increases coronary perfusion time, maximizing oxygen delivery to the myocardium.
Indications and Clinical Utility
Beta-blockers are the definitive first-line therapy for chronic stable effort-induced angina. They are also indicated for arrhythmias, hypertension, secondary prevention post-myocardial infarction (providing significant cardioprotection), and clinically stable chronic heart failure (where they slow remodeling and improve long-term survival).
Adverse Effects and Strict Warnings
The side effect profile of beta-blockers is broad and clinically significant:
Respiratory: Blockade of smooth muscle beta2 receptors can cause dangerous bronchoconstriction, making them strictly contraindicated in patients with asthma or severe chronic obstructive pulmonary disease (COPD).
Cardiovascular: Excessive bradycardia, heart block, severe exercise intolerance, and claudication (worsening of peripheral vascular disease due to unopposed alpha1-receptor constriction).
Central Nervous System: Lipid-soluble agents (such as propranolol and metoprolol) readily cross the blood-brain barrier, potentially causing sedation, depression, and severe sleep disturbances/nightmares.
Metabolic/Diabetes: Beta-blockers exacerbate hypoglycemia and mask its critical autonomic warning signs (such as tachycardia and tremors), leaving only sweating intact, which poses a severe hazard for diabetic patients.
Sudden Withdrawal: Beta-blockers must never be withdrawn abruptly. Sudden withdrawal can induce a severe rebound hypersensitivity (due to receptor up-regulation), precipitating severe rebound angina, arrhythmias, or acute myocardial infarction.
Variant Angina Warning: Beta-blockers are highly restricted or avoided in vasospastic (variant) angina. Blocking beta2-mediated vasodilation leaves alpha1-mediated vasoconstriction completely unopposed, which can severely worsen coronary artery spasms.
4. Summary Matrix: Anti-Anginal Therapeutic Profiles
The following matrix summarizes the comparative actions of the three major drug classes on myocardial oxygen supply and demand parameters:
5. Clinical Case Study Analysis
Case Profile: A 52-year-old male presents with a history of recent-onset substernal chest discomfort that radiates to his jaw during physical activities like jogging or swimming vigorously. The pain consistently disappears after 10–15 minutes of rest. The patient has a background of untreated hyperlipidemia, a poor diet, and a family history of early cardiac events (father survived an MI at 55; uncle died of cardiac disease at 60). Physical examination shows a blood pressure of 145/90 mm Hg and a heart rate of 80 bpm. The ECG is unremarkable except for signs of slight left ventricular hypertrophy.
Pathophysiological Diagnosis
The patient's clinical presentation is classic for chronic stable atherosclerotic effort angina. The substernal pain radiating to the jaw is driven by transient subendocardial ischemia, brought on because physical exertion raises myocardial oxygen demand beyond the fixed, obstructed supply ceiling imposed by coronary atheromatous plaque. The rapid resolution of symptoms with rest matches the reduction in heart rate and blood pressure, returning demand back below the supply threshold.
Pharmacological Management Plan
Acute Management: To terminate acute breakthrough episodes immediately, the patient must be prescribed sublingual glyceryl trinitrate (GTN) tablets or spray at a dose of 0.4–0.6 mg. He should be instructed to administer the drug at the immediate onset of chest pain or prophylactically right before engaging in physical exertion. Symptom relief can be confidently expected within 2–4 minutes via a swift reduction in venous pre-load.
First-Line Long-Term Prophylaxis: To prevent future anginal episodes and lower the frequency of attacks, chronic maintenance therapy should be implemented. A beta1-adrenoceptor antagonist, such as metoprolol, is the absolute drug of choice here. Metoprolol will lower his exertion-induced heart rate and blood pressure, shifting his ischemic threshold and prolonging diastolic perfusion time.
Alternative Prophylaxis: If the patient possesses a hidden contraindication to beta-blockers (e.g., severe asthma or vasospastic tendencies), maintenance therapy should instead utilize a medium- to long-acting calcium channel blocker. A cardioselective agent like verapamil or diltiazem, or a long-acting smooth muscle selective agent like amlodipine, would serve as a highly effective alternative to establish stable chronic control.
Secondary Prevention and Risk Modification: Comprehensive long-term reduction in cardiovascular mortality requires immediate initiation of a high-intensity statin to treat his hyperlipidemia, rigorous blood pressure control, and strict adherence to a heart-healthy diet.
CRITICAL DRUG INTERACTION: NITRATES AND SILDENAFIL: The co-administration of nitro-vasodilators with sildenafil (Viagra) or other phosphodiesterase-5 (PDE-5) inhibitors is absolute and strictly contraindicated. Sildenafil selectively inhibits the breakdown of cGMP. When organic nitrates cause a substantial increase in cGMP production while a PDE-5 inhibitor simultaneously blocks its degradation, an uncontrolled, exaggerated accumulation of intracellular cGMP occurs within vascular smooth muscle. This induces profound, irreversible systemic vasodilation, resulting in severe life-threatening hypotension, cardiovascular collapse, myocardial infarction, and death. Clinical registries documented over 130 sildenafil-associated deaths in the late 1990s alone, a high proportion of which involved concurrent nitrate therapy.
Drug Class / Parameter
Heart Rate
Pre-load (Venous)
After-load (Arterial)
Coronary Dilatation
Nitro-vasodilators (GTN)
Reflex Tachycardia (↑)
Marked Decrease (↓↓)
Moderate Decrease (↓)
Marked Increase (↑↑)
CCB: Verapamil
Significant Decrease (↓↓)
No Effect (—)
Moderate Decrease (↓)
Moderate Increase (↑)
CCB: Dihydropyridines
Reflex Tachycardia (↑↑)
No Effect (—)
Profound Decrease (↓↓)
Moderate Increase (↑)
Beta1-Adrenoceptor Antagonists
Profound Decrease (↓↓)
No Effect (—)
Mild Decrease (↓)
None / Potential Spasm Risk",
Pathophysiology and treatment of stroke,"Pathophysiology and Treatment of Stroke
Based on Lecture Materials from Monash School of Medicine
Instructor: A/Prof Brad Broughton | Assistant: Dr. Ben Seyer


1. Key Concepts and Learning Outcomes
This article provides a comprehensive overview of the pathophysiology and treatment of stroke based on the educational curriculum of the Monash School of Medicine. By studying these materials, learners and medical students should achieve the following key competencies:
Describe the incidence, risk factors, and acute symptoms associated with different types of stroke.
Understand and detail the complex cellular and vascular pathophysiology of stroke, focusing specifically on the chronological progression known as the 'ischaemic cascade.'
Identify the full spectrum of pharmacological treatments used in acute intervention and secondary prevention, explaining their exact molecular mechanisms, sites of action, and clinical considerations.
2. Classification and Etiology of Stroke
A stroke is a medical emergency characterized by the acute disruption of blood supply to brain tissue, resulting in rapid neurological deficit. Pathologically, strokes are divided into two primary classifications, each representing distinctly different vascular events:
Ischaemic Stroke
Ischaemic strokes represent the vast majority of all clinical presentations (broken down as approximately 60% and 25% across different sub-types like large vessel thrombosis and embolic events in the source notes). This condition occurs when an arterial vessel supplying blood to the brain becomes obstructed, creating a localized drop in blood flow (hypoperfusion).
Cerebral Embolism: Occurs when a small blood clot or debris originates from another part of the body—typically the heart (e.g., due to atrial fibrillation) or a diseased proximal systemic artery (such as the common carotid artery)—and travels through the circulation until it becomes lodged in a smaller cerebral vessel, frequently the middle cerebral artery (MCA).
Atherosclerotic Plaque: Characterized by the progressive narrowing or complete occlusion of an artery due to cholesterol and fibrocellular buildup. This often occurs within major vessels like the common carotid artery and may be amenable to surgical intervention if identified early.
The Ischaemic Penumbra vs. Core: In an ischemic event, the affected territory is divided into two distinct zones. The Ischaemic Core is the central area of severe hypoperfusion where blood flow drops below critical thresholds, causing rapid, irreversible cell death (infarction). Surrounding this core is the Ischaemic Penumbra—an area of structurally intact but functionally impaired brain tissue. The penumbra is viable but critically threatened; it represents the primary target of acute stroke therapeutic interventions and can be saved if perfusion is restored within a narrow, time-limited window.
Haemorrhagic Stroke
Haemorrhagic strokes account for the remaining percentage of cases (historically around 15%, noted in the material as 10% and 5% sub-types). Rather than an obstruction, these events are caused by the structural failure and rupture of a blood vessel, leading to direct bleeding into the intracranial vault.
Intracerebral Haemorrhage (10%): Direct rupture of an parenchymal blood vessel leading to bleeding directly into the surrounding functional brain tissue, causing mechanical compression, localized ischemia, and severe toxicity from blood breakdown products.
Subarachnoid Haemorrhage (5%): Occurs when an arterial vessel ruptures, causing blood to escape into the subarachnoid space—the fluid-filled protective compartment containing cerebrospinal fluid (CSF) situated between the brain parenchyma and the skull. This is most frequently caused by the rupture of an Aneurysm, which is a thin-walled, bulging sac formed at a site of structural weakness in an arterial wall.
3. The Ischaemic Cascade and Cell Death Timeline
When a cerebral vessel is occluded, the cellular response is not instantaneous but unfolds through a highly predictable, time-dependent series of biochemical and morphological processes termed the Ischaemic Cascade. Understanding this sequence highlights why rapid medical intervention is mandatory.
Biochemical Processes Across Time
The cascade progresses continuously from the moment of vascular occlusion:
Within Minutes: The sudden loss of oxygen and glucose delivery causes immediate ionic failure due to the depletion of adenosine triphosphate (ATP). Without ATP, energy-dependent ion pumps (like the Na+/K+-ATPase pump) fail, triggering sudden anoxic depolarization. This depolarization causes a massive, uncontrolled release of the excitatory neurotransmitter glutamate into the synaptic cleft. Glutamate overactivation of post-synaptic receptors induces Excitotoxicity—a massive influx of extracellular calcium (Ca2+) into neurons, activating destructive intracellular enzymes. Concurrently, cells shift to anaerobic metabolism, leading to rapid acidosis, while peri-infarct depolarizations propagate across surrounding tissue.
Within Hours: As structural integrity continues to break down, the tissue alters its glucose use and maximizes oxygen extraction. Protein synthesis fails completely. Cells initiate selective gene expression in response to the injury, setting off an organized inflammatory response.
Within Days: The late phase of the cascade is dominated by robust inflammation and the activation of programmed cell death pathways, leading to widespread Apoptosis.
Cell Death Models: Classical vs. Inflammatory Penumbra
The progression of structural tissue loss is conceptualized through two complementary models:
The Classical Model: Focuses on early ischemic changes. At onset, there is immediate hypoperfusion. By 2 hours post-onset (+2h), a distinct ischemic core forms. By 24 hours (+24h), this zone expands into a definitive ischemic lesion. The difference between the initial hypoperfused zone and the expanding core defines the traditional Ischemic Penumbra.
The Inflammatory Penumbra Hypothesis: Extends the timeline to include delayed secondary damage. Following the initial 24 hours (+24h), a robust local and systemic inflammatory reaction is mounted. Over the subsequent week (+7d), this inflammation inflicts additional secondary damage, leading to the Final Lesion. The mismatch between the early ischemic lesion and the final tissue loss defines the Inflammatory Penumbra.
4. Quantification of Neurological Loss
To underscore the extreme urgency of acute stroke care, clinical data quantifies the staggering pace at which human nervous tissue is destroyed during a typical untreated large-vessel acute ischemic stroke:

This data demonstrates that permanent, life-altering neurological deficits accrue exponentially. Rapid medical presentation and swift diagnostic triage are the most powerful predictors of positive patient outcomes.
5. Clinical Management and Pharmacological Treatments
The initial management of a suspected stroke patient begins with immediate neuroimaging—typically a computed tomography (CT) scan or magnetic resonance imaging (MRI)—to definitively rule out hemorrhage. Administering clot-dissolving therapies to a patient suffering from a hemorrhagic stroke is fatal, making precise diagnosis the vital first step.
Pharmacological Clot Dissolution: Thrombolytics
Recombinant Tissue Plasminogen Activator (rt-PA), also known as Alteplase, remains the only approved pharmacological treatment for acute ischemic stroke clot dissolution.
Mechanism of Action: rt-PA mimics natural tissue plasminogen activator. It binds directly to the thrombus and catalyzes the conversion of the inactive proenzyme plasminogen into the active proteolytic enzyme plasmin. Plasmin cleaves the fibrin meshwork holding the blood clot together, resulting in clot lysis and the production of soluble fibrin degradation products. This pathway is tightly regulated in vivo by endogenous Plasminogen Activator Inhibitors (PAIs) and alpha2-plasmin inhibitor.
Clinical Window and Criteria: rt-PA must traditionally be administered within 4.5 hours of ischemic stroke symptom onset. Administration beyond 4.5 hours exponentially increases the risk of symptomatic intracranial hemorrhage. However, extended administration between 4.5 and 9 hours can be considered for specific patients who demonstrate strict 'diffusion-perfusion mismatch' criteria on advanced neuroimaging, proving that salvageable penumbral tissue is still present.
Efficacy and Utilization: Due to delayed hospital presentation, only about 10% of total stroke patients qualify to receive rt-PA. Statistically, out of those who receive it, approximately 3% achieve a definitive optimal benefit, resulting in a near-normal or completely normal final functional recovery.
Mechanical Intervention: Mechanical Thrombectomy
For eligible patients with a large vessel occlusion (LVO), endovascular clot retrieval or mechanical thrombectomy is performed. This procedure involves inserting a specialized microcatheter and stent retriever directly into the occluded large cerebral vessel to physically capture and remove the thrombus. This intervention is highly effective and can be performed up to 24 hours post-stroke onset. Unless strictly contraindicated, patients scheduled for mechanical thrombectomy receive intravenous rt-PA first.
Anticoagulants
Anticoagulants are highly effective agents utilized primarily to prevent secondary stroke occurrences and limit further propagation of an existing thrombus:
Heparin (Intravenous): Administered in the acute setting, Heparin acts immediately by combining with and activating endogenous Antithrombin III. This complex neutralizes activated clotting factors (such as Thrombin and Factor Xa), preventing the formation of fibrin, which constitutes the essential structural framework of a stabilizing thrombus.
Warfarin (Oral): Utilized for long-term maintenance, Warfarin acts indirectly as a Vitamin K antagonist, interfering with the hepatic synthesis and structural activation of Vitamin K-dependent clotting factors (Factors II, VII, IX, and X).
Indications: Prescribed for patients with documented ischemic stroke, transient ischemic attacks (TIAs), chronic hypertension, diabetes, or underlying cardiac conditions that elevate thromboembolic risk, such as atrial fibrillation or heart valve insufficiency.
Contraindications: Absolutely contraindicated in all forms of hemorrhagic stroke due to the catastrophic risk of exacerbating intracranial bleeding.
Antiplatelet Agents
Because platelets play a vital role in initiating the thrombus on disrupted vascular endothelium, antiplatelet therapies are a cornerstone of secondary stroke prevention, reducing recurrence risks by 10% to 20%:
Aspirin: Functions as an irreversible cyclo-oxygenase (COX) inhibitor, blocking the production of Thromboxane A2 (TXA2)—a potent mediator of platelet activation and aggregation. Over 80% of all ischemic stroke patients are discharged on lifelong aspirin maintenance, provided they do not possess a specific hypersensitivity (seen in 1-2% of the population).
Dipyridamole: Functions as a phosphodiesterase (PDE) inhibitor, preventing the breakdown of intracellular cyclic adenosine monophosphate (cAMP) and increasing adenosine levels. This exerts a synergistic antiplatelet effect when combined with aspirin.
Other Pathways: Additional therapies noted in clinical pathways include Clopidogrel and Ticlopidine (which block the platelet adenosine diphosphate [ADP] receptor pathway) and Glycoprotein (GP) IIb/IIIa antagonists (which block the final common receptor responsible for platelet-to-platelet crosslinking).
6. Specialized Management of Haemorrhagic Stroke
The treatment strategy for hemorrhagic stroke is completely distinct from ischemic stroke. The primary clinical focus shifts away from restoring flow and toward controlling intracranial pressure (ICP), stopping the hemorrhage, and stabilizing systemic hemodynamics.
Systemic Blood Pressure Management: Immediate, aggressive blood pressure control is crucial to minimize hematoma expansion and decrease the driving force of the active bleed.
Osmotic Agents (Mannitol): Intracranial bleeding causes severe localized fluid shifts, and approximately 10% of patients develop highly dangerous cerebral edema. To combat this, intravenous osmotic diuretics such as Mannitol are administered. Mannitol rapidly increases serum osmolarity, raising plasma osmotic pressure relative to the cerebrospinal fluid. This establishes a strict concentration gradient where water is drawn out of the swollen brain tissue and into the systemic vasculature to be excreted by the kidneys, effectively lowering intracranial pressure.
Surgical Interventions: Depending on the patient's age, overall health, surgical risks, and the anatomic location of the bleed, surgery may be required to evacuate the hematoma or clip a vascular defect. For ruptured or unruptured aneurysms, two main neurosurgical techniques are utilized: Surgical Clipping (placing a physical micro-clip across the neck of the aneurysm to isolate it from arterial pressure) or Endovascular Coiling (guiding a catheter into the aneurysm sac and filling it with soft platinum coils to promote local thrombosis and seal off the defect).
7. Post-Stroke Rehabilitation
Once acute pharmacological or surgical stabilization is complete, the focus shifts to restoring function. Because neurons are lost rapidly, the brain relies on neuroplasticity to rebuild functional networks. Multi-disciplinary rehabilitation—comprising aggressive physiotherapy to restore motor control and speech therapy to manage aphasia or dysphagia—must be initiated as soon as practically possible to maximize the recovery window.
Time Elapsed
Estimated Neuron Loss
Equivalent Accelerated Aging
Every Second
32,000 neurons
8.7 hours
Every Minute
1.9 million neurons
3.1 weeks
Every Hour
120 million neurons
3.6 years
10 Hours (Typical Untreated Stroke)
1.2 billion neurons
36 years",
Infectious diseases of the cardiovascular system,"Infectious Diseases of the Cardiovascular System
Comprehensive Medical Reference Guide & Lecture Review
Monash School of Medicine | MED 1100/1200
Introduction to Cardiovascular Inflammatory Diseases
Cardiovascular inflammatory diseases encompass a broad range of life-threatening conditions involving different anatomical layers of the heart. Structurally, the heart is divided into three distinct layers, each susceptible to infection and secondary pathogenic cascades:
1. Endocardium: The inner endothelial lining that covers the chambers, valves, and subendothelial matrix.
2. Myocardium: The middle muscular layer composed primarily of cardiac muscle cells responsible for contraction.
3. Epicardium / Pericardium: The outer surface layer (visceral pericardium) which works in tandem with the parietal pericardium and the intervening serous fluid-filled pericardial cavity to form the protective fibro-serous sac surrounding the heart.
Topic 1: Infective Endocarditis (IE)
Infective Endocarditis (IE) is a severe microbial infection of the endocardial surface of the heart, predominantly targeting the heart valves, but also occurring at septal defects or within the mural endocardium. It carries high morbidity and a mortality rate that remains stubbornly high at 20-25% despite advancements in contemporary medicine.
Epidemiology and Causative Pathogens
The global epidemiology of IE demonstrates significant geographic variation regarding its primary causative organisms, though three main groups dominate: staphylococci, streptococci, and enterococci. Globally, Staphylococcus aureus and Streptococci species are the most frequent causes.
• Staphylococcus aureus: Predominates heavily in North America and Europe, frequently associated with healthcare-associated infections, intravascular devices, and intravenous drug use (IVDU).
• Streptococci species: Particularly Viridans Group Streptococci (VGS), remain a significant cause of subacute community-acquired endocarditis globally and are highly prevalent in South America.
• Enterococcus species: Often associated with genitourinary or gastrointestinal tract procedures.
• Other Pathogens: Rare causes include Fungi (primarily Candida spp.), Mycobacteria, Chlamydia, Rickettsia, and Mycoplasma.
Pathogenesis and Endothelial Damage
The development of IE requires a specific multi-step pathogenic sequence. Endothelial cell damage is the primary predisposing trigger, caused by trauma, turbulence, or preexisting structural heart abnormalities. Approximately 75% of all patients presenting with IE have a preexisting structural cardiac defect, including:
• Rheumatic Valvular Heart Disease: Primarily involving the mitral valve, followed sequentially by the aortic valve.
• Congenital Heart Disease: Examples include bicuspid aortic valve, ventricular septal defect (VSD), atrial septal defect (ASD), and Tetralogy of Fallot.
• Mitral Valve Prolapse (MVP): Especially when accompanied by significant valvular regurgitation.
• Degenerative Heart Disease: Such as calcific aortic valve stenosis.
• Prosthetic Heart Valves: Both mechanical and bioprosthetic (tissue) valves sewn in place.
Once the endothelium is damaged, platelets and fibrin deposit at the site of injury or turbulent flow, forming a sterile macroscopic clot known as Nonbacterial Thrombotic Endocarditis (NBTE). When a subsequent breach of skin or mucous membranes occurs, microorganisms gain transient access to the bloodstream (bacteraemia). As blood flows over the damaged area, circulating bacteria adhere to the pre-existing platelet-fibrin clot, colonise the matrix, and proliferate rapidly. This results in the formation of a mature vegetation—a complex protective biofilm structure that shields the microbes from host immune defences and antibiotics, facilitating ongoing dissemination and thromboembolic events.
Mechanisms of Transient Bacteraemia
Transient bacteraemia occurs whenever a heavily colonised mucosal surface or skin barrier is traumatised. Common clinical triggers and their relative rates of producing positive blood cultures include:
• Dental Procedures & Manipulation: Extraction (60-85%), periodontal surgery (32-88%), teeth cleaning/scaling (40%), tooth brushing (20%), and oral irrigation (20-40%). Daily activities like chewing can also induce low-level transient bacteraemia.
• Upper Airway Procedures: Rigid bronchoscopy, tonsillectomy, and nasotracheal intubation.
• Gastrointestinal Procedures: Upper GI endoscopy, sigmoidoscopy/colonoscopy, and barium enema.
• Urologic Procedures: Urinary catheterization, cystoscopy, and transurethral prostate resection.
• Obstetric/Gynecologic Procedures: Complicated vaginal delivery or cervical biopsy.
• Skin Breaches: Vascular catheters and indwelling lines provide a direct portal.
Crucially, a vast number of clinical cases of infective endocarditis are not preceded by a documented medical or surgical procedure, arising instead from routine minor physiological trauma (e.g., standard chewing or aggressive brushing).
Clinical Classification of Infective Endocarditis
• 1. Native Valve Endocarditis (NVE) - Acute vs. Subacute:
  - Acute IE: Characterised by an aggressive, rapid, and destructive course. It is caused by highly virulent organisms (typically S. aureus or Streptococcus pyogenes) and frequently attacks normal structural hearts without prior predisposing factors.
  - Subacute IE: Displays an indolent, slow-burning course over weeks or months. It is caused by low-virulence organisms (such as oral viridans group streptococci or Enterococcus) and almost exclusively affects pre-existing abnormal or damaged hearts.
• 2. Prosthetic Valve Endocarditis (PVE) - Early vs. Late:
  - Early PVE: Occurs less than 60 days following cardiac valve surgery. It usually represents hospital-acquired (nosocomial) infection resulting from direct intraoperative inoculation or via indwelling healthcare devices. Coagulation-negative Staphylococci (CONS) and S. aureus are highly prevalent.
  - Late PVE: Occurs 60 days or longer after valve implantation. It is mostly community-acquired and mirrors the microbiological profiles of native valve endocarditis (oral Streptococci, Enterococci, S. aureus).
• 3. Intravenous Drug Use (IVDU)-Related Endocarditis:
S. aureus is the single commonest pathogen. It classically targets the right side of the heart, involving the tricuspid valve first, followed by the aortic valve. Strikingly, two-thirds of IVDU patients present with no prior history of heart disease and no audible murmur on initial presentation. Pathogens typically originate from skin flora but can include Gram-negative rods (Pseudomonas aeruginosa, Serratia) and fungi (Candida).
• 4. Nosocomial (Healthcare-Associated) Endocarditis:
Accounting for 9-29% of all documented IE cases, this form is secondary to infected intravascular devices, prolonged indwelling central venous lines, haemodialysis access, genitourinary/gastrointestinal procedures, or surgical-wound infections. CONS and S. aureus are major drivers.
The Immunological Sequelae: Acute Rheumatic Fever (ARF)
Acute Rheumatic Fever is an immunologically mediated systemic illness occurring 2-4 weeks after a Group A Streptococcal (Streptococcus pyogenes) pharyngitis ('sore throat'). It serves as a classic prerequisite for chronic valvular deformity. Pathogenetically, antibodies raised against antigens on the streptococcal cell wall cross-react with host tissues—specifically cardiac myosin and valvular endothelial cells—via molecular mimicry. This leads to multisystem clinical features: polyarthritis, subcutaneous nodules, erythema marginatum, and Sydenham's chorea. Within the myocardium, pathognomonic granulomatous inflammatory foci known as Aschoff bodies form, while fibrinous pericarditis and endocardial vegetations complete the picture of acute rheumatic pancarditis.
Clinical Manifestations and Diagnostic Signs
The clinical presentation of IE is highly variable and non-specific, demanding a high index of clinical suspicion:
• Symptoms: Persistent fever, night sweats, shivering/chills, anorexia, generalised malaise, and unexplained weight loss.
• Classical Signs: Unexplained normocytic anaemia, splenomegaly, finger clubbing, and a new or dynamically changing heart murmur.
• Splinter Haemorrhages: Linear reddish-brown streaks visible under the nail beds.
• Osler's Nodes: Small, tender, raised erythematous nodules located on the pads of fingers or toes (immunological origin).
• Janeway Lesions: Flat, painless, erythematous macular lesions on the palms of the hands or soles of the feet (embolic origin).
• Roth Spots: Exudative, haemorrhagic retinal lesions with pale centres visible via ophthalmoscopy.
Multi-Organ Complications
• Cardiac: Valvular regurgitation or stenosis leading to rapid-onset congestive cardiac failure (CCF), structural valve destruction, and myocardial or valve ring abscesses.
• Renal: Immune complex-mediated glomerulonephritis, and renal infarction/abscesses secondary to septic emboli.
• Central Nervous System: Cerebral thromboembolism resulting in strokes, intracerebral abscesses, or infectious (mycotic) aneurysms.
• Splenic: Splenic enlargement and splenic infarction.
• Pulmonary: Particularly in right-sided (tricuspid) endocarditis, leading to pulmonary infarctions and abscesses.
Diagnostic Modalities and the Modified Duke Criteria
Diagnosis requires a multi-factorial approach integrating clinical, laboratory, and echocardiographic data. Laboratory investigations typically display non-specific inflammatory markers: elevated Erythrocyte Sedimentation Rate (ESR), elevated C-Reactive Protein (CRP), normal-to-elevated white blood cell count (WBC), thrombocytopenia, normocytic anaemia, and microscopic haematuria/proteinuria on urinalysis.
Blood cultures represent the single most important diagnostic tool. The standard protocol dictates obtaining 3 separate blood culture sets taken from different venepuncture sites over a 24-hour period, collected strictly before the initiation of empirical antibiotic therapy. Up to 10% of cases are culture-negative, typically caused by antibiotic consumption within the preceding 2 weeks, or fastidious, difficult-to-cultivate organisms including the HACEK group (Haemophilus spp., Aggregatibacter actinomycetemcomitans, Cardiobacterium hominis, Eikenella corrodens, Kingella kingae), Bartonella spp., Legionella spp., Mycoplasma spp., nutritionally variant streptococci, or fungi.
The Modified Duke Criteria Protocol
• Major Criteria: 1. Positive blood cultures isolated from typical IE microbes, or persistently positive cultures, or a single positive culture for Coxiella burnetii.
2. Evidence of endocardial involvement confirmed via Echocardiography (ECHO showcasing an oscillating vegetation, myocardial abscess, or new prosthetic valve dehiscence) or a newly developed valvular regurgitation.
• Minor Criteria: 1. Predisposition (underlying cardiac condition or active IVDU history).
2. Documented pyrexia/fever > 38.0°C.
3. Vascular phenomena (major arterial emboli, septic pulmonary infarcts, mycotic aneurysms, intracranial haemorrhage, Janeway lesions).
4. Immunological phenomena (glomerulonephritis, Osler's nodes, Roth spots, rheumatoid factor).
5. Microbiological or echocardiographic evidence that suggests IE but does not meet full major criteria.
Definite diagnosis requires meeting 2 Major criteria, OR 1 Major + 3 Minor criteria, OR 5 Minor criteria. While highly useful for formal classification, the Duke criteria must never replace expert clinical judgement.
General Management and Treatment Principles
Medical management centers on high-dose, parenteral (intravenous), bactericidal antibiotic therapy extended over a prolonged duration (typically up to 6 weeks). Bactericidal treatment is an absolute physiological necessity because the microbial population within vegetations reaches exceptionally high densities, exhibits a slow rate of multiplication, and is locked within an inaccessible, avascular protective biofilm. This environment shields them from circulating host immune cells and standard antibiotic penetrance.
Antibiotic regimens must be precisely guided by isolated minimum inhibitory concentration (MIC) and sensitivity profiles. Synergy is frequently leveraged using combination therapy to achieve rapid, comprehensive eradication. Surgical intervention may be required in cases of refractory heart failure, valve destruction, or large, highly embolic vegetations.
Antibiotic Prophylaxis Guidelines
Prophylactic antibiotic administration is indicated solely for individuals stratified into the highest risk category undergoing high-risk invasive procedures (such as dental procedures requiring manipulation of the gingival tissue or periapical region of teeth) that are highly likely to induce transient bacteremia. Prophylaxis is tailored to protect high-risk cardiac architecture: patients with prosthetic heart valves, a previous history of IE, or specific unrepaired cyanotic congenital heart defects.
Topic 2: Myocarditis and Pericarditis
Myocarditis
Myocarditis is defined as an inflammatory disease targeting the cardiac muscle matrix (myocardium). It manifests with a highly variable clinical course ranging from completely asymptomatic presentations to fatal arrhythmias and acute cardiogenic collapse.
Etiological Classification
• Viral Infection: Viruses represent the single most important and commonest infectious etiological group. Enteroviruses, specifically Coxsackievirus B and Echoviruses, are the primary viral drivers. Other implicated viruses include Cytomegalovirus (CMV), Epstein-Barr Virus (EBV), Varicella-Zoster Virus (VZV), Influenza A and B, Poliovirus, Rabies, and Mumps.
• Bacterial Infection: Corynebacterium diphtheriae (producing a potent cardiotoxin), Legionella pneumophila, Leptospira spp., Borrelia burgdorferi (Lyme disease), and Rickettsia prowazekii (typhus).
• Fungal Infection: Aspergillus spp., Candida spp., and Cryptococcus neoformans.
• Parasitic/Protozoal Infection: Trypanosoma cruzi (the causative agent of Chagas disease), Trichinella spiralis, and Toxoplasma gondii.
• Non-Infectious Toxins: Environmental cardiotoxins, heavy metals, cocaine abuse, and anti-cancer chemotherapeutic drugs (e.g., anthracyclines).
• Autoimmune & Collagen-Vascular Diseases: Systemic Lupus Erythematosus (SLE), Rheumatoid Arthritis (RA), and Acute Rheumatic Fever.
Clinical Manifestations and Diagnosis
Myocarditis frequently begins with an innocuous viral prodrome or systemic flu-like illness. Symptoms then progress to cardiac-specific manifestations: chest pain, dangerous arrhythmias (due to direct inflammatory disruption of the cardiac conduction system, which can precipitate fatal ventricular tachyarrhythmias), and signs of concurrent right- and left-sided congestive heart failure (dyspnea, peripheral oedema, orthopnea, and elevated jugular venous pressure).
Diagnostic evaluation involves serial Electrocardiograms (ECG displaying non-specific ST-T wave adjustments or arrhythmias), Echocardiography (ECHO demonstrating focal or global hypokinesis and reduced ejection fraction), and Chest X-rays showing cardiomegaly and pulmonary venous congestion. The theoretical gold standard for a definitive diagnosis is an endomyocardial biopsy, but this invasive test is rarely performed in standard clinical practice due to sampling errors and procedural risks.
Management Principles
The majority of viral myocarditis cases are self-limiting, with patients achieving full functional recovery over time. Conservative management emphasizes strict bed rest (as physical exertion can accelerate myocardial inflammation) and continuous cardiac telemetric monitoring to catch life-threatening arrhythmias early. Specific targeted antimicrobial therapy is restricted to cases with confirmed bacterial, fungal, or protozoal causes.
Pericarditis
Pericarditis is an acute or chronic inflammation of the fibro-serous sac enclosing the heart (the pericardium). Its etiological classification governs its prognosis and immediate clinical management:
• Acute Viral Pericarditis: The commonest infectious etiology overall. It is primarily driven by enteroviruses (Coxsackieviruses and Echoviruses).
• Purulent Pericarditis: Also designated as acute bacterial or suppurative pericarditis. It is a severe, rapidly progressive medical emergency caused by pyogenic organisms, most frequently Staphylococcus aureus and Streptococcus pneumoniae.
• Chronic/Granulomatous Pericarditis: An indolent, slow-developing inflammatory state driven by Mycobacterium tuberculosis or various systemic fungi.
Pathogenesis
Microorganisms reach the pericardial space through three primary pathogenic routes: hematogenous spread via the bloodstream, direct extension from contiguous pulmonary infections (such as pneumonia or empyema) or underlying myocardial foci, or direct intraoperative inoculation during open-heart surgery, penetrating thoracic trauma, or invasive pericardiocentesis.
Clinical Manifestations
Patients classically present with pyrexia/fever, worsening dyspnea, a dry cough, and sharp, retrosternal chest pain that characteristically radiates to the trapezius ridges. This pain is pleuritic, meaning it is exacerbated by deep inspiration and coughing, and is position-dependent, easing when leaning forward and worsening when supine.
On physical examination, the pathognomonic finding is a superficial, scratching pericardial friction rub heard best along the left lower sternal border with the patient leaning forward during expiration. If a significant pericardial effusion accumulates, it can progress to life-threatening cardiac tamponade. This is characterized by Beck's triad (hypotension, jugular venous distension, and muffled heart sounds) alongside pulsus paradoxus—an exaggerated drop in systemic systolic blood pressure (>10 mmHg) during inspiration.
Diagnosis and Treatment Protocols
Diagnostic confirmation relies on an ECG (demonstrating widespread, diffuse, upwardly concave ST-segment elevation with concurrent PR-segment depression across multiple leads) and an Echocardiography (ECHO directly visualizing and quantifying pericardial fluid fluid-space tracking). Pericardiocentesis with fluid analysis and microbiological culture is indicated for diagnostic testing or therapeutic decompression.
Treatment depends on the underlying cause: viral cases require supportive care and bed rest. Purulent pericarditis is an emergency requiring immediate surgical drainage via pericardiocentesis or a pericardial window, combined with high-dose systemic intravenous antibiotics; despite aggressive treatment, mortality can reach 30%. Tuberculous pericarditis requires a standard multi-drug anti-tuberculous regimen.
Topic 3: Fever of Unknown Origin (FUO)
Fever of Unknown Origin remains an educational and diagnostic challenge. Classical FUO is strictly defined by three diagnostic criteria:
1. Temperature: Documented core body temperature exceeding 38.3°C (101°F) on several distinct occasions.
2. Duration: Persistence of pyrexia for a duration longer than 3 weeks.
3. Diagnostic Failure: Failure to reach a diagnosis despite 1 week of intensive, structured in-hospital investigations.
Etiological Breakdown
• Infections: Represent the single commonest cause of classical FUO, accounting for 30-40% of documented cases in adults.
• Malignancies: Including lymphomas, leukaemias, renal cell carcinomas, or solid organ tumors.
• Collagen-Vascular/Connective Tissue Diseases: Autoimmune states such as SLE, Rheumatoid Arthritis, Polymyalgia Rheumatica, and Temporal Arteritis.
• True Undiagnosed FUO: Despite exhaustive modern diagnostic testing, 5-15% of FUO cases remain entirely undiagnosed, many of which resolve spontaneously.
Systematic Investigative Framework
Investigation requires a meticulous, tiered approach to avoid random, low-yield testing:
1. Comprehensive History Taking: Documenting detailed travel history (endemic malaria or exotic viral zones), occupational exposures, animal contact (Q fever, brucellosis), sexual history, recent medication use (to rule out drug-induced fevers), and substance or alcohol misuse.
2. Repeat Physical Examination: Daily re-examination seeking subtle, changing signs such as new murmurs, splinter haemorrhages, or fundoscopic changes.
3. Routine Baseline Investigations: Full Blood Count (WBC with differential), Liver Function Tests (LFTs), Renal Function Tests, Erythrocyte Sedimentation Rate (ESR), C-Reactive Protein (CRP), Chest X-ray, and repeated urinalysis (checking for proteinuria and haematuria).
4. Targeted Specific Investigations: Repeated blood cultures drawn from separate sites with prolonged incubation periods, and targeted cultures of other body sites/fluids.
5. Comprehensive Serology & Blood Films: Serological panels screening for CMV, EBV, Toxoplasma gondii, Rickettsia spp., Syphilis, Typhoid, viral Hepatitis, and HIV.
6. Microscopic and Autoimmune Screens: Thick and thin peripheral blood films to rule out malaria, alongside autoimmune screening (ANA, Rheumatoid Factor).
7. Advanced Imaging Modalities: Advanced cross-sectional imaging including high-resolution Ultrasound, Computed Tomography (CT scan of abdomen/pelvis), Magnetic Resonance Imaging (MRI), or Radionuclide nuclear medicine scanning.
8. Tuberculosis Evaluation: Tuberculosis tracking via the Mantoux skin test or interferon-gamma release assays (IGRA), coupled with regular sputum acid-fast bacilli (AFB) stains and cultures.
9. Invasive Testing: When non-invasive methods fail, tissue biopsy of suspicious nodes/organs or a bone marrow aspirate and trephine biopsy may be required.
Clinical Correlation: Inflammatory tracking within these layers manifests as endocarditis, myocarditis, and pericarditis respectively, collectively categorised under the clinical spectrum of carditis.",
Coronary circulation in health and disease,"Coronary Circulation in Health and Disease
A Comprehensive Reference Guide on Cardiac Perfusion, Pathophysiology, and Clinical Modalities
1. Executive Summary & Core Learning Outcomes
The human heart is a highly specialized muscular pump working continuously 24 hours a day, 7 days a week, executing approximately 60 beats per minute, which sums up to roughly 100,000 contractions per day. To accommodate dynamic physiologic shifts—such as stress, strenuous physical exertion, changes in preload, and alterations in afterload—both heart rate and coronary blood flow must remain capable of modulating up to a five-fold range. This high metabolic activity mandates an uninterrupted, rich supply of oxygenated blood delivered via an expansive, intricate microvascular network spanning approximately 100,000 kilometers of small vessels. This text outlines the structural gross anatomy of coronary circulation, details the modern systemic framework of atherosclerosis as an inflammatory disorder, examines the gender-based diagnostic discrepancies in acute coronary events, and reviews diagnostic and therapeutic advancements.
Core Learning Competencies
Anatomical Profiling:Master the gross anatomical pathways of the major coronary arteries, branches, and venous drainage structures.
Myocardial Perfusion Dynamics:Evaluate the physiological reliance of myocardium on tight matching between metabolic demand and oxygen supply.
Atherosclerotic Pathophysiology:Differentiate the progression timeline of atherogenesis from initial endothelial dysfunction to plaque rupture.
Clinical Syndromes:Analyze the specific clinical consequences of fixed luminal narrowing (stable angina) versus acute thrombotic occlusion (unstable angina and myocardial infarction).
Diagnostic Integration:Synthesize laboratory biomarker profiles (Troponin, CK-MB) and 12-lead electrocardiography (ECG) changes to identify specific vascular territories involved in acute coronary syndromes.
2. Gross Anatomy of the Coronary Vasculature
The coronary arterial tree arises directly from the root of the ascending aorta within the left and right aortic sinuses (sinuses of Valsalva). The primary epicardial vessels distribute blood across the surface of the heart before plunging inward to feed the subendocardial layers.
The Arterial System
The structural layout of coronary arterial blood supply is classified into three core epicardial vascular distributions:
Right Coronary Artery (RCA):Arises from the right aortic sinus and courses through the right coronary sulcus. In the majority of the population, it supplies the right atrium, the right ventricle, and the inferior wall of the left ventricle. Crucially, in most individuals, the RCA provides the primary blood supply to the specialized pacemaker tissues of the heart, specifically the Sinoatrial (SA) node and the Atrioventricular (AV) node.
Left Main Coronary Artery (LMCA):Emerges from the left aortic sinus and quickly bifurcates into two clinically distinct epicardial systems:
	• Left Anterior Descending (LAD) / Anterior Descending Branch:Descends along the anterior interventricular sulcus. It is responsible for perfusing the anterior wall of the left ventricle and the anterior two-thirds of the interventricular septum, including the critical bundle branches of the electrical conduction system.
	• Circumflex Branch (LCx):Tracks posteriorly within the left atrioventricular groove to supply the high lateral wall of the left ventricle and a variable portion of the posterior wall.
The Venous Drainage System
Deoxygenated waste products from myocardial metabolism are returned to the chambers via two major parallel drainage tracks, both ultimately delivering blood back into the right atrium for re-oxygenation:
The Coronary Sinus:Collects the vast majority of venous blood returning from the highly metabolic left ventricle. It is a large venous channel situated in the posterior coronary sulcus that receives tributaries including the great cardiac vein, middle cardiac vein, small cardiac vein, and the oblique vein of the left atrium, emptying directly into the right atrium.
Anterior Cardiac Veins:Small venous structures that bypass the main coronary sinus network entirely, collecting venous blood directly from the wall of the right ventricle and draining directly into the right atrium.
3. Epidemiology and the Atherosclerotic Timeline
Cardiovascular disease remains the second leading cause of mortality in Western society. According to benchmark demographic data from the Australian Bureau of Statistics (2019), cardiovascular events accounted for 25.5% of total recorded deaths (43,249 out of 169,301 total deaths). Within this subclass, coronary heart disease was the single largest driver, responsible for 18,244 deaths. Pathological data highlights that although standard symptom manifestation typically occurs in later decades, coronary artery disease progresses over a multi-decade timeline, often initiating subclinically as early as childhood and adolescence.
The Cellular Timeline of Atherogenesis
Atherosclerosis is no longer viewed merely as a mechanical, passive accumulation of lipids within the vascular wall. Rather, contemporary molecular biology establishes atherosclerosis as a chronic, progressive, lipid-driven inflammatory disease of the arterial wall. The classic histological timeline is broken down into precise developmental periods:
Initial Endothelial Dysfunction (First Decade):Triggered by localized mechanical shear stress, systemic hypertension, chemical toxins from smoking, or hypercholesterolemia. This injury results in increased endothelial permeability, permitting circulating Low-Density Lipoprotein (LDL) particles to enter the subendothelial space of the tunica intima, where they become modified or oxidized (oxLDL).
Foam Cell Accumulation & Fatty Streak Formation:Oxidized LDL prompts the overlying endothelium to express leukocyte adhesion molecules. Circulating monocytes adhere and migrate into the intima, transforming into tissue macrophages. These macrophages express scavenger receptors to internalize oxLDL, becoming lipid-laden foam cells. Visually, aggregated foam cells present as a non-obstructive 'fatty streak' within the vessel.
Intermediate Lesion Progression (Third Decade):Persistent intimal inflammation leads to smooth muscle cell (SMC) migration from the tunica media into the intima. These cells proliferate and synthesize extracellular matrix components, notably collagen, forming an intermediate lesion.
Fibrous Plaque & Advanced Atheroma (Fourth Decade and Beyond):As foam cells undergo apoptosis and necrosis, they release their lipid contents into a core mass, forming an atheroma. This is accompanied by local hypoxia and extracellular matrix remodeling, culminating in a robust fibrous plaque that projects into the vascular lumen, narrowing the diameter and establishing chronic fixed stenosis.
Complicated Lesion & Plaque Rupture:Inflammatory cytokines released by activated T-cells and macrophages degrade the structural collagen framework of the plaque, leading to a rupture-prone 'unstable plaque'. Rupture exposes highly thrombogenic core material to circulating blood, precipitating sudden platelet aggregation, thrombus formation, local hematoma, and immediate vessel occlusion.
4. Risk Factors and Molecular Inflammatory Signaling
The propensity of a patient to develop advanced coronary lesions is governed by a combination of systemic metabolic conditions, modifiable lifestyle behaviors, and non-modifiable genetic risk factors.
Systemic Risk Factor Profiling
Hypertension (High Blood Pressure):Induces physical endothelial shear stress and mechanical damage to vascular walls.
Diabetes Mellitus & Hyperglycemia:Accelerates advanced glycation end-product (AGE) deposition. Excess glucose binds directly to circulating red blood cells and endothelial proteins, causing a direct pro-inflammatory effect.
Cigarette Smoking:Introduces direct chemical toxins that damage the endothelial lining and promote acute coronary vasospasm.
Dyslipidemia & Hypercholesterolemia:Elevated circulating LDL provides the raw substrate required for subendothelial intimal deposition.
Ethnic and Socio-Demographic Vulnerabilities:Significant statistical variances are seen among specific demographic populations. Markedly elevated baseline risks are documented in individuals from the Indian sub-continent, as well as Indigenous populations, including Aboriginal and Torres Strait Islander communities.
Other Core Covariates:Advanced age, male sex (pre-menopause), obesity, physical inactivity, and a strong family history of premature coronary disease.
The NLRP3 Inflammasome Pathway
At the molecular level, the transition of a stable lesion to a volatile, rupture-prone plaque is mediated by specific inflammatory cascades. Intracellular accumulation of cholesterol crystals, alongside Neutrophil Extracellular Traps (NETs) and atheroprone turbulent blood flow, serves as an endogenous danger signal that activates the intra-cellular NLRP3 Inflammasome complex. This triggers the activation of Caspase-1, which processes pro-interleukin-1β into active Interleukin-1β (IL-1β).
Active IL-1β drives systemic downstream inflammatory amplification by stimulating the production of Interleukin-6 (IL-6). IL-6 acts on the liver to prompt the expression and release of classic serum acute-phase reactants, including:
C-Reactive Protein (CRP):A highly sensitive clinical marker utilized to gauge the underlying level of systemic vascular inflammation.
Serum Amyloid A:Involved in matrix remodeling and lipid clearance pathways.
Fibrinogen:Directly promotes coagulation pathways and alters blood viscosity.
5. Clinical Syndromes: Stable Angina vs. Acute Plaque Disruption
The clinical manifestation of coronary artery disease is directly dictated by the structural anatomy of the plaque and the rate at which lumen compromise occurs.
Stable Angina Pectoris
Characterized by a stable plaque featuring a thick, protective fibrous cap and a small, non-volatile necrotic core. The lesion causes fixed mechanical obstruction of the coronary lumen. At rest, blood flow meets standard myocardial metabolic demand. However, during physical exertion or emotional stress, myocardial oxygen demand increases rapidly. Because the fixed stenosis prevents compensatory dilation, a transient mismatch occurs, resulting in brief myocardial ischemia. Clinical presentation includes chest pain or pressure upon exertion, shortness of breath, and dizziness, all characteristically relieved by rest or nitroglycerin.
Unstable Angina and Acute Myocardial Infarction
Driven by an unstable plaque featuring a thin, fragile fibrous cap, an expansive, lipid-rich necrotic core, and heavy local macrophage accumulation. These inflammatory cells produce matrix metalloproteinases that weaken the protective cap. When the plaque ruptures, the internal necrotic core is exposed to the bloodstream. This triggers a rapid thrombotic cascade: immediate platelet aggregation followed by thrombus formation. If the thrombus causes subtotal occlusion, the patient experiences unstable angina (chest pain at rest or with minimal exertion). If the thrombus fully occludes the vessel, it cuts off downstream tissue perfusion, inducing acute myocardial ischemia and downstream infarction (tissue death).
6. Special Considerations: Gender Presentation and Referred Pain Mechanisms
Accurate diagnosis of ischemic heart disease requires an appreciation of diverse clinical presentations across sexes and an understanding of the neurological pathways of visceral pain projection.
Gender-Based Differences in Pathophysiology and Presentation
While the physical macro-anatomy of a woman's heart does not differ from a man's, distinct clinical differences emerge when coronary disease strikes:
Temporal Onset:On average, women present with obstructive coronary artery disease 10 to 20 years later than men, a delay widely attributed to the protective vascular effects of endogenous estrogens prior to menopause.
Mortality Profiles:A woman's first acute coronary event is statistically more likely to result in mortality or adverse outcomes than a man's, frequently due to delays in seeking treatment or diagnostic oversights.
Symptom Variation:Women are less likely to present with classic 'Hollywood' style squeezing retrosternal chest pain. Instead, they frequently report atypical or non-classic symptoms, including localized pain in the back, neck, or jaw, shortness of breath, unexplained profound fatigue, nausea, vomiting, or a general sense of unwellness.
Microvascular Patency:Angina and ischemia in women are frequently driven by coronary microvascular dysfunction, endothelial spasm, or diffuse plaque tracking, rather than a single focal occlusion. Consequently, standard diagnostic procedures like macro-angiography can yield false reassurance by showing no focal blockages, despite severe functional microvascular ischemia.
The Convergence-Projection Theory of Referred Pain
A classic diagnostic indicator of acute myocardial infarction is the presence of referred pain, most commonly radiating down the left arm, or into the jaw, neck, and back. This phenomenon is explained by the neurological Convergence-Projection Theory:
Afferent Convergence:Visceral sensory nociceptors originating from the ischemic myocardium travel retrograde along sympathetic pathways to enter the upper thoracic spinal cord segment levels (T1–T5). Simultaneously, somatic sensory nociceptors from the skin of the left arm, shoulder, and chest enter the exact same spinal cord segments.
Shared Second-Order Tracts:Both the visceral cardiac pain fibers and the somatic cutaneous pain fibers converge onto the same pool of second-order spinothalamic neurons within the dorsal horn of the spinal cord.
Cortical Projection Error:When these second-order neurons project signals up to the thalamus and onto the primary somatosensory cortex, the brain cannot distinguish the true visceral source from the somatic source. Because the brain has historical experience processing somatic cutaneous inputs from the arm and chest rather than visceral inputs from the heart, it projects the perception of pain onto those dermatomal regions.
Embryological development reinforces this shared pathway: during early gestation, the primitive heart tube and the upper limb buds develop out of identical embryonic segments, thereby establishing shared neurological dermatomal tracking.
7. Clinical Diagnosis: Electrocardiography and Serum Biomarkers
Once a patient presents to an acute emergency setting, rapid, standardized diagnostic triage is initiated utilizing a combination of a 12-lead electrocardiogram (ECG) and serial quantitative blood plasma markers.
Electrocardiographic Stratification (STEMI vs. NSTEMI)
Acute coronary syndromes are stratified into two primary tracks based on the depth of myocardial wall damage, which correlates directly with distinct ECG changes:
ST-Elevation Myocardial Infarction (STEMI):Caused by complete, sudden occlusion of an epicardial coronary artery, resulting in full-thickness transmural ischemia. This presents on the 12-lead ECG as profound, characteristic ST-segment elevation.
Non-ST-Elevation Myocardial Infarction (NSTEMI):Caused by subtotal or transient occlusion of a coronary branch. The ischemia is predominantly limited to the highly vulnerable subendocardial layer (partial-thickness infarct). The ECG typically demonstrates ST-segment depression, T-wave inversion, or non-specific abnormalities without ST elevation.
By identifying which precise leads demonstrate ST deviations, clinicians can localize the obstructed artery:
Plasma Cardiac Biomarker Time Course
When cardiac myocytes undergo irreversible necrotic cell death, their cell membranes lose structural integrity, allowing intracellular enzymes and regulatory proteins to leak into the systemic circulation. Serial quantitative laboratory evaluation tracking these markers is essential for verifying myocardial necrosis:
Cardiac Troponins (cTnI and cTnT):The gold standard diagnostic biomarker. Troponins are highly sensitive, structural regulatory proteins unique to cardiac muscle. They begin leaking into circulation within 4 to 10 hours following the onset of myocardial injury, peak within 12 to 24 hours, and can remain elevated for up to 7 to 10 days, providing a reliable diagnostic window. Structurally, the cardiac troponin complex consists of three subunits: Troponin C (which binds calcium), Troponin I (which binds actin to inhibit contraction), and Troponin T (which anchors the complex to tropomyosin).
Creatine Kinase-MB (CK-MB):A specialized tissue enzyme isoform found predominantly within myocardial cells. It rises relatively rapidly within 3 to 4 hours post-infarction, peaks within 24 hours, and rapidly returns to baseline within 48 to 72 hours as it is cleared from circulation. Because of this quick normalization, tracking CK-MB is clinically valuable for detecting acute re-infarction if a patient experiences recurrent chest pain shortly after their initial event.
8. Therapeutic Interventions and Historical Outcomes
Management of acute coronary syndromes centers on rapid mechanical or pharmacological reperfusion to restore blood flow to ischemic tissue before irreversible necrosis expands.
Coronary Angioplasty and Stenting
The gold-standard mechanical reperfusion modality for acute coronary obstruction is Emergent Coronary Angioplasty (Percutaneous Coronary Intervention, PCI):
Catheterization Access:A guide wire and steerable catheter are introduced through a peripheral artery (commonly the radial or femoral artery) and navigated retrograde up to the aorta, where the tip is seated directly into the ostium of the obstructed coronary artery under fluoroscopic guidance.
Angiographic Localization:Contrast media is injected to perform immediate diagnostic coronary angiography, mapping the exact anatomical location and structural percentage of luminal occlusion.
Balloon Inflation & Plaque Compression:An uninflated balloon catheter surrounded by a collapsed wire-mesh stent is advanced across the localized obstruction site. Once positioned, the balloon is inflated. This physically compresses the obstructing atherosclerotic plaque against the arterial wall, expanding the overlying stent grid.
Stent Deployment:The balloon is deflated and withdrawn, leaving the expanded structural stent permanently in place to act as a scaffold that keeps the vessel lumen open, restoring immediate downstream perfusion.
The Historical Evolution of In-Hospital Mortality Rates
Advanced monitoring and mechanical intervention have significantly altered the prognosis of patients experiencing an acute myocardial infarction over the past several decades:
Prior to 1965:In-hospital mortality hovered at approximately 50%. Management was restricted to strict bed rest and passive sedation, with little to no active intervention available.
From 1965 until 1988:Mortality decreased to ~35%. This period saw the introduction of active Cardiopulmonary Resuscitation (CPR), external DC defibrillation, and specialized coronary care units utilizing continuous hemodynamic monitoring to treat fatal arrhythmias.
From 1988 until 1996:Mortality dropped further to ~23%, driven by the clinical introduction of antiplatelet therapy (aspirin), early pharmacological thrombolysis (tissue plasminogen activator), and early balloon angioplasty.
Modern Era (After 1996):Mortality rates reached historic lows of ~10% or less in centers equipped with 24/7 primary PCI capabilities. This milestone resulted from the use of modern dual-antiplatelet therapy, potent glycoprotein IIb/IIIa inhibitors, and drug-eluting stents.
Clinical Insight: The CANTOS Trial & Anti-Inflammatory Therapeutics
The landmark CANTOS Clinical Trial (Ridker et al., 2017, New England Journal of Medicine) verified the inflammatory hypothesis of atherogenesis. Utilizing Canakinumab—a therapeutic monoclonal antibody specifically targeting Interleukin-1β (IL-1β)—investigators demonstrated a significant reduction in recurrent secondary cardiovascular events among myocardial infarction survivors. Crucially, this benefit was achieved completely independent of any lipid-lowering changes, validating inflammation as a key driver of plaque instability.
Anatomical Infarction Zone
Involved 12-Lead ECG Leads
Culprit Coronary Artery
Inferior Wall
II, III, aVF
Right Coronary Artery (RCA)
Anterior & Septal Wall
V1, V2, V3, V4
Left Anterior Descending (LAD)
Lateral Wall
I, aVL, V5, V6
Circumflex Artery (LCx)",
Vascular Endothelium,"The Vascular Endothelium: Master Regulator of Vascular Tone and Cardiovascular Health
Comprehensive Instructional Reference Guide | Monash School of Medicine (MED1100)
1. Introduction and Core Learning Outcomes
The vascular endothelium is no longer viewed as a simple, inert semi-permeable barrier separating flowing blood from interstitial fluid. Today, it is recognized as a highly sophisticated, dynamically active endocrine and paracrine organ that plays a critical role in maintaining systemic cardiovascular homeostasis. This module examines the critical role of the endothelium in modulating vascular smooth muscle tone, the identity and mechanisms of action of endothelium-derived vasoactive factors, and the pathological consequences of endothelial damage.
Core Learning Outcomes
Explain the crucial role of the vascular endothelium in modulating vascular smooth muscle tone.
Identify specific endothelium-derived vasoactive factors (both relaxing and contracting) and delineate their intracellular mechanisms of action.
Analyze the physiological and structural consequences of damage or dysfunction to the vascular endothelium in clinical disease states.
2. Clinical Sentinel Case Study: Paradoxical Coronary Artery Spasm
To understand the fundamental physiological properties of the endothelium, we must look at a classic clinical presentation that illustrates its function:
Clinical Presentation: A 40-year-old female patient presents with classic chest pain occurring predominantly at rest. A diagnostic coronary angiogram is performed to evaluate her symptoms. Following the intracoronary infusion of acetylcholine (ACh), severe, diffuse epicardial coronary artery spasm is observed, which precisely replicates the patient's normal resting symptoms. Subsequently, an intracoronary infusion of nitroglycerin is administered, resulting in the rapid and total resolution of the epicardial spasm.

The Clinical Question: Why does acetylcholine—a molecule traditionally recognized as a potent systemic vasodilator—cause severe, paradoxical coronary artery spasm in this patient, while nitroglycerin successfully rescues the vessel?
3. Historical Milestones: The Discovery of EDRF and Nitric Oxide
For decades, early in vivo and in vitro pharmacological experiments yielded highly conflicting and mixed clues regarding the action of acetylcholine (ACh):
In Vivo Observations: Intravenous (i.v.) bolus administration of ACh into living animal models (e.g., rabbits) consistently produced immediate, profound vasodilation and a sharp decrease in systemic blood pressure.
In Vitro Observations: Conversely, when ACh was applied directly to isolated organ bath preparations of blood vessels, it paradoxically caused a marked increase in tension, signifying robust muscle contraction.
This profound experimental discrepancy was resolved by Robert Furchgott and John Zawadzki in their landmark experiments. They demonstrated that the vascular response to ACh is absolutely dependent on the physical integrity of the internal endothelial lining:
Preserved Endothelium: In intact vascular segments where the endothelial cell layer is fully preserved, the administration of ACh results in a robust, concentration-dependent relaxation of the pre-contracted vascular smooth muscle.
Damaged or Removed Endothelium: If the endothelial lining is mechanically rubbed, stripped, or chemically damaged, the exact same concentration of ACh fails to induce relaxation and instead unmasks a direct contractile response in the underlying vascular smooth muscle.
This discovery proved that acetylcholine does not directly relax smooth muscle. Instead, it acts on endothelial cells to stimulate the release of a highly labile humoral agent that diffuses to adjacent smooth muscle cells to cause relaxation. This substance was termed Endothelium-Derived Relaxing Factor (EDRF). Subsequent rigorous biochemical and pharmacological characterization conclusively identified EDRF as Nitric Oxide (NO), a biologically active, gaseous free radical with an ultra-short half-life of approximately 6 seconds.
4. Nitric Oxide: Biosynthesis, Intracellular Signaling, and Vasoprotection
Biosynthesis Pathway
Nitric oxide is synthesized within endothelial cells from the semi-essential amino acid L-arginine. This chemical reaction is catalyzed by the constitutive, calcium/calmodulin-dependent enzyme endothelial Nitric Oxide Synthase (eNOS or NOS), yielding L-citrulline and NO as products.
Intracellular Molecular Signaling Mechanism
Once generated, NO gas rapidly diffuses across the endothelial cell membrane and enters the adjacent vascular smooth muscle cell (VSMC). The molecular sequence of event is as follows:
Activation of sGC: Intracellular NO binds with high affinity to the heme moiety of soluble Guanylyl Cyclase (sGC), the principal intracellular receptor for NO in smooth muscle.
cGMP Generation: The activation of sGC triggers a dramatic conformational change that catalyzes the intracellular conversion of Guanosine Triphosphate (GTP) into cyclic Guanosine Monophosphate (cGMP).
Calcium Reduction and Relaxation: Elevated levels of intracellular cGMP stimulate cGMP-dependent protein kinases, which collectively act to decrease intracellular free calcium ions ([Ca2+]) via several pathways (e.g., inhibiting influx, stimulating extrusion, or promoting sequestration into the sarcoplasmic reticulum). This drop in intracellular [Ca2+] detaches myosin light chain kinase from actin-myosin complexes, resulting in vascular smooth muscle relaxation and immediate vasodilation.
Physiological Role and Vasoprotective Actions
Nitric oxide is a potent, continuous regulator of physiological blood pressure under basal conditions; pharmacological inhibition of NOS in vivo causes immediate systemic vasoconstriction, raising mean arterial pressure (MAP) by approximately 5 mmHg. Beyond its primary vasodilatory action, NO exerts a comprehensive array of crucial vasoprotective properties:
Anti-inflammatory: It downregulates the expression of endothelial adhesion molecules, thereby robustly preventing leukocyte adhesion and migration into the vascular wall.
Anti-thrombotic: It potently inhibits platelet activation, adhesion, and aggregation, protecting against intravascular clot formation.
Anti-proliferative: It suppresses the abnormal proliferation and migration of vascular smooth muscle cells, preventing pathological vascular wall thickening.
Anti-apoptotic: It maintains endothelial cell viability and protects against premature programmed cell death.
5. Clinical Evaluation and Therapeutic Modulation of the NO Pathway
Shear Stress and Flow-Mediated Dilation (FMD)
Physiological triggers also drive NO release. Mechanical shear stress—the frictional drag force exerted by flowing blood against the endothelial cell membrane—is a potent physical activator of eNOS. In a clinical setting, this pathway is non-invasively assessed via Flow-Mediated Dilation (FMD):
Methodology: A high-resolution ultrasound transducer is placed over the brachial artery to measure its baseline diameter. A blood pressure cuff is placed on the forearm, inflated above systolic pressure to compress the artery and arrest blood flow for several minutes, and then rapidly released.
Mechanism: Upon cuff release, blood rushes into the forearm, creating a transient state of reactive hyperemia. The sudden increase in blood flow dramatically increases mechanical shear stress across the endothelium, stimulating rapid eNOS activation and subsequent NO release.
Diagnostic Value: In a healthy subject, this results in significant vessel dilation. Conversely, a patient with an impaired, dysfunctional endothelium will exhibit a significantly blunted, diminished vasodilatory response, serving as a key early marker of systemic cardiovascular disease.
Pharmacology of Nitrovasodilators
In clinical states characterized by severe endothelial damage or loss of eNOS function, the endogenous production of NO is severely compromised. To bypass this defect, medicine relies on nitrovasodilators, such as Sodium Nitroprusside (SNP) and Glyceryl Trinitrate (GTN/Nitroglycerin):
Mechanism of Action: Nitrovasodilators are exogenous prodrugs that undergo chemical decomposition or enzymatic biotransformation to directly donate NO. Crucially, they do not require a functional or intact endothelium to exert their therapeutic effects; they act directly on the underlying vascular smooth muscle cells to stimulate sGC and generate cGMP.
Clinical Indications: Because their smooth muscle relaxation pathways are fully preserved even in severe vascular disease, these agents are universally utilized for the immediate, acute management of angina pectoris, myocardial ischemia, and acute hypertensive crises.
6. Cooperative Endothelium-Derived Vasodilators: Prostacyclin and EDHF
Nitric oxide does not act in a physiological vacuum; the vascular endothelium simultaneously utilizes multiple parallel pathways to modulate vascular tone:
Prostacyclin (PGI2): Synthesized within endothelial cells via the Cyclooxygenase (COX) enzyme pathway from arachidonic acid. PGI2 is released alongside NO and binds to specific G-protein coupled prostacyclin (IP) receptors on the vascular smooth muscle cell membrane. This activates Adenylyl Cyclase (AC), converting ATP to cyclic AMP (cAMP), which acts via parallel pathways to lower intracellular calcium and prompt relaxation.
Endothelium-Derived Hyperpolarizing Factor (EDHF): Pharmacological experiments have demonstrated that when BOTH the eNOS pathway (using an inhibitor like L-NAME) and the COX pathway (using an inhibitor like Indomethacin) are fully blocked, a significant amount of endothelium-dependent, acetylcholine-induced vasodilation still persists.
This residual dilation is accompanied by a pronounced hyperpolarization of the vascular smooth muscle cell membrane, indicating the existence of a third, distinct factor designated as Endothelium-Derived Hyperpolarizing Factor (EDHF). While the precise identity of EDHF remains complex, its physiological importance varies predictably along the vascular tree:
Conduit Vessels: In large, epicardial conduit arteries (e.g., large coronary arteries, aorta), NO and PGI2 serve as the primary, dominant mediators of vasodilation.
Resistance Vessels: As the vascular tree branches and narrows down into smaller resistance vessels and terminal arterioles, the physiological contribution of NO diminishes, and EDHF begins to play the dominant, major role in controlling local blood flow and systemic vascular resistance.
7. Endothelium-Derived Contracting Factors (EDCFs) and Oxidative Stress
The Physiological Balance
Healthy vascular tone represents a continuous, delicate homeostatic balance between endothelium-derived relaxing factors and endothelium-derived contracting factors (EDCFs). EDCFs are released in response to specific chemical and physical stimuli to prevent excessive, uncontrolled vasodilation.
The Role of Oxidative Stress
Under pathological conditions (e.g., chronic hypertension, hypercholesterolemia, diabetes, smoking), the endothelium undergoes a profound phenotypic switch driven by oxidative stress. The primary biochemical culprit is the overproduction of superoxide anions (O2-), generated largely by upregulated intracellular enzymes such as NADPH Oxidase. Oxidative stress ruins the endothelial profile via two distinct pathways:
Destruction of NO Bioavailability: Superoxide anions react at an ultra-rapid chemical rate with existing nitric oxide. This avid reaction annihilates healthy NO, completely stripping the blood vessel of its basic vasoprotective shield.
Peroxynitrite Formation: This radical-radical reaction generates a highly toxic reactive nitrogen species called Peroxynitrite (ONOO-). Peroxynitrite actively damages structural proteins, directly inhibits eNOS expression, and upregulates endothelial cell adhesion molecules, creating a vicious cycle of endothelial injury.
Upregulation of Pathological EDCFs
When endothelial cells become dysfunctional and highly oxidized, the protective arm is lost, and the release of potent vasoconstricting agents becomes highly upregulated. These pathological EDCFs include:
Angiotensin II (Ang II): A potent peptide that binds to AT1 receptors, provoking robust vasoconstriction and cell proliferation.
Endothelin-1 (ET-1): A powerful, long-acting peptide that normally exhibits a balanced profile: it can act on endothelial ETB receptors to stimulate transient NO release, but its dominant action is binding to smooth muscle ETA and ETB receptors, driving severe, prolonged vasoconstriction. Under normal conditions, ET-1 synthesis is tonicly repressed by active NO. When NO bioavailability is wiped out during disease, this negative feedback loop is lost, unmasking intense, unchecked vasoconstriction. ETA-receptor antagonists are currently used clinically to treat conditions like pulmonary arterial hypertension.
Thromboxane A2 (TxA2) and Prostaglandin H2 (PGH2): Pro-thrombotic, pro-contractile prostanoids derived from arachidonic acid via the COX pathway that bind directly to smooth muscle thromboxane (TP) receptors, driving robust contraction, inflammation, tissue remodeling, and microvascular thrombosis.
8. Resolution of the Sentinel Case Study: The Pathophysiology of Coronary Artery Spasm
With these detailed mechanistic pathways established, we can now fully explain the clinical scenario of our 40-year-old female patient:
The Paradoxical Response to Acetylcholine: Acetylcholine binds to muscarinic (M3) receptors located on BOTH endothelial cells and vascular smooth muscle cells. In a healthy coronary artery, the endothelial M3 receptor activation strongly triggers eNOS to release an abundance of NO, completely overwhelming any direct contractile effect and causing clear vasodilation. However, this patient has severe, underlying endothelial dysfunction. Her endothelial cells are unable to synthesize or release adequate amounts of NO. Therefore, when ACh is infused, there is no protective NO shield. The infused ACh passes straight through the dysfunctional endothelial layer and binds directly to the M3 receptors on the underlying vascular smooth muscle cells, unmasking an unchecked, direct contractile signaling cascade that triggers a severe, diffuse epicardial spasm.
The Successful Rescue by Nitroglycerin: Nitroglycerin acts as an exogenous NO donor. It does not require a functional or intact endothelial cell layer to work. When infused into the coronary circulation, the drug bypasses the dysfunctional endothelium entirely, entering the smooth muscle cells directly. There, it donates exogenous NO, stimulates sGC, increases intracellular cGMP, lowers free [Ca2+], and forcefully drives smooth muscle relaxation, rapidly and completely resolving the life-threatening epicardial spasm.",
Atherosclerosis,"Comprehensive Clinical & Pathological Guide to Atherosclerosis
Based on Senior Medical Lecture Notes • Faculty of Medicine, Nursing and Health Sciences
Monash University
1. Educational Framework & Core Learning Objectives
Atherosclerosis represents the cornerstone of cardiovascular pathology and remains the primary driver of coronary heart disease (CHD), cerebrovascular accidents, and peripheral vascular disease globally. This article provides a rigorous translation of senior medical lectures from Monash University, breaking down the cellular, molecular, and clinical dimensions of plaque development, destabilization, acute presentation, and pharmacology.
By completion of this medical guide, practitioners and students should master:
Pathogenesis: The precise biochemical steps of plaque initiation, lipid infiltration, and leukocyte migration.
Plaque Mechanics: The modern hemodynamic paradigms and biomechanical mechanisms responsible for fibrous cap degradation and rupture.
Therapeutic Interventions: The pharmacology and acute clinical intervention windows for life-threatening ischemic emergencies.
2. Clinical Case Study: Stable Effort Angina
Patient Presentation and Clinical History
A 52-year-old male presents with a distinct history of recent-onset chest discomfort occurring strictly during vigorous physical exertion, such as jogging or swimming. The pain is characterized as substernal and demonstrates classic radiation to the jaw. Crucially, the discomfort completely resolves following 10 to 15 minutes of physical rest.
Metabolic and familial evaluation reveals severe predisposing risk factors: a formal diagnosis of hyperlipidemia was established one year ago (noting significantly elevated total serum cholesterol and low-density lipoprotein [LDL] levels), with documented dietary non-compliance. Familial history is strongly positive for premature coronary heart disease: the patient's father survived an acute myocardial infarction at age 55, and a maternal/paternal uncle succumbed to unspecified cardiac disease at age 60.
Physical Examination & Diagnostic Diagnostics
• Blood Pressure: 145/90 mm Hg (Classified as Stage 2 Hypertension).
• Heart Rate: 80 beats per minute (Normal sinus rate).
• Electrocardiogram (ECG): Rest baseline is completely normal, with the singular exception of slight left ventricular hypertrophy (LVH), reflecting a chronic compensatory adaptation to elevated systemic afterload (hypertension).
Instructor Formulation: Dual-Track Therapeutic Solution
Based on the classic symptom profile and clinical correlation, the diagnosis of stable effort angina is confirmed. According to Katzung's Clinical Pharmacology (Ch 12, 13th Ed), management must follow a strict dual-track approach:
1) Acute Management (Terminating an Attack): To abort or mitigate ischemia during an ongoing acute episode, rapid-acting venodilators must be used. Sublingual Nitroglycerin is administered immediately. Mechanistically, it generates nitric oxide, stimulating cGMP synthesis, which promotes systemic venodilation. This reduces venous return to the heart (preload), lower left ventricular end-diastolic pressure, decreases myocardial wall tension, and directly reduces myocardial oxygen demand.
2) Prophylactic Management (Preventing Future Attacks): Long-term maintenance therapy relies on organic long-acting nitrates, Beta-Blockers (to decrease heart rate and contractility, lowering oxygen consumption), or Calcium Channel Blockers. Concurrent aggressive management must include high-intensity HMG-CoA reductase inhibitors (Statins, e.g., Atorvastatin or Rosuvastatin) to lower LDL, stabilize the plaque matrix, and prevent progression, alongside anti-platelet therapy (low-dose Aspirin) to minimize thrombotic risk.
3. Epidemiology and Hemodynamic Risk Factors
Longitudinal epidemiological studies, notably the landmark Multiple Risk Factor Intervention Trial (MRFIT) published in The Lancet (October 25, 1986), provide irrefutable statistical evidence linking diastolic blood pressure (DBP) and serum cholesterol levels to long-term mortality.
Analysis of the age-adjusted 6-year death rate per 1,000 men demonstrates that both coronary heart disease (CHD) mortality and total mortality display a non-linear, exponential increase at higher percentiles. For instance, when serum cholesterol crosses from the median (~207 mg/dl, 45th percentile) into the 95th percentile (281 mg/dl), or when DBP escalates from 81 mm Hg to 102 mm Hg, mortality curves steepen dramatically. This establishes that intensive, early pharmacological control of blood pressure and lipids yields substantial clinical benefit in patient survival.
4. Biochemical Classification and Atherogenic Potential of Lipoproteins
Lipoproteins are spherical macromolecular complexes of lipids and proteins classified by their density and size. Their structural variations dictate their ability to penetrate the vascular wall and drive atherogenesis:
Chylomicrons: The largest particles, rich in core triglycerides. Synthesized in the gut from dietary lipids, they do not directly penetrate the vascular endothelium due to their bulk.
Very Low-Density Lipoproteins (VLDL): Synthesized by the liver, rich in endogenous triglycerides. They contain Apolipoprotein B-100 (Apo B-100), which acts as the crucial ligand for regular LDL receptor re-uptake. Due to their physical size, intact VLDL particles are unable to cross the tight endothelial barrier.
Low-Density Lipoproteins (LDL): Cholesterol-rich particles derived from VLDL remodeling. LDL contains Apo B-100. Crucially, due to its small physical dimensions, LDL easily penetrates the vascular endothelium, accumulating within the tunica intima where it undergoes structural modifications.
Lipoprotein(a) [Lp(a)]: A highly atherogenic variant formed directly from LDL. It contains Apo B-100 linked to a specialized glycoprotein apolipoprotein(a). Lp(a) shares structural homology with plasminogen and directly competes with it for bindings sites. This competition reduces plasminogen activation, directly impairing fibrinolysis and heavily favoring a pro-thrombotic state.
High-Density Lipoproteins (HDL): Dense, cholesterol-carrying particles. All species contain Apolipoprotein A-I (Apo-A-I), which confers a strong 'protective' effect by executing reverse cholesterol transport—clearing excess cholesterol from peripheral tissues and macrophages and delivering it back to the liver.
Clinical Correlation Matrix: There is a powerful positive correlation between high plasma [LDL] or plaque Lp(a) and accelerated CHD. Conversely, an inverse relationship exists between plasma [HDL] and clinical atherosclerosis, underlining HDL's role as an anti-atherogenic buffer.
5. The Tripartite Molecular Pathogenesis of Plaque Formation
According to the established paradigms of vascular biology (Hansson, NEJM 2005), the transformation of a healthy artery into a complicated atherosclerotic lesion proceeds through three highly coordinated phases:
Phase I: Vascular Endothelial Infiltration and Lipoprotein Oxidation
The process initiates when excess circulating LDL particles pass through a dysfunctional or compromised endothelium into the subendothelial space of the tunica intima. Trapped within this microenvironment, LDL is exposed to reactive oxygen species (ROS) and enzymes, leading to the formation of Oxidized LDL (oxLDL). OxLDL acts as a powerful local cytotoxin and pro-inflammatory stimulus, inducing the overlying endothelial cells to upregulate cell surface adhesion molecules (such as VCAM-1 and ICAM-1) and secrete chemokines.
Phase II: Monocyte Recruitment, Differentiation, and Inflammasome Activation
Circulating monocytes bind to the newly expressed adhesion molecules, initiating a process of continuous leukocyte 'rolling' and eventual diapedesis across the endothelial layer into the intima. Once localized inside the intima, monocytes differentiate into tissue macrophages. These macrophages express scavenger receptors that recognize and internalize oxLDL via unregulated phagocytosis. As they become progressively engorged with cholesteryl esters, they transform into characteristic Foam Cells.
Concurrently, internalized crystalline cholesterol triggers the assembly of intracellular Inflammasomes within the macrophages. The activated inflammasomes enzymatically cleave precursor molecules, driving the potent release of active pro-inflammatory cytokines Interleukin-1β (IL-1β) and Interleukin-18 (IL-18), establishing a chronic inflammatory milieu.
Phase III: Inflammatory / Immune Cell Surveillance and Vascular Amplification
The local chemokine gradient recruits antigen-specific T cells into the growing lesion. Upon interaction with antigen-presenting cells, these T cells become activated and predominantly differentiate into the Th1 phenotype. Activated Th1 cells secrete pro-inflammatory cytokines, including Interferon-gamma (IFNγ), IL-1β, Interleukin-6 (IL-6), and Tumor Necrosis Factor-alpha (TNF-α). IFNγ acts as a potent inhibitor of vascular smooth muscle cell (VSMC) proliferation and collagen synthesis, which significantly weakens the structural integrity of the extracellular matrix.
6. Architectural Timeline and the Vulnerable Plaque Paradigm
The Multi-Decadal Evolutionary Timeline
Atherosclerosis is fundamentally a chronic, slow-progressing disease that spans decades from initiation to symptom onset:
First Decade (Foam Cells & Fatty Streaks): Characterized by initial foam cell clusters and early extracellular lipid deposits. Present in the first decade of life.
Third Decade (Intermediate Lesions & Atheromas): Characterized by smooth muscle cell migration from the media into the intima, accompanied by extracellular matrix deposition (collagen) forming an intermediate lesion and a structured atheroma. Progresses through the third decade.
Fourth Decade onwards (Fibrous Plaques): The classical advanced lesion consisting of a soft, lipid-rich necrotic core covered by a protective superficial fibrous cap. Smooth muscle cells synthesize collagen to actively stabilize the cap against mechanical forces.
Complicated Lesions & Rupture: Characterized by fibrous cap thinning, superficial erosion, or frank mechanical rupture. Rupture exposes highly thrombogenic core contents (including tissue factor) to luminal blood flow, causing rapid thrombosis, localized hematoma, and downstream tissue ischemia.
The Contemporary Paradigm of Remodeling
The classical or 'traditional' view described atherosclerosis as a process of slow, inward concentric luminal narrowing (stenosis) occurring over decades before clinical symptoms emerged. However, the contemporary view incorporates the concept of Outward Compensatory Remodeling (Glagov remodeling). 
In this paradigm, the plaque grows outwardly within the arterial wall without narrowing the lumen during its early stages. Consequently, an advanced, highly unstable plaque may appear angiographically 'mild' or non-stenotic on a standard luminogram. This explains why unexpected cardiac fatalities frequently occur in patients without a history of severe stenosis: a sudden, abrupt rupture of a vulnerable, non-stenotic plaque can instantly trigger an occlusive thrombus.
7. Acute Coronary Syndrome (ACS) and Emergent Pharmacology
Clinical Presentations of Coronary Heart Disease
• Acute Presentation: Includes Acute Coronary Syndrome (ACS), unstable angina, acute myocardial infarction (AMI), and life-threatening ventricular arrhythmias.
• Chronic Presentation: Includes stable effort angina, ischemic cardiomyopathy leading to chronic heart failure, and chronic arrhythmias.
Emergent Interventions for Life-Threatening Events
When an unstable plaque ruptures, immediate revascularization is mandatory to salvage ischemic myocardium. This is accomplished via Percutaneous Coronary Intervention (PCI)/angioplasty, typically involving the mechanical deployment of coronary stents.
In settings where emergency PCI is unavailable, immediate chemical thrombolysis must be deployed. This relies on fibrinolytic agents such as recombinant tissue plasminogen activator (rTPA, e.g., Alteplase). Because ischemic tissue undergoes rapid irreversible necrosis, there is a exceptionally narrow therapeutic window for efficacy.
Biochemical Mechanism of 'Clot-Buster' rTPA
During normal coagulation, the clotting cascade activates Factor Xa, which drives thrombin generation; thrombin then enzymatically cleaves fibrinogen into insoluble fibrin, forming a stable, enmeshed thrombus clot. 
Exogenous rTPA binds directly to the fibrin clot and activates bound Plasminogen, converting it into the active proteolytic enzyme Plasmin. Plasmin then digests the fibrin meshwork into soluble fibrin degradation fragments, effectively dissolving the thrombus and restoring critical luminal blood flow.
Fibrinolytic Clinical Criteria & Complications
• Major Indications: Acute Myocardial Infarction: Must be administered within 12 hours of symptom onset.
• Acute Thrombotic Stroke: Must be administered within a strict 4.5-hour window from last seen well.
• Pulmonary Embolism: Indicated for hemodynamically unstable, massive PE.
• Adverse Effects: Severe, life-threatening internal hemorrhage, most critically gastrointestinal tract (GIT) bleeding or fatal intracranial hemorrhage (hemorrhagic stroke).
8. Long-Term Pharmacotherapy and the Inflammatory Hypothesis
Standard Secondary Prophylaxis
Chronic management aims to stabilize existing plaques, halt progression, and optimize myocardial workload:
Lipid-Lowering Drugs: Statins (HMG-CoA Reductase Inhibitors) reduce circulating LDL levels and exercise important 'pleiotropic' effects, including decreasing vascular inflammation and stabilizing the fibrous cap matrix.
Anti-Platelet / Anti-Coagulant Therapy: Low-dose Aspirin or P2Y12 receptor antagonists inhibit platelet aggregation at sites of endothelial erosion.
Workload Reduction: Beta-Blockers and ACE inhibitors lower systemic blood pressure and decrease myocardial heart rate and contractility, lowering the physical workload on the heart.
The Inflammatory Hypothesis and Future Frontiers
Because atherosclerosis is fundamentally an inflammatory disease, clinical trials have directly targeted the immune pathway. The landmark CANTOS trial evaluated Canakinumab—a therapeutic monoclonal antibody that directly inhibits Interleukin-1β (IL-1β)—in myocardial infarction survivors presenting with persistently elevated C-reactive protein (CRP) levels.
The trial demonstrated that Canakinumab reduced the primary composite endpoint (nonfatal myocardial infarction, nonfatal stroke, and cardiovascular death) by a statistically significant 15%. Crucially, this benefit was achieved without causing any changes in circulating lipid profiles, validating the hypothesis that targeting inflammation independently mitigates cardiovascular risk.
However, in 2018, the FDA did not approve Canakinumab for generic cardiovascular risk reduction. The manufacturing pharmaceutical company elected not to contest the decision, preserving its specialized orphan status for the treatment of rare arthritic conditions. Therefore, while the clinical data confirms that inflammation is an important driver of cardiovascular disease, routine immunomodulatory therapeutic options are still being evaluated.",
Lipid Metabolism,"COMPREHENSIVE INTEGRATION OF LIPID METABOLISM:
MACROMOLECULAR SYNTHESIS, LIPOPROTEIN DYNAMICS, AND KETOGENESIS
Abstract
Based on the Clinical Lecture Series of the Monash School of Medicine
Lipid metabolism represents a core axis of homeostatic maintenance, orchestrating energy storage, architectural cellular compartmentalization, and systemic fuel distribution across varying physiological states. This article compiles and comprehensively analyzes the complex metabolic pathways detailed in medical instruction, focusing on the de novo synthesis and strict regulation of long-chain fatty acids, the operational paradigms of structural and storage lipids, the systemic logistics of the lipoprotein transport fleet, and the vital survival pathways of hepatic ketogenesis during starved states.
1. Introduction to Lipid Function and Macromolecular Anabolism
Lipids serve dual physiological responsibilities crucial for systemic survival: acting as the body's principal long-term Energy STORE within specialized adipose tissues, and providing the basic building blocks for Cellular Membrane Architecture. Cellular membranes rely on an intricate configuration of glycolipids, glycoproteins, cholesterol, and various integral or peripheral proteins (such as alpha-helices and protein channels) to maintain cellular boundary integrity and regulate intracellular signaling.
To fulfill these structural and energetic requirements, cells utilize Fatty Acid Synthesis a highly regulated anabolic process that converts simple carbohydrate- or amino acid-derived fragments into complex, long-chain fatty acids. This building process requires significant metabolic investment, utilizing adenosine triphosphate (ATP) as its energy source and nicotinamide adenine dinucleotide phosphate (NADPH) as its essential reducing power.
2. Fatty Acid Synthesis in the Fed State
2.1 Metabolic Initiation and Cellular Location
De novo fatty acid synthesis is characteristically active during the Fed State, initiated by a dietary abundance of carbohydrates and fats. Upon ingestion, high dietary levels of glucose stimulate glycolysis, breaking down glucose into pyruvate. Pyruvate enters the mitochondrial matrix, where it is converted into Acetyl-CoA by the multi-enzyme pyruvate dehydrogenase complex (PDH), producing carbon dioxide (CO2) and reducing equivalents.
However, a major cellular barrier exists: while Acetyl-CoA is produced inside the mitochondrial matrix via pyruvate oxidation, amino acid catabolism, or fatty acid oxidation, the multi-enzyme complex responsible for assembling fatty acids resides exclusively within the cytoplasm. Because the inner mitochondrial membrane is strictly impermeable to Acetyl-CoA, the cell employs a specific transport mechanism known as the Citrate Shuttle.
2.2 The Citrate Shuttle Mechanism
When dietary energy is abundant, mitochondrial ATP levels rise, and the citric acid cycle slows down, leading to an accumulation of matrix Acetyl-CoA and oxaloacetate. The cell utilizes this accumulation through a two-step transportation cycle:
Mitochondrial Condensation: Inside the matrix, Acetyl-CoA (a 2-carbon molecule) condenses with oxaloacetate (a 4-carbon molecule) to form citrate (a 6-carbon molecule), a reaction catalyzed by citrate synthase.
Acetyl-CoA + Oxaloacetate → Citrate
Cytoplasmic Cleavage: A specific transport protein moves the newly formed citrate across the inner mitochondrial membrane into the cytoplasm. Once in the cytoplasm, the enzyme citrate lyase cleaves the molecule back into its original parts, yielding cytoplasmic Acetyl-CoA and oxaloacetate:
Citrate → Acetyl-CoA + Oxaloacetate
This clever transport system allows Acetyl-CoA to exit the mitochondrion, making it available in the cytoplasm as the primary building block for fatty acid assembly.
2.3 Enzymatic Assembly via Fatty Acid Synthase
Once inside the cytoplasm, the assembly of a 16-carbon saturated fatty acid (palmitic acid) proceeds through a series of step-by-step additions. The process begins with the activation of a 2-carbon Acetyl-CoA molecule into a 3-carbon Malonyl-CoA molecule. This activation step requires an investment of energy (ATP) and the addition of carbon dioxide (CO2).
The actual construction of the fatty acid chain is carried out by the multi-enzyme complex Fatty Acid Synthase. To build a single molecule of palmitic acid, the cell requires a total investment of 8 Acetyl-CoA molecules, 14 NADPH molecules, and 7 ATP molecules. The synthesis proceeds through 7 recurring operational cycles, with each cycle adding 2 carbons to the growing chain. Each cycle consists of four sequential steps:
Condensation: The growing fatty acyl chain condenses with an incoming 3-carbon malonyl group, releasing a molecule of CO2 and leaving a 4-carbon intermediate attached to the enzyme complex.
Reduction: The intermediate undergoes its first reduction, consuming one molecule of NADPH to convert a carbonyl group into a hydroxyl group.
Dehydration: A molecule of water (H2O) is removed, introducing a double bond into the carbon chain.
Reduction: A second reduction step consumes another molecule of NADPH, saturating the double bond and leaving a fully saturated, elongated fatty acyl chain ready for the next round of synthesis.
This four-step cycle repeats until the growing chain reaches exactly 16 carbons. At this precise length, a specific enzyme called Thioesterase cleaves the bond, releasing the finished palmitic acid from the enzyme complex.
3. Regulatory Mechanics of Fatty Acid Anabolism
The primary control point for fatty acid synthesis is the enzyme Acetyl-CoA Carboxylase (ACC), which catalyzes the production of malonyl-CoA. This key enzyme is strictly regulated by both local energy indicators and systemic hormones to match synthesis with the body's overall nutritional status:
Citrate Activation: Cytoplasmic citrate acts as a direct local activator of ACC, signaling that the mitochondria are saturated with energy and that excess fragments should be diverted into storage.
Insulin Activation: Elevated insulin levels during the fed state activate ACC, serving as a hormonal master switch that turns fatty acid synthesis ON.
Palmitoyl-CoA Inhibition: The final product of the pathway, palmitoyl-CoA, acts as a feedback inhibitor, shutting down ACC activity if fatty acids accumulate faster than they can be processed.
Glucagon and Epinephrine Inhibition: Hormones associated with fasting or stress activate a master energy sensor called AMP-activated protein kinase (AMPK). This sensor adds a phosphate group to ACC, rapidly turning fatty acid synthesis OFF to conserve energy.
Prevention of Futile Cycles: To prevent a wasteful loop where newly made fatty acids are immediately broken down, the intermediate molecule Malonyl-CoA directly blocks carnitine palmitoyltransferase I (CPT-1), the gateway enzyme for fatty acid breakdown (β-oxidation) in the mitochondria.
4. Downstream Processing: Storage vs. Structural Lipids
Once fatty acids are synthesized or absorbed, they are converted into complex lipids to meet either storage or structural needs, depending on the body's requirements.
4.1 Synthesis and Regulation of Storage Lipids (Triacylglycerols)
When energy is abundant, fatty acids are stored in adipose tissue as neutral lipids called Triacylglycerols (TAG). The synthesis of TAG begins with Glycerol-3-phosphate, which can be generated via two distinct tissues-specific pathways:
Hepatic Pathway: The liver uses the enzyme glycerol kinase to directly attach a phosphate group to free glycerol, utilizing ATP.
Adipose and General Pathway: In tissues lacking glycerol kinase, the cell uses glycerol-3-phosphate dehydrogenase to convert dihydroxyacetone phosphate (DHAP) an intermediate from carbohydrate breakdown into glycerol-3-phosphate, consuming NADH.
Once glycerol-3-phosphate is available, the cell attaches three fatty acyl chains to the glycerol backbone, producing a completed TAG molecule. This storage pathway is highly responsive to hormonal signals: high insulin levels strongly stimulate TAG synthesis to store excess energy, whereas low insulin levels deactivate synthesis, prompting the breakdown of fat (lipolysis) to release fuel into the bloodstream.
4.2 Assembly of Structural Lipids (Phospholipids)
When the cell needs to build or repair membranes, fatty acids are directed away from storage and into the synthesis of amphipathic Phospholipids. This pathway branches off from the storage pathway at a key intermediate molecule called Phosphatidic Acid, which consists of a glycerol backbone attached to two fatty acyl chains and a polar phosphate head group. By attaching different polar molecules to this phosphate head group, the cell creates the diverse family of membrane phospholipids. These structural lipids are essential for maintaining the unique physical properties and fluid architecture of cellular membranes, and they include:
Phosphatidylserine
Phosphatidylcholine
Phosphatidylethanolamine
Phosphatidylinositol
5. Cholesterol Synthesis, Regulation, and Transport Dynamics
5.1 Synthesis and Complex Regulation of Cholesterol
Cholesterol is a vital structural component of cellular membranes that regulates membrane fluidity and serves as the essential starting material for building vitamin D, steroid hormones, and bile acids. The synthesis of cholesterol is a complex, multi-step pathway that takes place in the cytoplasm. It requires a significant investment of metabolic building blocks (Acetyl-CoA), but notably does not provide any energy when broken down.
The pathway proceeds from Acetyl-CoA through a key intermediate called β-hydroxy-β-methylglutaryl-CoA (HMG-CoA). The critical, rate-limiting step in this process is catalyzed by the enzyme HMG-CoA reductase, which converts HMG-CoA into mevalonate. Because cholesterol synthesis is energetically expensive, this enzyme is tightly regulated by several overlapping control systems:
Hormonal Control: High insulin levels activate the enzyme to promote synthesis during times of nutrient abundance, while glucagon shuts it down to conserve resources during a fast.
Energy Sensing: When cellular energy reserves are low, a rise in AMP activates AMPK, which directly turns off HMG-CoA reductase to stop the energy-expensive pathway.
Feedback Regulation: If intracellular cholesterol levels rise, cholesterol can be converted into signaling molecules called oxysterols. These oxysterols trigger the rapid destruction of HMG-CoA reductase, preventing the cell from overproducing cholesterol.
Intracellular Storage: Excess cholesterol inside the cell is safely packed away into storage as cholesterol esters by the enzyme acyl-CoA:cholesterol acyltransferase (ACAT).
5.2 Systemic Logistics: The Lipoprotein Transport Fleet
Because lipids are hydrophobic molecules, they cannot dissolve in the watery environment of the bloodstream. To move cholesterol, triacylglycerols, and phospholipids throughout the body, the vascular system relies on a specialized transport network of macromolecular vehicles called Lipoproteins. These spherical particles consist of an outer shell made of amphipathic phospholipids, free cholesterol, and specialized tracking proteins called apolipoproteins, which enclose a core filled with highly hydrophobic triacylglycerols and cholesterol esters. This transport network operates through three primary logistical pathways:
The Exogenous Pathway: This pathway handles dietary lipids absorbed by the intestines. The intestines package these dietary fats into large, fat-rich particles called Chylomicrons, which travel through the lymphatic system and bloodstream to deliver nutrients directly to tissues before the remaining remnants are cleared by the liver.
The Endogenous Pathway: This pathway distributes lipids manufactured by the body. The liver packages internally produced fats into Very Low-Density Lipoproteins (VLDL) and releases them into circulation. As VLDLs travel through the body, an enzyme lining the blood vessels called Lipoprotein Lipase (LPL) strips away their triacylglycerols to feed surrounding tissues. As a result, the particles shrink and become more dense, transforming first into Intermediate-Density Lipoproteins (IDL) and ultimately into cholesterol-rich Low-Density Lipoproteins (LDL), which deliver cholesterol to peripheral tissues via receptor-mediated endocytosis.
The High-Density Lipoprotein (HDL) Pathway: Also known as Reverse Cholesterol Transport, this pathway acts as the body's vascular cleanup crew. HDLs are deployed to gather excess cholesterol from peripheral tissues and blood vessel walls, transporting it safely back to the liver for excretion or recycling into bile acids.
5.3 Clinical Implications of Low-Density Lipoproteins
While LDL particles perform the essential job of delivering cholesterol to tissues, an excess of circulating LDL carries severe clinical risks. If LDL levels remain high, these particles can infiltrate the inner lining of blood vessels, where they become trapped and oxidized. This triggers an inflammatory response, leading to a condition known as Hypercholesterolemia.
Over time, the accumulation of high-cholesterol deposits forms a tough, inflamed mass called plaque inside the blood vessels. This buildup narrows the arterial pathways and causes atherosclerosis, which restricts blood flow and can lead to dangerous clots. If a plaque ruptures, it can completely block critical arteries, causing heart attacks or strokes, making managed lipoprotein levels a primary focus of modern cardiovascular medicine.
6. Fatty Acid Catabolism and Ketogenesis in the Starved State
When the body enters a Starved State-such as during prolonged fasting, starvation, poorly managed diabetes, or a severe lack of dietary carbohydrates the hormonal balance undergoes a drastic shift. Circulating insulin levels drop to a minimum, while glucagon levels rise significantly. This hormonal shift activates lipolysis in adipose tissue, releasing a massive flood of free fatty acids into the bloodstream to serve as an alternative energy source.
These free fatty acids travel to the liver, where they enter the mitochondria to undergo intensive breakdown via β-oxidation, producing large amounts of Acetyl-CoA and NADH. Under normal conditions, this Acetyl-CoA would enter the citric acid cycle to be completely oxidized for energy. However, during starvation, the liver's oxaloacetate reserves are depleted because they are diverted into gluconeogenesis to manufacture glucose for the brain. Without oxaloacetate, Acetyl-CoA cannot enter the citric acid cycle, leading to a significant accumulation of Acetyl-CoA inside hepatic mitochondria.
To resolve this bottleneck and free up coenzymes, the liver diverts the excess Acetyl-CoA into a specialized alternative pathway: the synthesis of Ketone Bodies (KB). This vital survival pathway produces three specific molecules:
Acetoacetate (a 4-carbon functional fuel)
D-β-hydroxybutyrate (the most abundant circulating ketone body)
Acetone (a volatile, non-metabolized byproduct excreted via the breath)
Unlike hydrophobic fatty acids, ketone bodies are completely water-soluble molecules. This unique physical property allows them to dissolve easily in the bloodstream and travel freely throughout the body without needing a lipoprotein carrier. Most importantly, ketone bodies can cross the strict blood-brain barrier. When glucose levels are limited, the brain, heart, and skeletal muscles readily absorb these circulating ketones, converting them back into Acetyl-CoA to power their cellular machinery and ensure long-term survival during periods of severe nutrient scarcity.
7. Conclusion and Integrated Take-Home Message
The human body maintains an elegant, state-dependent equilibrium in lipid metabolism. During the fed state, an abundance of nutrients triggers a highly coordinated construction process: the citrate shuttle moves building blocks to the cytoplasm, where fatty acid synthase constructs chains under the encouraging direction of insulin. These fats are then directed into triacylglycerols for storage or phospholipids for membrane health, while cholesterol production is balanced by precise feedback loops to prevent vascular damage.
Conversely, when fasting or starvation depletes carbohydrate reserves, the body pivots to a survival configuration controlled by glucagon. Adipose tissue releases its stored fats, and the liver accelerates β-oxidation. When the processing machinery becomes saturated, the liver converts excess fragments into water-soluble ketone bodies, distributing an alternative fuel source that sustains the brain and vital organs, showcasing the remarkable adaptability of human metabolic design.",
Lipid lowering drugs,"Comprehensive Review of Lipoprotein Metabolism and Lipid-Lowering Pharmacology
Based on the Lectures of Professor Robert Widdop | Monash School of Medicine
1. Core Architectural Framework and Learning Objectives
Managing plasma lipid profiles represents a foundational pillar in cardiovascular medicine. Understanding how lipids are processed, packaged, and transported throughout the physiological compartments of the human body is essential for clinical decision-making. This comprehensive reference text maps out the mechanical and pharmacological principles required to achieve the following competencies:
Distinguish between exogenous and endogenous pathways for lipoprotein production, packaging, transport, and recycling.
Correlate systemic cardiovascular risks with dysfunctional mutations, specifically focusing on familial hypercholesterolaemia (FH) and the critical role of the LDL receptor.
Formulate an evidence-based clinical strategy utilizing non-pharmacological, dietary, and lifestyle interventions.
Detail the molecular mechanism of action, lipid-altering profile, clinical indications, and side effect profiles of major drug classes, with specific emphasis on Statins, Fibrates, and PCSK9 Inhibitors.
Physiological Necessity: Why the Body Demands Lipids
Despite their prominent association with atherosclerotic pathology, lipids are vital for human survival and normal cell function. Ingested fats serve as the body's primary reservoir of stored chemical fuel. Structurally and metabolically, exogenous and endogenous lipids are indispensable across several physiological areas:
Cellular Integrity: Fats form the phospholipid bilayer matrix that defines all mammalian cell membranes.
Biliary Secretion: Cholesterol serves as the core substrate for the production of hepatic bile acids, which are crucial for digesting dietary lipids.
Endocrine Signalling: Cholesterol acts as the universal chemical precursor for all steroid hormones, including glucocorticoids, mineralocorticoids, and sex steroids.
Intracellular Cascades: Lipid derivatives form essential intracellular signaling networks and lipid mediators, such as prostaglandins (PGs) and leukotrienes (LTs).
Metabolic Fuel: Fatty acids undergo beta-oxidation within the mitochondria to provide high-yield adenosine triphosphate (ATP) energy production.
The Lipoprotein Transport Vector Hierarchy
Because lipids are highly hydrophobic entities, they cannot circulate freely within the aqueous matrix of the plasma. Instead, they are transported packaged inside amphipathic macromolecular aggregates known as lipoproteins. These vehicles consist of a hydrophobic core packed with triglycerides and cholesteryl esters, surrounded by a hydrophilic monolayer of phospholipids and specialized proteins known as apolipoproteins. These lipoproteins vary in size, core density, lipid distribution, and apolipoprotein content:
Chylomicrons: The largest and lowest-density particles. They consist predominantly of triglycerides derived from the gastrointestinal tract and dietary absorption.
Very Low-Density Lipoproteins (VLDL): Synthesized by hepatocytes to transport endogenous triglycerides. Because of their structural configuration and large physical size, VLDLs are incapable of passing through the tight boundaries of the blood vessel wall. Notably, VLDL particles display Apolipoprotein B-100 (Apo B-100) on their surface, which acts as the crucial molecular ligand for eventual LDL receptor binding and hepatic re-uptake.
Low-Density Lipoproteins (LDL): Enriched with cholesterol, these particles represent the downstream product of VLDL catabolism. Due to their compact physical size, LDL particles can easily penetrate the vascular endothelial layer, making them highly atherogenic. Like VLDL, they display Apo B-100 as their core structural and targeting protein.
Lipoprotein(a) [Lp(a)]: A specialized structural variant formed directly from an LDL particle variant. It contains Apo B-100 but is bound to a distinct glycoprotein known as apolipoprotein(a). Lp(a) shares significant structural homology with plasminogen, enabling it to competitively block plasminogen activation. This dual nature makes Lp(a) both highly atherogenic and pro-thrombotic.
High-Density Lipoproteins (HDL): The smallest and most dense classification, encompassing numerous unique species. Every sub-species of HDL carries Apolipoprotein A-I (Apo-A-I), which confers its characteristic 'protective' anti-atherosclerotic functionality.
2. Systemic Lipoprotein Metabolic Pathways
The Exogenous Pathway (Gut-to-Tissue)
The exogenous metabolic cascade handles the processing and systemic allocation of lipids derived from dietary intake. Following mechanical and enzymatic breakdown in the gastrointestinal tract (GIT), free fatty acids and monoacylglycerols are absorbed by enterocytes, re-esterified into triglycerides, and packed along with dietary cholesterol into massive chylomicron particles. These chylomicrons are extruded into the intestinal lymphatic system, passing through the thoracic duct to enter the systemic venous circulation.
Once in the bloodstream, chylomicrons navigate capillary beds where they encounter Lipoprotein Lipase (LPL), an enzyme anchored to the capillary endothelium of metabolic tissues, primarily skeletal muscle and adipose tissue. LPL hydrolyzes the dense triglyceride core of the chylomicron, liberating free fatty acids that are rapidly taken up by myocytes for energy production via beta-oxidation, or by adipocytes for long-term lipid storage. The remaining compressed, cholesterol-rich particle—termed a chylomicron remnant—is subsequently cleared from the circulation by specific hepatic receptors that recognize surface apolipoproteins.
The Endogenous Pathway (Liver-to-Tissue)
The endogenous pathway handles the distribution of lipids synthesized within the liver. When the liver requires the systemic export of lipids, hepatocytes assemble and secrete VLDL particles packed with cholesterol and triglycerides. These particles enter the plasma compartment and travel to peripheral capillary beds.
Mirroring the exogenous cascade, the VLDL particles encounter endothelial-bound Lipoprotein Lipase (LPL) in skeletal muscle and adipose tissues, undergoing progressive triglyceride hydrolysis. As the triglyceride core is systematically dismantled, the VLDL particle shrinks and increases in density, transforming into a VLDL remnant (also known as an Intermediate-Density Lipoprotein, or IDL).
These remnant particles face two metabolic fates: approximately half are taken up by the liver via receptor-mediated endocytosis, while the remainder undergo further lipolysis and modifications to convert into Low-Density Lipoproteins (LDL). The resulting LDL particle serves as the primary systemic vector for delivering cholesterol to peripheral cells that require it for structural maintenance or steroidogenesis.
Receptor-Mediated Endocytosis and Reverse Cholesterol Transport
To deliver its cargo, the surface-bound Apo B-100 ligand on the LDL particle binds with high affinity to specialized Low-Density Lipoprotein Receptors (LDL Receptors, or LDL-Rec) expressed on the surface of hepatocytes and peripheral cells, such as vascular smooth muscle cells (VSMCs). Once bound, the receptor-LDL complex undergoes clathrin-mediated endocytosis, internalizing the particle within an early endosome. The endosome eventually fuses with a lysosome, where acid hydrolases dismantle the lipoprotein, freeing cholesteryl esters into free cholesterol for cellular utilization. Crucially, the LDL receptor typically dissociates from its ligand within the acidic endosomal environment and recycles back to the plasma membrane to clear additional circulating LDL particles.
Conversely, excess cholesterol residing within peripheral cells must be cleared to prevent toxic accumulation. This counter-regulatory mechanism is driven by Reverse Cholesterol Transport (RCT). High-Density Lipoprotein (HDL) acts as the primary clearance vehicle in this pathway. It dynamically removes excess, unesterified cholesterol from peripheral tissues and macrophage foam cells within the vascular wall. This extracted cholesterol is integrated directly into the protective Apo-A-I structural shell of the HDL particle, which transports it safely back to the liver for excretion in the form of bile acids, effectively minimizing vascular lipid accumulation.
3. Dyslipidemia and Clinical Cardiovascular Risk
Dyslipidemias are clinically categorized based on the underlying biochemical defect and the specific lipid component that has accumulated out of its normal physiological range. Primary hyperlipidaemia is defined by an intrinsic genetic mutation or severe dietary excess, presenting as pure hypercholesterolaemia, pure hypertriglyceridaemia, or mixed (combined) hyperlipidaemia. Secondary hyperlipidaemia arises as a downstream metabolic consequence of an underlying medical condition or pharmacological intervention, including:
Diabetes Mellitus: Insulin resistance dysregulates normal LPL activation and accelerates hepatic VLDL secretion.
Chronic Alcoholism: Ethanol metabolism alters the hepatic NAD+/NADH ratio, driving fatty acid synthesis and triglyceride storage.
Obstructive Liver Disease: Biliary stasis blocks the normal elimination pathway for excess cholesterol, resulting in systemic backup.
Pharmacological Agents: Therapies such as thiazide diuretics and beta-adrenoreceptor antagonists (beta-blockers) can adversely alter plasma lipid kinetics.
Familial Hypercholesterolaemia (FH) and the Feedback Cascade
Familial Hypercholesterolaemia (FH) represents a critical genetic model that demonstrates the severe cardiovascular consequences of defective lipid clearance. Classic FH is caused by a loss-of-function mutation in the gene encoding the LDL receptor, radically impairing receptor-mediated endocytosis of LDL from the plasma.
Under normal physiological conditions, intracellular cholesterol content within hepatocytes is strictly maintained via an elegant feedback inhibition loop. When intracellular cholesterol levels rise, the cell executes three regulatory actions:
Downregulates Hydroxy-Methyl-Glutaryl Coenzyme A Reductase (HMG-CoA Reductase), the rate-limiting enzyme in the de novo cholesterol biosynthetic pathway.
Upregulates Acyl-CoA:Cholesterol Acyltransferase (ACAT) to esterify excess free cholesterol into inert cholesteryl oleate droplets for intracellular storage.
Downregulates the transcription and translation of new surface LDL Receptors to prevent further cellular influx.
In individuals who are homozygous for FH, the cells completely lack functioning, high-affinity LDL receptor binding sites. Because circulating LDL cannot enter the hepatocyte, the normal feedback mechanism fails to sense the systemic surplus. Consequently, the liver continues to synthesize cholesterol de novo and secrete VLDL, leading to profound, unchecked elevations in circulating plasma LDL levels.
The clinical manifestations of this disease are severe. Because the normal clearance pathway is blocked, plasma LDL-derived cholesterol infiltrates interstitial spaces and is engulfed by scavenger macrophages. This process forms xanthomas—visible, firm lipid deposits within the skin and tendons. Tragically, a identical process occurs within the coronary arteries, where extensive accumulation of LDL-derived cholesterol forms complex atheromas within the arterial walls. In homozygous individuals, this aggressive atherogenesis causes premature coronary artery disease, often leading to myocardial infarctions during childhood.
4. Therapeutic Intervention Strategies
Non-Pharmacological Lifestyle and Dietary Modification
Clinical guidelines stress that lifestyle and dietary interventions should form the foundation of dyslipidemia management before initiating drug therapy, unless an exceptionally high absolute risk demands immediate pharmacological support. According to established therapeutic guidelines, specific lifestyle modifications yield highly predictable changes in lipid profiles:
Reduction of Saturated and Trans Fats: Directly lowers circulating LDL-C by minimizing the core substrate available for atherogenic lipoprotein assembly.
Substitution with Unsaturated Fats: Replacing saturated fats with monounsaturated and polyunsaturated fats stabilizes membrane fluidity and promotes clear lipid kinetics.
Increased Soluble Fibre Intake: Soluble fibers physically bind bile acids within the intestinal lumen, preventing their reabsorption and forcing the liver to consume internal cholesterol stores to synthesize new bile.
Plant Sterol Enrichment: Introducing milk, margarine, or cheese products enriched with plant sterols represents the single most effective dietary measure. These compounds competitively inhibit cholesterol absorption across the brush border membrane, lowering LDL-C by 10% to 15%.
Weight Loss and Physical Activity: Crucial for patients who are overweight or obese. While dietary changes primarily target LDL-C, increasing physical activity combined with weight loss represents the most effective lifestyle intervention for elevating high-density lipoprotein cholesterol (HDL-C) levels.
Clinical Thresholds for Pharmacological Initiation
According to established therapeutic guidelines (eTG), initiating lipid-modifying drug therapy alongside lifestyle interventions is dictated by absolute cardiovascular risk thresholds rather than isolated lipid values:
Established Atherosclerotic Cardiovascular Disease (ASCVD): Any patient with a documented history of clinical ASCVD requires immediate lipid-lowering pharmacotherapy.
High Absolute Risk Factors: Patients presenting with extreme clinical markers—including a Total Cholesterol (TC) concentration exceeding 7.5 mmol/L, an LDL-C concentration above 4.9 mmol/L, pre-existing diabetes mellitus, chronic kidney disease (CKD), or severe hypertension—are automatically categorized as high absolute risk. These individuals require drug therapy immediately, bypassing the need for absolute risk calculations.
Calculated 5-Year Risk: Individuals with an absolute calculated cardiovascular risk score exceeding 15% over a 5-year period must be initiated on lipid-modifying medication.
5. Comprehensive Pharmacological Reference
When lifestyle modifications prove insufficient or clinical markers place a patient in a high-risk category, selecting an appropriate drug regimen is guided by the patient's predominant lipid phenotype: pure hypercholesterolaemia, pure hypertriglyceridaemia, or mixed dyslipidaemia.
Class 1: HMG-CoA Reductase Inhibitors (Statins)
Statins represent the cornerstone of first-line therapy for hypercholesterolaemia and cardiovascular risk reduction. Standard clinical options include Atorvastatin (Lipitor), Rosuvastatin (Crestor), and Simvastatin (Zocar).
Lipoprotein Modification Profile:
• LDL-C: Huge, profound reduction (most pronounced with high-intensity atorvastatin and rosuvastatin).
• Triglycerides (TG): Moderate reduction.
• HDL-C: Mild to moderate elevation.
Clinical Indications and Pleiotropic Effects:
Statins are extensively indicated for the primary prevention of cardiovascular disease in high-risk patients with elevated cholesterol, and for secondary prevention against recurrent myocardial infarction or stroke in patients with established coronary heart disease (e.g., post-STEMI), irrespective of their baseline cholesterol levels. Notably, statins exert valuable clinical benefits completely independent of their lipid-lowering capacity, known as pleiotropic effects. These include stabilizing vulnerable atherosclerotic plaques, reducing vascular inflammation, and improving endothelial nitric oxide function.
Adverse Side Effect Profile:
Statins are generally well-tolerated. Mild side effects include transient gastrointestinal disturbances and mild, reversible memory loss in a small subset of patients. The most significant, though rare, adverse effect is concentration-dependent muscle toxicity, ranging from benign myalgias to severe rhabdomyolysis—a life-threatening condition characterized by profound muscle breakdown, marked creatine kinase elevations, and acute renal failure.
Class 2: Fibric Acid Derivatives (Fibrates)
Fibrates are the primary therapeutic option for targeted triglyceride reduction. Key agents include Gemfibrozil and Fenofibrate.
Lipoprotein Modification Profile:
• Triglycerides (TG): Marked, profound reduction.
• LDL-C: Moderate reduction.
• HDL-C: Moderate to significant elevation.
Clinical Indications and Special Precautions:
Fibrates are primarily indicated for treating severe hypertriglyceridaemia or mixed hyperlipidaemia when elevated triglycerides dominate the cardiovascular risk profile. Common side effects are limited to mild gastrointestinal distress. However, fibrates are entirely contraindicated and must be strictly avoided in patients with pre-existing severe hepatic dysfunction or liver disease.
Class 3: Cholesterol Absorption Inhibitors
This class targets the entry of exogenous and biliary cholesterol into the body via two separate pharmacological mechanisms: bile acid binding resins and direct transport inhibitors.
Sub-Class 3a: Bile Acid Binding Resins
Clinical examples include Colestipol and Cholestyramine. These agents are large, positively charged polymer resins that are completely insoluble in water and cannot be absorbed across the intestinal epithelium.
Bile acids are synthesized from cholesterol within the liver, pass into the duodenum via the bile duct to emulsify dietary fats, and are normally reabsorbed with high efficiency in the terminal ileum via enterohepatic recycling. Resins work by ionically binding to these negatively charged bile acids within the intestinal lumen, forming an insoluble complex that blocks reabsorption and forces their excretion in the feces. This interruption in enterohepatic circulation depletes the hepatic bile acid pool, compelling the liver to upregulate cholesterol metabolism to synthesize new bile acids. This process depletes intracellular hepatic cholesterol, triggering a compensatory upregulation of surface LDL Receptors that enhances LDL clearance from the plasma.
While effective for hypercholesterolaemia and mixed hyperlipidaemia, their clinical utility is frequently limited by high-volume dosing requirements (many grams per dose) and significant gastrointestinal side effects, such as bloating, abdominal discomfort, and constipation.
Sub-Class 3b: Direct Selective Absorption Inhibitors (Ezetimibe)
Ezetimibe represents a distinct, high-potency cholesterol absorption inhibitor that overcomes many of the compliance challenges associated with resins.
Unlike resins, ezetimibe does not bind bile acids globally. Instead, it selectively localizes to the brush border of the small intestine, where it binds to and blocks the specific transport protein Niemann-Pick C1-Like 1 (NPC1L1). This targeted blockade disrupts the active transport of both dietary and biliary cholesterol across the intestinal wall into enterocytes, without affecting the absorption of triglycerides or fat-soluble vitamins.
Because it acts via high-affinity receptor inhibition, ezetimibe is effective at milligram-scale doses (compared to the multi-gram requirements of resins) and is exceptionally well-tolerated. It is widely utilized as a powerful add-on therapy to statin regimens, providing further reductions in LDL-C and significantly improving long-term cardiovascular outcomes.
Class 4: Nicotinic Acid (Niacin / Vitamin B3)
Nicotinic acid acts through broad lipid-modifying pathways, though its exact molecular mechanisms remain partially uncharacterized. It directly blocks the rate of VLDL secretion from hepatocytes, which downstream reduces the synthesis and circulation of both LDL and triglycerides. Notably, niacin is one of the few pharmacological agents capable of significantly decreasing Lipoprotein(a) [Lp(a)] levels. Its overall profile achieves moderate reductions in LDL and triglycerides while providing a robust increase in plasma HDL-C.
Class 5: Purified Fish Oils (Omega-3 Fatty Acids)
Extensive epidemiological evidence establishes a clear link between high-fish diets and a reduced absolute risk of cardiovascular disease. This benefit can be therapeutically harnessed using purified omega-3 fatty acid concentrates, primarily eicosapentaenoic acid (EPA). These agents are highly effective at lowering circulating triglyceride levels, though clinicians must note that over-the-counter fish oil products exhibit highly variable fatty acid content and require careful evaluation to ensure therapeutic efficacy.
Class 6: PCSK9 Inhibitors (Advanced Biologics)
Representing the newest advanced biologic class in the lipid-lowering arsenal, this category features fully humanized monoclonal antibodies, specifically Alirocumab (Sanofi/Regeneron) and Evolocumab (Amgen).
Lipoprotein Modification Profile:
• LDL-C: Monumental, unprecedented decrease of >50% to 60%, even in patients already optimized on maximally tolerated high-dose statin therapy or those with severe heterozygous FH.
Clinical Indications and Trial Evidence:
PCSK9 inhibitors are strictly approved for patients with confirmed Familial Hypercholesterolaemia (alongside strict diet and exercise), individuals at extremely high cardiovascular risk requiring intensive lipid lowering beyond statins, or patients with documented, severe statin intolerance. Administered via subcutaneous injections every 2 to 4 weeks, large-scale clinical trials demonstrate that adding a PCSK9 inhibitor to a background statin regimen significantly reduces major adverse cardiovascular events (MACE) over a 2-year period, with particularly robust risk reduction observed in FH cohorts. However, clinical guidelines emphasize that due to high cost and utilization metrics, oral Ezetimibe must always be deployed alongside a statin before escalating a patient to a PCSK9 inhibitor.
6. Comprehensive Pharmacological Selection Matrix
The following reference table provides a side-by-side comparison of the core lipid-lowering drug classes to guide clinical selection based on the patient's specific lipid phenotype and risk profile:

Reference Source Query: Monash School of Medicine Lecture Materials - Pharmacology Series: Lipid Lowering Drugs (Prof. Robert Widdop)
Mechanism of Action: Statins act as potent, competitive inhibitors of Hydroxy-Methyl-Glutaryl Coenzyme A (HMG-CoA) Reductase, the rate-limiting enzyme that catalyzes the conversion of HMG-CoA into mevalonic acid during de novo hepatic cholesterol synthesis. By blocking this internal biosynthetic pathway, statins acutely deplete intracellular cholesterol pools within hepatocytes. This depletion triggers a crucial homeostatic feedback loop: the hepatocyte upregulates the transcription and surface expression of LDL Receptors. The resulting increase in high-affinity receptors dramatically accelerates the clearance of LDL particles from the plasma, achieving major reductions in circulating LDL-C.
Mechanism of Action: Fibrates function as selective agonists for the nuclear transcription factor Peroxisome Proliferator-Activated Receptor-alpha (PPAR-alpha). Activating PPAR-alpha downregulates or upregulates a broad array of metabolic genes. Crucially, it drives the upregulation and stimulation of Lipoprotein Lipase (LPL) expression within skeletal muscle and adipose tissues, while simultaneously decreasing hepatic VLDL synthesis and assembly. Concurrently, it enhances hepatic LDL uptake kinetics.
Mechanism of Action: Proprotein Convertase Subtilisin/Kexin type 9 (PCSK9) is a serine protease synthesized by hepatocytes and secreted into the plasma. Under normal physiological conditions, circulating PCSK9 binds directly to the extracellular domain of the LDL receptor on the hepatocyte membrane. When the LDL receptor undergoes endocytosis, the bound PCSK9 blocks the receptor's ability to dissociate from its ligand within the endosome. Instead of recycling to the surface, the entire complex is routed to a lysosome for complete degradation, reducing surface LDL receptor density. By using monoclonal antibodies to bind and inhibit plasma PCSK9, these agents prevent receptor degradation and markedly promote surface LDL receptor expression and recycling.
Drug Class (Examples)
Primary Molecular Target
LDL-C Impact
Triglyceride Impact
HDL-C Impact
Statins
(Atorvastatin, Rosuvastatin)
HMG-CoA Reductase Inhibition
Profound Decrease
(First Line)
Moderate Decrease
Mild-Moderate Increase
Fibrates
(Fenofibrate, Gemfibrozil)
PPAR-alpha Nuclear Receptor Agonism
Moderate Decrease
Profound Decrease
(Targeted)
Moderate Increase
Bile Acid Resins
(Cholestyramine)
Ionic Luminal Binding of Bile Acids
Moderate Decrease
Neutral / Slight Influx
Slight Increase
Ezetimibe
NPC1L1 Intestinal Transporter Blockade
Moderate Decrease
(Statin Add-On)
Mild Decrease
Slight Increase
Nicotinic Acid
(Niacin)
Inhibition of Hepatic VLDL Secretion
Moderate Decrease
Moderate Decrease
Significant Increase
PCSK9 Inhibitors
(Evolocumab, Alirocumab)
Monoclonal Blockade of PCSK9 Protease
Monumental Decrease
(>50-60%)
Mild Decrease
Neutral / Slight Increase",