lecture_id,content,
"Clinical anatomy of lungs, pleura & spaces","Clinical Anatomy of the Lungs, Pleura, and Spaces
Introduction to Serous Layers
The anatomical layers known as the pleura and peritoneum are essential ""glad-wrap"" like structures that dictate clinical outcomes. These mesothelial layers are not merely passive coverings; they manage fluid accumulation and flow, determine surgical access points, and are critical for diagnosing symptoms such as intercostal nerve pain or an ileal carcinoid. Their primary functions include facilitating movement during respiration or pregnancy and acting as a barrier to prevent the spread of infection.
Functional Anatomy of the Thoracic Wall
The primary function of the thoracic wall is the coordination of movement between the lungs and the thoracic cage while minimizing friction. This coordination is achieved through two key structures:
•	The Diaphragm: The primary muscle of inspiration, a domed structure innervated by the Phrenic Nerve (C3, C4, C5).
•	The Pleura: A simple epithelial layer (mesothelium) that surrounds the lungs to allow smooth sliding against the thoracic cage.
The Pleura: Divisions and Innervation
The pleura consists of two continuous layers that meet at the hilum of the lung. While the visceral pleura covers the lungs themselves, the parietal pleura lines the body wall and is responsible for sensing pain. The parietal pleura is divided into four distinct regions:
•	Costal: Lines the internal thoracic wall.
•	Mediastinal: Covers the lateral aspects of the mediastinum.
•	Diaphragmatic: Covers the superior surface of the diaphragm.
•	Cervical (Cupola): Extends above the 1st rib into the superior thoracic aperture.
The pleural cavity is a potential space. Under normal physiological conditions, it contains only a thin layer of serous fluid to minimize friction.
Clinical Reflections and Recesses
Anatomical boundaries, known as lines of pleural reflection, are used for diagnostics. The costodiaphragmatic recesses are regions where the parietal pleura reflects from the ribs to the diaphragm and are primary sites for identifying fluid accumulation. Clinicians also use surface projections, such as the mid-clavicular line and the cardiac notch, to map the lungs' relationship to the body wall.
Embryological Origins
Both the pleura and peritoneum originate from a single sheet of mesoderm (Day 20). The parietal (somatic) mesoderm lines the body wall, while the visceral (splanchnic) mesoderm covers the internal organs. This developmental origin explains the continuity of the layers and their specific innervation.
The Peritoneum and Abdominal Spaces
The peritoneum follows similar principles to the pleura, providing flexibility for organ mobility. Structures are categorized based on their relationship to this layer:
•	Intraperitoneal: Suspended within the cavity (e.g., Stomach, Liver).
•	Retroperitoneal: Located behind the peritoneum (e.g., Kidneys, Aorta).
•	Secondarily Retroperitoneal: Initially intraperitoneal organs that became fixed posteriorly (e.g., Pancreas, Ascending/Descending Colon).","The serous membrane surrounding the lungs is the {{c1::pleura}}, while the membrane in the abdomen is the {{c2::peritoneum}}. | These act like ""glad wrap"" for the organs [cite: 1].
The peritoneum {{c1::restricts}} the movement of fluids, forcing them to move within its {{c2::folds}}. | This helps compartmentalize the abdominal cavity [cite: 2]. [Image of the folds of the peritoneum]
Anatomical layers like the pleura/peritoneum help {{c1::surgeons}} determine how many layers to {{c2::penetrate}} during a procedure. | [cite: 3]
Pleural swelling is often caused by {{c1::infections}}. | Swelling of the pleura can be visualized on imaging [cite: 4, 5].
Increased friction in the pleura can result in {{c1::visceral pain}}. | [cite: 6]
During {{c1::pregnancy}}, the pleura remains flexible and helps {{c2::hold organs in place}} as their positions change. | [cite: 7]
The primary function of the pleura is to {{c1::reduce friction}} as the lungs slide along the {{c2::parietal wall}}. | [cite: 8]
The pleura consists of two layers: the {{c1::visceral}} layer (on the organ) and the {{c2::parietal}} layer (on the body wall). | [cite: 9] [Image of the pleural layers]
The space located between the visceral and parietal pleura is called the {{c1::pleural space}}. | [cite: 10]
The embryonic tissue from which the pleura originates is the {{c1::mesothelium}}. | [cite: 11]
The visceral and parietal pleura are continuous with each other at the {{c1::point of reflection}} located at the back. | [cite: 12]
The double layer of peritoneum that suspends abdominal organs is called the {{c1::mesentery}}. | [cite: 13]
The {{c1::celiac trunk}} of the aorta passes through the mesentery in the abdomen. | [cite: 14]
The {{c1::pulmonary ligament}} is the equivalent structure in the lungs to the mesentery in the abdomen. | [cite: 15]
The {{c1::costodiaphragmatic recess}} is located {{c2::two}} ribs below the surface projection of the lung. | This area is where the pleural reflection occurs at the bottom of the lungs [cite: 16]. [Image of the costodiaphragmatic recess]
The {{c1::costodiaphragmatic recess}} is a common site used to {{c2::extract fluid}} (thoracentesis). | [cite: 17]
The {{c1::cardiac notch}} allows medical access to the heart without penetrating the {{c2::lungs}}. | [cite: 18]
The heart is pushed from the {{c1::neck}} into the lungs during development and has {{c2::two}} parietal layers. | [cite: 19]
Unlike the visceral layer, the {{c1::parietal}} pleura can sense pain, often as {{c2::referred pain}}. | This follows Hilton's (Hillock's) Law [cite: 20].
Pain in the **costal** region of the parietal pleura is transmitted via {{c1::intercostal}} nerves. | [cite: 21]
Pain in the **mediastinal** (medial) region of the parietal pleura is rarely transmitted via the {{c1::vagus}} nerve. | [cite: 22]
Pain in the **diaphragmatic** (inferior) region of the parietal pleura is transmitted via the {{c1::phrenic}} nerve. | [cite: 23]
The **cervical** (superior) region of the pleura is a critical area often involved in {{c1::stab wounds}}. | [cite: 24]
In the thorax, the parietal pleura is attached to the body wall by the {{c1::endothoracic fascia}}. | [cite: 25]
In the abdomen, the parietal pleura is attached to the body wall by the {{c1::transversalis fascia}} and {{c2::extraperitoneal fat}}. | [cite: 26]
Organs surrounded on all sides by visceral peritoneum are classified as {{c1::intraperitoneal}} viscera. | [cite: 27]
Organs surrounded on only one side by visceral peritoneum are classified as {{c1::retroperitoneal}} viscera. | [cite: 28] [Image of retroperitoneal vs intraperitoneal organs]
{{c1::Secondarily retroperitoneal}} organs start as intraperitoneal but become retroperitoneal due to {{c2::folding and sticking}}. | [cite: 29]
List the layers of the thoracic wall from **inner to outer**: <br>1. Organs (Lungs/Trachea)<br>2. {{c1::Visceral and parietal pleura}}<br>3. {{c2::Endothoracic fascia}}<br>4. {{c3::Intercostal muscles + fascia}}<br>5. {{c4::Superficial fascia}}<br>6. Skin | [cite: 30, 31, 32, 33, 34, 35, 36]
Although it forms the base of the thoracic space, the {{c1::diaphragm}} is actually {{c2::superior}} to the bottom of the thoracic cage. | [cite: 37, 38]
Abdominal organs such as the {{c1::liver}}, {{c2::spleen}}, and {{c3::kidneys}} are protected by the thoracic cage. | [cite: 39] [Image of the abdominal organs protected by ribs]
Because the abdomen is under the diaphragm, {{c1::breathing in}} (inspiration) results in {{c2::restricted}} space in the abdomen. | [cite: 40]
In embryology, the {{c1::amnion}} (annion) eventually develops into the {{c2::body wall}}. | [cite: 42]
In embryology, the middle section develops into the {{c1::gut tube}}. | [cite: 43]
The lungs share the same {{c1::pleural layer}} as the stomach, intestines, and liver because they originate from the {{c2::gut tube (middle section)}}. | [cite: 45]
During development, the {{c1::oesophagus}} and {{c2::trachea}} must separate. | [cite: 46]"
Respiratory module 1: Biomechanics of breathing,"Biomechanics of Breathing
Mechanics of Pulmonary Ventilation
Pulmonary ventilation, or breathing, is the mechanical process of moving air into and out of the lungs. This process relies on the relationship between the thoracic cage and the lungs, driven by pressure gradients. Air flows from regions of higher pressure to regions of lower pressure.
Pressure Relationships in the Thoracic Cavity
Three key pressures regulate ventilation:
•	Atmospheric Pressure (Patm): The pressure exerted by the air surrounding the body.
•	Intra-alveolar Pressure (Palv): The pressure within the alveoli, which fluctuates with breathing but eventually equalizes with Patm.
•	Intrapleural Pressure (Pip): The pressure within the pleural cavity, which is always negative relative to Palv (typically -4 mmHg). This negative pressure acts as a 'suction' to keep the lungs inflated.
Boyle's Law and Inspiration/Expiration
Boyle's Law states that the pressure of a gas is inversely proportional to its volume (P = 1/V). During inspiration, the diaphragm and external intercostal muscles contract, increasing thoracic volume. This volume increase leads to a decrease in intra-alveolar pressure, drawing air into the lungs. During expiration, these muscles relax, volume decreases, pressure increases, and air is expelled.
Factors Affecting Ventilation
1. Lung Compliance
Compliance refers to the 'stretchability' of the lungs. It is defined as the change in lung volume resulting from a change in transpulmonary pressure. High compliance means the lungs expand easily. This is influenced by the distensibility of lung tissue and alveolar surface tension (regulated by surfactant).
2. Airway Resistance
The primary factor affecting resistance is the airway radius. According to Poiseuille’s Law, resistance is inversely proportional to the fourth power of the radius (R _ 1/r^4). Small changes in radius (e.g., during bronchoconstriction) lead to massive changes in work required for breathing.
Measuring Lung Function: Spirometry
Spirometry measures the volume of air an individual can inhale or exhale as a function of time. Key metrics include:
•	Tidal Volume (TV): Air moved in/out during a normal breath.
•	Vital Capacity (VC): Maximum air exhaled after maximum inhalation.
•	FEV1: Forced Expiratory Volume in 1 second.
•	FVC: Forced Vital Capacity.
Clinical Applications
Obstructive Disease (e.g., Asthma): Characterized by increased airway resistance. FEV1/FVC ratio is significantly reduced (e.g., <70%).
Restrictive Disease (e.g., Fibrosis): Characterized by reduced lung compliance and 'stiff' lungs. Total lung capacity is reduced, but the FEV1/FVC ratio typically remains normal or high.","During inspiration, the chest moves {{c1::upwards and outwards}}, which {{c2::increases}} the volume of the thoracic cavity. | [cite: 2] This physical expansion creates the negative pressure required for air to flow into the lungs.
During inspiration, the {{c1::external intercostal}} muscles and the {{c2::diaphragm}} contract. | [cite: 3, 4] The diaphragm moves inferiorly, while the external intercostals pull the ribs up and out.
Inspiration is considered an {{c1::active}} process because it {{c2::requires energy}} (ATP) for muscle contraction. | [cite: 5] Even quiet inspiration involves metabolic work.
For {{c1::forceful inspiration}}, accessory muscles like the {{c2::scalene}} and {{c3::sternocleidomastoid}} muscles are recruited. | [cite: 6, 7] These help further elevate the ribcage and sternum beyond normal tidal levels.
Expiration is usually a {{c1::passive}} process because it requires {{c2::no energy}} and relies on the {{c3::elastic recoil}} of the lung. | [cite: 9, 16] This occurs when the inspiratory muscles relax.
Expiration can become an {{c1::active process}} if a person {{c2::forcefully expires}}. | [cite: 10, 11] This is common during exercise or in obstructive lung diseases.
The muscles required for forceful expiration include the {{c1::abdomen}} and the {{c2::obliques}}. | [cite: 12] These muscles compress the thoracic cavity to push air out more rapidly.
A single {{c1::respiratory cycle}} is defined as the combination of one {{c2::inspiration}} and one {{c3::expiration}}. | [cite: 13]
{{c1::Boyle’s Law}} states that pressure is {{c2::inversely proportional}} to volume ($P \propto 1/V$). | [cite: 14] This is the fundamental physical principle driving ventilation.
In respiratory mechanics, muscles increase the {{c1::volume}} of the lungs, which causes a difference in {{c2::pressure}} relative to the atmosphere, leading to {{c3::air flow}}. | [cite: 15] Air flows from high pressure to low pressure.
At rest between breaths, {{c1::atmospheric pressure}} is equal to {{c2::intrapulmonary pressure}}. | [cite: 18] This results in no net movement of air.
The {{c1::intra-alveolar pressure}} (or intrapulmonary pressure) is the pressure that can be manipulated to drive air in and out of the lungs. | [cite: 19]
{{c1::Intrapleural pressure}} is the {{c2::negative}} pressure found in the pleural space that keeps the lungs {{c3::expanded}} (sucked to the chest wall). | [cite: 20] If this pressure is lost, the lung will collapse due to its natural elasticity.
During inspiration, intrapleural pressure becomes {{c1::more negative}} because the {{c2::volume}} in the pleural space increases. | [cite: 21] This occurs as the chest wall pulls away from the lung surface.
{{c1::Transpulmonary pressure}} is defined as the difference between {{c2::intrapleural}} and {{c3::intra-alveolar}} pressure. | [cite: 22] This pressure gradient is what keeps the lungs inflated.
A clinical condition where the lung collapses is called a {{c1::pneumothorax}}, which can be caused by {{c2::fluid buildup}} in the pleural space. | [cite: 23, 24] Note: While air is the typical cause, the source identifies fluid buildup in this specific context.
{{c1::Lung compliance}} is a measure of {{c2::how easily the lungs can expand}}. | [cite: 25] High compliance means the lungs stretch easily; low compliance means they are stiff.
The {{c1::interstitium}} is the anatomical space located between the {{c2::alveolar}} and {{c3::capillary}} walls. | [cite: 26]
The interstitium contains {{c1::elastin}}, which is necessary for compliance, as well as {{c2::collagen}} and {{c3::fibroblasts}}. | [cite: 27] Elastin allows the lungs to stretch and recoil.
{{c1::Emphysema}} is characterized by alveolar damage, which leads to a {{c2::loss of lung recoil}}. | [cite: 28] This makes it difficult for the lungs to push air out passively.
Lungs that are ""stiff,"" such as in cases of {{c1::fibrosis}}, are {{c2::hard to expand}}. | [cite: 30] This is a restrictive lung condition.
In pulmonary fibrosis, {{c1::collagen}} replaces {{c2::elastin}}, leading to {{c3::less compliance}}. | [cite: 30] This makes the lungs much harder to inflate.
An increase in {{c1::fibroblasts}} in the lung tissue leads to the {{c2::thickening of the interstitium}}. | [cite: 31] This impairs gas exchange by increasing the distance oxygen must diffuse.
The presence of {{c1::water molecules}} creates {{c2::surface tension}} in the alveoli, which encourages them to {{c3::collapse}}. | [cite: 33]
{{c1::Surfactant}} lowers alveolar surface tension by {{c2::weakening hydrogen bonds}} between water molecules. | [cite: 34] This prevents the alveoli from collapsing during expiration.
In the alveoli, {{c1::Type I cells}} are responsible for {{c2::gas exchange}}. | [cite: 35] These are thin, squamous cells.
{{c1::Type II cells}} are responsible for producing {{c2::surfactant}}. | [cite: 36] These cells are cuboidal and less numerous than Type I cells.
Surfactant production in a fetus does not begin until the {{c1::6th or 7th}} month of gestation. | [cite: 36] Premature infants born before this may suffer from respiratory distress syndrome.
Airway resistance increases when the airway {{c1::diameter}} becomes {{c2::smaller}}. | [cite: 38]
Factors that can increase airway resistance include {{c1::bronchoconstriction}} and physical blockages like {{c2::tumors}} or {{c3::mucus buildup}}. | [cite: 39]
The airways are controlled by both the {{c1::parasympathetic}} and {{c2::sympathetic}} nervous systems. | [cite: 40] Sympathetic stimulation typically causes bronchodilation, while parasympathetic causes bronchoconstriction.
External triggers such as {{c1::cigarettes}} and {{c2::cold air}} can cause {{c3::bronchoconstriction}}. | [cite: 41]
In the respiratory tree, the {{c1::medium-sized bronchi}} have the {{c2::most resistance}}. | [cite: 42]
Small airways have {{c1::high}} resistance because they lack enough {{c2::cross-sectional area}} to counter their small individual diameters. | [cite: 43, 44]
According to Poiseuille’s Law, Resistance ($R$) is equal to {{c1::$k \cdot L / r^4$}}. | [cite: 45] Where $L$ is length and $r$ is radius.
According to Poiseuille’s Law, if you double the {{c1::length}} of the airway, the resistance increases by {{c2::2x}}. | [cite: 46]
According to Poiseuille’s Law, if you halve the {{c1::radius}} of the airway, the resistance increases by {{c2::16x}}. | [cite: 47] This demonstrates why even small amounts of bronchoconstriction are dangerous.
{{c1::Tidal volume}} is the amount of air inhaled or exhaled during {{c2::normal breathing}}. | [cite: 49]
{{c1::Vital capacity}} is defined as the {{c2::maximum}} amount of air the lungs can hold. | [cite: 50]
{{c1::Inspiratory reserve volume}} (IRV) is the maximum amount of air the lungs can {{c2::inhale}} starting from the end of a tidal inhalation. | [cite: 51]
{{c1::Expiratory reserve volume}} (ERV) is the maximum amount of air the lungs can {{c2::exhale}} starting from the end of a tidal exhalation. | [cite: 52]
According to these notes, {{c1::Inspiratory capacity}} is calculated as the sum of {{c2::IRV}} and {{c3::ERV}}. | [cite: 53] Note: In standard clinical physiology, IC is usually $TV + IRV$.
{{c1::Forced vital capacity}} (FVC) is the maximum amount of air that can be {{c2::exhaled}} after a maximum {{c3::inspiration}}. | [cite: 54]
{{c1::FEV1}} is the amount of air expired in the {{c2::first second}} of a forced breath. | [cite: 55]
A normal {{c1::FEV1/FVC}} ratio should be greater than {{c2::75%}}. | [cite: 56] Anything lower may indicate pulmonary disease.
A low {{c1::FEV1/FVC}} ratio is indicative of {{c2::obstructive}} lung diseases, where it is hard to {{c3::exhale}} air. | [cite: 58] Examples include COPD, asthma, and cystic fibrosis.
A low {{c1::FVC}} (with a relatively normal ratio) is indicative of {{c2::restrictive}} lung diseases, where it is hard to {{c3::inhale}} air. | [cite: 59] Examples include pulmonary fibrosis and ALS."
Respiratory module 2: Ventilation perfusion and gas exchange,"Ventilation, Perfusion & Gas Exchange
The Physics of Gas Exchange: Partial Pressures
Gas exchange in the lungs is driven by partial pressure gradients. Each gas in a mixture exerts its own pressure, proportional to its concentration (Dalton's Law). Atmospheric air is approximately 79% Nitrogen and 21% Oxygen, with a total pressure of 760 mmHg at sea level. This results in a PO2 of ~160 mmHg.
By the time air reaches the alveoli, the composition changes due to humidification and mixing with residual air. Alveolar PO2 is typically ~104 mmHg, while PCO2 is ~40 mmHg. Gas exchange occurs until the blood leaving the pulmonary capillaries reaches equilibrium with alveolar air.
Fick’s Law: Factors Affecting Diffusion
The rate of gas diffusion across the respiratory membrane is defined by Fick's Law, which identifies four critical variables:
•	Surface Area (A): The total area available for exchange. Emphysema, for instance, reduces area by destroying alveolar walls.
•	Membrane Thickness (T): The distance gas must travel. Fibrosis or edema increases thickness, slowing diffusion.
•	Partial Pressure Gradient (P1-P2): The driving force. High altitude reduces the gradient, making it harder to oxygenate blood.
•	Diffusion Constant (D): Based on the gas's solubility and molecular weight. CO2 is 20 times more soluble than O2, meaning it diffuses much faster despite a smaller gradient.
Measuring Diffusion Capacity (DLCO)
The DLCO (Diffusing Capacity of the Lung for Carbon Monoxide) test measures how well gas passes from the alveoli into the blood. Carbon monoxide is used because it is highly hemoglobin-bound, meaning its transfer is limited only by diffusion, not by blood flow. A low DLCO indicates structural damage to the membrane or loss of surface area (e.g., Fibrosis or Emphysema).
Ventilation-Perfusion (V/Q) Matching
For efficient gas exchange, the amount of air reaching an alveolus (Ventilation, V) must match the blood flow to that alveolus (Perfusion, Q). The body uses local autoregulation to achieve this:
1.	Perfusion Regulation: If alveolar PO2 is low, pulmonary arterioles constrict. This shunts blood away from poorly ventilated areas toward better-ventilated ones (the opposite of systemic circulation).
2.	Ventilation Regulation: If alveolar PCO2 is high, bronchioles dilate to allow more air into that region to flush out the CO2.
Clinical Integration: Case Studies
In patients like Elena (Fibrosis), the respiratory membrane is thickened. According to Fick's Law, this increases the 'T' variable, reducing the rate of O2 diffusion. Her DLCO would be significantly lower than the normal 25 ml/min/mmHg, leading to hypoxemia during exercise when blood transit time is shortened.","Gas exchange in the lungs is fundamentally based on {{c1::passive diffusion}} [cite: 122]. | This process requires no energy and relies on the movement of molecules from high to low concentration [cite: 122].
The primary driving force for gas exchange is the {{c1::partial pressure gradient}} [cite: 123]. | This is the difference in pressure between two areas ($P_1-P_2$) that pushes gas across the membrane [cite: 123, 135].
In the alveoli, air is {{c1::humidified and warmed}} [cite: 124]. | These physiological adjustments provide better conditions for gas exchange, though they {{c2::decrease}} [cite: 125] the partial pressure of oxygen [cite: 124, 125].
The partial pressure of oxygen ($O_2$) in tissues and deoxygenated blood is {{c1::40::mmHg}} [cite: 126]. | This lower pressure relative to oxygenated blood allows for oxygen unloading [cite: 126, 130].
The partial pressure of carbon dioxide ($CO_2$) in tissues and deoxygenated blood is {{c1::46::mmHg}} [cite: 126]. | This is higher than the 40mmHg in oxygenated blood, facilitating $CO_2$ movement into the blood [cite: 126, 131].
In oxygenated blood, the partial pressure of oxygen ($O_2$) is {{c1::95::mmHg}} [cite: 127]. | This ensures a high gradient for oxygen to move into the tissues [cite: 127, 130].
In oxygenated blood, the partial pressure of carbon dioxide ($CO_2$) is {{c1::40::mmHg}} [cite: 127]. | This level is maintained to ensure proper balance with alveolar air [cite: 127, 128].
The partial pressure of carbon dioxide in the alveoli is maintained at 40mmHg because only {{c1::small amounts}} [cite: 128] of alveolar air are replaced with each breath. | This controlled replacement prevents radical swings in blood gas levels [cite: 128].
Oxygen moves from the {{c1::air::location}} to {{c2::haemoglobin::target}} during pulmonary gas exchange [cite: 129]. | This is the loading phase of respiration occurring at the alveolar-capillary interface [cite: 129]. [Image of alveolar gas exchange]
Oxygen moves from {{c1::haemoglobin::source}} to {{c2::tissue::target}} during internal respiration [cite: 130]. | This occurs when the blood reaches systemic capillaries where the partial pressure of $O_2$ is lower [cite: 126, 130].
Carbon dioxide ($CO_2$) moves from {{c1::tissue::source}} to {{c2::blood::target}} during systemic gas exchange [cite: 131]. | This movement is driven by the 46mmHg to 40mmHg partial pressure gradient [cite: 126, 127, 131].
Carbon dioxide ($CO_2$) moves from {{c1::deoxygenated blood::source}} to the {{c2::alveolar::target}} air for expiration [cite: 132]. | This completes the removal of metabolic waste from the body [cite: 132].
The rate of gas transfer ($V$) across a membrane is governed by {{c1::Fick's law}} [cite: 133]. | The law is mathematically expressed as: $$V = D \cdot (P_1 - P_2) \cdot \frac{A}{T}$$ [cite: 134]. [Image of Fick's Law of Diffusion]
In Fick's Law ($V = D \cdot (P_1 - P_2) \cdot \frac{A}{T}$), the term **A** represents the {{c1::surface area of the lungs}} [cite: 134, 136]. | A greater surface area allows for more membrane contact and thus more diffusion [cite: 137].
During inhalation, the alveoli {{c1::stretch}} [cite: 138], which serves to {{c2::increase}} [cite: 138] the surface area ($A$) for gas exchange. | This physiological mechanism optimizes gas uptake when the lungs are full [cite: 138].
{{c1::Emphysema::Disease}} is a clinical condition that {{c2::decreases}} [cite: 139] the surface area ($A$) of the lungs. | This occurs due to the destruction of alveolar walls, significantly impairing gas exchange efficiency [cite: 139].
In Fick's Law, the term **T** represents the {{c1::thickness of the alveolar epithelium}} [cite: 140]. | Diffusion is more efficient when the membrane is {{c2::thinner}} [cite: 141] and easier to penetrate [cite: 141].
Pulmonary edema and fibrosis make the respiratory membrane thicker by replacing elastin with {{c1::collagen and fibroblasts}} [cite: 142]. | This increased thickness ($T$) makes it harder to exchange gases [cite: 142].
In Fick's Law, the term **D** represents the {{c1::diffusion coefficient}} [cite: 143]. | This constant is determined by the gas's {{c2::solubility}} [cite: 144] and {{c3::molecular weight}} [cite: 145].
Gases with {{c1::higher::solubility}} [cite: 144] and {{c2::smaller::size}} [cite: 145] molecular weight diffuse more efficiently. | $CO_2$, for example, is much more soluble than $O_2$, which affects its diffusion rate [cite: 144, 145].
For diffusion to occur, the lungs require both {{c1::ventilation::airflow}} and {{c2::perfusion::bloodflow}} [cite: 146]. | Ventilation ($V$) is air flowing into the alveoli, while perfusion ($Q$) is blood flowing through the capillaries [cite: 146].
Normal alveolar ventilation is approximately {{c1::4L/min}} [cite: 147]. | This rate is adjusted by the {{c2::constriction or dilation}} [cite: 147] of the bronchioles [cite: 147].
Normal pulmonary perfusion is approximately {{c1::5L/min}} [cite: 148]. | This rate is adjusted by the {{c2::constriction or dilation}} [cite: 148] of the pulmonary vessels [cite: 148].
Due to the effects of gravity, both ventilation and perfusion are higher at the {{c1::base}} [cite: 149] of the lung compared to the {{c2::apex}} [cite: 149]. | Weight and pressure differences in the upright lung create these regional variations [cite: 149].
The overall ventilation-perfusion ($V/Q$) ratio of the lung is typically {{c1::0.8-1::range}} [cite: 150]. | This represents the ideal balance between air and blood supply for efficient exchange [cite: 150]. [Image of ventilation-perfusion ratio distribution in lung]
At the **apex** (top) of the lung, the $V/Q$ ratio is approximately {{c1::3.3}} [cite: 151]. | This indicates that ventilation significantly exceeds perfusion in the upper regions [cite: 151].
At the **base** (bottom) of the lung, the $V/Q$ ratio is approximately {{c1::0.6}} [cite: 152]. | This indicates that perfusion exceeds ventilation in the lower regions [cite: 152].
A **low** $V/Q$ ratio is typically caused by {{c1::airway obstruction}} [cite: 153]. | This results in low blood oxygen levels because air is not reaching the blood efficiently [cite: 153].
A **high** $V/Q$ ratio can be caused by {{c1::pulmonary embolism}} [cite: 154] or {{c2::emphysema}} [cite: 154]. | An embolism blocks blood supply, while emphysema can destroy the capillaries themselves [cite: 154].
A {{c1::pulse oximeter}} [cite: 156] is a non-invasive device that measures {{c2::peripheral oxygen saturation::SpO2}} [cite: 156]. | It is typically clipped onto a finger to provide a quick clinical assessment [cite: 156].
A normal $SpO_2$ reading for a healthy individual is {{c1::95-100%}} [cite: 157]. | Readings below this range may indicate respiratory distress or poor gas exchange [cite: 157].
To measure how well the alveolar-capillary membrane transfers gas to RBCs, a test using {{c1::carbon monoxide (CO)}} [cite: 159] is performed. | CO is used because it has a {{c2::higher affinity}} [cite: 160] to haemoglobin, indicating the maximum transfer capacity [cite: 160].
Carbon monoxide is used in diffusion tests because its high affinity for Hb allows it to indicate the {{c1::maximum transfer capacity}} [cite: 160] of the alveolar-capillary membrane. | This provides a clearer picture of membrane health than testing with oxygen alone [cite: 160]."
Respiratory module 3: Transport of gases and control of breathing,"Transport of Gases and Control of Ventilation
1. Transport of Oxygen in the Blood
Oxygen is carried in the blood in two ways: dissolved in plasma (1.5-2%) and bound to hemoglobin (98-98.5%). Each hemoglobin molecule contains four heme groups with iron atoms that can reversibly bind one O2 molecule each. The capacity of blood to carry oxygen is primarily determined by the hemoglobin concentration.
The Hemoglobin-Oxygen Dissociation Curve
The relationship between the partial pressure of oxygen (PO2) and hemoglobin saturation is sigmoidal (S-shaped). This shape is due to 'cooperative binding'—as one O2 molecule binds, the hemoglobin's affinity for the next increases.
Factors that shift the curve to the right (decreasing affinity, promoting O2 unloading at tissues):
•	Increased PCO2
•	Increased Temperature
•	Increased H+ ions (Decreased pH) - The Bohr Effect
•	Increased 2,3-DPG
2. Transport of Carbon Dioxide
CO2 is transported in the blood via three mechanisms:
•	Dissolved in Plasma: Approximately 7-10%.
•	Carbaminohemoglobin: Approximately 20-23% binds directly to the globin portion of hemoglobin.
•	Bicarbonate Ions (HCO3-): Approximately 70%. CO2 reacts with water to form carbonic acid (H2CO3), facilitated by the enzyme Carbonic Anhydrase. This dissociates into H+ and HCO3-.
The 'Chloride Shift' occurs when HCO3- exits the red blood cell in exchange for Cl- to maintain electrical neutrality.
3. Control of Ventilation
Neural Control
Breathing is controlled by clusters of neurons in the medulla oblongata and pons. The Medullary Respiratory Center includes the Dorsal Respiratory Group (DRG), which manages the basic rhythm of inspiration, and the Ventral Respiratory Group (VRG), which becomes active during forceful breathing.
Chemical Control
Ventilation is primarily regulated by chemical sensors:
•	Central Chemoreceptors: Located in the medulla, these are highly sensitive to changes in H+ concentration in the cerebrospinal fluid, which reflects arterial PCO2. This is the primary drive for breathing.
•	Peripheral Chemoreceptors: Located in the aortic and carotid bodies. They respond to decreased PO2 (<60 mmHg), increased PCO2, and increased H+.
Clinical Correlation: Shallow Water Blackout
In the case of Jack McMillan, hyperventilation before a breath-hold dive depleted CO2 levels (hypocapnia). Because PCO2 is the primary trigger for the 'urge to breathe,' his brain did not signal him to surface until his O2 levels dropped low enough to cause unconsciousness (hypoxia), leading to drowning.","Only {{c1::1-2%::percentage}} of oxygen is dissolved in plasma/RBC, providing about {{c2::0.3mL/100mL}}. | This dissolved O2 determines the partial pressure and the dissociation curve. [cite: 109]
The majority of oxygen, specifically {{c1::98%}}, is transported {{c2::bound to Hb (hemoglobin)}}. | At 100mmHg, this accounts for roughly 200mL of O2. [cite: 110]
During gas exchange, oxygen equilibrium should be reached after blood has traveled {{c1::1/3}} of the capillary. | This provides a safety margin for efficient gas transfer. [cite: 111]
CO2 is transported in the blood in three forms: {{c1::10%}} dissolved in plasma, {{c2::30%}} bound to Hb, and {{c3::60%}} as bicarbonate ions. | CO2 is notably more soluble than O2. [cite: 113, 114, 115]
Bicarbonate ions are produced in the {{c1::RBC}}, then move out into the plasma. | This is the most common way CO2 is carried. [cite: 116]
The 'Chloride Shift' involves {{c1::Cl- (Chloride)}} ions moving into the RBC to neutralize charges when bicarbonate moves out. | This maintains electrochemical neutrality in the cell. [cite: 117]
Before being exhaled, bicarbonate must be {{c1::converted back to CO2}} within the {{c2::RBCs}}. | This occurs at the site of gas exchange in the lungs. [cite: 118]
Despite a smaller pressure gradient, CO2 diffuses equally as fast as O2 because it is {{c1::more soluble}}. | High solubility compensates for low partial pressure driving force. [cite: 119]
Hemoglobin (Hb) consists of {{c1::4}} groups, each containing an {{c2::iron core}} capable of binding O2. | One Hb molecule can bind up to 4 oxygen molecules total. [cite: 121, 122]
The O2-Hb dissociation curve is {{c1::sigmoid}} because when one heme group binds O2, the others become more {{c2::'willing' (high affinity)}} to bind O2. | This is known as positive cooperativity. [cite: 124]
The {{c1::flat}} top of the O2-Hb curve ensures high O2 saturation (90%+) even if alveolar O2 drops to {{c2::60 mmHg}}. | This protects against moderate hypoxia. [cite: 125, 126]
The {{c1::steep}} start of the O2-Hb curve allows for efficient oxygen {{c2::unloading}} to tissues. | Small drops in PO2 lead to large amounts of O2 released. [cite: 127]
A shift of the O2-Hb curve to the {{c1::right}} means more oxygen can be unloaded, whereas a shift to the {{c2::left}} means less can be unloaded. | Right shifts decrease affinity; left shifts increase it. [cite: 129, 130]
The O2-Hb curve shifts to the right in response to an increase in {{c1::temperature}}, {{c2::2-3 DPG}}, {{c3::CO2}}, or a decrease in pH. | These factors are typical of metabolically active tissues. [cite: 131]
Increased metabolism causes a {{c1::right::left/right}} shift because cellular respiration produces {{c2::CO2 and H+}}. | This ensures active tissues receive more oxygen. [cite: 132, 133]
{{c1::2-3 DPG}} is a substance produced in RBCs during {{c2::glycolysis}} that increases in response to {{c3::hypoxia}}. | It stabilizes the deoxygenated form of Hb, promoting unloading. [cite: 134, 135]
Voluntary control of ventilation is mediated by the {{c1::motor cortex}}, while involuntary control is handled by the brainstem. | This allows for activities like singing or holding your breath. [cite: 138, 139]
The three brain regions modulating involuntary ventilation are the {{c1::PRG (pons)}}, {{c2::DRG (dorsal medulla)}}, and {{c3::VRG (ventral medulla)}}. | These centers coordinate the rhythm and depth of breathing. [cite: 140]
The {{c1::DRG (dorsal respiratory group)}} is considered the central control center and is located in the {{c2::medulla}}. | It primarily controls inspiration. [cite: 141]
In the Pons, the {{c1::Pneumotaxic}} center inhibits inspiration, while the {{c2::Apneustic}} center stimulates it. | These help regulate the duration of the respiratory cycle. [cite: 143, 144]
The {{c1::Pre-Botzinger complex}} is the respiratory rhythm generator located in the upper part of the {{c2::VRG}}. | It contains the 'pacemaker cells' for breathing. [cite: 145, 146]
Signals for inspiration travel to the diaphragm via the {{c1::phrenic}} nerve and to external intercostals via {{c2::intercostal}} nerves. | These signals originate from the DRG. [cite: 147]
{{c1::Central}} chemoreceptors are located in the {{c2::medulla}} and respond {{c3::slowly}} to changes in the CSF. | They are the primary sensors for arterial PCO2. [cite: 151, 152]
Central chemoreceptors mainly respond to {{c1::H+ ions}} created by the dissociation of {{c2::H2CO3 (carbonic acid)}}. | They notably do NOT detect O2 levels. [cite: 153, 154]
Peripheral chemoreceptors are located in the {{c1::carotid bodies}} (glossopharyngeal nerve) and {{c2::aortic arch}} (vagus nerve). | They respond {{c3::rapidly::speed}} to blood gas changes. [cite: 155]
The {{c1::peripheral chemoreceptors}} are the only receptors that monitor blood {{c2::O2}} levels. | They are essential for the hypoxic ventilatory response. [cite: 156]
{{c1::Stretch}} receptors monitor the lungs and respiratory muscles, while {{c2::irritant}} receptors respond to triggers like smoke. | These provide protective feedback. [cite: 157, 158]
{{c1::Mechanoreceptors}} provide feedback to the respiratory system when muscles are working hard. | This contributes to increased ventilation during exercise. [cite: 159]"
Upper respiratory tract infections,"Upper Respiratory Tract Infections: Clinical and Pathological Analysis
1. Structural and Functional Context
The upper respiratory tract (URT) comprises the nose, paranasal sinuses, pharynx, and the larynx above the vocal folds. It serves as the gateway for gas exchange but also as the primary entry point for pathogens. The URT's defense mechanisms, including the mucociliary escalator and resident microflora, are crucial in maintaining health. When these are overwhelmed, infection occurs. A key clinical challenge is distinguishing between 'Professional Invaders'—pathogens like Influenza or Streptococcus pyogenes that can infect healthy hosts—and 'Secondary Invaders' like S. pneumoniae or H. influenzae, which exploit a host already compromised by viral infection or environmental stress.
2. The Top 10 Clinical Presentations
The Common Cold and Pharyngitis
The common cold is primarily viral (Rhinovirus, Coronaviruses), characterized by rhinitis and low-grade fever. In contrast, Pharyngitis (sore throat) requires careful screening. While 70% are viral, Group A Beta-Hemolytic Streptococcus (GABHS) is the most significant bacterial cause. Failure to treat GABHS can lead to non-suppurative complications such as Rheumatic Fever or Glomerulonephritis.
Emergencies: Epiglottitis, Diphtheria, and Quinsy
Acute Epiglottitis, often caused by Haemophilus influenzae type b (Hib), is a life-threatening emergency. The 'tripod position' and drooling are classic signs of imminent airway obstruction. Similarly, Diphtheria (Corynebacterium diphtheriae) causes a thick pseudomembrane that can physically block the airway. Quinsy (Peritonsillar Abscess) represents the spread of infection from the tonsils into the surrounding tissue, necessitating drainage and aggressive antibiotics.
Croup and Otitis Media
Croup (Laryngotracheobronchitis) is typically viral (Parainfluenza) and presents with a distinctive 'barking' cough due to subglottic swelling. Otitis Media (middle ear infection) is a common sequel to URTIs in children due to the short, horizontal nature of their Eustachian tubes, often involving S. pneumoniae.
3. Diagnostic and Management Principles
Diagnosis focuses on identifying the causative agent. Viral infections are self-limiting and managed supportively. Bacterial infections require targeted antimicrobials. A critical pediatric consideration is that 'tiny people have tiny airways'; an amount of mucosal swelling that is minor in an adult can be fatal in an infant. Management must always prioritize airway patency.","The upper respiratory tract consists of the {{c1::nasal cavity}}, {{c2::pharynx}}, and {{c3::larynx}}. | These structures are the first point of contact for inhaled pathogens. [cite: 142]
Mechanical defenses of the respiratory system include the {{c1::cough}} reflex and nasal {{c2::hair}}. | These serve to physically block or expel foreign particles. [cite: 144]
Primary fluid defenses of the upper respiratory tract include {{c1::saliva}} and {{c2::mucus}}. | Mucus traps microorganisms while saliva contains enzymes and moisture to protect surfaces. [cite: 145]
Defensive lymphoid tissues in the upper respiratory tract include the {{c1::tonsils}} and {{c2::adenoids}}. | These tissues are responsible for local immune surveillance. [cite: 146]
The primary cellular defense mechanism within the alveoli consists of {{c1::macrophages}}. | These phagocytes digest pathogens that bypass upper tract defenses. [cite: 147]
{{c1::Professional invaders}} are defined as pathogens that have the ability to infect healthy people with intact defenses. | They possess specialized mechanisms to overcome host barriers. [cite: 148]
{{c1::S. pyogenes}} and {{c2::S. pneumoniae}} are professional invaders that initiate infection by {{c3::adhering}} to the mucosa. | Adhesion allows the bacteria to resist clearance. [cite: 149]
The pathogen {{c1::Bordetella pertussis}} (whooping cough) acts as a professional invader by {{c2::interfering with cilia}}. | By paralyzing the cilia, the pathogen stops the mucociliary escalator. [cite: 150]
{{c1::Tuberculosis}} acts as a professional invader by demonstrating {{c2::resistance to macrophages}}. | It can survive and multiply inside the immune system's phagocytic cells. [cite: 151]
{{c1::Diphtheria}} acts as a professional invader primarily by {{c2::damaging tissues}}. | This damage is facilitated by its potent systemic toxin. [cite: 152]
{{c1::Secondary invaders}} are pathogens that usually only infect when the host's defenses are already impaired. | Viral infections often pave the way for these opportunistic bacteria. [cite: 153]
A common secondary invader is {{c1::S. aureus}}. | It often causes superinfections following initial respiratory damage. [cite: 154]
{{c1::Haemophilius influenzae}} acts as a secondary invader particularly in cases of {{c2::chronic bronchitis}}. | The underlying inflammation of the bronchi allows the bacteria to colonize more easily. [cite: 155]
{{c1::Fungal}} infections of the respiratory tract are generally considered {{c2::secondary}} invaders. | They are more common in those with weakened immune systems or altered flora. [cite: 156]
Approximately {{c1::90}}% of common cold cases are caused by viruses. | This illustrates why antibacterial therapy is generally ineffective for colds. [cite: 158]
The four viral causes of the common cold listed are {{c1::Rhinovirus}}, {{c2::Coronavirus}}, {{c3::Influenza}}, and {{c4::RSV}}. | Rhinovirus is the single most common cause of the common cold. [cite: 159, 160, 161, 162]
The incubation period for the common cold is up to {{c1::2 days}}. | This short time frame allows for rapid spread within a community. [cite: 163]
During a common cold, {{c1::epithelial cells}} are infected and damaged, triggering an {{c2::inflammatory}} response. | The inflammation results in the localized symptoms of congestion and drainage. [cite: 164]
Pharyngitis and tonsillitis are most commonly caused by {{c1::viruses}}. | While viruses are more common, bacterial causes often require antibiotic treatment to prevent complications. [cite: 166]
Bacterial pharyngitis is typically caused by {{c1::Streptococcus}}, which is a Gram-{{c2::positive}} organism. | Recognition of Strep throat is critical for public health and patient recovery. [cite: 167, 168]
Strep pharyngitis is characterized by a {{c1::sudden}} onset and the generation of {{c2::pus}}. | Rapid symptom development and tonsillar exudate are classic findings. [cite: 169, 170]
A systemic complication of Streptococcal infection resulting in a rash is {{c1::Scarlet fever}}. | This is caused by erythrogenic toxins produced by certain strains. [cite: 172]
A renal complication of Strep pharyngitis is {{c1::acute kidney inflammation}}. | This is a post-infectious immunological complication. [cite: 173]
Serious non-suppurative complications of Strep pharyngitis include {{c1::rheumatic fever}} and subsequent heart disease. | This emphasizes the importance of treating bacterial throat infections early. [cite: 174]
{{c1::Diphtheria}} is considered a medical emergency because it spreads a {{c2::toxin}} throughout the body. | The toxin affects protein synthesis in distant organs. [cite: 175, 176]
The toxin in Diphtheria can cause severe damage to the {{c1::heart}} and {{c2::liver}}. | Myocarditis is a significant cause of death in these patients. [cite: 177]
The primary treatment for Diphtheria is an {{c1::anti-toxin}}. | Neutralizing the circulating toxin is more urgent than killing the bacteria with antibiotics. [cite: 178]
Diphtheria is characterized by the formation of a {{c1::false membrane}} on the pharynx and larynx. | This membrane can be difficult to remove and may bleed if scraped. [cite: 179]
The clinical danger of the Diphtheria 'false membrane' is that it can {{c1::block the airway}}. | Mechanical obstruction is a leading cause of mortality in Diphtheria. [cite: 180]
Glandular fever/infectious mononucleosis is caused by {{c1::EBV}} (Epstein-Barr Virus). | EBV is a type of Herpes virus. [cite: 181, 182]
The EBV virus (Glandular fever) stays latent in {{c1::B cells}}. | This allows for lifelong infection and potential reactivation. [cite: 182]
Transmission of Glandular fever (Infectious Mononucleosis) occurs via {{c1::saliva}}. | This is why it is often seen in adolescents and young adults. [cite: 183]
The clinical appearance of the throat in Glandular fever looks similar to {{c1::S. pyogenes}}. | Both conditions often present with severe inflammation and exudate. [cite: 184]
Organ-related signs of Glandular fever include an enlarged {{c1::spleen}} and {{c2::liver}}. | Abdominal pain and risks of rupture are major clinical concerns. [cite: 185]
Acute laryngitis is typically associated with the clinical symptom of a {{c1::'lost voice'}}. | Vocal cord inflammation prevents proper vibration and sound production. [cite: 186, 187]
Croup is an {{c1::acute inflammatory}} condition common in {{c2::young children}}. | It causes a distinctive seal-like barking cough. [cite: 188, 189, 190]
Croup is considered a medical emergency if the inflammation results in an {{c1::obstruction}}. | Airway management is the top priority in these cases. [cite: 191]
Epiglottitis is caused by the bacteria {{c1::Haemophilus influenzae}}, which is Gram-{{c2::negative}}. | It causes sudden, severe swelling of the epiglottis. [cite: 192, 193]
Epiglottitis presents with an {{c1::acute}} onset and difficulty {{c2::swallowing}}. | Patients often drool because they cannot swallow their own saliva. [cite: 194, 195]
The absolute clinical rule for suspected Epiglottitis is: {{c1::NO THROAT CULTURE}}! | Irritating the area can cause a laryngospasm that completely shuts the airway. [cite: 196]
{{c1::Community}}-acquired sinusitis can be both bacterial or viral. | Treatment typically begins with symptomatic management unless symptoms persist. [cite: 197, 198]
{{c1::Hospital}}-acquired sinusitis is usually bacterial in origin. | These cases are often more complex due to the pathogens involved. [cite: 199]
Otitis externa (outer ear infection) caused by {{c1::P. aeruginosa}} can result in a {{c2::necrotic}} infection. | This can be life-threatening if it spreads to the skull base. [cite: 201, 202, 203]
An {{c1::urgent}} sign of outer ear infection is {{c2::fluid flowing out of the ear}}. | This requires immediate evaluation for potentially malignant otitis externa. [cite: 204, 205]
Middle ear infections (Otitis media) are more common in children because their {{c1::Eustachian tube}} is more {{c2::horizontal}}. | This prevents efficient drainage of fluid from the middle ear to the throat. [cite: 206, 207]
Otitis media can potentially be caused by a preceding {{c1::sinus}} infection. | Pathogens migrate from the upper respiratory tract into the middle ear. [cite: 208]
In Otitis media, {{c1::viral}} causes are more common, but {{c2::bacterial}} causes are more severe. | Bacterial infections often present with significantly more pain and systemic symptoms. [cite: 209, 210]"
"Respiratory immunology, allergy, and host defence","Respiratory Immunology: Host Defence and Allergy
1. Immune-Anatomy and Physical Barriers
The respiratory system is a vast branching network designed for gas exchange, but it also serves as a primary interface with the external environment. This necessitates robust physical and anatomical defenses.
The Respiratory Epithelium
The airways are lined with a specialized pseudo-stratified epithelium that acts as the first line of defense:
•	Goblet Cells: Responsible for the production and secretion of mucus into the airway lumen.
•	Ciliated Cells: These cells possess hair-like projections (cilia) that beat in a coordinated, asymmetric fashion.
Mucociliary Escalator: Mucus traps inhaled particles and pathogens. The cilia move this mucus layer (the 'Gel' layer) on top of a more fluid 'Sol' layer at a rate of roughly 1 cm/min, transporting debris away from the lungs toward the pharynx to be swallowed or expectorated.
Defects: Impairment of this system (due to smoking, cystic fibrosis, or immotile cilia syndrome) leads to mucus stagnation and recurrent infections.
Bronchus Associated Lymphoid Tissue (BALT)
BALT consists of organized lymphoid follicles located within the lamina propria of the bronchial wall. It contains high concentrations of B cells, T cells, and macrophages. Antigens are drained from the lungs via a network of lymphatic vessels to the pulmonary, hilar, and tracheobronchial lymph nodes.
2. Innate Immunity and Cellular Sentinels
When physical barriers are breached, innate immune cells provide a rapid, non-specific response.
•	Epithelial Cells: Not just a barrier; they express Pattern Recognition Receptors (PRRs) like TLRs and NODs. Upon detecting microbes, they secrete cytokines, chemokines, and antimicrobial defensins.
•	Alveolar Macrophages: Found within the alveoli, these cells are the primary phagocytes that clear small particles and pathogens without inducing excessive inflammation.
•	Neutrophils: Recruited from the blood in response to acute infection. They are highly effective at killing microbes via phagocytosis and ROS, but their excessive activation can lead to lung tissue damage (e.g., in pneumonia).
3. Adaptive Immunity and Secretory IgA
The adaptive immune response is tailored to specific pathogens and provides long-term memory.
Antigen Capture
Dendritic Cells (DCs) are the bridge to the adaptive system. They can extend processes between epithelial cells to sample the airway lumen. Once they capture an antigen, they migrate to the local lymph nodes to present it to T cells.
The Role of IgA
Immunoglobulin A (IgA) is the dominant antibody at mucosal surfaces.
•	Non-inflammatory: Unlike IgG, secretory IgA (SIgA) does not activate the complement cascade. It lacks the ability to bind to FcaR because its secretory component (derived from the poly-Ig receptor) masks the binding site.
•	Immune Exclusion: SIgA binds to pathogens and toxins, preventing them from adhering to or penetrating the epithelial layer, thereby maintaining homeostasis without triggering damaging inflammation.
4. Allergy, Asthma, and Host Defence
Allergy is essentially an 'error' in the immune system where it reacts to harmless environmental antigens (aero-allergens).
The Th2 Pathway
In susceptible individuals (atopy), allergens trigger a Th2 cell response. Th2 cells secrete IL-4 and IL-13, which signal B cells to switch production to IgE antibodies. These IgE molecules bind to mast cells. Upon re-exposure, the allergen cross-links the IgE, causing mast cell degranulation and the release of histamine and leukotrienes.
Chronic Changes and Asthma
Persistent allergic inflammation leads to airway remodeling, characterized by goblet cell hyperplasia, sub-epithelial fibrosis (basement membrane thickening), and eosinophilic infiltration.
5. Clinical Management and Immunotherapy
While standard pharmacotherapy (corticosteroids, beta-2 agonists) manages symptoms, Allergen Immunotherapy is a disease-modifying treatment. It involves the controlled administration of allergens to shift the immune response from a Th2 (allergic) profile toward a Treg and Th1 (tolerant) profile, primarily through the production of IL-10 and TGF-beta.
Learning Summary
•	Physical barriers (cilia/mucus) are critical for lung health.
•	Innate cells like Alveolar Macrophages act as the first responders.
•	Secretory IgA is uniquely adapted to protect surfaces without causing inflammation.
•	Allergy is a Th2-driven hypersensitivity that can be modified by immunotherapy.","The primary lymph nodes draining the lungs include the pulmonary, hilar, {{c1::tracheobronchial}}, and {{c2::paratracheal}} nodes. | These nodes are essential for initiating the adaptive immune response by sampling airway antigens. [cite: 2-6]
{{c1::Bronchus Associated Lymphoid Tissue (BALT)}} is a tertiary lymphoid structure found specifically in the {{c2::lamina propria::tissue layer}} of the respiratory tract. | BALT acts as a local site for immune cell interaction and antigen presentation. [cite: 7-8]
The airway epithelium acts as a physical barrier and utilizes {{c1::pattern recognition receptors (PRRs)}} to secrete {{c2::chemokines, cytokines, and antimicrobials}} for immune cell recruitment. | This innate recognition system is the first step in detecting pathogens before they penetrate deeper tissues. [cite: 10-12]
Within the lamina propria, the two primary immune cell types responsible for mucosal defense are {{c1::ILC3}} and {{c2::TH17}} cells. | These cells are crucial for maintaining the barrier and responding to bacterial/fungal threats. [cite: 13]
In BALT, the cytokine {{c1::IL-22}} is produced to stimulate {{c2::epithelial cell proliferation}}. | This process is vital for repairing the airway lining following injury or infection. [cite: 14]
Mucociliary transport depends on {{c1::goblet cells}}, which produce mucus, and {{c2::cilia}}, which provide the mechanical force to move it. | Deficits in either component can lead to impaired clearance of pathogens. [cite: 15-17]
In patients with {{c1::cystic fibrosis}}, the mucus becomes pathologically {{c2::thickened}}, providing a niche for bacteria to thrive. | This failure of the mucociliary escalator leads to chronic pulmonary infections. [cite: 18]
The {{c1::alveolar macrophage}} is considered the 'first line' of innate defense in the lungs and is unique for its ability to phagocytose {{c2::surfactant}}. | There are two distinct populations: alveolar (in the air spaces) and interstitial (in the tissue). [cite: 20-24]
Lung macrophages use {{c1::pattern recognition receptors (PRRs)}} to detect {{c2::PAMPs (Pathogen-Associated Molecular Patterns)}}. | This recognition triggers the inflammatory response. [cite: 25]
In the inflammatory response of the lungs, {{c1::neutrophils}} are the first leukocytes to arrive from the circulation. | Their arrival is a hallmark of acute inflammation. [cite: 27-28]
The lung damage observed in pneumonia is largely caused by the release of {{c1::Reactive Oxygen Species (ROS)}} and {{c2::granules}} from neutrophils. | While intended to kill pathogens, these substances also damage host lung tissue. [cite: 29]
To initiate adaptive immunity, {{c1::dendritic cells}} can reach through the epithelium to sample antigens, while {{c2::M (microfold) cells}} transport antigens directly to them. | Dendrites then migrate to regional lymph nodes to present these antigens to T cells. [cite: 31-34]
The three types of professional antigen-presenting cells (APCs) that express {{c1::MHC class II}} are {{c2::dendrites::most effective}}, {{c3::macrophages}}, and {{c4::B cells}}. | Dendritic cells are specifically noted as the 'best' at activating naive T cells. [cite: 35-38]
Upon activation by APCs, CD4+ T cells differentiate into {{c1::Th1}} to respond to viruses and {{c2::Th17}} to respond to {{c3::bacteria}}. | Th2 cells are generally reserved for helminths and allergic responses. [cite: 39-42]
CD4+ T cells are required to stimulate {{c1::CD8+ T cells}} to become {{c2::cytotoxic}} and undergo {{c3::degranulation}}. | This T-cell help is essential for the effective destruction of virally infected or cancerous cells. [cite: 43-44]
Without cytokine help from T cells, B cells are typically limited to producing the antibody classes {{c1::IgM}} and {{c2::IgG::if IFN-gamma is present}}. | Cytokines are necessary for class-switching to specialized mucosal antibodies like IgA or IgE. [cite: 45-47]
{{c1::IgA1}} is primarily found in the {{c2::serum}} (making up 15%) and is functionally {{c3::pro-inflammatory}}. | It exerts its effect by binding to the FcalphaR. [cite: 49]
{{c1::IgA2}} is the {{c2::secretory}} form of IgA and is characterized as being {{c3::non-inflammatory}}. | This is the dominant form of IgA found at mucosal surfaces like the lung lumen. [cite: 50]
Secretory IgA2 is transported to the lung lumen via the {{c1::Poly-Ig receptor}} located on the basal surface of {{c2::epithelial cells}}. | The receptor is cleaved during transport, leaving a piece behind. [cite: 51-52]
The {{c1::secretory component}} attached to IgA2 is crucial because it prevents the antibody from binding to {{c2::FcalphaR}}. | This prevention of binding is what maintains the non-inflammatory nature of secretory IgA. [cite: 53]
The production of IgE by B cells is specifically driven by the cytokine {{c1::IL-4}}. | IL-4 is the primary signal for class-switching to the IgE isotype. [cite: 54]
The allergic cascade begins when dendrites present allergens to {{c1::CD4+ Th2 cells}}, which then secrete {{c2::IL-4, IL-5, and IL-13}}. | These cytokines drive B cell IgE production and recruit effector cells like eosinophils. [cite: 56]
Mast cells reside in the {{c1::lamina propria}} and possess {{c2::Fc receptors}} that bind the constant region of {{c3::IgE}} antibodies. | This 'primes' the mast cell to react immediately upon subsequent exposure to the allergen. [cite: 57-58]
Upon allergen binding to IgE on their surface, mast cells release {{c1::histamine}} (pre-formed), {{c2::secondary lipid mediators}}, and {{c3::cytokines}}. | This release triggers the acute symptoms of an allergic reaction. [cite: 59-62]
The early phase of an allergic response is characterized by {{c1::edema (fluid build-up)}} and an immediate {{c2::drop in lung function}}. | This occurs within minutes of allergen exposure. [cite: 63-64]
The late phase of an allergic response involves {{c1::cellular inflammation}} and a loss of lung function that occurs {{c2::hours later}}. | This phase is driven by the recruitment of cells like eosinophils. [cite: 65-66]
Acute allergic responses in the lungs involve {{c1::mucus secretion}} and {{c2::smooth muscle contraction}}, whereas late responses are defined by the recruitment of {{c3::eosinophils}}. | Smooth muscle contraction causes the immediate airway narrowing (bronchoconstriction). [cite: 68-69]
A non-allergic response to an allergen occurs when T cells produce {{c1::IFN-gamma (Th1)}} and {{c2::Treg}} responses instead of Th2. | The balance of T cell subsets determines the clinical outcome (tolerance vs. allergy). [cite: 71-72]
The pathology of asthma includes {{c1::hyperplasia}} of goblet cells, {{c2::thickening}} of the sub-basement membrane, and the presence of {{c3::eosinophils and collagen}}. | These changes lead to permanent airway remodeling and chronic hyper-responsiveness. [cite: 73-77]
The evolutionary biological purpose of IgE is to provide protection against {{c1::helminths (parasitic worms)}}. | Allergies are essentially a misdirected IgE response against harmless environmental proteins. [cite: 78-79]
Allergen immunotherapy aims to build tolerance by shifting T cells to produce {{c1::IFN-gamma}}, which promotes the production of {{c2::IgG::antibody class}} over IgE. | This 'blocking' IgG can intercept the allergen before it reaches mast-cell-bound IgE. [cite: 81-82]
Regulatory T cells (Tregs) help treat allergic disease by secreting the suppressive cytokines {{c1::IL-10}} and {{c2::TGF-beta}}. | These cytokines downregulate the Th2-mediated inflammatory response. [cite: 83]"
Asthma and COPD,"Asthma: Pathophysiology and Clinical Management
1. Definition and Pathophysiology
Asthma is a chronic inflammatory disorder of the airways characterized by reversible airflow obstruction and bronchohyperresponsiveness. Unlike COPD, the obstruction in asthma is typically episodic and reversible, either spontaneously or with treatment.
The pathophysiology involves a Th2-mediated immune response. Allergen exposure triggers IgE production, which sensitizes mast cells. Upon re-exposure, mast cells degranulate, releasing histamine, leukotrienes, and prostaglandins. This leads to the 'Early Phase' (bronchoconstriction and edema) and the 'Late Phase' (recruitment of eosinophils and Th2 cells leading to chronic inflammation).
2. Clinical Presentation and Diagnosis
Key symptoms include wheezing, breathlessness, chest tightness, and coughing, particularly at night or early morning. Triggers include allergens, exercise, cold air, and viral infections.
Diagnosis is confirmed via Spirometry. An obstructive pattern is seen (FEV1/FVC < 0.7). Reversibility is key: a significant increase in FEV1 (>12% and >200mL) after a bronchodilator (salbutamol) confirms the diagnosis. Peak Flow monitoring can also show diurnal variation.
3. Pharmacological Management
The 'Reliever' (SABA): Salbutamol (Ventolin) provides rapid relief by stimulating beta-2 receptors to relax airway smooth muscle.
The 'Preventer' (ICS): Inhaled Corticosteroids (e.g., Fluticasone) are the mainstay of treatment to reduce underlying inflammation and prevent remodeling.
Add-on therapies: Long-acting beta-agonists (LABA) are used in combination with ICS. Leukotriene receptor antagonists (Montelukast) are useful for exercise-induced or allergic asthma.
2.4.2 Chronic Obstructive Pulmonary Disease (COPD) - Detailed Article
Definition and Pathophysiology
COPD is an umbrella term for a group of progressive, non-reversible lung conditions characterized by airflow obstruction.
Major Components:
•	Chronic Bronchitis: Inflammation of the lining of the bronchial tubes, leading to daily cough and mucus (sputum) production.
•	Emphysema: Destruction of the alveoli (air sacs) at the end of the smallest air passages, resulting in poor gas exchange and loss of elastic recoil.
Etiology and Risk Factors
Tobacco Smoking: The primary cause of COPD.
Environmental Exposure: Long-term exposure to chemical irritants, dust, or air pollution.
Genetic Factors: Alpha-1 Antitrypsin (AAT) Deficiency—a condition where the body lacks a protein that protects the lungs from damage by inflammation (affects ~1 in 2500).
Clinical Characteristics
Progressive Dyspnoea (Breathlessness): Worse with exertion.
Chronic Cough and Sputum Production.
Wheezing and Chest Tightness.
Hyperinflation: 'Air trapping' in the lungs due to loss of elastic recoil, often leading to a 'barrel chest' appearance.
Pharmacological Management
1. Bronchodilators (Primary Treatment):
•	Beta-2 Agonists (SABA/LABA): Relax airway smooth muscle.
•	Muscarinic Antagonists (SAMA/LAMA): Block cholinergic-induced bronchoconstriction.
2. Glucocorticoids (GCS):
•	Used mainly for patients with frequent exacerbations. Helps reduce airway inflammation but does not reverse the underlying damage.
•	Note: Chronic oral GCS use is limited by systemic side effects.
3. Supplemental Oxygen:
•	Used in advanced cases to treat chronic hypoxemia (>15 hours per day recommended for effectiveness).
COPD vs. Asthma
Asthma: Onset often in childhood; reversible airflow obstruction; inflammatory cells are mainly eosinophils and mast cells.
COPD: Onset typically in mid-life (usually smokers); non-reversible airflow obstruction; inflammatory cells are mainly neutrophils and macrophages; characterized by alveolar destruction (emphysema).
Non-Pharmacological and Surgical Options
Pulmonary Rehabilitation: Exercise and education to improve quality of life.
Smoking Cessation: The only intervention shown to slow the decline in lung function.
Surgical Interventions: Lung volume reduction surgery (removing damaged tissue to let healthy tissue work better) or lung transplantation.","Asthma pathogenesis is primarily driven by a {{c1::Th2 (T2-type)}} response to aeroallergens. | This differentiates it from non-T2-type asthma which has different inflammatory drivers.
In the asthma inflammatory cascade, IgE binds to {{c1::mast cells}}, leading to {{c2::bronchoconstriction}}. | This is a hallmark of the immediate phase of an asthma attack.
Chronic structural changes in asthma include the {{c1::thickening}} of smooth muscle and {{c2::fibrosis}} around the airway. | These changes lead to airway remodeling and persistent obstruction.
Asthma is characterized by the production of {{c1::excessive mucus}} within the airways. | This contributes to airway plugging and increased resistance.
{{c1::Histamine}} and {{c2::Methacholine}} are two bronchoconstrictors used for provocation asthma tests. | These tests are used to diagnose airway hyperresponsiveness.
Therapy for the {{c1::immediate}} phase of asthma focuses on bronchodilation, while the {{c2::late}} phase targets inflammation. | Immediate phase drugs include Beta agonists; late phase drugs include Glucocorticoids.
{{c1::Salbutamol}} is a Short-acting B2-adrenoreceptor agonist (SABA) that only targets the {{c2::immediate}} phase. | It provides rapid relief but does not address underlying inflammation.
Salbutamol (SABA) has an onset of {{c1::5-15}} minutes and a duration of {{c2::3-6}} hours. | Because it is short-acting, it is used as a ""rescue"" inhaler.
Frequent use of SABAs is discouraged because it can lead to {{c1::tolerance development}}. | This results in reduced efficacy over time.
Adverse effects of Beta-agonists include B1-mediated {{c1::tachycardia}} and B2-mediated {{c2::muscle tremor}} in skeletal muscles. | These are common systemic side effects.
{{c1::Formoterol}} is a {{c2::Long-acting B2-adrenoreceptor agonist (LABA)}} with a rapid onset and a duration of 12 hours. | It is often combined with Budesonide.
LABAs cannot be used alone because they can {{c1::mask symptoms of inflammation}}. | They must be used in combination with an inhaled corticosteroid (ICS).
{{c1::Ipratropium}} is a Short-acting muscarinic receptor antagonist (SAMA) that works by {{c2::blocking ACh}}. | It is more commonly used in COPD than in asthma.
{{c1::Tiotropium}} is categorized as a {{c2::Long-acting muscarinic receptor antagonist (LAMA)}}. | It is often used as an additional treatment option for severe respiratory disease.
Theophylline acts as a {{c1::phosphodiesterase (PDE)}} inhibitor, which blocks the enzyme that breaks down {{c2::cyclic AMP (cAMP)}}. | Increasing cAMP leads to smooth muscle relaxation.
A major clinical drawback of Theophylline is its {{c1::narrow therapeutic index}}. | This requires precise dosing to avoid toxicity.
{{c1::Montelukast}} is a {{c2::leukotriene receptor antagonist}} administered {{c3::orally}}. | It is used as a prophylactic treatment, not for acute attacks.
Montelukast has been associated with potential {{c1::neuropsychiatric}} reactions. | This is a significant safety consideration for patients.
Glucocorticosteroids like {{c1::Fluticasone}} and {{c2::Budesonide}} primarily target {{c3::inflammation}}. | They are the cornerstone of long-term asthma management.
Glucocorticoids reduce {{c1::mucus}} production and {{c2::swelling}} in the airways. | They are effective for the late phase of asthma.
Inhaled corticosteroids (ICS) are less effective on {{c1::non-T2}} type asthma. | This illustrates the need for phenotype-specific treatment.
Glucocorticoids regulate gene transcription by inhibiting the {{c1::NFκB}} transcription factor. | NFκB is a major driver of pro-inflammatory gene expression.
Glucocorticoids increase the expression of {{c1::Annexin A1}}, an anti-inflammatory protein. | Annexin A1 inhibits the enzyme responsible for synthesizing contractile mediators.
Biologics for asthma are only used in {{c1::severe, uncontrollable}} cases and are specific to {{c2::T2-type}} asthma. | These are specialized treatments targeting specific immune molecules.
{{c1::Omalizumab}} is a biologic treatment that acts as a monoclonal antibody against {{c2::IgE}}. | It prevents IgE from triggering mast cell degranulation.
{{c1::Mepolizumab}} is a biologic monoclonal antibody that targets {{c2::IL-5}}. | IL-5 is critical for the recruitment and survival of eosinophils.
{{c1::Bronchial thermoplasty}} is a non-pharmacological treatment that uses {{c2::thermal energy}} to reduce airway smooth muscle. | It is an invasive procedure for severe asthma.
Airway contraction is caused by the release of {{c1::Ca2+}} from {{c2::intracellular}} stores. | Intracellular calcium is the final trigger for smooth muscle shortening.
The molecular pathway for contraction involves: GPCR + G proteins + PLC → {{c1::IP3}} → {{c2::Ca2+ release}}. | IP3 (inositol trisphosphate) is the critical second messenger here.
Ca2+ release leads to the phosphorylation of {{c1::myosin light chain}}, causing contraction. | This process is catalyzed by Myosin Light Chain Kinase (MLCK).
Beta agonists activate the receptor, which activates the {{c1::Adenylate Cyclase (AC)}} enzyme to increase {{c2::cyclic AMP (cAMP)}}. | Increased cAMP levels promote airway relaxation.
Protein Kinase A (PKA) helps relax smooth muscle by {{c1::inhibiting}} the opening of Ca2+ channels. | PKA is the primary effector protein activated by cAMP.
Protein Kinase A (PKA) phosphorylates {{c1::phosphatase}}, leading to the {{c2::dephosphorylation}} of myosin light chain. | This directly reverses the process that causes contraction.
{{c1::Beta antagonists (Beta blockers)}} should never be used in asthma patients. | They can trigger life-threatening bronchospasm.
In COPD, airflow is obstructed due to mucus, inflammatory cells, and {{c1::scarring}}. | This obstruction is often progressive and not fully reversible.
{{c1::Emphysema}} is defined by the disruption of {{c2::alveolar attachments}}. | This leads to the collapse of small airways during expiration.
Chronic bronchitis is a major component of {{c1::COPD}}. | It involves long-term inflammation of the bronchi.
In COPD, damaged epithelial cells activate {{c1::fibroblasts}} and secrete inflammatory {{c2::cytokines}}. | This drives the structural remodeling seen in the disease.
COPD inflammation is characterized by the activation of {{c1::alveolar macrophages}} and {{c2::neutrophils}}. | These cells release destructive enzymes that cause emphysema.
If {{c1::eosinophils}} are involved in COPD, {{c2::steroids (glucocorticoids)}} are more likely to be effective. | Eosinophilic inflammation is more responsive to anti-inflammatory therapy.
For COPD Stage 2, the recommended treatment is to add a {{c1::LABA}} or {{c2::LAMA}}. | These long-acting dilators improve lung function and reduce symptoms.
Alpha1 proteinase inhibitor normally inhibits {{c1::neutrophil elastase}} to protect the lungs. | Without this inhibition, elastase destroys lung tissue.
In genetic Alpha1 proteinase inhibitor deficiency, the enzyme is trapped in the {{c1::liver}}. | This prevents it from reaching and protecting the lungs.
Treatment for Alpha1 proteinase inhibitor deficiency involves replacement with {{c1::Prolastin}}, administered {{c2::intravenously}}. | This provides the lungs with the protection they lack genetically."
Pulmonary antimicrobials,"2.5 Pulmonary Antimicrobials - Comprehensive Clinical Review
Principles of Respiratory Infectious Disease (RID) Treatment
The management of RIDs requires a strategic approach to ensure efficacy while minimizing antibiotic resistance.
Key Decision Factors:
•	Etiology: Is the infection viral, bacterial, or fungal?
•	Severity: Does the patient require outpatient management or hospitalization?
•	Patient Factors: Age, comorbidities, allergies, and pregnancy status.
•	Local Resistance Patterns: Consideration of community-acquired vs. hospital-acquired pathogens.
Antibacterial Agents for Pulmonary Infections
1. Beta-Lactams (e.g., Amoxicillin, Ceftriaxone):
•	Mechanism: Inhibit bacterial cell wall synthesis.
•	Use: First-line for community-acquired pneumonia (CAP) and streptococcal pharyngitis.
2. Macrolides (e.g., Azithromycin, Erythromycin):
•	Mechanism: Inhibit protein synthesis by binding to the 50S ribosomal subunit.
•	Use: Effective against 'atypical' pathogens like Mycoplasma pneumoniae and Legionella.
3. Fluoroquinolones (e.g., Levofloxacin):
•	Mechanism: Inhibit DNA gyrase and topoisomerase IV.
•	Use: Reserved for 'respiratory quinolone' needs in complicated pneumonia or penicillin allergies.
Management of Viral Respiratory Infections
Most upper respiratory tract infections (URTIs) are viral (e.g., Rhinovirus, Influenza, COVID-19) and do not require antibiotics.
Influenza Treatment:
•	Neuraminidase Inhibitors (e.g., Oseltamivir): Prevent the release of new viral particles from infected cells.
•	Clinical Pearl: Most effective if started within 48 hours of symptom onset.
COVID-19 Management:
•	Antivirals (e.g., Molnupiravir, Paxlovid) are targeted at high-risk individuals to prevent progression to severe disease.
Anti-Tuberculosis (TB) Therapy
TB requires long-term, multi-drug therapy to prevent resistance. The standard RIPE regimen includes:
•	Rifampicin: Inhibits RNA synthesis. Side effect: Orange-red discoloration of body fluids.
•	Isoniazid: Inhibits mycolic acid synthesis. Side effect: Peripheral neuropathy (prevented with Vitamin B6).
•	Pyrazinamide: Active in acidic environments (inside macrophages). Side effect: Hyperuricemia/Gout.
•	Ethambutol: Inhibits cell wall synthesis. Side effect: Optic neuritis (requires vision monitoring).
Clinical Considerations and Stewardship
Symptomatic Relief: Use of analgesics (Paracetamol) and hydration for viral URTIs.
Antibiotic Stewardship: Avoiding the 'just in case' prescription to preserve the efficacy of existing antimicrobials.
Information Sources: Utilization of the Therapeutic Guidelines (eTG) and MIMS for up-to-date dosing and resistance data.",
Development & adult anatomy of the foregut,"Development and Adult Anatomy of the Foregut
The adult anatomy of the gastrointestinal (GI) system is fundamentally determined by embryonic events. Understanding the transitions from a simple midline tube to the complex, rotated adult configuration is essential for clinical practice.
1. The Primitive Gut Tube
The gut tube develops from cranial to caudal and is divided into three main sections based on arterial supply:
•	Foregut: Supplied by the Celiac Trunk. Includes the esophagus, stomach, liver, gallbladder, and proximal duodenum.
•	Midgut: Supplied by the Superior Mesenteric Artery (SMA).
•	Hindgut: Supplied by the Inferior Mesenteric Artery (IMA).
2. Development of the Stomach and Omental Bursa
The stomach begins as a fusiform dilation of the foregut. Its final position is the result of two distinct rotations:
•	Longitudinal Rotation (90° Clockwise): The left side moves anteriorly (becoming the anterior surface), and the right side moves posteriorly. This explains why the Left Vagus Nerve supplies the anterior stomach wall and the Right Vagus Nerve supplies the posterior wall.
•	Anteroposterior Rotation: The stomach tips so that the pyloric part moves upward and to the right, while the cardiac part moves downward and to the left.
This rotation creates a space behind the stomach known as the Omental Bursa (Lesser Sac). The remaining space in the abdominal cavity is the Greater Sac.
3. The Liver, Gallbladder, and Pancreas
The Hepatic Diverticulum
The liver and gallbladder develop from a ventral outgrowth (the liver bud) at the distal end of the foregut. This bud grows into the Septum Transversum (the future diaphragm).
Pancreatic Fusion
The pancreas develops from two distinct buds:
•	Ventral Pancreatic Bud: Originates near the bile duct.
•	Dorsal Pancreatic Bud: Originates in the dorsal mesentery.
During the 90° rotation of the duodenum, the ventral bud migrates posteriorly to meet and fuse with the dorsal bud. The ventral bud becomes the uncinate process and part of the head, while the dorsal bud forms the remainder of the pancreas.
4. Peritoneal Relationships and Mesenteries
The gut tube is initially suspended by two mesenteries:
•	Dorsal Mesentery: Suspends the entire gut tube from the posterior body wall. It persists as the Greater Omentum, mesentery of the small intestine, and meso-colon.
•	Ventral Mesentery: Only exists for the foregut. It is divided by the liver into the Falciform Ligament (connecting liver to anterior wall) and the Lesser Omentum (connecting liver to stomach).
Primary vs. Secondary Retroperitoneal
While all foregut structures start as intraperitoneal, rotation causes some to press against the posterior wall and fuse with the peritoneum.
•	Intraperitoneal: Stomach, Liver, 1st part of Duodenum.
•	Secondarily Retroperitoneal: Most of the Pancreas, and the 2nd, 3rd, and 4th parts of the Duodenum.
5. Clinical Correlation: Developmental Anomalies
•	Hypertrophic Pyloric Stenosis: Extreme narrowing of the pyloric lumen, causing projectile vomiting.
•	Annular Pancreas: Occurs if the ventral pancreatic bud splits or rotates incorrectly, encircling the duodenum and causing obstruction.
•	Biliary Atresia: Failure of the bile ducts to canalize, leading to jaundice after birth.","The foregut in the abdomen consists of the {{c1::liver::right side}}, the {{c2::stomach::middle}}, the {{c3::pancreas::posterior}}, and the spleen [cite: 50, 51, 52, 53, 54]. | Extra: The spleen migrates into the foregut during development [cite: 60].
During embryonic folding, the lateral walls of the {{c1::amnionic cavity}} grow toward and surround the {{c2::yolk sac}}, resulting in the encasement of the gut tube [cite: 55, 56, 57]. | Extra: Folding occurs in both lateral and cranial directions to define the gut structure.
Cranial folding of the embryo results in the division of the gut into {{c1::three::number}} sections [cite: 58]. | Extra: These are the foregut, midgut, and hindgut [cite: 68, 69, 70].
Although the {{c1::lungs}} originate from the gut tube, they eventually detach from it [cite: 59]. | Extra: This respiratory diverticulum branches off the foregut during early development.
The diaphragm originates from the {{c1::septum transversum}}, which is the {{c2::ventral mesentery}} of the foregut [cite: 62]. | Extra: The liver subsequently grows off from the duodenum into the diaphragm [cite: 63].
The diaphragm is made of {{c1::skeletal muscle}} and has no {{c2::peritoneum::lining}}, which creates the {{c3::bare area}} of the liver [cite: 64]. | Extra: This direct anatomical relationship is why the liver pulling on the diaphragm causes specific symptoms.
Referred pain to the {{c1::shoulder}} (often felt as a ""stitch"" from running) is caused by the {{c2::liver}} pulling on the diaphragm [cite: 65]. | Extra: This occurs because the phrenic nerve (C3-C5) provides sensory innervation to the diaphragm.
Unlike all other gut areas which only have a {{c1::dorsal}} mesentery, the foregut possesses both ventral and dorsal mesenteries [cite: 61, 66]. | Extra: Vessels and nerves travel through these mesenteries to reach the organs [cite: 67].
The arterial supply to the foregut is the {{c1::celiac trunk}} of the abdominal aorta, which is located at level {{c2::T12}} [cite: 68]. | Extra: This is the most superior of the three major unpaired branches supplying the gut.
The midgut is supplied by the {{c1::superior mesenteric artery (SMA)}} at level {{c2::L1}} [cite: 69]. | Extra: Compare this to the celiac trunk (T12) and the inferior mesenteric artery (L3) [cite: 68, 70].
The hindgut is supplied by the {{c1::inferior mesenteric artery (IMA)}} at level {{c2::L3}} [cite: 70]. | Extra: This serves the descending colon, sigmoid colon, and rectum.
Initial rotation of the foregut is a {{c1::right::direction}} rotation, triggered by the growth of the {{c2::liver}} [cite: 71, 72]. | Extra: The growing liver pulls on the mesentery, initiating the movement [cite: 72].
During the rotation of the liver, the {{c1::gallbladder}} moves along with it [cite: 73]. | Extra: Their anatomical association is maintained throughout the development process.
When the {{c1::dorsal::side}} growth of the mesentery becomes faster than the ventral growth, the body will ""sit down"" [cite: 74]. | Extra: This refers to the complex positional changes during gut development.
The pancreas develops from two buds: the {{c1::ventral}} bud and the {{c2::dorsal}} bud [cite: 75]. | Extra: The ventral bud rotates around to meet and fuse with the dorsal bud [cite: 76].
After rotation, the ventral pancreatic bud ends up {{c1::posterior}} to the dorsal bud and associated blood vessels [cite: 77]. | Extra: This fusion forms the head and uncinate process of the adult pancreas.
The pancreas is considered {{c1::secondary retroperitoneal}} because its peritoneum on the posterior wall disappears during development [cite: 78]. | Extra: This anchors the organ firmly against the posterior abdominal wall.
The ventral mesentery of the foregut is divided by the liver into the {{c1::falciform ligament}} and the {{c2::hepatogastro ligament}} [cite: 79, 80, 81]. | Extra: The falciform ligament connects the liver to the abdominal wall, while the hepatogastro ligament connects the liver to the stomach [cite: 80, 81].
The {{c1::falciform ligament}} connects the liver to the {{c2::anterior abdominal wall}} [cite: 80]. | Extra: It is a remnant derivative of the ventral mesentery.
The {{c1::hepatogastro ligament}} is the portion of the ventral mesentery connecting the liver and the {{c2::stomach}} [cite: 81]. | Extra: This ligament forms the majority of the lesser omentum.
The dorsal mesentery of the foregut is divided by the spleen into the {{c1::gastrosplenic}} ligament and the {{c2::splenoreno}} ligament [cite: 82, 83, 84]. | Extra: The gastrosplenic is ventral, while the splenoreno is dorsal [cite: 83, 84].
The {{c1::splenoreno ligament}} connects the spleen to the posterior body wall near the {{c2::kidney}} [cite: 84]. | Extra: This name reflects the connection between the spleen and the renal region.
As the liver grows very large and runs out of space, it rotates to the {{c1::right}}, pulling the {{c2::stomach}} across to the right as well [cite: 85, 86, 87]. | Extra: This massive growth is a primary driver of the definitive abdominal orientation.
During rotation, the spleen is pulled from the posterior to the {{c1::left}} side of the body [cite: 88]. | Extra: Simultaneously, the pancreas rotates toward the {{c2::posterior body wall}} [cite: 89].
The rotation of the foregut divides the peritoneal cavity into the {{c1::greater sac}} and the {{c2::omental bursa}} (lesser sac) [cite: 90, 91]. | Extra: The omental bursa is the space located behind the stomach.
Following rotation, the original right side of the stomach (ventral wall) becomes the {{c1::dorsal}} wall [cite: 92]. | Extra: This describes the 90-degree clockwise turn of the stomach.
Fetal blood bypasses the liver using shunts like the {{c1::ductus venosus}}, which connects the portal/left umbilical vein to the {{c2::IVC}} [cite: 93, 94]. | Extra: Shunting is necessary because the liver does not perform its adult functions during fetal development [cite: 93].
In adults, the {{c1::ligamentum venosum}} is the remnant of the ductus venosus found at the back of the liver [cite: 95]. | Extra: This serves as an anatomical landmark in the adult liver.
The {{c1::round ligament}} (obliterated umbilical vein) is found at the base of the {{c2::falciform ligament}} [cite: 96]. | Extra: This structure is also known as the ligamentum teres hepatis."
Development & adult anatomy of the midgut and hindgut,"3.3 Development and Adult Anatomy of the Midgut and Hindgut
Embryological Folding and Gut Tube Formation
The gut tube is formed from the endoderm during craniocaudal and lateral folding of the embryo.
Division of the Gut:
•	Foregut: Celiac trunk supply; pharynx to the proximal half of the duodenum.
•	Midgut: Superior Mesenteric Artery (SMA) supply; distal duodenum to proximal 2/3 of the transverse colon.
•	Hindgut: Inferior Mesenteric Artery (IMA) supply; distal 1/3 of the transverse colon to the superior part of the anal canal.
Midgut Development and Rotation
1. Physiological Herniation (Week 6):
•	The midgut forms a U-shaped loop that herniates into the umbilical cord due to lack of space in the abdominal cavity (exacerbated by the rapidly growing liver).
•	The Superior Mesenteric Artery forms the axis of this loop.
2. Rotation (270 degrees Total):
•	The loop undergoes an initial 90-degree counter-clockwise rotation while herniated.
•	During the return to the abdomen (Week 10), it rotates a further 180 degrees counter-clockwise.
•	Result: The cecum ends up in the lower right quadrant and the small intestines are positioned centrally.
3. Fixation:
•	Parts of the gut (e.g., ascending and descending colon) become secondarily retroperitoneal as their mesenteries fuse with the posterior abdominal wall.
Hindgut Development and the Cloaca
The distal hindgut enters the cloaca, an endoderm-lined cavity in contact with surface ectoderm.
1. Urorectal Septum:
•	A wedge of mesoderm that grows caudally to divide the cloaca into the urogenital sinus (anterior) and the anorectal canal (posterior).
•	Failure to separate leads to fistulas (rectovesical, rectovaginal, etc.).
2. The Pectinate (Dentate) Line:
•	The junction where the endodermal hindgut meets the ectodermal proctodeum.
•	Superior to line: Autonomic innervation, IMA blood supply, portal venous drainage, painless (visceral) sensation.
•	Inferior to line: Somatic (pudendal) innervation, Internal Iliac blood supply, systemic venous drainage, painful (somatic) sensation.
Clinical Congenital Anomalies
Omphalocele: Persistence of midgut herniation through the umbilical ring, covered by a peritoneal sac.
Gastroschisis: Full-thickness abdominal wall defect (usually right of umbilicus) with bowel protrusion not covered by a sac.
Malrotation: Failure to complete 270-degree rotation, leading to 'Ladd's bands' and risk of midgut volvulus (twisting and ischemia).
Meckel's Diverticulum: Persistence of the vitelline duct; follows the 'rule of 2s' (2% of population, 2 inches long, 2 feet from ileocecal valve).
Hirschsprung Disease: Failure of neural crest cells to migrate, resulting in an aganglionic segment of colon (functional obstruction).","The {{c1::Greater omentum}}, {{c2::Gastrosplenic ligament}}, and {{c3::Splenorenal ligament}} are all derivatives of the {{c4::dorsal}} mesentery. | These structures form as the stomach rotates and the dorsal mesentery expands.
The {{c1::cranial}} limb of the midgut loop develops into the small intestine, with the exception of the {{c2::duodenum}}. | The midgut loop is divided into cranial and caudal limbs by the superior mesenteric artery axis.
The {{c1::caudal}} limb of the midgut loop gives rise to the {{c2::left 1/3 of the transverse colon}} and the {{c3::descending colon}}. | Note: The source specifies this division, marking the transition toward hindgut-derived structures.
The midgut loop undergoes physiological herniation into the {{c1::umbilicus}} via the {{c2::vitello-intestinal duct}} because of {{c3::lack of space}} in the abdominal cavity. | This occurs around the 6th week of development.
During development, the midgut loop rotates to the {{c1::right}} around the {{c2::Superior Mesenteric Artery (SMA)}}. | This rotation is essential for the proper placement of the intestines.
The midgut limbs swap positions during development: the {{c1::cranial}} limb develops faster than the {{c2::caudal}} limb. | This differential growth rate contributes to the folding and packing of the small intestine.
Peritoneal 'retention bands' limit the rotation of the midgut; the superior band is the {{c1::Ligament of Treitz}} and the inferior band is the {{c2::phrenicocolic ligament}}. | These bands fix certain points of the gut to the posterior abdominal wall or diaphragm.
The {{c1::Ligament of Treitz}} (superior retention band) attaches the {{c2::diaphragm}} to the {{c3::duodenum}}. | It specifically marks the duodenojejunal junction.
The {{c1::phrenicocolic ligament}} (inferior retention band) connects the {{c2::inferior diaphragm}} to the {{c3::colon}}. | This ligament also helps support the spleen.
Upon re-entering the abdomen, the {{c1::cranial}} limb returns first, leading to the {{c2::duodenum}} becoming {{c3::secondary retroperitoneal}}. | Secondary retroperitoneal structures were initially intraperitoneal but fused to the back wall.
After reentry, the {{c1::small intestine}} is positioned in the middle of the cavity and remains {{c2::intraperitoneal}}. | This allows the jejunum and ileum to remain mobile within the abdominal cavity.
The {{c1::caudal}} limb returns to the abdomen after the cranial limb, ending up in a {{c2::superficial}} position on the {{c3::left}} side. | This sequence ensures the colon frames the small intestine.
The transverse colon is {{c1::intraperitoneal}} and is embryologically connected to the {{c2::greater omentum}}. | Its mobility is maintained by the transverse mesocolon.
The descending colon eventually becomes {{c1::secondary retroperitoneal}} after the midgut loop reenters the abdomen. | Like the duodenum, it loses its mesentery to fuse with the posterior body wall.
The growth of the {{c1::transverse colon}} and {{c2::ascending colon}} are the {{c3::last}} major growth events of the midgut. | This occurs after the loop has returned to the abdominal cavity.
{{c1::Meckel’s diverticulum}} is a remnant of the {{c2::vitello-intestinal duct}} and is located at the point where the {{c3::cranial and caudal limbs}} meet. | It is a common congenital anomaly of the small intestine.
The {{c1::ascending colon}} grows {{c2::downwards}} from the {{c3::transverse colon}}, a process that determines the final position of the {{c4::appendix}}. | The appendix has a highly variable position (e.g., retrocecal, pelvic) due to this growth.
The Greater Omentum is formed from the {{c1::dorsal mesentery}} of the stomach which grows too long and extends into the midgut. | It serves as a protective 'apron' over the intestines.
The Greater Omentum is composed of {{c1::four}} layers of peritoneum. | It is often called the 'policeman of the abdomen' because it can migrate to sites of inflammation.
The Greater Omentum attaches to the {{c1::transverse colon}} during the return of the midgut loop to the abdomen. | This attachment occurs as the layers of the omentum and the transverse mesocolon fuse.
The Greater Omentum can physically block off {{c1::infections}}, but this may cause pain because {{c2::nerves}} are folded inside its structure. | This refers to visceral pain resulting from the displacement of the omentum.
In hindgut development, the {{c1::cloaca}} must divide into the {{c2::bladder}} (anteriorly) and the {{c3::rectum/anus}} (posteriorly). | This division is critical for separating the urinary and digestive tracts.
The {{c1::urorectal septum}} is an internal growth of {{c2::epithelium}} (mesoderm-derived) that divides the cloaca. | It grows caudally toward the cloacal membrane.
The {{c1::perineal body}} serves as the final separation point between the anterior and posterior components of the cloaca. | It is the central tendon of the perineum in adults.
The bladder must be cut off from the {{c1::anterior body wall}} during the final stages of hindgut development. | Failure of this process can lead to anomalies like bladder exstrophy.
The {{c1::pectinate (or dentate) line}} marks the junction where the {{c2::ectoderm}} grows inward to meet the gut tube. | It serves as a vital clinical landmark dividing the visceral and somatic portions of the anal canal.
Above the pectinate line, the epithelium is {{c1::columnar}}; below the line, it is {{c2::stratified squamous}}. | Columnar epithelium is characteristic of the gut tube, while stratified squamous is skin-like.
The arterial supply above the pectinate line is the {{c1::superior rectal artery}}, whereas below it is the {{c2::inferior rectal artery}}. | The superior rectal artery is a continuation of the inferior mesenteric artery.
Venous drainage above the pectinate line goes to the {{c1::portal system}} via the superior rectal vein; below the line, it goes to the {{c2::inferior vena cava (IVC)}} via the inferior rectal vein. | This is a major site of porto-systemic anastomosis.
Varicosities of the rectal veins form {{c1::internal}} hemorrhoids if they occur above the pectinate line, and {{c2::external}} hemorrhoids if they occur below. | This distinction is crucial for diagnosis and treatment.
Lymphatic drainage above the pectinate line is to the {{c1::internal iliac}} nodes; below the line, it is to the {{c2::inguinal}} nodes. | This determines the spread of malignant cells from different parts of the anal canal.
Innervation above the pectinate line is {{c1::visceral}}, making it sensitive only to {{c2::stretching}} and insensitive to cutting or burning. | This explains why internal hemorrhoids are often painless.
Innervation below the pectinate line is {{c1::somatic}}, making it highly sensitive to {{c2::pain, touch, and temperature}}. | This is mediated by the inferior rectal nerves, branches of the pudendal nerve."
Anterior abdominal wall & descent of testes,"3.4 Anterior Abdominal Wall and Descent of Testes
The Anterior Abdominal Wall: Muscles and Fascia
The wall is composed of several layers that provide flexibility, protection, and the force necessary for expulsion (faeces, flatus, fetus, and vomit).
Flat Muscles (Superficial to Deep):
•	External Oblique: Fibres run 'hands in pockets' (inferomedially). Form the inguinal ligament.
•	Internal Oblique: Fibres run perpendicular to the external oblique.
•	Transversus Abdominis: Deepest layer; fibres run horizontally to provide core stability.
Vertical Muscle:
•	Rectus Abdominis: Contained within the rectus sheath, divided by tendinous intersections ('six-pack').
Fascial Layers:
•	Camper Fascia (superficial fatty layer) and Scarpa Fascia (deep membranous layer).
The Inguinal Canal and Descent of the Testes
The inguinal canal is an oblique passage through the lower abdominal wall that allows structures to pass from the abdomen to the scrotum/labia majora.
Embryology of Descent:
•	Gubernaculum: A mesenchymal cord that guides the testes from the posterior abdominal wall through the inguinal canal to the scrotum.
•	Processus Vaginalis: An outpocketing of peritoneum that precedes the testes. The distal portion remains as the Tunica Vaginalis.
Layers of the Spermatic Cord (Derived from Abdominal Wall):
•	External Spermatic Fascia (from External Oblique aponeurosis).
•	Cremasteric Muscle/Fascia (from Internal Oblique).
•	Internal Spermatic Fascia (from Transversalis Fascia).
Clinical Implications: Hernias and Maldescent
Inguinal Hernias:
•	Indirect Inguinal Hernia: Passes through the deep inguinal ring (lateral to inferior epigastric vessels); often due to a patent processus vaginalis.
•	Direct Inguinal Hernia: Pushes through Hesselbach's triangle (medial to inferior epigastric vessels) due to weakness in the abdominal wall.
Testicular Pathologies:
•	Cryptorchidism: Failure of one or both testes to descend; increases the risk of infertility and testicular cancer.
•	Hydrocele: Accumulation of fluid within a persistent processus vaginalis.
Surgical Anatomy:
•	Abdominal incisions (Midline, Paramedian, Transverse) are chosen based on the need for access vs. the risk of nerve damage and healing time.
Lymphatic Drainage and Cancer Spread
Testes: Drain to the Lumbar (Para-aortic) lymph nodes, reflecting their embryological origin in the high posterior abdominal wall.
Scrotum: Drains to the Superficial Inguinal lymph nodes.
Clinical Pearl: Testicular cancer spreads to the abdomen, whereas scrotal cancer spreads to the groin.",
Introduction and neuronal control of the gut,"Introduction to Gut Physiology and Pancreatic Function
1. Overview of the Gastrointestinal System
The GI tract is a continuous tube from the mouth to the anus. Its primary functions are ingestion, mechanical and chemical digestion, absorption of nutrients, and elimination of waste. The tract is divided into the Upper GIT (mouth, esophagus, stomach, duodenum) and Lower GIT (jejunum, ileum, large intestine).
Accessory organs include the salivary glands, liver, gallbladder, and pancreas, which provide essential secretions (enzymes and bile) for digestion.
2. Pancreatic Exocrine Function
The pancreas has both endocrine and exocrine functions. The exocrine portion consists of acinar cells (producing enzymes) and duct cells (producing bicarbonate-rich alkaline fluid).
Pancreatic enzymes include proteases (trypsinogen, chymotrypsinogen), lipase (for fats), and amylase (for carbohydrates). Proteases are secreted as inactive zymogens to prevent autodigestion of the pancreas. They are activated in the duodenum by the enzyme enterokinase.
3. Regulation of Secretions
Secretin is released from the duodenum in response to acidic chyme, stimulating the release of bicarbonate from pancreatic ducts to neutralize stomach acid.
Cholecystokinin (CCK) is released in response to fats and proteins, stimulating acinar cells to release digestive enzymes and causing the gallbladder to contract.
Mechanisms of Gut Motility
1. Muscle Layers and the Syncytium
The gut wall contains two primary smooth muscle layers: an inner circular layer (constricts the lumen) and an outer longitudinal layer (shortens the tube). These cells are electrically coupled via gap junctions, forming a 'functional syncytium' that allows coordinated waves of contraction.
2. Peristalsis vs. Segmentation
Peristalsis is the primary propulsive movement. It involves a ring of contraction behind the food bolus and a ring of relaxation in front, pushing the contents forward. This is prominently seen in the esophagus (primary and secondary peristalsis) and the stomach.
Segmentation consists of rhythmic, localized contractions that mix food with digestive juices and increase the surface area for absorption. It is the dominant movement in the small intestine.
3. Sphincters and Control
Sphincters act as one-way valves to control the passage of food. Examples include the Lower Esophageal Sphincter (preventing reflux), the Pyloric Sphincter (regulating gastric emptying), and the Ileocecal valve.
Motility is controlled by the Enteric Nervous System (the 'brain in the gut') and modulated by the Autonomic Nervous System (Parasympathetic increases motility, Sympathetic decreases it).","Nutrient-rich blood from the {{c1::small intestine}} is transported to the {{c2::liver}}. | [cite: 3, 4] This pathway ensures the liver can process nutrients before they enter systemic circulation.
In the small intestine, absorbed fats (found in chyme) move into the {{c1::lymphatics}}. | [cite: 3, 5] Unlike most nutrients, fats bypass the initial portal circulation to the liver.
The primary site for {{c1::water}} absorption in the GIT is the {{c2::large intestine}}. | [cite: 6, 7] This helps solidify waste before excretion.
The tongue converts food into a {{c1::bolus}}. | [cite: 9] This is the first stage of mechanical and chemical digestion.
In the stomach, {{c1::acid}} combines with a bolus to form {{c2::chyme}}. | [cite: 10] Chyme is the semi-fluid mass of partially digested food.
Within the mucosa, {{c1::villi}} serve to {{c2::increase surface area}} for absorption. | [cite: 12, 13] This structure is essential for efficient nutrient uptake.
{{c1::Circular}} smooth muscle travels {{c2::around}} the gut and causes {{c3::constriction::action}}. | [cite: 14, 15, 16] This layer is responsible for narrowing the lumen.
{{c1::Longitudinal}} smooth muscle runs {{c2::in the direction of}} the gut and causes {{c3::shortening::action}}. | [cite: 17, 18, 19] This action helps propel food along the tract.
The primary function of sphincters in the GIT is to {{c1::prevent backflow}} of food. | [cite: 20, 21] This maintains unidirectional flow.
The two GIT sphincters composed of {{c1::skeletal}} muscle are the {{c2::upper oesophageal}} (entrance to oesophagus) and the {{c3::external anus}}. | [cite: 22, 23, 24] These are under somatic (voluntary) control.
The sphincter of {{c1::Oddi}} controls the flow of secretions from the {{c2::pancreas}}, {{c3::gallbladder}}, and {{c4::liver}}. | [cite: 28] It is composed of smooth muscle.
The smooth muscle sphincter located at the entrance to the stomach is the {{c1::lower oesophageal}}, while the one at the entrance to the small intestine is the {{c2::pylori}}. | [cite: 25, 26, 27] These are regulated by autonomic and enteric signals.
The {{c1::ileocecal}} sphincter is the entrance to the large intestine, while the {{c2::internal anal}} sphincter provides involuntary control of the anus. | [cite: 29, 30] Both are composed of smooth muscle.
{{c1::Sympathetic}} activation leads to sphincter {{c2::constriction}}, while {{c3::parasympathetic}} (plus inhibitory enteric) activation leads to {{c4::relaxation}}. | [cite: 31, 32] This demonstrates the opposing roles of the autonomic branches in digestion.
Sensory nerves in the GIT include {{c1::chemoreceptors}}, which detect chemical changes, and {{c2::mechanoreceptors}}, which detect physical stretch. | [cite: 36, 37, 38] These provide feedback to the enteric and central nervous systems.
The {{c1::autonomic}} nervous system targets glands and {{c2::smooth muscle}}, whereas the {{c3::somatic}} nervous system targets {{c4::skeletal muscle}}. | [cite: 39, 40, 41, 42, 43]
The {{c1::enteric}} nervous system targets glands and {{c2::smooth muscle}}. | [cite: 44, 45, 46] It is often referred to as the 'second brain'.
Autonomic nerve {{c1::varicosities}} contain synapse vesicles which house {{c2::neurotransmitters}}. | [cite: 47, 48] This allows for diffuse signaling across smooth muscle rather than single-point synapses.
Parasympathetic signals use the neurotransmitter {{c1::ACh (Acetylcholine)}}, which acts on {{c2::muscarinic}} receptors. | [cite: 49]
Sympathetic signals use {{c1::ACh}} and {{c2::NA (Noradrenaline)}}, which act on {{c3::adrenergic}} receptors. | [cite: 50]
The {{c1::Myenteric}} plexus is located between the {{c2::circular}} and {{c3::longitudinal}} smooth muscle layers and controls {{c4::motility}}. | [cite: 52, 53, 54] This is also known as Auerbach\'s plexus.
The {{c1::Submucosal}} plexus is located between the {{c2::lumen}} and smooth muscle; it controls {{c3::gland secretion}} and {{c4::nutrition absorption}}. | [cite: 55, 56, 57] This is also known as Meissner\'s plexus.
In the ENS, the excitatory neurotransmitter {{c1::ACh}} increases {{c2::motility}} and {{c3::secretions}}. | [cite: 58, 59]
In the ENS, the inhibitory neurotransmitter {{c1::nitric oxide (NO)}} acts to {{c2::relax smooth muscle}}. | [cite: 60] This is critical for processes like receptive relaxation."
Gut motility,"4.3.1 Gut motility small bowel - Detailed Article
Overview of the Small Intestine
The small intestine (SI) consists of the duodenum, jejunum, and ileum. It is the primary site for chemical digestion and nearly all nutrient absorption.
Digestive processes include:
•	Mixing chyme with digestive juices (bile, pancreatic enzymes, and intestinal secretions).
•	Completing chemical digestion of carbohydrates, proteins, and fats.
•	Absorption of nutrients into the bloodstream and lymphatic system.
•	Moving undigested remains toward the large intestine.
Types of Motility
1. Segmenting Contractions (Segmentations):
•	The primary form of motility during a meal.
•	Consists of localized, rhythmic contractions of circular muscle that divide and mix chyme.
•	Mixes chyme with alkaline secretions and enzymes to facilitate digestion and maximize contact with the mucosal surface for absorption.
2. Migrating Myoelectric Complex (MMC):
•	Occurs between meals (the 'housekeeping' phase) once most nutrients are absorbed.
•	Consists of waves of peristaltic contractions that flush remaining luminal contents, including bacteria and undigested debris, toward the large intestine.
•	Triggered by the hormone motilin.
4.3.2 Gut motility large bowel - Detailed Article
Anatomy and Functions of the Large Intestine
The large intestine extends from the ileum to the anus, comprising the cecum, appendix, ascending, transverse, descending, and sigmoid colon, and the rectum.
Major Functions:
•	Absorption of water and electrolytes.
•	Chemical digestion by enteric bacteria (fermentation).
•	Propulsion and storage of feces.
•	Excretion (defecation).
Patterns of Motility
1. Haustral Contractions (Haustrations):
•	Slow, segmenting movements that occur every 30 minutes.
•	Allow time for water and electrolyte absorption as chyme is moved from one haustrum to the next.
2. Mass Movements:
•	Long, slow, powerful peristaltic waves that occur 3-4 times daily (often after meals via the gastrocolic reflex).
•	Move feces from the transverse colon into the sigmoidal colon and rectum.
The Defecation Reflex
Triggered when mass movements push feces into the rectum, stretching the rectal wall.
•	Sensory: Stretch receptors send signals to the spinal cord.
•	Parasympathetic: Contracts the rectal wall and relaxes the internal anal sphincter (involuntary).
•	Somatic: External anal sphincter is under voluntary control, allowing for the timing of defecation.
Clinical Assessment
Bristol Stool Chart: Used by clinicians to assess transit time and stool consistency (Type 1 = Hard/Constipated to Type 7 = Liquid/Diarrhea).
Steatorrhoea: Pale, offensive, floating stools indicating fat malabsorption.","The small intestine's first segment is the {{c1::duodenum}}, which has a length of approximately {{c2::25cm}}. | [cite: 3] It is the shortest section but crucial for receiving bile and pancreatic juice.
The {{c1::jejunum}} is the middle section of the small intestine, measuring about {{c2::2.5m::length}}. | [cite: 4] This is a major site for nutrient absorption.
The {{c1::ileum}} is the final and longest segment of the small intestine, reaching a length of {{c2::3.6m}}. | [cite: 5] It ends at the ileocecal valve where it joins the large intestine.
Food entering the stomach triggers {{c1::sympathetic}} stretch receptors, which eventually leads to {{c2::parasympathetic}} innervation of smooth muscle to increase gut motility. | [cite: 6] This is part of the integrated neural control of the digestive system.
Small intestine {{c1::segmenting}} contractions are specialized for {{c2::digesting}} and involve {{c3::no directional movement}}. | [cite: 8, 9, 10] They serve to mix chyme with digestive enzymes and expose it to the mucosa.
The {{c1::migrating myoelectric complex (MMC)}} is a {{c2::peristaltic}} type of contraction that moves chyme down the small intestine. | [cite: 11, 12] It acts as an 'intestinal housekeeper' between meals.
The migrating myoelectric complex (MMC) is triggered by the hormone {{c1::motilin}} and a(n) {{c2::increase}} in chyme pH. | [cite: 13] This ensures the small intestine is cleared of undigested remains.
It takes approximately {{c1::2 hours}} for material to move through the small intestine via the migrating myoelectric complex. | [cite: 14] This cycle repeats in the fasting state.
The {{c1::taeniae coli}} (tena colae) are ribbons of {{c2::longitudinal}} smooth muscle found in the large intestine. | [cite: 15] Their tone creates the characteristic haustral pouches.
{{c1::Haustral}} contractions are mixing movements in the large intestine where {{c2::one sac}} (circular smooth muscle) contracts roughly every {{c3::10 minutes}}. | [cite: 17, 18] These are slow and non-propulsive.
The primary physiological purpose of haustral contractions is the absorption of {{c1::water}} and {{c2::electrolytes}}. | [cite: 19] This concentrates the waste material into feces.
In the large intestine, {{c1::mass movements}} are powerful {{c2::peristaltic::type}} contractions where the haustral sacs {{c3::disappear}}. | [cite: 20, 21] These move the contents over long distances toward the rectum.
Mass movements typically occur {{c1::3-4}} times a day and are triggered by {{c2::gastro-colic}} and {{c3::duodeno-colic}} reflexes. | [cite: 22, 23] These reflexes occur when the stomach and duodenum are {{c4::filling}}.
The reflexes that trigger mass movements in the large intestine are mediated by {{c1::parasympathetic}} activation. | [cite: 25] This is an involuntary response to food entering the upper GI tract.
The defecation reflex is initiated when {{c1::stretch receptors}} in the rectum are activated, leading to {{c2::parasympathetic}} activation. | [cite: 27] This is the first step in the process of expelling waste.
Enteric nervous system activation during the defecation reflex leads to the secretion of {{c1::mucus}}. | [cite: 28] This provides lubrication for the passage of stool.
The {{c1::internal}} anal sphincter consists of {{c2::smooth}} muscle and is under involuntary control, while the {{c3::external}} anal sphincter consists of {{c4::skeletal}} muscle and is under voluntary control. | [cite: 29, 30] The external sphincter is controlled via {{c5::somatic}} nerves.
Conscious control of defecation is managed through {{c1::somatic}} nerves. | [cite: 26, 31] This allows for the delay of defecation until a socially appropriate time.
When defecation is delayed, {{c1::retrograde peristalsis}} can occur, causing stools to {{c2::move back up}} the colon. | [cite: 32] This can lead to harder stools as more water is absorbed over time."
Gut secretions 1,"4.4.1 Salivation - Detailed Article
Functions and Composition of Saliva
Daily secretion ranges from 800 to 1500 ml. Saliva is composed of 99.5% water and 0.5% solutes (electrolytes, enzymes, and proteins).
Key Functions:
•	Lubrication: Facilitates swallowing and speech.
•	Digestion: Salivary amylase begins starch breakdown; lingual lipase begins fat breakdown.
•	Protection: Lysozyme and IgA have antibacterial properties; bicarbonate buffers acids.
•	Taste: Dissolves food chemicals to stimulate taste buds.
Regulation of Salivation
Salivation is primarily under autonomic nervous system control (medullary salivatory nuclei).
•	Parasympathetic: Increases watery, enzyme-rich saliva secretion via Muscarinic (M3) receptors.
•	Sympathetic: Produces a smaller volume of thick, mucous-rich saliva (leading to 'dry mouth' during stress).
Factors increasing salivation: Taste, smell, thought of food, nausea, and oral irritation.
Factors decreasing salivation: Sleep, fear, dehydration, and certain drugs.
Clinical Management
Ptyalism (Excessive Salivation): Treated with muscarinic receptor antagonists/inhibitors.
Xerostomia (Dry Mouth): Caused by drugs, radiotherapy, or dehydration. Can lead to dental cavities and swallowing difficulty. Treated with muscarinic agonists or withdrawing the offending drug.
4.4.2 Swallowing (Deglutition) - Detailed Article
The Three Phases of Swallowing
1. Buccal (Voluntary) Phase:
•	The only voluntary part of swallowing.
•	The tongue presses against the hard palate, forcing the food bolus into the oropharynx.
2. Pharyngeal Phase:
•	Involuntary and controlled by the swallowing center in the medulla and lower pons.
•	The soft palate and uvula rise to block the nasopharynx.
•	The larynx rises and the epiglottis tips to cover the laryngeal inlet, preventing food from entering the trachea.
•	Upper esophageal sphincter (UES) relaxes.
3. Esophageal Phase:
•	Involuntary phase where peristalsis moves the bolus toward the stomach.
•	The lower esophageal sphincter (LES) opens to allow entry into the stomach.
Clinical Correlates: Dysphagia and Achalasia
Dysphagia: Difficulty swallowing, often caused by nerve damage (Stroke, Parkinson's) or mechanical obstructions.
Achalasia: A specific disorder where the LES fails to relax due to degeneration of the myenteric plexus. Food accumulates in the esophagus, causing dilation. Treated with balloon dilation or Botox injections.
4.4.3 Gastric secretions - Comprehensive Guide
Parietal Cell Secretion
Parietal cells in gastric glands secrete Hydrochloric Acid (HCl).
Stimulants for HCl Secretion: Acetylcholine (ACh), Gastrin, and Histamine. These act via receptors on the parietal cell membrane to increase acid production.
Functions of HCl: Denatures proteins, activates pepsinogen to pepsin, and kills bacteria.
The Three Phases of Gastric Secretion
1. Cephalic Phase: Triggered by sight, smell, thought, or taste of food. Mediated by the Vagus nerve.
2. Gastric Phase: Triggered by stomach distension and chemical stimuli (peptides/low acidity). Large amounts of Gastrin are released.
3. Intestinal Phase: Triggered as chyme enters the duodenum. Initially stimulatory, but quickly becomes inhibitory (Enterogastric reflex) to slow gastric emptying via hormones like Secretin and CCK.","The {{c1::parotid::gland}} is an external salivary gland that opens into the mouth near the {{c2::second molar::location}} [cite: 151, 152].|The parotid is the largest of the salivary glands. Mumps typically causes swelling of this specific gland. <br> [Image of the parotid, submandibular, and sublingual salivary glands]
The {{c1::submandibular::gland}} and {{c2::sublingual::gland}} salivary glands are both anatomically located {{c3::under the tongue::location}} [cite: 153, 154].|The submandibular gland produces the majority of unstimulated saliva volume.
Small salivary glands located within the {{c1::mucosa::tissue layer}} of the mouth are known as {{c2::intrinsic buccal::gland type}} glands [cite: 155].|These provide local lubrication and protection to the oral lining.
On average, the human body produces {{c1::1L::volume}} of saliva per day, with the secretion rate being notably {{c2::low::high/low}} during sleep [cite: 157, 158].|Reduced flow during sleep explains why 'morning breath' or dry mouth is common upon waking.
Saliva is primarily composed of water, ranging from {{c1::97%::minimum}} to {{c2::99.5%::maximum}} [cite: 159, 160].|The remaining percentage consists of electrolytes, enzymes, and proteins.
The presence of {{c1::Ca2+ (calcium)::ion}} ions in saliva is essential for the biological function of {{c2::protecting teeth::purpose}} [cite: 161].|Calcium helps in the remineralization of tooth enamel.
The salivary enzyme {{c1::amylase::name}} (also known as {{c2::ptyalin::alias}}) is responsible for the initial digestion of {{c3::starch::substrate}} [cite: 162].|Amylase breaks down complex carbohydrates into simpler sugars like maltose.
Saliva contains {{c1::mucin::substance}}, a type of {{c2::glycoprotein::molecule type}} that functions to {{c3::lubricate food::purpose}} for easier swallowing [cite: 163].|Mucin gives saliva its viscous, slippery texture.
Besides water and enzymes, saliva contains {{c1::immunoglobulins::immune component}} for immune defense and allows for the absorption of {{c2::nitrates::substance}} [cite: 164, 165].|The oral mucosa can be a site for rapid absorption of certain chemicals.
The neurological pathway for saliva secretion involves the {{c1::salivatory nucleus::specific brain region}} in the {{c2::medulla::brainstem part}}, which communicates with glands via {{c3::parasympathetic::division of ANS}} nerves [cite: 167].|Activation of the parasympathetic system results in 'watery' saliva rich in enzymes.
{{c1::Atropine::drug}} is a {{c2::muscarinic inhibitor::mechanism}} used clinically as a treatment for excessive {{c3::drooling::symptom}} [cite: 168].|By blocking muscarinic receptors, it inhibits the parasympathetic stimulus for salivation.
{{c1::Xerostomia::term}} is the clinical term for dry mouth, and it can be diagnosed using the {{c2::dry cracker::test name}} test [cite: 169, 170].|In this test, a patient is asked to eat a dry cracker; those with xerostomia will struggle to swallow it without water.
The process of swallowing (deglutition) is divided into {{c1::3::number}} distinct phases: {{c2::buccal}}, {{c3::pharyngeal}}, and {{c4::oesophageal}} [cite: 171, 172].|These phases transition from voluntary control to involuntary reflex. <br> [Image of the 3 phases of swallowing]
The {{c1::buccal::phase name}} phase of swallowing is {{c2::voluntary::control type}} and is controlled by the {{c3::cerebral cortex::brain region}} [cite: 173].|This is the only phase under conscious control.
During the buccal phase, the {{c1::tongue contracts::action}} to move food to the top of the {{c2::pharynx::location}}, which activates {{c3::mechanoreceptors::receptor type}} [cite: 174, 175].|This activation triggers the involuntary reflex stages.
The swallowing center is located in the {{c1::medulla::brain region}}, and the primary efferent nerve involved in the reflex is the {{c2::vagus::nerve}} nerve [cite: 175].|The vagus nerve (CN X) coordinates the complex muscle movements of the throat.
During the {{c1::pharyngeal::phase name}} phase of swallowing, the {{c2::uvula::structure}} rises to close the nasal passage, and the {{c3::epiglottis::structure}} closes the trachea [cite: 176, 177].|This prevents food from entering the respiratory tract (aspiration).
During the involuntary pharyngeal phase, respiration is inhibited for approximately {{c1::1 second::duration}} [cite: 178].|This 'swallowing apnea' is a protective mechanism for the lungs.
The {{c1::oesophageal::phase name}} phase of swallowing is {{c2::involuntary::control type}} and relies on {{c3::peristalsis::mechanism}} to move food [cite: 179, 180].|Peristalsis is a wave-like contraction of smooth muscle.
The transit time for swallowing {{c1::fluids::substance}} is 1-2 seconds, whereas {{c2::solids::substance}} take approximately {{c3::4-8::duration}} seconds [cite: 181, 182].|Gravity helps fluids, while solids rely more heavily on peristaltic waves.
Difficulty in swallowing is clinically known as {{c1::dysphagia::term}}, which is common in patients who have suffered a {{c2::stroke::event}} or have {{c3::Parkinson's::disease}} disease [cite: 183, 184].|Dysphagia can lead to malnutrition or aspiration pneumonia.
Neuromuscular issues or {{c1::outpouchings::structural issue}} in the pharynx/oesophagus can lead to swallowing disorders [cite: 185, 186].|Structural abnormalities can trap food or impede its passage.
{{c1::Achalasia::condition}} is a condition where the {{c2::lower oesophageal sphincter::structure}} fails to open properly, often caused by damage to the {{c3::myenteric plexus::nervous structure}} [cite: 187, 188].|The myenteric (Auerbach's) plexus is responsible for coordinating GI tract motility.
In the stomach, food is mixed with acid to create {{c1::chyme::substance}}, which is then propelled into the {{c2::duodenum::location}} [cite: 189, 191].|The duodenum is the first section of the small intestine.
{{c1::Pepsin::enzyme}} is the primary enzyme for {{c2::protein::substrate}} digestion in the stomach, while {{c3::intrinsic factor::substance}} is essential for the absorption of {{c4::Vitamin B12::nutrient}} [cite: 192, 193].|Vitamin B12 is vital for red blood cell production; a deficiency can lead to pernicious anemia.
Gastric glands contain {{c1::4::number}} main types of secretory cells: mucus cells, {{c2::parietal::cell type}} cells, {{c3::chief::cell type}} cells, and {{c4::enteroendocrine::cell type}} cells [cite: 194].|Each cell type has a specific role in maintaining the gastric environment. <br> [Image of stomach gastric glands showing mucus, parietal, and chief cells]
{{c1::Parietal::cell type}} cells in the stomach are responsible for secreting {{c2::HCl (hydrochloric acid)::substance}} and {{c3::intrinsic factor::substance}} [cite: 196].|These cells are the target of many acid-reducing medications.
{{c1::Chief::cell type}} cells secrete the inactive proenzyme {{c2::pepsinogen::substance}}, which is converted into active {{c3::pepsin::substance}} at a pH of {{c4::2::pH value}} [cite: 197].|The acidic environment is necessary for this proteolytic activation.
Enteroendocrine {{c1::ECL::cell type}} cells secrete {{c2::histamine::hormone/paracrine}}, while {{c3::G cells::cell type}} secrete {{c4::gastrin::hormone}}; both substances {{c5::increase::effect on acid}} acid secretion [cite: 198, 199, 200].|These are paracrine and endocrine regulators of stomach acidity.
The three main purposes of the stomach's acidic conditions are to activate {{c1::pepsin::enzyme}}, kill {{c2::bacteria::microbe type}}, and break down {{c3::cellulose::substance}} [cite: 201, 202, 203, 204].|Stomach acid provides a chemical barrier against pathogens.
In parietal cells, the reaction {{c1::CO2 + H2O::reactants}} = {{c2::H2CO3::intermediate}} → {{c3::H+ and HCO3-::products}} provides the ions for acid secretion [cite: 206].|The enzyme carbonic anhydrase facilitates this reaction. <br> [Image of parietal cell HCl secretion mechanism]
The phenomenon of {{c1::alkaline pH in the veins::observation}} after eating is caused by the exchange of {{c2::HCO3- (bicarbonate)::ion}} for Cl- across the basolateral membrane of parietal cells [cite: 207].|This is known as the 'alkaline tide'.
In the production of gastric acid, {{c1::Cl- (chloride)::ion}} moves into the stomach through channels, while {{c2::H+::ion}} is moved via {{c3::active transport::transport type}} [cite: 208, 209].|Active transport is required because H+ is moved against a massive concentration gradient.
Parietal cells have four main basolateral receptors: G ({{c1::gastrin::stimulus}}), H ({{c2::histamine::stimulus}}), Muscarinic ({{c3::ACh::stimulus}}), and S ({{c4::somatostatin::stimulus}}) [cite: 210, 211, 212, 213, 214].|The G, H, and Muscarinic receptors are stimulatory, while S is inhibitory.
Activation of G, H, and Muscarinic receptors leads to the insertion of {{c1::pre-formed proton pumps::structure}} into the parietal cell membrane via {{c2::second messengers::signaling}} [cite: 215].|This rapid insertion allows the stomach to respond quickly to the presence of food.
To treat excessive gastric acid, doctors use {{c1::antihistamines::drug class}} to inhibit H receptors or {{c2::PPIs (Proton Pump Inhibitors)::drug class}} to block the pump itself [cite: 216, 217, 218].|PPIs (like omeprazole) are generally more potent than H2-blockers.
The {{c1::cephalic::phase name}} phase of gastric secretion is triggered by the {{c2::idea/sight/smell::stimulus}} of food, acting through the {{c3::vagus::nerve}} nerve [cite: 219, 220].|This phase prepares the stomach for digestion before food even arrives. <br> [Image of cephalic gastric and intestinal phases of gastric secretion]
Vagal stimulation during the cephalic phase causes the release of {{c1::ACh::neurotransmitter}} and {{c2::gastrin::hormone}}, which stimulate {{c3::ECL::cell type}} cells and increase HCl secretion [cite: 220].|This is a feed-forward mechanism.
The {{c1::gastric::phase name}} phase is initiated by {{c2::stretch receptors::stimulus}}, {{c3::increased pH::stimulus}}, and the presence of {{c4::semi-digested peptides::stimulus}} in the stomach [cite: 221].|This phase accounts for the majority of gastric juice secretion.
The {{c1::intestinal::phase name}} phase is triggered by stretch and {{c2::decreased pH::stimulus}} in the duodenum, leading to the secretion of {{c3::secretin::hormone}} and {{c4::gastric inhibitory peptides (GIP)::hormone}} [cite: 222].|This phase serves to slow down gastric emptying and acid production to protect the duodenum.
During the intestinal phase, the inhibition of {{c1::vagal nuclei::brain region}} and the release of inhibitory hormones result in {{c2::decreased::effect}} HCl secretion [cite: 222].|This negative feedback prevents the duodenum from being overwhelmed by acid."
Gut secretions 2,"4.5.1 Bile in Digestion - Comprehensive Technical Guide
Overview of Bile and Chyme Neutralization
Acidic chyme (pH 1.0-3.5) enters the duodenum from the stomach and must be neutralized to prevent mucosal damage and provide an optimal pH for enzyme activity.
Bile (pH ~7.8) and pancreatic juice (pH 8.0-8.3) provide the necessary alkaline secretions.
Fat Emulsification and Micelle Formation
1. Emulsification:
•	Bile salts and lecithin act as detergents.
•	They break large fat globules into smaller emulsion droplets (~1 micrometer).
•	This increases the total surface area for pancreatic lipase to act upon.
2. Chemical Digestion:
•	Pancreatic lipase and its co-factor, colipase, break down triglycerides into free fatty acids and monoglycerides.
3. Micelle Formation:
•	Tiny spheres (4-7 nm) called micelles are formed from bile salts, fatty acids, and monoglycerides.
•	Micelles transport these lipid-soluble products through the aqueous environment of the intestinal lumen to the epithelial surface for absorption.
Hormonal and Neuronal Regulation
Cholecystokinin (CCK):
•	Released by duodenal enteroendocrine cells in response to fat.
•	Causes gallbladder contraction and relaxation of the Hepatopancreatic Sphincter (Sphincter of Oddi).
•	Inhibits gastric churning and constricts the pyloric sphincter to slow gastric emptying.
Secretin:
•	Released in response to acidic chyme.
•	Stimulates bile ductal cells to secrete bicarbonate-rich fluid.
Vagal Stimulation:
•	Parasympathetic activation (Vagus nerve) causes weak gallbladder contractions during the cephalic and gastric phases.
4.5.2 Pancreatic secretions - In-Depth Physiological Analysis
Composition of Pancreatic Juice
The exocrine pancreas secretes approximately 1000-1500 ml of fluid daily.
Acinar Cells: Produce the 'enzyme-rich' component, including proteases, amylases, and lipases.
Ductal Cells: Produce the 'bicarbonate-rich' ($HCO_3^-$) alkaline component ($pH$ 8.0-8.3) to neutralize HCl.
Enzyme Activation Cascade
To prevent autodigestion of the pancreas, proteases are secreted as inactive zymogens.
1. Enterokinase (bound to duodenal mucosa) converts Trypsinogen into active Trypsin.
2. Trypsin then activates other enzymes: 
•	Procarboxypeptidase becomes Carboxypeptidase.
•	Chymotrypsinogen becomes Chymotrypsin.
Regulation of Secretion
Secretin: Stimulated by acidic chyme ($pH$ < 4.5). Acts on ductal cells to increase $HCO_3^-$ and $H_2O$.
CCK: Stimulated by fats and proteins. Acts on acinar cells to increase digestive enzyme secretion.
Vagus Nerve: Provides parasympathetic stimulation to both cell types during the early stages of a meal.
Clinical Correlation: Pancreatitis
Pathophysiology: Inappropriate activation of enzymes within the pancreas, or defective ductal secretion.
Causes: Excessive alcohol, gallstones, or ductal obstruction.
Clinical Presentation: Abdominal pain, weight loss, and steatorrhoea (oily, floating stools due to fat malabsorption).
Management: Enzyme supplements, complete alcohol abstention, and pain relief.","Bile is produced by the {{c1::liver}} and enters the digestive tract via the {{c2::common bile duct}}. | This continuous production is stored and concentrated in the gallbladder during fasting. [cite: 57]
Bile eventually passes through the {{c1::pancreatic duct}} and the {{c2::sphincter of Oddi}} to reach the duodenum. | Coordinated relaxation of this sphincter is essential for the entry of both bile and pancreatic juice. [cite: 57]
Bile is diverted for storage in the gallbladder via the {{c1::cystic duct}}. | The gallbladder can concentrate bile up to tenfold by absorbing water and ions. [cite: 58]
The daily secretion volume of bile is approximately {{c1::0.7-2L}}. | High volumes are necessary to maintain the pool of bile salts required for fat digestion. [cite: 59]
Bile pigments are primarily the waste products from the breakdown of the {{c1::haem}} component of red blood cells. | Bilirubin is the most well-known pigment, which is later converted by gut bacteria. [cite: 60]
The physical breakdown of large fat globules into smaller droplets is facilitated by {{c1::lecithin}} and {{c2::bile salts}}. | This process increases the surface area available for enzymatic attack. [cite: 62]
The high concentration of {{c1::HCO3- (bicarbonate)}} in bile makes it an {{c2::alkaline}} fluid. | This helps protect the duodenal mucosa from the corrosive effects of gastric acid. [cite: 63]
The process of breaking down fat into smaller droplets is known as {{c1::emulsification}}. | This is a mechanical process aided by small intestine contractions. [cite: 64]
An average adult processes {{c1::70-100g}} of fat per day. | Efficient emulsification is required to handle this significant dietary load. [cite: 65]
Small intestine contractions create fat droplets with a diameter of {{c1::0.5-1mm}}. | These droplets are still significantly larger than the micelles formed later in the process. [cite: 67]
Emulsified fat droplets possess a {{c1::negative charge}}, which causes them to {{c2::repel}} each other. | This electrical charge is a critical physical barrier against the coalescence of fat. [cite: 68]
{{c1::Bile salts}} and {{c2::lecithin}} function as stabilizers that prevent droplets from {{c3::coalescing}}. | They coat the droplets, ensuring the negative charges remain exposed to the aqueous environment. [cite: 69]
Chemical digestion of fats is primarily performed by the enzyme {{c1::pancreatic lipase}}. | Lipase acts at the oil-water interface of the emulsified droplets. [cite: 70]
The essential cofactor {{c1::colipase}} works by {{c2::pushing away bile salts and lecithin}}, allowing lipase to access the fat. | Without colipase, bile salts would actually inhibit lipase by blocking its binding site. [cite: 71]
Fats are broken down into {{c1::monoglycerides}} and {{c2::fatty acids}} before they {{c3::diffuse}} through the mucosal layer of the small intestine. | Passive diffusion is the primary transport mechanism for these lipophilic molecules. [cite: 72]
{{c1::Micelles}} are tiny fat droplets that facilitate the transport of lipids to the intestinal wall for absorption. | They are much smaller than emulsified droplets and contain a core of monoglycerides and fatty acids. [cite: 73]
Acidity in the duodenum triggers the release of {{c1::secretin}}, which then stimulates {{c2::alkaline secretion}} in the bile ductal cells. | This hormonal response helps regulate the pH of the intestinal contents. [cite: 75]
Fats in the duodenum trigger the release of {{c1::CCK (cholecystokinin)}}. | CCK is the primary hormonal regulator of gallbladder contraction and pancreatic enzyme release. [cite: 76]
CCK causes the {{c1::contraction}} of the gallbladder and the simultaneous {{c2::relaxation}} of the sphincter of Oddi. | This dual action ensures that stored bile is forcefully expelled into the duodenum. [cite: 76]
CCK stimulates the release of both {{c1::pancreatic lipase}} and its cofactor {{c2::colipase}}. | This ensures that the enzymes needed for fat digestion arrive at the same time as the bile. [cite: 76]
By inhibiting {{c1::churning in the stomach}}, CCK acts to {{c2::slow down}} gastric emptying. | This feedback prevents the small intestine from being overwhelmed by too much fat at once. [cite: 76]
CCK causes the {{c1::constriction}} of the pyloric sphincter. | This mechanical closure prevents further chyme from entering the duodenum until current contents are processed. [cite: 76]
Pancreatic secretions are overall {{c1::alkaline}} in nature. | This basic pH is essential for neutralizing gastric acid and optimizing enzyme activity. [cite: 77]
{{c1::Endocrine}} glands are described as {{c2::ductless}} because they empty their secretions directly into the bloodstream. | The Islets of Langerhans are the endocrine component of the pancreas. [cite: 78, 79]
The endocrine pancreas secretes {{c1::insulin}} and {{c2::glucagon}} to regulate blood glucose levels. | Insulin lowers blood sugar, while glucagon raises it. [cite: 80]
{{c1::Exocrine}} glands in the pancreas empty their secretions into the {{c2::pancreatic ducts}}. | This represents about 98-99% of the pancreatic mass. [cite: 81, 82]
Pancreatic {{c1::ductal}} cells secrete alkaline fluid to neutralize {{c2::chyme}}. | Neutralization is required because {{c3::micelles}} require alkaline conditions to form properly. [cite: 83]
Pancreatic {{c1::acinar}} cells are responsible for secreting enzymes stored in {{c2::zymogen granules}}. | Zymogen granules are specialized storage vesicles that keep enzymes inactive until release. [cite: 84]
Proteolytic enzymes are secreted as {{c1::inactive precursors}} to ensure they do not {{c2::digest the pancreas}}. | This is a vital protective measure against pancreatic tissue damage. [cite: 85, 86]
The three specific proteolytic precursors mentioned are {{c1::trypsinogen}}, {{c2::chymotrypsin}}, and {{c3::elastase}}. | These are all 'pro-enzymes' that require activation in the gut. [cite: 87]
The conversion of {{c1::trypsinogen}} to {{c2::trypsin}} is mediated by {{c3::enterokinase}}. | Enterokinase is a brush-border enzyme found on the membrane of duodenal cells. [cite: 88]
Once formed, {{c1::trypsin}} acts as the activator for all other pancreatic proteolytic precursors. | This creates a chain reaction that rapidly provides active enzymes for protein digestion. [cite: 89]
Apart from lipase, {{c1::cholesterolesterase}} and {{c2::phospholipase}} are also pancreatic enzymes involved in fat digestion. | These enzymes break down complex lipids and cholesterol esters. [cite: 91]
{{c1::Alpha amylase}} is the pancreatic enzyme that breaks down {{c2::carbohydrates}}. | It targets starch molecules, continuing the digestion started by saliva. [cite: 92]
{{c1::Ribonuclease}} and {{c2::deoxyribonuclease}} are secreted by the pancreas to break down {{c3::nucleic acids}}. | This allows the body to recycle nucleotides from dietary DNA and RNA. [cite: 93]
The release of {{c1::secretin}} into the blood is triggered specifically by {{c2::acidic chyme}} in the duodenum. | Secretin is often called 'nature's antacid.' [cite: 95]
The release of {{c1::cholecystokinin (CCK)}} into the blood is triggered specifically by {{c2::fatty chyme}} in the duodenum. | This hormone targets both the gallbladder and the pancreatic acini. [cite: 96]
{{c1::Secretin}} targets pancreatic {{c2::ductal}} cells to induce the secretion of alkaline fluid. | This fluid is rich in bicarbonate ions. [cite: 97]
{{c1::CCK}} targets pancreatic {{c2::acinar}} cells to induce the secretion of {{c3::pancreatic enzymes}}. | This ensures that digestive enzymes are present when fat and protein are detected. [cite: 98]
In the disease {{c1::pancreatitis}}, enzymes are activated in the {{c2::pancreas}} rather than the duodenum. | This premature activation causes severe tissue inflammation and damage. [cite: 99, 103]
A common clinical consequence of pancreatitis is that the {{c1::pH}} in the duodenum will not be {{c2::high enough}}. | Low pH impairs micelle formation and inhibits the activity of any remaining enzymes. [cite: 101]
Pancreatitis results in a significant {{c1::decrease}} in the total quantity of secreted enzymes. | This leads to generalized maldigestion of all macronutrients. [cite: 102]
The most significant risk factor for chronic pancreatitis is {{c1::excessive alcohol consumption}}. | Alcohol acts as a direct toxin to pancreatic cells and alters secretion composition. [cite: 104]
Symptoms of pancreatitis include {{c1::abdominal pain}}, {{c2::weight loss}}, and {{c3::malabsorption of fats}}. | Pain is often severe and radiates to the back, while fat malabsorption leads to weight loss. [cite: 106, 107, 108]"
Bile synthesis and the enterohepatic circulation,"5.3 Bile synthesis and the enterohepatic circulation
Introduction and Key Concepts
Bile is a complex fluid essential for the digestion and absorption of dietary lipids and the excretion of various metabolites and toxins [cite: 52]. This lesson focuses on the composition of bile, its synthesis and secretion by hepatocytes, and the intricate regulatory mechanisms governing its flow through the biliary system to the duodenum [cite: 21, 22]. A critical component of this process is the enterohepatic circulation, which ensures the efficient recycling and physiological conservation of bile salts [cite: 23].
Anatomy of the Biliary Tree
The biliary tree is a sophisticated network of ducts responsible for transporting bile from the liver to the small intestine [cite: 34].
Intrahepatic Biliary Tree
This network begins within the liver with bile canaliculi—narrow channels formed between neighboring hepatocytes [cite: 72]. These merge into ductules and eventually form the right and left hepatic ducts [cite: 34].
Extrahepatic Biliary Tree
Outside the liver, the right and left hepatic ducts join to form the common hepatic duct [cite: 34]. This duct connects to the gallbladder via the cystic duct for storage and concentration [cite: 80, 89].
Bile Synthesis and Secretion
Total daily bile flow is approximately 600 ml [cite: 53]. This volume is derived from two primary cellular sources:
•	Hepatocytes (75%): These cells synthesize primary bile acids from cholesterol [cite: 53, 140].
•	Cholangiocytes (25%): These cells modify bile as it travels through the ducts [cite: 53, 136].
Hepatocellular Secretion Mechanisms
Bile formation in the hepatocytes is an active process involving specialized transport proteins on both the basolateral (sinusoidal) and apical (canalicular) membranes [cite: 133].
•	Active Transport: Bile salts are actively transported against their concentration gradient [cite: 131].
•	Osmotic Gradient: Water moves down the concentration gradient created by secreted solutes [cite: 134].
•	Canalicular Motility: Canaliculi possess contractile properties to propel bile [cite: 73].
Bile Modification and Storage
Cholangiocyte Modification
Cholangiocytes dilute and alkalinize the bile by secreting bicarbonate (HCO3-) and water, while reabsorbing glucose and amino acids [cite: 136].
The Gallbladder
Bile is stored in the gallbladder until digestive stimuli (cholecystokinin) trigger contraction and flow into the duodenum [cite: 39, 90].
Physiological Functions of Bile
•	Fat Emulsification: Bile salts and phospholipids emulsify dietary fat, increasing surface area for enzymes [cite: 141].
•	Micelle Formation: They facilitate the formation of micelles which solubilize lipids for absorption [cite: 141].
•	Excretion: Bile aids with the excretion of various metabolites and toxins [cite: 52].
Clinical Considerations: Obstructed Bile Flow
•	Cholelithiasis: Stones form when substances like cholesterol and bilirubin become supersaturated and precipitate [cite: 99].
•	Cholecystitis: Stasis of bile in the gallbladder predisposes it to infection [cite: 117, 118].
•	Malabsorption: Lack of bile in the duodenum causes fat malabsorption and vitamin deficiency [cite: 119].","Bile is synthesized by {{c1::hepatocytes}} (75%) and {{c2::cholangiocytes::cells on the duct wall}} (25%). [cite: 3] | Approximately 600mL of bile is produced daily. [cite: 3]
The anatomical flow of bile begins at the {{c1::biliary canaliculi}}, moves to ductules, then the hepatic ducts, and finally the {{c2::common bile duct}}. [cite: 4] | The path ends at the Ampulla of Vater where it enters the duodenum. [cite: 4]
{{c1::Sinusoids}} are specialized liver capillaries that receive blood from both the {{c2::hepatic artery}} and the {{c3::portal vein}}. [cite: 6] | This dual blood supply ensures the liver receives both oxygenated blood and nutrient-rich blood from the GI tract. [cite: 6]
The portal vein carries blood from the {{c1::GI system}}, which is specifically rich in {{c2::nutrients}}. [cite: 7] | This allows the liver to process absorbed substances immediately before they enter systemic circulation. [cite: 7]
Liver sinusoids have a {{c1::discontinuous}} endothelium, which facilitates the exchange of substances with {{c2::hepatocytes}}. [cite: 8] | This ""leaky"" structure is essential for high-volume metabolic exchange and protein transport. [cite: 8]
{{c1::Bile canaliculi}} are located in the space between {{c2::hepatocytes}}, making secretion efficient. [cite: 9, 10] | The proximity allows for direct transport of bile components from the cell to the drainage system. [cite: 10]
Bile canaliculi possess {{c1::microvilli}} and {{c2::contractile properties}} to aid in the movement of bile. [cite: 11] | This active movement prevents stasis at the microscopic level before bile reaches the larger ductules. [cite: 11]
The gallbladder's primary function is {{c1::storing}} bile, which occurs when the {{c2::Ampulla of Vater}} is closed. [cite: 12, 13] | This allows bile to be concentrated and saved for when a meal is actually consumed. [cite: 13]
The hormone {{c1::Cholecystokinin (CCK)}} acts as the primary trigger to release bile from the gallbladder. [cite: 14] | CCK is released by the duodenum in response to fats and proteins entering the small intestine. [cite: 14]
The two main purposes of bile are the {{c1::digestion of fat}} and the {{c2::excretion of metabolites/toxins}}. [cite: 15, 16, 17] | Bile acts as both a digestive secretion and an essential excretory route for waste products like bilirubin. [cite: 16, 17]
Gallstones are typically caused by an excess of {{c1::cholesterol}} or {{c2::bilirubin}} in the bile. [cite: 18, 19] | When these substances become supersaturated, they precipitate into solids, which can then block the biliary tree. [cite: 19, 20]
Biliary obstruction can be caused by {{c1::strictures::narrowing}} of the duct or {{c2::external tumors}}. [cite: 21, 22, 23] | A classic clinical example of an external growth is cancer of the {{c3::head of the pancreas}}. [cite: 23]
Stasis of bile in the gallbladder due to obstruction can lead to {{c1::inflammation}} and {{c2::infection}}. [cite: 24, 25] | Prolonged stasis is a major risk factor for acute cholecystitis or cholangitis. [cite: 25]
Bile flow obstruction leads to {{c1::dilated}} bile ducts due to the pressure of {{c2::backflow}}. [cite: 26] | This dilation can often be visualized via ultrasound or CT imaging to confirm the site of obstruction. [cite: 26]
Failure to digest fats due to obstruction results in {{c1::steatorrhea::fatty stools}} and deficiencies in fat-soluble vitamins {{c2::A, D, and K}}. [cite: 27] | Vitamin E is also fat-soluble, though Vitamin K deficiency is often most acute due to its role in coagulation. [cite: 27]
Bile formation requires components to be either made in or transported through the {{c1::hepatocyte}} before entering the {{c2::bile duct}}. [cite: 28, 29, 30] | This process ensures that substances from the sinusoids are processed before excretion. [cite: 30]
The transport of most bile components into the hepatocyte and then into bile requires {{c1::active transport}} using multiple {{c2::carriers}}. [cite: 31] | This energy-dependent process allows for the movement of substances against their concentration gradients. [cite: 31]
Cholangiocytes contribute to bile modification by allowing {{c1::water}} to enter, which {{c2::dilutes}} the bile. [cite: 32, 33] | This modification occurs as the bile moves from the liver through the ductal system. [cite: 33]
Cholangiocytes secrete {{c1::bicarbonate}}, which {{c2::alkalinizes}} the bile to help neutralise {{c3::acidic chyme}}. [cite: 34] | This alkaline environment is also essential for the optimal activity of pancreatic enzymes. [cite: 34]
Bile acids are synthesized from {{c1::cholesterol}}. [cite: 35, 36] | Cholesterol is the precursor for all primary bile acids produced in the liver. [cite: 36]
The two main types of primary bile acids are {{c1::cholic acid}} and {{c2::chenodeoxycholic acid}}. [cite: 37] | These are synthesized by hepatocytes and are the building blocks of bile salts. [cite: 37]
A bile acid becomes a **bile salt** when it is {{c1::conjugated}} with an {{c2::amino acid}}. [cite: 38, 39] | Conjugation makes the molecule more water-soluble and effective at physiological pH. [cite: 39]
Bile salts and phospholipids are essential for {{c1::fat emulsification}} by breaking large fat droplets into {{c2::micelles}}. [cite: 41, 42] | This physical breakdown dramatically increases the surface area available for lipase to act upon. [cite: 42]
Bile salts are amphipathic, meaning they have a {{c1::hydrophobic}} side that attaches to fat and a {{c2::hydrophilic}} side that faces the aqueous environment. [cite: 43, 44] | This property allows them to stabilize small fat droplets in the watery contents of the intestine. [cite: 44]
The process of recycling bile salts is known as {{c1::enterohepatic circulation}}. [cite: 45, 46] | This efficient system minimizes the amount of new cholesterol the liver needs to synthesize daily. [cite: 46]
Bile salts are reabsorbed in the {{c1::terminal ileum}} via the process of {{c2::active transport}}. [cite: 47] | Damage to this specific part of the small intestine can lead to bile acid malabsorption and diarrhea. [cite: 47]
After reabsorption in the terminal ileum, bile salts travel back to the liver via the {{c1::portal vein}}. [cite: 48] | This completes the recycling loop, allowing the salts to be secreted again into the bile. [cite: 48]"
Jaundice,"Investigations of Jaundice
Definition and Pathophysiology
Jaundice (icterus) is the yellowing of the skin and sclerae due to the deposition of excess bilirubin. Bilirubin has a high affinity for elastin, which is why it is often first noticed in the sclera of the eye.
It occurs when there is an imbalance between bilirubin production and excretion, leading to hyperbilirubinemia.
Bilirubin Metabolism Overview
1. Synthesis: Breakdown of senescent erythrocytes by mononuclear phagocytic cells (Heme -> Biliverdin -> Unconjugated Bilirubin).
2. Transport: Unconjugated bilirubin (insoluble) travels to the liver bound to albumin.
3. Conjugation: In the hepatocyte, bilirubin is conjugated with glucuronic acid (via UGT1A1) to become water-soluble.
4. Excretion: Secreted into bile and enters the gut, where it is converted to urobilinogen and stercobilin (giving stool its color).
Classification of Jaundice
Pre-hepatic: Overproduction of bilirubin (e.g., hemolytic anemia). Findings: High unconjugated bilirubin, dark stool/urine (due to high urobilinogen), normal LFTs.
Intra-hepatic: Liver damage or enzyme deficiency (e.g., Hepatitis, Cirrhosis, Gilbert's). Findings: Mixed conjugated/unconjugated bilirubin, elevated ALT/AST.
Post-hepatic (Obstructive): Obstruction of bile flow (e.g., gallstones, pancreatic cancer). Findings: High conjugated bilirubin, tea-colored urine (conjugated bilirubin is water-soluble), pale/clay-colored stools (no stercobilin), elevated ALP/GGT.","Jaundice is clinically defined as having too much {{c1::bilirubin}} in the blood. [cite: 2] | Bilirubin is a yellow pigment produced during the normal breakdown of red blood cells.
The two primary mechanisms that cause jaundice are the {{c1::overproduction}} of bilirubin or the {{c2::inability to excrete}} it. [cite: 3, 4] | These categories help clinicians differentiate between pre-hepatic and post-hepatic issues.
Jaundice is visually observed as yellowing of the skin and eyes because bilirubin has a high affinity for {{c1::elastin}}. [cite: 6, 7] | This is why the sclera of the eye is often the first place jaundice becomes visible.
Bilirubin is synthesized from the {{c1::heme group}} of old red blood cells. [cite: 9] | Hemoglobin is broken down into heme and globin; heme is the precursor to bile pigments.
The first step of heme degradation occurs in the {{c1::reticuloendothelial system::type of phagocytes}}, producing {{c2::biliverdin}}. [cite: 10] | This system includes the spleen and liver.
In the synthesis pathway, {{c1::biliverdin}} is converted into {{c2::bilirubin}}. [cite: 11] | This happens before the bilirubin is transported to the liver.
{{c1::Unconjugated}} bilirubin is lipid-soluble and potentially {{c2::neurotoxic}}. [cite: 12] | Because it is lipid-soluble, it can cross cell membranes, including the blood-brain barrier in certain conditions.
Bilirubin undergoes conjugation in the {{c1::liver}} using {{c2::glucuronic acid}}. [cite: 13, 14] | This process is essential for making the pigment excretable.
After conjugation, bilirubin becomes {{c1::water soluble}}, which allows it to enter the {{c2::gut::organ}}. [cite: 15, 16] | Prior to this, it was lipid-soluble and required a transport protein (albumin).
In the gut, conjugated bilirubin is processed by {{c1::intestinal bacteria}} into {{c2::urobilinogen}}. [cite: 18] | This is a key step in the excretory function of the liver.
Pre-hepatic jaundice is primarily {{c1::hemolytic}} in nature, caused by excessive RBC breakdown. [cite: 19, 20] | This results in the liver being overwhelmed by the sheer volume of heme groups.
Patients with pre-hepatic jaundice typically present with a {{c1::lemon yellow}} discoloration and look {{c2::pale}}. [cite: 21] | The pallor is usually due to the underlying anemia from hemolysis.
A structural RBC defect that can cause pre-hepatic jaundice is {{c1::spherocytosis}}, where cells are too {{c2::big and globular}}. [cite: 23] | These abnormal cells are trapped and destroyed by the spleen.
{{c1::G6PD deficiency}} is a common enzyme deficiency that leads to pre-hepatic jaundice. [cite: 24] | This enzyme is crucial for protecting RBCs from oxidative damage.
Pre-hepatic jaundice is characterized by an excess of {{c1::unconjugated}} bilirubin and excess {{c2::urobilinogen}} in the blood. [cite: 25, 26] | Urobilinogen is elevated because the liver is working at maximum capacity to conjugate the excess heme.
Hepatic jaundice occurs when the {{c1::conjugation}} process is disrupted or bilirubin cannot enter the {{c2::hepatocyte}}. [cite: 28, 29] | This is fundamentally a problem with the liver's internal machinery.
Hepatic jaundice most commonly occurs when {{c1::hepatocytes}} are damaged. [cite: 30] | Rare enzyme deficiencies can also cause this, but cellular damage is the primary driver.
Specific pathologies that lead to hepatic jaundice include {{c1::fatty liver}}, {{c2::fibrosis}}, and {{c3::cirrhosis}}. [cite: 35, 36, 37] | These conditions represent varying stages and types of liver tissue damage.
In hepatic jaundice, the bilirubin found in the blood could be {{c1::conjugated or unconjugated}}. [cite: 33] | This depends on whether the damage affects the uptake of bilirubin or its secretion from the cell.
Post-hepatic jaundice is caused by the {{c1::obstruction}} of bile flow, leading to a {{c2::backflow}} into the blood. [cite: 39, 40] | This is often called ""obstructive jaundice.""
Post-hepatic jaundice is characterized by high levels of {{c1::conjugated}} bilirubin in the blood. [cite: 41] | Since the liver has already processed the bilirubin, it is water-soluble.
A classic sign of post-hepatic jaundice is {{c1::tea-coloured}} urine. [cite: 42] | This occurs because the water-soluble conjugated bilirubin is filtered and excreted by the kidneys.
Patients with post-hepatic jaundice often have {{c1::pale stools}} because there is no {{c2::stercobilin}} reaching the gut. [cite: 43] | Stercobilin is the pigment derived from bilirubin that normally browns the stool.
The most common cause of post-hepatic jaundice is {{c1::gallstones}}. [cite: 45] | These stones block the common bile duct, preventing the exit of bile.
The investigation known as {{c1::ERCP::acronym}} involves putting a probe in to visualize the bile ducts. [cite: 46] | It stands for Endoscopic Retrograde Cholangiopancreatography.
Neonatal jaundice occurs because newborns have more {{c1::haemoglobin}} than adults and undergo significant {{c2::haemolysis}}. [cite: 48] | This is part of the transition from fetal to adult physiology.
Neonatal jaundice is often considered normal in the first few days because the {{c1::liver system}} is still immature. [cite: 49] | However, extreme levels are dangerous due to the neurotoxicity of unconjugated bilirubin.
Severe neonatal jaundice can cause {{c1::kernicterus}}, which is damage to the {{c2::basal ganglia}}. [cite: 50, 51] | This happens because the infant's blood-brain barrier is not yet fully developed.
Elevated blood levels of {{c1::AST and ALT}} enzymes suggest {{c2::intrahepatic (hepatic)}} jaundice. [cite: 55, 56] | These enzymes are released from the cytoplasm of damaged hepatocytes.
{{c1::Cholestasis}} is the term for the backflow of bile, which typically indicates {{c2::post-hepatic}} jaundice. [cite: 57] | It is identified by specific enzyme markers on a Liver Function Test.
Elevated levels of {{c1::ALP and GGT}} on an LFT indicate cholestasis or post-hepatic jaundice. [cite: 58] | These enzymes are associated with the biliary tree.
To assess the {{c1::synthetic function}} of the liver, clinicians check levels of {{c2::albumin}} and {{c3::clotting factors}}. [cite: 59, 60] | Because the liver produces these, low levels indicate severe, chronic liver damage.
Urinalysis for jaundice patients checks for the presence of {{c1::urobilinogen}} and {{c2::conjugated bilirubin}}. [cite: 61] | Unconjugated bilirubin will not appear in urine because it is lipid-soluble.
In liver pathology, increased levels of {{c1::oestrogen}} can lead to {{c2::enlarged breasts (gynecomastia)}} and {{c3::spider naevi}}. [cite: 64, 65, 66] | The liver is responsible for metabolizing steroid hormones like estrogen.
{{c1::Spider naevi}} and {{c2::palmar erythema}} in liver patients are caused by {{c3::vasodilation}}. [cite: 66, 67] | This is a secondary effect of hormone imbalances caused by liver failure.
Low albumin levels in liver disease lead to the clinical symptom of {{c1::edema}}. [cite: 68] | This is due to the loss of plasma oncotic pressure.
An enlarged spleen in liver disease is usually caused by {{c1::blood flow obstruction}}. [cite: 69] | This occurs when portal hypertension forces blood back into the splenic vein.
Patients with liver disease may experience easy {{c1::bruising}} because the liver is producing fewer {{c2::clotting factors}}. [cite: 71] | This is a critical sign of impaired synthetic function.
To test for metabolic liver diseases, clinicians check for {{c1::copper}} (Wilson's disease) or {{c2::ferritin}} (hemochromatosis). [cite: 75] | These tests look for the accumulation of specific metals in the body.
If {{c1::hepatitis}} is suspected as the cause of jaundice, the appropriate investigation is {{c2::serology}}. [cite: 73] | This looks for viral antigens or antibodies in the blood."
Infection of the gut,"Infections of the Gastrointestinal Tract
Background
GIT infections are a major cause of global morbidity. Pathogens are primarily transmitted via the fecal-oral route and can cause disease through invasion or toxin production.
Bacterial Pathogens
Salmonella: Associated with poultry/eggs. S. typhi causes systemic Typhoid fever.
Campylobacter: Most common bacterial cause of diarrhea in many regions.
Vibrio cholerae: Causes profuse 'rice-water' stool through toxin-mediated disruption of ion transport.
E. coli: Various strains (ETEC, EHEC/STEC) range from traveler's diarrhea to hemolytic uremic syndrome (HUS).
Shigella: Highly infectious; causes bacillary dysentery (bloody diarrhea).
Specific Conditions
Antibiotic-Associated Diarrhea: Disruption of flora allows C. difficile to multiply, potentially causing pseudomembranous colitis.
Food Poisoning: Ingestion of pre-formed toxins (S. aureus, B. cereus) often results in rapid onset vomiting.
Helicobacter pylori: Colonizes the stomach, causing chronic gastritis and increasing risk for peptic ulcers and gastric cancer.
Viral Gastroenteritis
Norovirus: Common in all ages, often causes outbreaks in closed communities (cruises, schools).
Rotavirus: Primarily affects infants and young children; significant cause of childhood dehydration globally.","When taking a clinical history for GI issues, it is important to check for {{c1::travel}} [cite: 3], {{c2::activities}} (e.g., bushwalking) [cite: 4], and {{c3::food/restaurants}} [cite: 5]. | These factors help identify environmental or behavioral risk factors for infection.
In patients with gastrointestinal symptoms, practitioners should first rule out {{c1::infectious}} causes [cite: 7]. | This is a primary diagnostic priority before considering non-infectious pathologies.
When assessing immune status for GI risk, specific attention should be paid to {{c1::chemotherapy}} or recent {{c2::surgery}} [cite: 8]. | Immunocompromised patients are susceptible to a wider range of opportunistic pathogens.
{{c1::High volume::Stool characteristic}} diarrhoea typically indicates that the source of the problem is in the {{c2::small intestine}} [cite: 11]. | Contrast this with small-volume, frequent stools often associated with the large intestine.
{{c1::Dysentery}} is a condition characterized by damage in the GIT resulting in {{c2::blood and pus}} in the stool [cite: 13, 14, 15]. | It is also commonly associated with pain and fever [cite: 16].
Non-typhoidal Salmonella is typically transmitted to humans from {{c1::animals}} [cite: 17, 18]. | This zoonotic pathogen usually causes self-limiting illness [cite: 20].
The infectious dose required for a {{c1::non-typhoidal Salmonella::pathogen}} infection is approximately {{c2::10^5}} organisms [cite: 19]. | Treatment primarily focuses on fluid and electrolyte replacement [cite: 21].
One pitfall of using antibiotics for non-typhoidal Salmonella is that they can {{c1::wipe out normal intestinal bacteria}} [cite: 22]. | This can prolong the carrier state or lead to dysbiosis.
Salmonella typhoidal, the cause of {{c1::enteric fever}}, is uniquely passed only between {{c2::humans}} [cite: 23, 24, 29]. | Unlike non-typhoidal strains, there is no animal reservoir.
A classic clinical sign of Salmonella typhoidal (enteric fever) is the appearance of {{c1::rose spots}} on the skin [cite: 26]. | This occurs after a notably long incubation period [cite: 25].
Salmonella typhoidal pathogens invade {{c1::M cells}} in the gut to reach and multiply inside {{c2::macrophages}} [cite: 27]. | This intracellular lifestyle is key to its pathogenesis and systemic spread.
The definitive method to diagnose Salmonella typhoidal is via a {{c1::blood culture}} [cite: 28]. | This is necessary because the pathogen becomes systemic.
The Enterobacteriaceae group, which includes E. coli and Salmonella, are morphologically identified as {{c1::Gram-negative rods}} [cite: 30, 40]. | This is a fundamental microbiological classification for these GI pathogens.
{{c1::Enterotoxigenic}} E. coli (ETEC) is a variety of E. coli particularly common in {{c2::travellers}} [cite: 33, 34]. | It is a leading cause of 'Traveler\'s Diarrhea'.
{{c1::Enterohaemorrhagic}} E. coli (EHEC) is dangerous because it can lead to {{c2::kidney failure}} [cite: 35, 36]. | This is often due to the production of Shiga-like toxins (HUS).
{{c1::Enteroinvasive::E. coli type}} E. coli (EIEC) is known for its ability to cause {{c2::dysentery}} [cite: 37, 38]. | It mimics Shigella in its clinical presentation.
In Cholera, the intestinal wall {{c1::pumps out water}}, leading to the characteristic {{c2::rice-water stool}} [cite: 41, 42]. | Vibrio cholerae is a Gram-negative bacterium that often lives in fresh water [cite: 43, 45].
The mechanism of the Cholera toxin involves tricking epithelial cells into increasing {{c1::cAMP::second messenger}}, which increases the release of {{c2::electrolytes}} [cite: 46]. | This osmotic shift causes massive water loss into the intestinal lumen.
{{c1::Shigella}} is highly infectious, requiring only {{c2::10}} organisms to cause disease [cite: 48, 50]. | It causes dysentery where watery diarrhoea progresses to mucus and blood [cite: 49, 51].
{{c1::Campylobacter}} grows optimally at a temperature of {{c2::42}} degrees Celsius [cite: 53, 54]. | It is often acquired from contaminated food and causes inflammation, bleeding, and ulcerations [cite: 55, 56].
Pathogens like Campylobacter utilize {{c1::cytotoxins}} and {{c2::local invasion}} to damage the gut [cite: 57, 58]. | This distinguishes it from purely toxigenic infections like Cholera.
Deep invasion of the GI tract is characteristic of {{c1::Amoebiasis}} [cite: 60, 61]. | This can lead to more severe systemic complications than superficial infections.
Other systemic infections that involve the GI tract or enteric route include {{c1::Hepatitis A}} and {{c2::enteric fevers}} [cite: 62, 63]. | These often present with constitutional symptoms alongside GI signs.
Damage to the mucosal epithelium can occur from previous infection or {{c1::surgery}}, potentially leading to {{c2::peritonitis}} or abscesses [cite: 64, 65, 66]. | Such structural damage compromises the gut barrier.
The primary bacterial cause of gastric ulcers is {{c1::Helicobacter pylori::H. pylori}} [cite: 67, 68]. | It is a Gram-negative spiral bacteria [cite: 102].
Antibiotic-associated diarrhoea is often caused by the multiplication of {{c1::Clostridioides difficile::C. diff}} [cite: 69, 70]. | It produces toxins that increase intestinal permeability and cause tissue necrosis in the colon [cite: 71, 72, 73].
Food poisoning is strictly defined as the ingestion of {{c1::pre-formed toxins}} on food [cite: 74, 75]. | Unlike infections, these toxins act within hours of ingestion [cite: 77].
{{c1::Staphylococcus aureus::S. aureus}} is a common cause of food poisoning, with {{c2::50%}} of people carrying it in their nose or on their skin [cite: 78, 79]. | It produces a heat-stable enterotoxin [cite: 80].
{{c1::Bacillus cereus}} is a Gram-positive, spore-forming bacterium often associated with {{c2::fried rice}} [cite: 81, 82, 83, 85]. | Its spores can survive the cooking process [cite: 84].
Bacillus cereus produces two types of enterotoxins: an {{c1::emetic}} form (acting in 15m-4hr) and a {{c2::diarrhoeal}} form (acting in 8-12hr) [cite: 86, 87, 88]. | The emetic form is rapid-onset due to pre-formed toxin.
{{c1::Clostridium botulinum}} produces exotoxins that are anaerobic and cause {{c2::flaccid muscle paralysis}} [cite: 89, 90, 91, 93]. | The paralysis typically moves downwards and is fatal if it reaches the diaphragm [cite: 94].
{{c1::Clostridium perfringens}} is an anaerobic Gram-positive organism that forms {{c2::spores}} [cite: 95, 96, 97]. | While usually self-limiting, severe cases can cause necrosis of the small bowel [cite: 99, 100].
Helicobacter pylori utilizes the {{c1::urease}} enzyme to convert urea into {{c2::ammonium}} and CO2 [cite: 101, 105, 106]. | This process increases the local pH, allowing the bacteria to survive gastric acid.
By increasing the pH, H. pylori makes the gastric mucin {{c1::less viscous}}, allowing the bacteria to reach {{c2::epithelial cells}} [cite: 107]. | This leads to ulcers and potentially gastric cancer [cite: 103].
Two non-invasive tests for detecting H. pylori include the {{c1::breath test}} and the {{c2::faecal antigen test}} [cite: 108, 109, 110]. | These avoid the need for endoscopy in many cases.
{{c1::Norovirus}} is a common cause of viral diarrhoea/vomiting that is self-limiting within {{c2::24-48}} hours [cite: 111, 112, 113]. | It has an incubation period of 12-72 hours [cite: 114].
{{c1::Rotavirus}} infection is most common in infants aged {{c2::6 months to 2 years}} [cite: 115, 116]. | Its symptoms can last up to 7 days [cite: 119].
Breastfeeding provides protection against Rotavirus through the transfer of {{c1::IgA}} antibodies [cite: 117]. | This maternal immunity is crucial for protecting young infants."
Drugs affecting GIT motility,"Drugs Affecting Gut Motility
Treatment of Constipation (Purgatives)
Bulk-forming laxatives: Fiber-based; retain water in the gut (e.g., Psyllium).
Osmotic laxatives: Draw water into the lumen via osmosis (e.g., Lactulose, Magnesium salts).
Stimulant laxatives: Increase peristalsis by irritating the mucosa (e.g., Senna, Bisacodyl).
Stool softeners: Detergent-like action to help water penetrate stools (e.g., Docusate).
Treatment of Diarrhea
Antimotility agents: Opioid agonists (e.g., Loperamide) activate mu-receptors in the GIT to slow transit and increase water absorption.
Adsorbents: May bind toxins (e.g., Kaolin/Pectin), though evidence is limited compared to rehydration.
Nausea and Vomiting (Anti-emetics)
Vomiting is controlled by the Chemoreceptor Trigger Zone (CTZ) and the Vomiting Centre.
D2 Antagonists: Metoclopramide and Domperidone; block dopamine in the CTZ and facilitate gastric emptying.
5-HT3 Antagonists: Ondansetron; highly effective for chemotherapy-induced and post-operative nausea.
NK1 Antagonists: Aprepitant; blocks Substance P and is used as an adjunct in severe emetic protocols.
Muscarinic/Histamine Antagonists: Used for motion sickness (e.g., Hyoscine, Promethazine).",
Key concepts in nutrition science,"6.4 Key concepts in nutrition science - Detailed Comprehensive Guide
Historical Evolution of Nutrition
•	Pre-WWII Era: Focus was on identifying essential nutrients to prevent deficiency diseases (e.g., Scurvy, Beriberi, Rickets). Research centered on 'minimal' requirements for survival.
•	Post-WWII Era: Shift toward 'optimal' nutrition and chronic disease prevention. The 'Nutrition Transition' marked a move toward high-energy, processed diets, leading to the rise of obesity, Type 2 Diabetes, and Cardiovascular Disease.
•	Modern Era: Focus on the 'Double Burden' of malnutrition where under-nutrition and over-nutrition coexist in the same populations or even households.
Classification of Chemical Constituents
•	Macronutrients: Required in gram quantities. Carbohydrates (17kJ/g), Protein (17kJ/g), Lipids (37kJ/g), and Alcohol (29kJ/g - though not a nutrient).
•	Micronutrients: Required in milli- or microgram quantities. Includes Vitamins (water-soluble like B-complex/C and fat-soluble like A, D, E, K) and Minerals.
•	Non-Nutrient Components: Phytochemicals (e.g., polyphenols in tea), pigments (chlorophyll, carotenoids), and additives (preservatives, flavors) which may have antioxidant or health-modulating effects but are not essential for life.
Energy Metabolism and Density
•	Basal Metabolic Rate (BMR): The energy required for basic life-sustaining functions (60-70% of TEE).
•	Thermic Effect of Food (TEF): Energy used for digestion/absorption (~10%).
•	Energy Density (ED): Calculated as Energy (kJ) / Weight (g). High ED foods (>10kJ/g) are often high in fat/sugar and low in water. Low ED foods (<6kJ/g) are typically high in water and fiber (fruits/vegetables).
•	Satiety vs. Satiation: Satiation occurs during a meal (stopping the act of eating), while satiety is the state of fullness between meals.","Protein is composed of building blocks called {{c1::amino acids}} [cite: 2, 3].|**Context:** Amino acids are the organic compounds that combine to form proteins, serving as the structural components of body tissues.
The human body requires {{c1::9}} essential amino acids that must be obtained via diet [cite: 4].|**Context:** Essential means the body cannot synthesize these amino acids de novo or at a rate sufficient to meet demand.
There are {{c1::5}} non-essential amino acids [cite: 5].|**Context:** These are produced by the body naturally, meaning dietary intake is not strictly necessary for survival.
There are {{c1::6}} amino acids classified as {{c2::conditional essential}} [cite: 6].|**Context:** These are normally non-essential but become essential under specific physiological conditions like severe illness or metabolic stress.
{{c1::Triglycerides}} represent the chemical form of both fats and oils [cite: 8].|**Context:** Chemically, these consist of three fatty acids esterified to a single glycerol molecule.
Saturated fats are characterized by having {{c1::no double bonds}} between carbon atoms [cite: 9].|**Context:** This structural trait allows the molecules to pack tightly, usually making them solid at room temperature.
The lipid class known as {{c1::sterols}} includes {{c2::cholesterol}}, which serves as a precursor for {{c3::steroids}} [cite: 10, 11].|**Context:** Cholesterol is vital for cell membrane fluiditiy and the synthesis of hormones like cortisol and testosterone.
{{c1::Phospholipids}} are a major lipid component of cell membranes [cite: 12].|**Context:** They are amphipathic, containing both a hydrophilic head and hydrophobic tails, forming the lipid bilayer.
Dietary fibre is defined as carbohydrates that {{c1::cannot be digested}} by humans [cite: 14, 15].|**Context:** Unlike other carbs, fiber passes through the small intestine largely intact, providing bulk for stool and fuel for gut bacteria.
Three specific examples of dietary fibre include {{c1::B-glucan}}, {{c2::inulin}}, and {{c3::cellulose}} [cite: 16, 17, 18].|**Context:** Cellulose provides plant wall structure; Inulin is a prebiotic; B-glucan (found in oats) is known for heart health benefits.
There are a total of {{c1::13}} essential vitamins [cite: 20].|**Context:** These are organic micronutrients that the body needs in small quantities for various biochemical functions.
Vitamins are categorized into {{c1::4}} fat-soluble and {{c2::9}} water-soluble types [cite: 21, 22].|**Context:** Fat-soluble: A, D, E, K. Water-soluble: Vitamin C and the B-vitamin complex.
Vitamins can be highly {{c1::sensitive to food processing}} [cite: 23].|**Context:** Heat, light, oxygen, and pH changes during cooking or storage can denature or leach vitamins, reducing nutritional value.
Water-soluble vitamins are absorbed directly into the {{c1::bloodstream}} [cite: 25].|**Context:** Because they dissolve in water, they circulate freely but are also easily excreted by the kidneys.
Fat-soluble vitamins are transported by {{c1::chylomicrons}} and typically travel through the {{c2::lymph}} system [cite: 26, 27, 28].|**Context:** Chylomicrons are lipoprotein particles that consist of triglycerides, phospholipids, cholesterol, and proteins.
The primary storage sites for fat-soluble vitamins are {{c1::lipoproteins}} and the {{c2::liver}} [cite: 29].|**Context:** This storage capacity allows the body to maintain levels during periods of low intake but increases the risk of accumulation.
{{c1::Fat-soluble}} vitamins have a higher risk of {{c2::toxicity}} because they are {{c3::less easily}} excreted by the kidneys [cite: 30, 31].|**Context:** Excessive intake (hypervitaminosis) is more common with A and D than with water-soluble vitamins.
Energy expenditure can be measured by the amount of {{c1::O2 (oxygen)}} breathed in and {{c2::CO2 (carbon dioxide)}} breathed out [cite: 33].|**Context:** This method is called indirect calorimetry and relies on the fact that gas exchange is proportional to metabolic rate.
Physical activity level (PAL) is calculated using the formula: {{c1::Total energy expenditure (TEE)}} / {{c2::Basal metabolic rate (BMR)}} [cite: 34].|**Context:** PAL = $TEE/BMR$. It provides a multiplier to estimate daily caloric needs based on activity.
{{c1::METs (Metabolic Equivalents)}} are a measure of the {{c2::intensity}} of physical activity [cite: 35].|**Context:** 1 MET is defined as the energy cost of sitting quietly; higher values indicate more vigorous exercise.
In a {{c1::positive}} energy balance, carbohydrates are converted to {{c2::glucose}} and then stored as {{c3::glycogen}} [cite: 36, 37].|**Context:** Glycogen is stored in the liver and muscles for quick energy access.
In a positive energy balance, fats are broken down into {{c1::fatty acids + glycerol}} and stored in {{c2::adipose tissue}} [cite: 38].|**Context:** Adipose tissue is the body's long-term energy reservoir.
During a positive energy balance, proteins are broken down into amino acids and are {{c1::prioritised as fuel}} [cite: 39].|**Context:** The body does not have a specialized storage form for protein (like glycogen or adipose), so excess is often oxidized.
A {{c1::negative}} energy balance forces the body to {{c2::use its energy stores}} [cite: 40, 41].|**Context:** This state occurs when energy output exceeds intake, leading to the mobilization of fat and glycogen for survival.
{{c1::Fat}} has a higher energy density than both carbohydrate and protein [cite: 42].|**Context:** Fat provides approx. 9 kcal/g, whereas carbs and protein provide approx. 4 kcal/g.
The presence of {{c1::water}} and {{c2::fibre}} in food results in a {{c3::lower}} energy density [cite: 43].|**Context:** High-water/high-fiber foods (like vegetables) allow for larger volumes of food to be consumed with fewer total calories."
"Nutrients in the body, deficiencies and excesses","6.5 Nutrients in the body, deficiencies and excesses - Technical Review
Framework for Nutrient Reference Values (NRVs)
•	EAR (Estimated Average Requirement): Median daily intake level estimated to meet requirements of half the healthy individuals in a life stage/gender group.
•	RDI (Recommended Dietary Intake): EAR + 2 Standard Deviations. Designed to meet the needs of nearly all (98%) healthy individuals. Note: If EAR cannot be determined, an Adequate Intake (AI) is used.
•	UL (Upper Level of Intake): The maximum level of daily nutrient intake that is likely to pose no risk of adverse health effects to almost all individuals.
•	SDT (Suggested Dietary Target): Intakes of certain nutrients (like fiber or omega-3) that may help prevent chronic disease.
Iron Homeostasis and Deficiency
•	Bioavailability: Heme iron (animal sources) has high absorption (15-35%); Non-heme iron (plant sources) has lower absorption (2-20%) and is affected by enhancers (Vitamin C) and inhibitors (Phytates, Calcium, Tannins).
•	Iron Requirements: Men (8mg/day), Women 19-50 (18mg/day), Pregnant Women (27mg/day). Vegetarians are advised to consume 1.8x these amounts due to lower bioavailability.
•	Stages of Iron Deficiency: 1. Depleted stores (Low Ferritin); 2. Iron-deficient erythropoiesis (High Transferrin/Low Saturation); 3. Iron Deficiency Anemia (Low Hemoglobin/Hematocrit).
Clinical Deficiency Syndromes
•	Thiamin (B1): Beriberi (Wet/Dry) and Wernicke-Korsakoff Syndrome (common in alcohol abuse).
•	Niacin (B3): Pellagra (The 4 D's: Diarrhea, Dermatitis, Dementia, Death).
•	Vitamin C: Scurvy (impaired collagen synthesis leading to bleeding gums and poor wound healing).
•	Iodine: Goitre and Cretinism (congenital hypothyroidism).","Nutrient Reference Values (NRVs) are sets of recommendations specifically designed for {{c1::healthy}} people. [cite: 4] | NRVs are not intended for individuals with acute or chronic diseases which might increase or decrease their nutrient requirements. [cite: 4]
The {{c1::Estimated Average Requirement (EAR)}} is the nutrient level that meets the requirements of {{c2::50%}} of individuals in a specific life stage and gender group. [cite: 5, 6] | The EAR is used as a baseline to determine the RDI; by definition, it leaves half the population deficient if used as an individual goal. [cite: 5, 6]
The {{c1::Recommended Dietary Intake (RDI)}} is the nutrient level that meets the requirements of {{c2::97-98%}} of healthy people. [cite: 7, 8] | The RDI is calculated based on the EAR (usually EAR + 2 standard deviations) to ensure nearly the entire population is covered. [cite: 7, 8]
{{c1::Adequate Intake (AI)}} is a nutrient level used when an {{c2::RDI}} cannot be determined, based on levels that seem to keep healthy people healthy. [cite: 9, 10, 11] | AI is an estimate of average nutrient intake by a group of healthy people that is assumed to be adequate. [cite: 9, 10, 11]
The {{c1::Estimated Energy Requirement (EER)}} is the average dietary energy intake predicted to maintain {{c2::energy balance}} in a healthy adult. [cite: 12, 13] | Unlike other nutrients, the EER is not set at a high percentile to avoid encouraging overconsumption and obesity. [cite: 12, 13]
The {{c1::Upper Level of Intake (UL)}} is the highest average daily nutrient intake level likely to pose {{c2::no adverse effects}} to almost all individuals. [cite: 14, 15] | As intake increases above the UL, the potential risk of adverse effects (toxicity) increases. [cite: 14, 15]
The {{c1::Suggested Dietary Target (SDT)}} refers to a nutrient level that is specifically aimed at the {{c2::prevention of chronic disease}}. [cite: 16, 17] | This is often used for nutrients like sodium or certain vitamins where higher or lower levels than the RDI may reduce disease risk. [cite: 16, 17]
A nutrient intake level falling between the {{c1::EAR}} and the {{c2::RDI}} is categorized as {{c3::possibly inadequate}}. [cite: 18] | While the individual might be meeting their needs, there is a risk they fall into the lower 50% of the population's requirement range. [cite: 18]
An intake level between the {{c1::RDI}} and the {{c2::UL::Upper Level}} is considered {{c3::adequate}}. [cite: 19] | This is the 'safe zone' where the requirement is almost certainly met without risk of toxicity. [cite: 19]
Dietary fibre is frequently found on the {{c1::outer layer}} of grains and vegetables. [cite: 20] | Refining grains often removes this outer layer (bran), significantly reducing the fibre content. [cite: 20]
{{c1::Macronutrient distribution}} refers to the proportion of total {{c2::energy}} derived from each type of macronutrient (carbs, fats, proteins). [cite: 21] | This is often expressed as a percentage of total kilojoules. [cite: 21]
While the Mediterranean diet is considered balanced, the {{c1::Ornish::Diet name}} diet is characterized by being {{c2::low fat}} and high carbohydrate. [cite: 22, 23] | The Ornish diet is often studied for its effects on heart disease reversal. [cite: 23]
The {{c1::Acceptable Macronutrient Distribution Range (AMDR)}} is a set of recommendations designed to ensure {{c2::adequate levels}} of each nutrient while reducing chronic disease risk. [cite: 24] | It provides a range (e.g., 45-65% for carbs) rather than a single fixed number. [cite: 24]
The four primary causes of nutrient deficiency include inadequate intake, inadequate {{c1::absorption}}, defective {{c2::utilisation}}, or increased {{c3::loss}} via urine or sweat. [cite: 25-29] | Deficiencies can be primary (dietary) or secondary (physiological/pathological). [cite: 25-29]
{{c1::Haem::Iron type}} iron is found in meat and is much {{c2::easier}} for the body to absorb than non-haem iron. [cite: 31, 32] | Haem iron bypasses many of the absorption inhibitors that affect plant-based iron. [cite: 32]
{{c1::Non-haem}} iron is found in foods like {{c2::grains, bread, and cereal}}. [cite: 33] | Absorption of non-haem iron can be improved by consuming Vitamin C at the same meal. [cite: 33]
Iron is a critical component of {{c1::haemoglobin}} and is also necessary for {{c2::energy generation}} and the {{c3::immune system}}. [cite: 34-36] | Haemoglobin carries oxygen from the lungs to the rest of the body. [cite: 34-36]
The hormone responsible for the extraction and regulation of iron is {{c1::hepcidin}}. [cite: 37] | Hepcidin controls iron flow into the plasma from macrophages, hepatocytes, and enterocytes. [cite: 37]
In the iron cycle, the {{c1::liver}} and {{c2::spleen}} dismantle old red blood cells and package the reclaimed iron into {{c3::transferrin}}. [cite: 38, 39] | This recycling process is vital as very little iron is excreted from the body naturally. [cite: 38, 39]
{{c1::Transferrin}} is the protein that carries iron through the blood to the {{c2::muscles}} and {{c3::bone marrow}}. [cite: 40] | High transferrin saturation can indicate iron overload, while low levels suggest deficiency. [cite: 40]
The bone marrow uses iron to produce {{c1::haemoglobin}}, and any excess iron is stored in the protein {{c2::ferritin}}. [cite: 41] | Ferritin levels in the blood are the most common way to assess a person's iron stores. [cite: 41]
Calcium serves as the primary mineral for {{c1::bones}} and is also essential for the {{c2::nervous system}}. [cite: 42-45] | In the nervous system, calcium is required for neurotransmitter release. [cite: 45]
Calcium levels are regulated through three main mechanisms: GI absorption, renal excretion, and {{c1::bone mineralisation/demineralisation}}. [cite: 46-49] | The body prioritizes blood calcium levels over bone density to maintain vital functions. [cite: 49]
The absorption of calcium in the gastrointestinal tract is enhanced by {{c1::Vitamin D}}. [cite: 47] | Without sufficient Vitamin D, only about 10-15% of dietary calcium is absorbed. [cite: 47]
High levels of calcium can {{c1::interfere with}} the absorption of other micronutrients. [cite: 50] | This is why calcium supplements are often taken away from other mineral-heavy meals. [cite: 50]
When blood calcium is low, the {{c1::parathyroid hormone (PTH)}} and Vitamin D stimulate the {{c2::kidneys}} to reabsorb calcium. [cite: 51-53] | This prevents the loss of calcium through urine. [cite: 53]
A physiological response to low blood calcium is the {{c1::release}} of calcium from the {{c2::bones}}. [cite: 54] | Chronic calcium deficiency leads to bone thinning (osteoporosis) because the body constantly 'borrows' calcium from the skeleton. [cite: 54]
During Vitamin D synthesis in the skin, UV light converts {{c1::7-dehydrocholesterol}} to {{c2::previtamin D3}}. [cite: 58, 59] | This is the first step of endogenous Vitamin D production. [cite: 59]
{{c1::Body heat}} is required to convert previtamin D3 into its final form of {{c2::Vitamin D3}}. [cite: 60] | This process does not require further UV exposure once the precursor is formed. [cite: 60]
Vitamin D is a {{c1::fat-soluble}} vitamin; {{c2::Vitamin D2}} is found in plants, while {{c3::Vitamin D3}} is found in animals. [cite: 61-63] | D3 is generally considered more effective at raising blood Vitamin D levels than D2. [cite: 61-63]
The primary role of Vitamin D is to regulate the absorption of {{c1::calcium}} and {{c2::phosphorus}}. [cite: 65] | These two minerals are the primary components of hydroxyapatite, the crystal that hardens bone. [cite: 65]
Activation of Vitamin D involves the conversion of {{c1::25-hydroxyvitamin D}} (calcidiol) to {{c2::calcitriol}}. [cite: 67] | Calcitriol is the biologically active form of the vitamin. [cite: 67]
Vitamin B12 is frequently deficient in {{c1::vegan}} diets because it is primarily found in animal products. [cite: 68, 69] | Vegans often require fortified foods or supplements to meet their B12 needs. [cite: 68, 69]
Vitamin B12 interacts with {{c1::folate}} to facilitate the synthesis of {{c2::DNA}} and red blood cells (RBC). [cite: 70, 71] | A deficiency in either can lead to megaloblastic anemia. [cite: 71]
To absorb Vitamin B12 from the gut, the body requires {{c1::intrinsic factor}}, which is produced in the {{c2::stomach}}. [cite: 72, 73] | Pernicious anemia is an autoimmune condition where the body cannot produce intrinsic factor. [cite: 72, 73]
Because Vitamin B12 is stored in the {{c1::liver}}, it can take {{c2::a few years}} for a deficiency to become symptomatic. [cite: 74, 75] | This is unusual for water-soluble vitamins, which are typically not stored in large amounts. [cite: 74, 75]
Physical symptoms of Vitamin B12 deficiency include fatigue, {{c1::large RBCs::blood cell trait}}, and {{c2::degenerative peripheral nerves}}. [cite: 76-79] | Neurological damage from B12 deficiency can become permanent if not treated early. [cite: 78, 79]
When diagnosing Vitamin B12 deficiency, it is vital to differentiate it from {{c1::folate deficiency}}. [cite: 80, 81] | Giving folate to a B12-deficient person can mask the anemia while neurological damage continues. [cite: 81]
Clinicians diagnose B12 deficiency by checking {{c1::serum B12}} levels followed by {{c2::biologically available}} B12. [cite: 82] | Not all B12 in the blood is in a form the body can use. [cite: 82]
A deficiency in Vitamin A is a major cause of {{c1::night blindness}}. [cite: 84] | Vitamin A is essential for the health of the retina and the production of rhodopsin. [cite: 84]
In Vitamin B1 (thiamine) deficiency, {{c1::pyruvate}} cannot be converted to {{c2::acetyl-CoA}}, resulting in less ATP production. [cite: 85] | This affects the entry of carbohydrates into the Krebs cycle. [cite: 85]
Increased {{c1::lactate}} levels in B1 deficiency cause {{c2::vasodilation}}, which leads to the development of {{c3::edema::swelling}}. [cite: 86] | This is a hallmark of 'wet beriberi'. [cite: 86]
Vitamin B3 (niacin) deficiency causes disruption in {{c1::glycolysis}} and the {{c2::Krebs cycle}}. [cite: 87, 88] | B3 is a precursor to NAD and NADP, which are essential electron carriers. [cite: 88]
B3 deficiency is rare but is historically associated with diets primarily consisting of {{c1::corn}}. [cite: 89] | Corn is low in tryptophan, a precursor the body uses to synthesize its own niacin. [cite: 89]
Scurvy is caused by a Vitamin C deficiency, which results in a lack of {{c1::collagen}} production. [cite: 90-92] | Collagen is the main structural protein in connective tissues, leading to bleeding gums and poor wound healing in scurvy. [cite: 92]
An iodine deficiency typically manifests as an {{c1::enlarged thyroid gland}} (goitre). [cite: 93, 94] | The thyroid enlarges in an attempt to capture more iodine from the blood to produce hormones. [cite: 94]"
Nutritional assessment & dietary guidelines,"6.6 Nutritional assessment & dietary guidelines - Clinical Practice
Comprehensive Assessment (ABCD)
•	Anthropometry: Weight, height, BMI ($kg/m^2$), waist circumference (risk: >94cm men, >80cm women). Mid-upper arm circumference (MUAC) for muscle wasting.
•	Biochemistry: Serum albumin (marker of inflammation/severity, not just nutrition), electrolytes, full blood count, and specific micronutrient assays.
•	Clinical: Physical exam for subcutaneous fat loss (temples, ribs), muscle wasting (quadriceps, deltoids), and fluid accumulation (edema/ascites).
•	Dietary: 24-hour recall, Food Frequency Questionnaires (FFQ), and weighted food records (gold standard but high burden).
Malnutrition Screening
•	Malnutrition Universal Screening Tool (MUST): Used to identify adults at risk based on BMI, unexplained weight loss, and acute disease effect.
•	Subjective Global Assessment (SGA): A clinical tool that correlates physical findings with medical history to grade malnutrition (A: Nourished, B: Mild/Moderate, C: Severe).","Approximately {{c1::20-50%}} of hospitalised patients are malnourished. | This range reflects high prevalence across various clinical settings. [cite: 1]
There are roughly {{c1::5400}} hospital-acquired cases of malnutrition annually. | Hospital-acquired malnutrition occurs when a patient's status declines during their stay. [cite: 1]
Malnutrition affects {{c1::32-72%}} of people in aged care. | This indicates that older adults in care are at particularly high risk. [cite: 1]
Roughly {{c1::30%}} of the general population has some form of malnutrition. | Malnutrition can encompass both undernutrition and poor nutrient quality. [cite: 1]
Malnutrition leads to significant issues with {{c1::wound healing}} and recovery from illness. | Adequate protein and micronutrients are essential for tissue repair. [cite: 1]
Malnourished patients experience increased {{c1::infections}} and {{c2::complications}} during recovery. | Malnutrition severely compromises the immune system. [cite: 1]
In the ABCD assessment framework, **A** stands for {{c1::Anthropometry}}. | This involves physical measurements of the human body. [cite: 1]
Examples of **Anthropometry** (the 'A' in ABCD) include {{c1::height}}, {{c2::weight}}, and {{c3::BMI}}. | These are fundamental baseline measurements. [cite: 1]
In the ABCD assessment framework, **B** stands for {{c1::Biochemistry}}. | This refers to laboratory data and blood markers. [cite: 1]
Biochemical blood levels are often {{c1::not helpful::helpful/not helpful}} for diagnosing malnutrition. | Systemic inflammation and hydration status can easily skew these values. [cite: 1]
When performing nutritional Biochemistry (the 'B' in ABCD), practitioners should **not** use {{c1::albumin}} or {{c2::prealbumin}}. | These are negative acute-phase reactants that drop during stress/inflammation, making them unreliable markers of nutrition. [cite: 1]
In the ABCD assessment framework, **C** stands for {{c1::Clinical}}. | This involves a physical examination for signs of deficiency, such as muscle wasting. [cite: 1]
In the ABCD assessment framework, **D** stands for {{c1::Dietary}}. | This involves evaluating a patient's food and nutrient intake. [cite: 1]
The acronym **MUST** stands for the {{c1::Malnutrition Universal Screening Tool}}. | It is used to systematically identify individuals at risk. [cite: 1]
The primary purpose of the MUST tool is to determine {{c1::who is at risk of malnutrition}}. | It is a screening tool, not a full diagnostic assessment. [cite: 1]
Performing a MUST screening requires two specific pieces of data: {{c1::BMI}} and {{c2::weight history}}. | Weight history is essential for identifying unintentional weight loss. [cite: 1]
A {{c1::DEXA scan}} is a measurement method that is {{c2::expensive}} and involves exposure to {{c3::radiation}}. | While accurate for body composition, these factors limit its routine use. [cite: 1]
For men, the target **waist circumference** to minimize health risk is less than {{c1::94}} cm. | Measurements above this are linked to metabolic complications. [cite: 1]
For women, the target **waist circumference** to minimize health risk is less than {{c1::80}} cm. | This threshold helps screen for abdominal obesity. [cite: 1]
The target **Waist:Height ratio** for optimal health is below {{c1::0.5}}. | This ratio is often considered a better health indicator than BMI for diverse body types. [cite: 1]
**Dietary recall** methods, such as the 24-hour recall, are categorized as {{c1::retrospective}}. | They rely on the participant's memory of past consumption. [cite: 1]
A **24-hour recall** is a {{c1::retrospective}} method of dietary assessment. | It is quick but may not represent usual long-term intake. [cite: 1]
A **Food Frequency Questionnaire (FFQ)** is a retrospective tool typically used for {{c1::large populations}}. | It is efficient for identifying broad dietary patterns over time. [cite: 1]
A **dietary record** (logging food as it is eaten) is a {{c1::prospective}} assessment method. | Prospective methods record intake in real-time. [cite: 1]
A **dietary record** involves the process of {{c1::logging food}}. | This reduces memory bias but may influence the user to eat 'better' while recording. [cite: 1]
**Nutrient Reference Values (NRV)** provide the fundamental data used for {{c1::Core food group analysis}}. | These values define the requirements for various nutrients. [cite: 1]
The two primary Australian dietary guideline documents are the {{c1::Australian Dietary Guidelines}} and the {{c2::Australian Guide to Healthy Eating}}. | These provide the framework for public health nutrition. [cite: 1]
Guideline 1: Be {{c1::physically active}} and consume nutrient levels to meet {{c2::energy}} needs. | This focuses on maintaining energy balance. [cite: 1]
Guideline 2: Enjoy a wide variety of foods from the {{c1::five}} food groups. | Variety is essential to ensure all micronutrient needs are met. [cite: 1]
Guideline 3: Limit intake of {{c1::saturated fat}}, {{c2::added salt}}, {{c3::added sugars}}, and {{c4::alcohol}}. | These items are risk factors for chronic diseases. [cite: 1]
Guideline 4: Encourage, support, and promote {{c1::breastfeeding}}. | This guideline is specifically aimed at infant health and maternal support. [cite: 1]
Guideline 5: Care for your food; prepare and store it safely to ensure it is not {{c1::contaminated}}. | This focuses on food safety and prevention of foodborne illness. [cite: 1]
Only {{c1::2%}} of Australians follow the recommended dietary guidelines. | This statistic highlights a significant public health challenge in dietary adherence. [cite: 1]"
"Altered nutrition requirements, myths & misconceptions","6.7 Altered nutrition requirements, myths & misconceptions - Extended Study
Life Stage Transitions
•	Pregnancy: Increased need for folate (prevent neural tube defects), Iron (blood volume expansion), and Iodine (fetal brain development). Energy needs only increase significantly in the 2nd and 3rd trimesters.
•	Infancy: Exclusive breastfeeding recommended for the first 6 months. High energy requirements per kg of body weight due to rapid growth.
•	Older Adults: Sarcopenia (muscle loss) increases protein requirements. Vitamin B12 absorption often decreases due to atrophic gastritis.
Refeeding Syndrome Pathophysiology
•	Mechanism: Chronic malnutrition leads to intracellular electrolyte depletion. Reintroduction of carbohydrates causes an insulin spike, driving phosphate, magnesium, and potassium into cells.
•	Consequences: Severe hypophosphatemia, cardiac arrhythmias, respiratory failure, and sudden death.
•	Prevention Protocol: Identify high-risk patients (BMI <16, 15% weight loss in 3-6 months). Start calories slowly (e.g., 10 kcal/kg/day). Mandatory Thiamin (100mg) before feeding.
Nutrition Myths vs. Science
•	Food-based vs. Nutrient-based: Single nutrient focus (e.g., 'fat is bad') often fails compared to whole dietary patterns (e.g., Mediterranean diet).
•	Supplementation: For healthy individuals with balanced diets, supplements often provide no additional benefit and may reach 'Upper Level' (UL) toxicity in some cases.","Individual {{c1::health literacy}} is defined as the ability to make good decisions about health and take appropriate action | [cite: 2, 3]<br>Context: This focuses on the individual's capacity to navigate the healthcare system and manage their own well-being.
The {{c1::health literacy environment}} refers to the external factors and systems that support or hinder an individual's health literacy | [cite: 4, 5]<br>Context: This shifts the burden from the individual to the infrastructure (e.g., clear signage, simplified medical forms).
In the Prochaska (Stages of Change) model, the ""decision line"" is situated between the {{c1::contemplation}} and {{c2::preparation}} stages | [cite: 6, 7]<br>Context: This is the critical juncture where a patient moves from just thinking about change to actively planning to take action.
Consumption of {{c1::ultra-processed food}} (compared to unprocessed food) is linked to a higher intake of calories and significant {{c2::body weight gain}} | [cite: 8, 9, 10]<br>Context: This highlight the metabolic difference between whole foods and highly engineered food products.
Regarding cardiovascular disease (CVD) risk, certain dairy products such as {{c1::low-fat dairy}} and {{c2::cheese}} may actually be protective | [cite: 11, 12, 13]<br>Context: This challenges older assumptions that all full-fat or dairy-based saturated fats are equally harmful.
Unlike many other sources of saturated fat, {{c1::cheese::food item}} does not elevate blood levels of {{c2::LDL (low-density lipoprotein)}} | [cite: 14]<br>Context: This is often attributed to the 'cheese matrix' where the structure of the food affects how the fat is absorbed.
Research indicates that a {{c1::low carb}} diet is not necessarily superior to a {{c2::high carb}} diet for general health outcomes | [cite: 16]<br>Context: This debunks the myth that carbohydrates are inherently more damaging than other macronutrients for weight or health.
Contrary to wellness trends, {{c1::coconut oil}} has not been proven to be better than other vegetable or seed oils | [cite: 17]<br>Context: It remains high in saturated fat and should be viewed similarly to other fat sources.
High protein intake is NOT a causative factor for {{c1::renal failure}} in healthy individuals | [cite: 18]<br>Context: While protein must be restricted in existing kidney disease, it does not cause the damage in healthy kidneys.
Despite the fact that {{c1::calcium}} is excreted more in the urine on high-protein diets, these diets do not actually reduce {{c2::bone density}} | [cite: 19, 20]<br>Context: Protein is essential for the structural matrix of the bone.
Approximately {{c1::45%::percentage}} of bone volume is comprised of protein, specifically in the form of {{c2::collagen}} | [cite: 21]<br>Context: This explains why adequate protein is vital for skeletal health.
The most significant health benefits of weight loss are observed during the first {{c1::5-10%::range}} of total weight loss | [cite: 23]<br>Context: Even modest weight loss can drastically improve metabolic markers like blood pressure and glucose sensitivity.
Because {{c1::weight loss maintenance}} is extremely difficult, practitioners are encouraged to focus on health outcomes rather than just the scale | [cite: 24, 25]<br>Context: This is a shift toward weight-neutral or health-at-every-size approaches.
Health-focused nutrition involves emphasizing food {{c1::quality/variety}} and learning to listen to {{c2::hunger cues}} | [cite: 26, 27]<br>Context: This promotes intuitive eating and nutrient density over restrictive calorie counting.
Refeeding syndrome (RS) occurs when a patient with very low nutrient levels is suddenly given {{c1::large amounts of nutrients}} | [cite: 28, 29]<br>Context: This is a potentially fatal condition common in severely malnourished or anorexic patients.
Pathophysiologically, Refeeding Syndrome involves a sudden metabolic shift from a {{c1::catabolic}} (breakdown) state to an {{c2::anabolic}} (building) state | [cite: 30]<br>Context: The body is not prepared for the sudden influx of fuel and the resulting surge in insulin.
The surge of insulin during refeeding leads to an increased requirement for the hormone and stimulates the synthesis of {{c1::protein}} and {{c2::glycogen}} | [cite: 31, 32, 33]<br>Context: These processes pull electrolytes from the blood into the cells.
Refeeding Syndrome is characterized by a dangerous drop in blood levels of three minerals: {{c1::potassium}}, {{c2::magnesium}}, and {{c3::phosphate}} | [cite: 34, 35]<br>Context: Phosphate is often the most critical and earliest to drop as it's used for ATP production.
According to ASPEN criteria, {{c1::mild}} Refeeding Syndrome is defined by a 10-20% drop in mineral levels | [cite: 36, 37]<br>Context: Monitoring electrolyte percentages is key to grading severity.
According to ASPEN criteria, {{c1::moderate}} Refeeding Syndrome is defined by a 20-30% drop in mineral levels | [cite: 38]<br>Context: This requires careful clinical intervention and monitoring.
Severe Refeeding Syndrome is defined as a mineral drop of {{c1::>30%}} and may include {{c2::organ dysfunction}} or {{c3::thiamine}} deficiency | [cite: 39]<br>Context: Thiamine is a critical cofactor for glucose metabolism and is rapidly depleted during refeeding.
Refeeding Syndrome symptoms and electrolyte shifts typically occur within {{c1::five days}} of reintroducing nutrition | [cite: 40]<br>Context: Patients must be most closely monitored during this initial window."
The nephron & posterior abdominal wall & kidneys,"7.1 The Nephron, Posterior Abdominal Wall, and Kidneys
Anatomy of the Posterior Abdominal Wall
The posterior abdominal wall is a complex osteomuscular structure that supports the trunk and provides passage for major neurovascular structures.
Key Muscles:
•	Diaphragm: The superior boundary; features hiatuses for the IVC (T8), Oesophagus (T10), and Aorta (T12).
•	Psoas Major: Flexor of the hip; its fascia forms the medial arcuate ligament.
•	Quadratus Lumborum: Lateral to psoas; its fascia forms the lateral arcuate ligament.
•	Iliacus: Fills the iliac fossa; joins psoas to form the iliopsoas.
Renal Anatomy and Position
The kidneys are retroperitoneal organs located between T12 and L3 vertebrae.
Structural Organization:
•	Renal Cortex: The outer layer containing renal corpuscles.
•	Renal Medulla: Contains renal pyramids and collecting ducts.
•	Renal Pelvis: The funnel-like dilated proximal part of the ureter.
•	Hilus: The entry/exit point for the renal artery, renal vein, and ureter (arranged V-A-U from anterior to posterior).
The Functional Unit: The Nephron
The nephron is responsible for urine formation through filtration, reabsorption, and secretion.
Components of the Nephron:
•	Renal Corpuscle: Comprises the Glomerulus (capillary network) and Bowman's Capsule. The site of ultrafiltration.
•	Proximal Convoluted Tubule (PCT): Primary site for reabsorption of water, ions, and all organic nutrients.
•	Loop of Henle: Descending and ascending limbs; critical for establishing the osmotic gradient in the medulla.
•	Distal Convoluted Tubule (DCT): Site for regulated secretion of ions and reabsorption of water/calcium.
•	Collecting System: Collects fluid from multiple nephrons and performs final adjustments to urine concentration.
Vasculature and Drainage
Blood Supply: Renal arteries arise directly from the abdominal aorta. The right renal artery is longer and passes posterior to the IVC.
Venous Drainage: Renal veins drain into the IVC. The left renal vein is longer and passes anterior to the aorta, receiving the left gonadal and suprarenal veins.","The {{c1::crura}} of the diaphragm are attached to the anterior vertebral column. | The crura are tendinous structures that extend inferiorly from the diaphragm to the lumbar vertebrae. [cite: 2]
The {{c1::median}} arcuate ligament consists of the crura of the diaphragm and spans from {{c2::T12::Vertebra}} to {{c3::L3::Vertebra}}. | This ligament forms the aortic hiatus. [cite: 5, 17]
The structures passing {{c1::behind}} the diaphragm (through the aortic hiatus) include the aorta, {{c2::azygous vein}}, and the {{c3::thoracic duct}}. | These structures are technically in the retrodiaphragmatic space. [cite: 6]
The {{c1::medial}} arcuate ligament extends from the vertebrae to the {{c2::transverse process of L1}}. | It is a thickening of the fascia covering the psoas major muscle. [cite: 7]
The {{c1::sympathetic trunk}} passes under the medial arcuate ligament. | This allows the sympathetic chain to enter the abdominal cavity from the thorax. [cite: 8]
The {{c1::lateral}} arcuate ligament extends from the transverse process of L1 to the {{c2::12th rib}}. | It is a thickening of the fascia covering the quadratus lumborum muscle. [cite: 9]
The {{c1::subcostal nerve}} passes under the lateral arcuate ligament. | This nerve (T12) runs along the posterior abdominal wall. [cite: 10]
Diaphragm muscle fibers originate from the {{c1::arcuate ligaments}} and insert into the {{c2::central tendon}}. | The diaphragm is the primary muscle of respiration. [cite: 11]
The {{c1::splanchnic nerves}} pass through the crural fibers of the diaphragm. | These nerves provide sympathetic innervation to the abdominal viscera. [cite: 12]
At the level of {{c1::T8}}, the {{c2::inferior vena cava (IVC)}} and the {{c3::phrenic nerve}} pass through the diaphragm. | This is the most superior of the three major diaphragmatic openings. [cite: 14]
At the level of {{c1::T9}} (near the xiphisternum), the {{c2::internal thoracic}} and {{c3::superior epigastric}} vessels pass through. | These vessels provide blood supply to the anterior abdominal wall. [cite: 15]
At the level of {{c1::T10}}, the {{c2::oesophagus}} and the {{c3::vagus nerve}} pass through the diaphragm. | This opening is located in the muscular part of the right crus. [cite: 16]
At the level of {{c1::T12}}, the {{c2::median arcuate ligament}} forms the opening for the aorta. | This is the most posterior and inferior major opening of the diaphragm. [cite: 17]
The psoas major and minor muscles originate from the vertebrae between {{c1::T12 and L5}}. | These muscles are primary hip flexors and form the medial component of the posterior abdominal wall. [cite: 19, 21]
The {{c1::iliopsoas}} tendon is formed by the union of the iliacus and psoas muscles and inserts onto the {{c2::lesser trochanter}} of the femur. | This muscle complex is the strongest flexor of the hip. [cite: 22]
The quadratus lumborum muscle originates from the {{c1::transverse processes}} and inserts onto the {{c2::iliac crest}}. | It lies lateral to the psoas muscle and is covered by the lateral arcuate ligament. [cite: 23, 24, 25, 27]
The transversus abdominis muscle originates from the {{c1::lumbar (thoracolumbar) fascia}}. | This muscle is the deepest of the three flat abdominal muscles. [cite: 29]
The thoracolumbar fascia serves as an attachment point for the latissimus dorsi, {{c1::erectus spinae}}, and {{c2::transversus abdominis}}. | It is a large area of connective tissue in the lower back. [cite: 30, 31, 32, 33]
Regarding gonadal vessel drainage, the {{c1::left}} gonadal vein drains into the {{c2::renal vein}}, while the {{c3::right}} drains directly into the {{c4::IVC}}. | This asymmetry is a common focus in clinical anatomy. [cite: 35, 36, 37]
The {{c1::left}} kidney is typically higher than the right because of the presence of the {{c2::liver}} on the right side. | The liver's large mass displaces the right kidney inferiorly. [cite: 39, 40]
The left kidney typically reaches the level of {{c1::T12}}, whereas the right kidney extends down to {{c2::L3}}. | This positioning is crucial for surgical and radiological identification. [cite: 41, 42]
The renal hilum is located approximately at the level of {{c1::L1/L2}}. | This is the vertical cleft where the renal vessels and ureter enter/exit the kidney. [cite: 43]
The ureter runs directly in front of the {{c1::tips of the transverse processes}} of the lumbar vertebrae. | This landmark helps radiologists identify the ureter on plain X-rays. [cite: 44]
At the renal hilum, the {{c1::veins}} are the most anterior structures, while the {{c2::ureter}} is the most posterior. | The renal arteries are generally situated between the veins and the ureter. [cite: 45, 46]
Enlargement of the {{c1::hypogastric (hypergastric)}} lymph nodes in prostate cancer can obstruct the {{c2::ureter}}, leading to {{c3::hydronephrosis}}. | Hydronephrosis is the swelling of the kidney due to a build-up of urine. [cite: 47, 48, 49]
Kidney lymph drains into nodes along the {{c1::aorta}}, then to the {{c2::cisterna chyli}}, and finally into the {{c3::thoracic duct}}. | The thoracic duct then passes through the diaphragm at T12. [cite: 50]
A kidney biopsy needle must traverse the {{c1::latissimus dorsi}} muscle and avoid the {{c2::psoas}} or {{c3::quadratus lumborum}} muscles. | Correct needle trajectory is essential to reach the renal cortex safely. [cite: 51, 52, 53]
The structural path of urine through the kidney is: Apex of the pyramid -> {{c1::Minor calyx}} -> {{c2::Major calyx}} -> renal pelvis. | The renal columns are located between the pyramids. [cite: 58, 59, 60]
The {{c1::segmental}} artery is an anatomical end artery, meaning it provides the sole supply to a specific segment of the kidney. | Obstruction of a segmental artery leads to infarction of the corresponding renal segment. [cite: 63]
The renal arterial branching order is: Renal artery -> Segmental -> {{c1::Interlobar}} (between pyramids) -> {{c2::Arcuate}} (at the base of pyramids) -> {{c3::Interlobular}} (in the cortex). | The arcuate arteries arch over the bases of the renal pyramids. [cite: 62, 63, 64, 65, 66]
The {{c1::afferent}} arterioles supply the glomerulus, and the {{c2::efferent}} arterioles drain it. | The efferent arteriole then gives rise to peritubular capillaries or vasa recta. [cite: 67, 68]
The kidneys are divided into the following segments: {{c1::Apical}}, {{c2::Anterior (Upper/Middle/Lower)}}, and {{c3::Posterior}}. | These segments are defined by their arterial supply. [cite: 74-80]
Referred pain from the kidney is typically felt in the {{c1::T10-T11}} dermatomes, while ureteric pain is referred to {{c2::T11-L1}}. | This pain is often felt on the flank or radiating toward the groin. [cite: 82, 83]
Visceral afferents from the kidney travel via {{c1::splanchnic}} nerves; intense signals can depolarize afferents that project to the {{c2::primary somatosensory cortex}}, causing referred pain. | The brain misinterprets the visceral signal as coming from a somatic area. [cite: 85, 86, 87]
The sequence of the nephron tubules is: Bowman's capsule -> {{c1::Proximal convoluted tubule (PCT)}} -> {{c2::Loop of Henle}} -> {{c3::Distal convoluted tubule (DCT)}}. | The Loop of Henle consists of descending and ascending limbs. [cite: 89, 90, 91, 95]
The Loop of Henle sequence is: {{c1::Thin descending}} limb -> {{c2::Thin ascending}} limb -> {{c3::Thick ascending}} limb. | Each segment has different permeability characteristics. [cite: 92, 93, 94]
The {{c1::Macula densa}} is a group of specialized cells located in the distal tubule near the {{c2::glomerulus}}. | It is part of the juxtaglomerular apparatus, regulating renal blood flow. [cite: 96]
The {{c1::Vasa recta}} are long, straight capillaries that descend into the medulla to supply the {{c2::Loop of Henle}}. | They arise from the efferent arterioles of juxtamedullary nephrons. [cite: 101]
{{c1::Podocytes}} are specialized cells of the Bowman’s capsule that wrap around the capillaries of the {{c2::glomerulus}}. | The gaps between their foot processes are called filtration slits. [cite: 102, 104, 105]"
Developmental & congenital abnormalities of the renal system,"7.2 Developmental and Congenital Abnormalities of the Renal System
Embryology of the Renal System
The renal system develops from the intermediate mesoderm through three successive stages, reflecting an evolutionary progression of excretory organs.
The Three Renal Organs:
•	Pronephros: Appears in week 4; rudimentary and non-functional; quickly degenerates.
•	Mesonephros: Appears late in week 4; functions briefly as an interim kidney. Its duct (mesonephric/Wolffian duct) persists in males.
•	Metanephros: The permanent kidney, appearing in week 5. Becomes functional around week 9.
The Metanephros Duo:
•	Ureteric Bud: Derived from the mesonephric duct; gives rise to the ureter, renal pelvis, calyces, and collecting ducts.
•	Metanephrogenic Blastema: Derived from intermediate mesoderm; gives rise to the nephrons (Bowman's capsule, PCT, Loop of Henle, and DCT).
Ascent and Rotation of the Kidneys
Originally situated in the pelvis (sacral region), the kidneys 'ascend' to their adult lumbar position (T12-L3) between weeks 6 and 9.
Key Mechanisms:
•	Ascent: Primarily driven by the growth of the embryo's body caudal to the kidneys.
•	Rotation: As they ascend, the kidneys rotate 90 degrees medially, so the hilum faces the midline.
•	Vascular Change: During ascent, the kidneys receive blood supply from successively higher levels of the aorta; lower vessels typically degenerate.
Congenital Abnormalities of the Kidney and Urinary Tract (CAKUT)
Developmental disruptions can lead to a spectrum of structural anomalies known as CAKUT.
Renal Agenesis:
•	Unilateral: Often asymptomatic, as the other kidney compensates. Associated with a single umbilical artery.
•	Bilateral: Incompatible with life; leads to Potter sequence (oligohydramnios, lung hypoplasia, and limb deformities).
Positional and Shape Anomalies:
•	Ectopic Kidney: Failure to ascend; often located in the pelvis.
•	Horseshoe Kidney: Lower poles of the kidneys fuse; ascent is arrested by the Inferior Mesenteric Artery (IMA).
Ductal and Collection Anomalies:
•	Duplex Collecting System: Results from the branching or formation of two ureteric buds.
•	Polycystic Kidney Disease (PKD): Genetic conditions causing fluid-filled cysts; can be autosomal recessive (infantile) or dominant (adult).
The Bladder and Urethra Development
The bladder and urethra develop from the urogenital sinus, which is separated from the hindgut by the urorectal septum.
Trigone of the Bladder:
•	Derived from the incorporation of the distal mesonephric ducts into the bladder wall. This explains why the trigone has a different embryological origin than the rest of the bladder (mesoderm vs endoderm).
Clinical Anomaly:
•	Urachal Cyst/Fistula: Failure of the allantois to obliterate; can lead to urine leaking from the umbilicus.","The urogenital system originates from the {{c1::intermediate mesoderm}}, which forms the {{c2::nephrogenic cord}}. | The intermediate mesoderm is the precursor to the urogenital structures. [cite: 2]
The first kidney system, consisting of the pronephric tubules and duct, appears on day {{c1::20}} of embryonic development. | These structures are largely vestigial in humans and soon degenerate. [cite: 3]
The mesonephric duct (#2) develops from the {{c1::urogenital ridge}} around day {{c2::22}}. | This structure eventually contributes to the formation of the kidneys, ureter, and gonads. [cite: 4]
The stage at which the embryonic kidney becomes functionally active to produce urine is known as the {{c1::mesonephroid}} stage. | This functional activity occurs before the development of the permanent kidney. [cite: 5]
While the urogenital system comes from intermediate mesoderm, the {{c1::paraxial}} mesoderm forms the somites. | Somites are crucial for the segmental development of the body. [cite: 6]
The somites are located adjacent to the {{c1::notochord}} and the {{c2::neurotube}} (neural tube). | These structures define the central axis of the developing embryo. [cite: 7]
The {{c1::lateral}} mesoderm is responsible for forming the body cavity. | This is distinct from the intermediate mesoderm located between the paraxial and lateral layers. [cite: 8]
During early development, the mesonephric duct connects to the {{c1::cloaca}}. | The cloaca is the common caudal chamber for the digestive and urogenital systems. [cite: 9]
As the mesonephric system develops, the {{c1::pronephros}} (the first renal system) is already degenerating. | Renal development follows a cranio-caudal progression. [cite: 10]
The adult kidney system begins with the formation of the {{c1::metanephric/ureteric bud}} (#3) during week {{c2::5}}. | This bud induces the surrounding mesenchyme to form nephrons. [cite: 11]
The permanent adult kidney is formed from the {{c1::metanephric blastema}}. | This is a mass of intermediate mesoderm that responds to signals from the ureteric bud. [cite: 12]
The ureteric bud, which gives rise to the renal collecting system, is also called the {{c1::metanephric diverticulum}}. | This structure undergoes repeated branching to form the renal pelvis and calyces. [cite: 13]
The metanephric diverticulum (ureteric bud) branches into {{c1::interpolar}} and {{c2::polar}} branches. | This branching pattern establishes the internal architecture of the kidney. [cite: 14]
Branching of the ureteric bud eventually leads to the formation of the {{c1::major}} and {{c2::minor calyces}}. | These structures funnel urine from the collecting ducts toward the renal pelvis. [cite: 15]
Nephrons are formed from the {{c1::metanephric mesenchyme}}. | This tissue differentiates into the renal tubules and Bowman's capsules. [cite: 16]
The formation of the {{c1::glomerulus}} is a key step in creating the functional filtration unit of the nephron. | It consists of a specialized capillary network. [cite: 17]
During nephrogenesis, the mesenchyme first condenses to form a {{c1::renal vesicle}}. | This is the initial epithelial stage of nephron development. [cite: 18]
Following the renal vesicle stage, the developing nephron takes on a {{c1::comma-shaped}} body appearance. | This represents the first major morphological change in the developing tubule. [cite: 19]
The stage of nephron development that follows the comma-shaped body is the {{c1::S-shaped}} body. | This structure eventually connects to the collecting duct system. [cite: 20]
The definitive capillary tuft at the start of each nephron is the {{c1::glomerulus}}. | It is the site where blood plasma is filtered into the renal tubule. [cite: 21]
The connective tissue and cells that support the nephrons and blood vessels in the kidney are called the {{c1::interstitium}}. | It plays vital roles in renal physiology beyond simple support. [cite: 22]
{{c1::Nephrogenesis}} is the scientific term for the entire process of nephron formation. | This process involves complex interactions between tissues and genetics. [cite: 23]
Kidney development is controlled by both {{c1::genetics}} and interactions with the {{c2::environment}}. | These factors determine the final number and health of nephrons. [cite: 24, 25]
The signaling protein {{c1::BMP4}} helps regulate branching morphogenesis during renal development. | Bone Morphogenetic Protein 4 is critical for the correct patterning of the ureteric bud. [cite: 26]
Nephrogenesis (the formation of new nephrons) ceases at approximately {{c1::36}} weeks of gestation. | After this time, no more nephrons can be formed. [cite: 27]
A kidney that is small and under-developed due to reduced nephron number is described as {{c1::hypoplastic}}. | This is one of several possible congenital renal abnormalities. [cite: 29]
{{c1::Multicystic dysplastic kidney}} is a congenital abnormality where the kidney is replaced by cysts and lacks function. | This condition often results from abnormal interactions during early development. [cite: 30]
Renal {{c1::agenesis}} refers to the complete failure of one or both kidneys to develop. | Bilateral agenesis is incompatible with life. [cite: 31]
The fetal kidney begins to produce urine from week {{c1::10}} of gestation. | This urine is a primary component of amniotic fluid. [cite: 32]
One common ureter abnormality is the presence of {{c1::double ureters}}. | This can lead to issues such as vesicoureteral reflux or obstruction. [cite: 34]
Ureters that are more {{c1::narrow}} than normal are significantly more likely to be {{c2::blocked}}. | Narrowing can be a congenital trait or acquired. [cite: 35]
In cases of double ureters, one (usually the {{c1::superior}} one) might not connect to the bladder properly. | This failure can lead to the formation of {{c2::cysts}} in the kidney. [cite: 36]
A common issue in ureter development is when the ureter does not join to the {{c1::correct part}} of the bladder. | This can lead to functional problems with urine storage and release. [cite: 37]
Malformation of the ureteric entry into the bladder can cause a functional {{c1::sphincter}} problem. | This prevents the natural 'one-way valve' mechanism. [cite: 38]
Obstruction at the junction between the renal pelvis and the ureter is abbreviated as {{c1::UPJ}} obstruction. | UPJ stands for Pelviureteric Junction. [cite: 39]
When a ureter is blocked, urine backs up, leading to water in the kidney, a condition called {{c1::hydronephrosis}}. | Prolonged pressure from hydronephrosis can destroy kidney tissue. [cite: 40]
Obstruction at the junction between the bladder and the ureter is abbreviated as {{c1::UVJ}} obstruction. | UVJ stands for Vesicoureteric Junction. [cite: 41]
If the ureter does not connect to the bladder correctly, it can result in {{c1::megaureter}} and {{c2::hydronephrosis}}. | Megaureter is the dilation of the ureter itself. [cite: 42]
To prevent reflux, the ureter should enter the bladder wall at an {{c1::oblique}} angle. | This creates a flap-valve effect when the bladder is full. [cite: 43]
The constriction at the site where the ureter enters the bladder acts as a {{c1::functional sphincter}}. | This is not an anatomical sphincter but a physiological one. [cite: 44]
{{c1::Ultrasound}} is the primary tool used to monitor fetal renal health and structure. | It is non-invasive and allows for measurements of the developing organs. [cite: 45]
A normal diameter for the fetal renal pelvis between 16-27 weeks is less than {{c1::7}} mm. | Larger measurements often require further follow-up for hydronephrosis. [cite: 46, 47]
During kidney migration, the organs move {{c1::anteriorly}} and {{c2::rotate medially}}. | This movement occurs as the fetus grows in length. [cite: 49, 50]
Initially, the developing kidneys are located in the {{c1::pelvis}} around week {{c2::6}}. | They 'ascend' to their adult lumbar position later in development. [cite: 51]
A {{c1::horseshoe kidney}} is a condition where the lower poles are fused, but the organ remains totally functional. | It is often an incidental finding during imaging. [cite: 53]
The {{c1::paramesonephric duct}} is located in the urogenital ridge and runs parallel to the mesonephric duct. | It is also known as the Mullerian duct. [cite: 54, 56]
In order for a gonad to develop properly, {{c1::germ cells}} must migrate to and colonize it. | These cells eventually become sperm or eggs. [cite: 57]
During the development of an {{c1::ovary}}, the {{c2::mesonephric}} duct degenerates. | The paramesonephric duct then develops into the uterus and fallopian tubes. [cite: 58, 59]
During the development of the {{c1::testes}}, the {{c2::paramesonephric}} duct degenerates. | The mesonephric duct then develops into the male reproductive tract. [cite: 60, 62]
The substance that causes the paramesonephric duct to degenerate in males is {{c1::Antimullerian hormone}} (AMH). | It is produced by the Sertoli cells of the developing testes. [cite: 61]
A {{c1::posterior urethral valve}} is a congenital abnormality that blocks the flow of urine out of the bladder. | This occurs in males and can cause severe bladder and kidney damage. [cite: 63, 64]
If a posterior urethral valve is present, urine collects and builds pressure in the {{c1::bladder}}. | This can lead to secondary reflux and kidney failure if not treated. [cite: 65]"
Renal filtration and clearance,"7.3 Renal Filtration and Clearance
Glomerular Filtration
Glomerular filtration is the first step in urine formation, where a portion of blood plasma is filtered from the glomerulus into the Bowman’s capsule.
The Filtration Barrier (Three Layers):
•	Fenestrated Endothelium: Prevents passage of blood cells.
•	Glomerular Basement Membrane (GBM): A fused gel-like layer that restricts large proteins.
•	Podocytes (Visceral Layer): Feature pedicels (foot processes) that create filtration slits restricted by slit diaphragms.
Forces Driving Filtration (Starling Forces)
Filtration is determined by the Net Filtration Pressure (NFP), which is the balance of hydrostatic and osmotic pressures.
The Equation: NFP = Pgc - (Pbc + πgc)
•	Glomerular Capillary Hydrostatic Pressure (Pgc): Drives filtration (~55 mmHg).
•	Bowman's Capsule Hydrostatic Pressure (Pbc): Opposes filtration (~15 mmHg).
•	Glomerular Capillary Osmotic Pressure (πgc): Opposes filtration due to plasma proteins (~30 mmHg).
Glomerular Filtration Rate (GFR)
GFR is the total volume of filtrate formed by both kidneys per minute (normal average ~125 ml/min).
Clinical Significance:
•	GFR is used as the primary marker for kidney health and staging chronic kidney disease.
•	It is regulated by intrinsic (autoregulation) and extrinsic (neural/hormonal) mechanisms to maintain homeostasis despite blood pressure changes.
Renal Clearance and Measuring GFR
Renal clearance is the volume of plasma completely cleared of a substance by the kidneys per unit of time.
Measuring GFR via Clearance:
•	Inulin: The 'gold standard' because it is freely filtered and neither reabsorbed nor secreted. Clearance of Inulin = GFR.
•	Creatinine: An endogenous metabolite used in clinical practice. It is freely filtered and not reabsorbed, but small amounts are secreted, meaning it slightly overestimates GFR.
Clearance Formula: C = (U x V) / P
•	U = Concentration of substance in urine.
•	V = Urine flow rate.
•	P = Concentration of substance in plasma.","One primary function of the kidney is to regulate water and electrolyte volume as well as {{c1::osmolarity}}. | The kidneys ensure the body maintains the correct balance of fluids and dissolved salts.
The kidneys maintain acid-base balance primarily by regulating the excretion and reabsorption of {{c1::H+ ions::chemical species}}. | They also regulate bicarbonate (HCO3-), working in tandem with the respiratory system to maintain blood pH.
An endocrine function of the kidney involves the release of {{c1::renin}}, which leads to the production of angiotensin II. | The renin-angiotensin-aldosterone system (RAAS) is crucial for regulating blood pressure and fluid balance.
The kidneys produce the hormone {{c1::erythropoietin}}, which stimulates the production of red blood cells. | This is why patients with chronic kidney disease often develop anemia.
The kidneys convert vitamin D into its active form, {{c1::1,25-dihydroxyvitamin D3}}, which is essential for calcium homeostasis. | Without this active form, calcium absorption in the gut is significantly impaired.
During prolonged fasting, the kidneys can perform {{c1::gluconeogenesis}}, converting amino acids into glucose. | While the liver is the primary site for this process, the kidneys play a significant supplementary role during starvation.
The {{c1::renal corpuscle}} is the specific site in the nephron responsible for blood filtration. | It consists of the glomerulus and Bowman's capsule.
The {{c1::glomerulus}} is a network of capillaries located inside Bowman’s capsule. | Blood enters here under high pressure to be filtered.
Blood enters the glomerulus via the {{c1::afferent}} arteriole and exits via the {{c2::efferent}} arteriole. | The efferent arteriole then branches into the peritubular capillaries.
After leaving the efferent arteriole, blood flows into the {{c1::peritubular capillaries}}. | These capillaries surround the renal tubules and are essential for reabsorption and secretion.
The sequence of the renal tubule begins with Bowman's capsule, followed immediately by the {{c1::proximal}} tubule. | This is where the majority of water and solute reabsorption occurs.
After the proximal tubule, the filtrate enters the {{c1::Loop of Henle}}, which dips down into the renal medulla. | This loop is crucial for creating a concentration gradient in the medulla to concentrate urine.
Following the Loop of Henle, filtrate enters the {{c1::distal convoluted}} tubule. | Fine-tuning of ion concentrations occurs here, often under hormonal control (e.g., aldosterone).
Multiple distal convoluted tubules empty their contents into a shared {{c1::collecting duct}}. | The collecting duct is the final site of water reabsorption, regulated by Antidiuretic Hormone (ADH).
Urine leaves the collecting ducts and eventually exits the kidney, traveling to the bladder via the {{c1::ureter}}. | There are two ureters, one for each kidney.
Glomerular filtration moves fluid from the {{c1::glomerular capillaries}} into Bowman’s capsule. | It is the first step in urine formation.
Glomerular filtration is a purely {{c1::passive}} process driven by pressure gradients. | It does not require ATP to push fluid across the barrier.
Because of the filtration barrier's properties, large molecules like {{c1::proteins}} cannot freely pass into Bowman's capsule. | The presence of significant protein in urine (proteinuria) usually indicates kidney damage.
Glomerular capillaries are highly efficient filters partly due to their high {{c1::hydrostatic}} pressure. | This pressure physically forces fluid and solutes through the filtration barrier.
Glomerular capillaries are also efficient filters because they contain large {{c1::fenestrations::gaps}}, which are gaps between the endothelial cells. | These pores allow water and small solutes to pass rapidly.
The glomerular filtration barrier consists of three layers: fenestrated capillary endothelium, a non-cellular {{c1::basement membrane}}, and the epithelial lining of Bowman's capsule. | The basement membrane is negatively charged, repelling negatively charged proteins.
The epithelial lining of Bowman's capsule contains specialized cells called {{c1::podocytes}}, which form filtration slits. | These interdigitating foot processes provide the final size-selective barrier.
The process of moving substances from the tubular filtrate back into the peritubular capillaries is called tubular {{c1::reabsorption}}. | This reclaims valuable nutrients, water, and ions that were initially filtered.
The process of moving substances from the peritubular capillaries into the renal tubules is called tubular {{c1::secretion}}. | This helps eliminate excess ions (like K+ and H+) and toxins/drugs from the blood.
The outward glomerular capillary hydrostatic pressure that promotes filtration is normally about {{c1::55}} mmHg. | This is unusually high for a capillary bed, driven by the varying resistances of the afferent and efferent arterioles.
The hydrostatic pressure within Bowman’s capsule is approximately {{c1::15}} mmHg and {{c2::opposes::promotes/opposes}} filtration. | It pushes fluid back toward the capillaries.
The osmotic pressure due to proteins in the glomerular blood is about {{c1::30}} mmHg and {{c2::opposes::promotes/opposes}} filtration. | This is also known as oncotic pressure; since proteins aren't filtered, they draw water back into the blood.
Given a glomerular capillary pressure of 55 mmHg, Bowman's pressure of 15 mmHg, and an osmotic pressure of 30 mmHg, the net filtration pressure is {{c1::10}} mmHg. | Calculation:<br>Net = Outward - Inward<br>Net = 55 - (15 + 30) = 10 mmHg.
A normal Glomerular Filtration Rate (GFR) is typically between {{c1::60}} and {{c2::120}} ml/min. | This means the kidneys filter roughly 90-180 liters of blood plasma per day.
A Glomerular Filtration Rate (GFR) between {{c1::15}} and {{c2::60}} ml/min typically indicates kidney disease. | This signifies a significant loss of kidney function over time.
A Glomerular Filtration Rate (GFR) between {{c1::0}} and {{c2::15}} ml/min is classified as kidney failure. | At this stage, dialysis or a kidney transplant is usually required to sustain life.
Clinically, GFR is commonly estimated by measuring the clearance rate of an endogenous molecule called {{c1::creatinine}}. | Inulin clearance is the gold standard but requires IV infusion, making creatinine much more practical.
Creatinine is a continuous waste product created from the breakdown of {{c1::creatine phosphate}} in skeletal muscle. | (Note: The source notes mentioned 'creatinine phosphate', but biologically it is creatine phosphate. This card uses the corrected biological term.)
To accurately measure creatinine clearance to estimate GFR, a single blood sample and a {{c1::24}}-hour urine sample are required. | This allows the calculation of how much creatinine the kidneys clear from the blood into the urine over a full day."
Micturition and continence,"7.4 Micturition and Continence
Bladder Anatomy and Function
The urinary bladder is a specialized hollow organ designed for two distinct phases: storage and periodic voiding.
Key Structural Features:
•	Detrusor Muscle: Specialized smooth muscle that remains relaxed during storage and contracts during micturition.
•	Urothelium: Transitional epithelium that allows for significant stretching as the bladder fills.
•	Trigone: A triangular region at the base of the bladder where the ureters enter and the urethra exits.
•	Sphincters: The internal urethral sphincter (involuntary smooth muscle) and the external urethral sphincter (voluntary skeletal muscle).
The Storage and Voiding Phases
Storage Phase:
•	The bladder acts as a low-pressure reservoir.
•	Sympathetic nervous system dominance (via Hypogastric nerve) keeps the detrusor relaxed and the internal sphincter contracted.
•	Somatic control (Pudendal nerve) keeps the external sphincter contracted.
Voiding (Micturition) Phase:
•	Triggered when bladder stretch receptors reach a threshold.
•	Parasympathetic nervous system dominance (via Pelvic nerve) causes detrusor contraction and relaxation of the internal sphincter.
•	Inhibition of somatic nerves allows the external sphincter to relax.
Neural Control of Micturition
Control involves a complex interplay of autonomic and somatic nerves managed by the Pontine Micturition Centre (PMC).
•	Parasympathetic (Pelvic Nerves, S2-S4): Stimulates bladder contraction.
•	Sympathetic (Hypogastric Nerves, T11-L2): Promotes bladder filling/storage.
•	Somatic (Pudendal Nerves, S2-S4): Provides voluntary control over the external sphincter.
Clinical Imbalances: Incontinence and Retention
Urinary Incontinence (Involuntary Loss of Urine):
•	Stress Incontinence: Leakage due to increased intra-abdominal pressure (e.g., coughing, sneezing). Often due to pelvic floor weakness.
•	Urge Incontinence: Overactive bladder resulting in a sudden, intense need to void.
•	Overflow Incontinence: Occurs when the bladder fails to empty properly, leading to constant 'dribbling'.
Urinary Retention:
•	The inability to empty the bladder, often caused by outflow obstruction (e.g., Benign Prostatic Hyperplasia) or nerve damage (neurogenic bladder).","Urine enters the bladder via the {{c1::ureteric orifices}} | [cite: 1]
The bladder wall consists of the {{c1::detrusor}} muscle, which is a type of {{c2::smooth}} muscle | [cite: 1]
The specialized lining of the bladder is called the {{c1::urothelium}} (transitional epithelium) | [cite: 1]
As the bladder fills, the urothelium transitions from {{c1::5-7}} layers of cuboidal/columnar cells to {{c2::2-3}} layers of squamous cells | [cite: 1]
The urothelium is impermeable due to {{c1::tight junctions}} and a {{c2::glycoprotein}} layer | [cite: 1]
The bladder contains folds called {{c1::rugae}} that allow for better compliance | [cite: 1]
The {{c1::trigone}} is the triangular area between the ureteric orifices and the bladder neck | [cite: 1]
The {{c1::intrinsic urethral sphincter}} is made of {{c2::skeletal}} muscle and is under {{c3::somatic}} control | [cite: 1]
The bladder typically holds about {{c1::500}} mL of urine during the storage phase | [cite: 1]
During voiding, the {{c1::detrusor}} muscles contract to expel urine | [cite: 1]
To prevent backflow during voiding, the {{c1::ureteric orifices}} are sealed at the {{c2::vesicoureteric junction (VUJ)}} | [cite: 1]
{{c1::Vesicoureteral reflux}} occurs when the ureter joins the bladder perpendicularly rather than at an angle | [cite: 1]
Vesicoureteral reflux can lead to dilated ureters ({{c1::hydroureter}}) and a dilated collecting system in the kidney ({{c2::hydronephrosis}}) | [cite: 1]
The {{c1::pudendal}} nerve provides somatic control to the skeletal muscle at the external urethral sphincter | [cite: 1]
The detrusor muscles are innervated by the {{c1::pelvic}} nerve, which originates from parasympathetic sacral roots | [cite: 1]
Parasympathetic activation of the detrusor muscle occurs via {{c1::M3}} receptors | [cite: 1]
The {{c1::hypogastric}} nerve provides sympathetic innervation from the thoracolumbar roots | [cite: 1]
Sympathetic innervation inhibits detrusor contraction via {{c1::B3 (beta-3)}} receptors | [cite: 1]
Sympathetic innervation stimulates the internal urethral sphincter to contract via {{c1::A1 (alpha-1)}} receptors | [cite: 1]
The sympathetic system (hypogastric nerve) releases {{c1::noradrenaline}} to facilitate storage | [cite: 1]
Afferent nerves in the bladder wall sense {{c1::stretch}} | [cite: 1]
The {{c1::pontine micturition centre (PMC)}} coordinates the switch between storage and voiding | [cite: 1]
Sensory pathways from the bladder include the {{c1::spinothalamic}} tract and the {{c2::dorsal column}} | [cite: 1]
The {{c1::guarding reflex}} involves afferent nerves activating the sympathetic system via the {{c2::hypogastric}} nerve | [cite: 1]
During the guarding reflex, the {{c1::pudendal}} nerve is active by default to keep the sphincter closed | [cite: 1]
The {{c1::periaqueductal gray (PAG)}} acts as a connection point for all micturition-related inputs and outputs | [cite: 1]
Incontinence caused by overactivity or hyperreflexia often results from lost {{c1::inhibitory}} control from the PMC | [cite: 1]
{{c1::Urge}} incontinence is characterized by an intense urge followed by involuntary leakage, often seen with UTIs | [cite: 1]
{{c1::Overflow}} incontinence is caused by bladder underactivity or chronic obstruction, leading to high intravesical pressures | [cite: 1]
{{c1::Stress}} incontinence is the leakage of urine due to increased {{c1::intraabdominal}} pressure (e.g., coughing) | [cite: 1]
{{c1::Retention}} can occur due to {{c1::hypertrophy of the prostate}}, causing the outflow tract to be obstructed | [cite: 1]
A {{c1::cystocele}} is a condition where the bladder prolapses, often due to weak pelvic muscles or nerve damage | [cite: 1]
{{c1::Urodynamic}} studies are used to evaluate bladder and urethral sphincter function | [cite: 1]"
Urinary tract infections,"Comprehensive Overview of Urinary Tract Infections (UTIs)
Introduction and Epidemiology
Urinary Tract Infections (UTIs) are among the most common and clinically significant bacterial infections. While the majority of cases are acute, short-lived, and involve the lower urinary tract, they represent a substantial cause of morbidity. Most UTIs occur in the presence of a structurally and functionally normal urinary tract.
Key epidemiological facts:
•	Female Anatomy: 20-30% of individuals experience recurrent UTIs, and approx 20% will have a symptomatic UTI during their life.
•	Male Anatomy: 14x less common; usually occurs in individuals > 50 years.
Pathogenesis and Classification
Routes of Infection
•	Ascending Route: The most common pathway. Bacteria from the peri-urethral area colonize the urethra and ascend into the bladder. Facilitated by short female urethra, sexual intercourse, and catheterization.
•	Haematogenous Route: Less common; infection spreads via the bloodstream.
Classification by Location
•	Lower Urinary Tract: Cystitis (bladder) and Urethritis (urethra).
•	Upper Urinary Tract: Pyelonephritis (kidney parenchyma).
Risk Factors and Predisposing Conditions
•	Obstruction: Renal calculi, strictures, tumors, or prostatic hypertrophy.
•	Neurological: Loss of control due to spina bifida or paraplegia.
•	Vesicoureteral Reflux (VUR): Backward flow of urine; affects 1 in 3 children with UTI.
•	Catheterization: Biofilm formation is a major risk factor for hospital-acquired UTIs.
Microbiology and Virulence
•	E. coli: The predominant pathogen (Uropathogenic E. coli - UPEC). Virulence factors include fimbriae for adherence and capsular polysaccharides to inhibit phagocytosis.
•	Proteus mirabilis: Associated with urinary stones due to urease production which increases urine alkalinity.
•	Others: S. saprophyticus (young sexually active), Enterococcus, and S. epidermidis.
Clinical Presentation
•	Lower UTI: Dysuria, urgency, frequency, and suprapubic pain. Fever is generally absent.
•	Upper UTI: High fever, flank pain, shaking chills, nausea, and vomiting.
•	Atypical: Confusion or agitation in the elderly; irritability and vomiting in infants.
Diagnosis and Management
•	Collection: Mid-stream urine (MSU) is standard. Bag urine in infants is prone to contamination.
•	Lab Tests: Dipstick (nitrites/leukocytes) and Quantitative Culture (>10^5 cfu/mL).
•	Treatment: 3-5 days of oral antibiotics for uncomplicated cases; 10-14 days (often IV) for pyelonephritis.",
Renal tubular mechanisms,"Renal Tubular Mechanisms and Homeostatic Regulation
A Comprehensive Guide to Tubular Reabsorption, GFR Autoregulation, and the Renin-Angiotensin-Aldosterone System
In renal physiology, the renal tubules serve as the primary site for the precise modification of glomerular filtrate. While the glomerulus acts as a non-selective ultrafiltration barrier, it is the sophisticated cellular mechanisms spanning the proximal tubule, loop of Henle, distal convoluted tubule, and collecting duct that dictate the ultimate composition of urine. These pathways execute vital homeostatic operations by balancing electrolytes, recovering crucial nutrients, regulating extracellular fluid (ECF) volume, and governing systemic blood pressure. This article provides a comprehensive, granular analysis of these renal tubular operations based on clinical lecture materials from the Monash School of Medicine.
1. Pathways and Energetics of Tubular Reabsorption
To achieve reabsorption—the net translocation of a solute or fluid volume from the tubular lumen back into the peritubular capillary plasma—a substance must systematically cross five distinct anatomical and physical barriers:
1. The Luminal (Apical) Cell Membrane: The initial membrane facing the filtered fluid within the tubular lumen.
2. The Cytosol: The intracellular fluid environment of the renal epithelial cell, across which the substance must diffuse.
3. The Basolateral Cell Membrane: The cell membrane facing away from the lumen, closely associated with the lateral intercellular spaces and the interstitium.
4. The Interstitial Fluid: The extracellular compartment separating the epithelial structures from the vasculature.
5. The Peritubular Capillary Wall: The endothelial barrier through which solutes and fluid re-enter the systemic circulation.
Mechanisms of Transport
Transport across these barriers proceeds via two primary physical routes:
• Transcellular Route: The substance sequentially penetrates the luminal membrane, passes through the cytosol, and exits across the basolateral membrane.
• Paracellular Route: Solutes and fluid pass directly through the specialized tight junctions (zonula occludens) that link adjacent tubular epithelial cells.
Physiologically, transport is broadly split into passive and active mechanisms. Passive transport occurs down an electrochemical or osmotic gradient and requires no direct energy expenditure; it encompasses simple diffusion, channel-mediated diffusion, carrier-mediated facilitated diffusion, and osmosis. Active transport moves solutes against their respective electrochemical gradients, utilizing metabolic energy in the form of adenosine triphosphate (ATP). This occurs via primary active transport (direct hydrolysis of ATP, such as by the basolateral Na+/K+-ATPase pump) or secondary active transport (which couples the energetically favorable downhill movement of an ion, typically sodium, to the uphill movement of another solute).
Sodium and Water Handling Along the Tubule
The active reabsorption of sodium ions (Na+) represents the single largest consumer of metabolic energy within the kidney; the vast majority of total renal oxygen consumption and ATP usage is dedicated to powering these active sodium transport mechanisms. Critically, the reabsorption of water is a passive process driven by osmosis, occurring secondary to the osmotic gradients established by the active transport of sodium.
Tubular Segment	% of Filtered Sodium Reabsorbed	% of Filtered Water Reabsorbed
Proximal Tubule	65%	65%
Descending Limb of Henle	0% (Impermeable)	10%
Ascending Limb of Henle	25% (Active Transport)	0% (Impermeable)
Distal Convoluted Tubule	5%	0% (In absence of ADH)
Collecting Duct	4% - 5% (Aldosterone regulated)	5% (Water Loading) to >24% (Dehydration)

The Concept of Transport Maximum (Tm)
For most substances that undergo active, carrier-mediated reabsorption, there is a strict biological upper limit to the rate at which they can be transported from the tubular fluid back into the vascular space. This ceiling is termed the Transport Maximum (Tm), expressed typically in milligrams per minute (mg/min). The transport maximum is dictated by the physical saturation of the available specific carrier proteins embedded within the epithelial cell membranes. When the filtered load of a solute exceeds the functional transport capacity of these carriers, the remaining excess solute cannot be reabsorbed and is excreted in the urine.
Quantitative Case Study: Renal Handling of Glucose
The clinical handling of glucose provides a perfect physiological illustration of the relationship between filtered load, transport maximum, and the renal excretion threshold:
• Glomerular Filtration Rate (GFR): The volume of fluid cleared through the glomerular filtration barrier per unit time, normally averaging 125 mL/min.
• Normal Plasma Glucose Concentration ([Glucose]plasma): Typically ranges around 100 mg/100 mL (or 1 mg/mL).
• Normal Filtered Load of Glucose: Calculated directly by multiplying the plasma concentration by the GFR:
  Filtered Load = [Glucose]plasma × GFR = (100 mg/100 mL) × 125 mL/min = 125 mg/min
• Transport Maximum for Glucose (Tm): In a healthy individual, the baseline Tm for glucose is fixed at approximately 375 mg/min.
• The Renal Threshold and Glucosuria: Because the physiological filtered load of glucose (125 mg/min) sits well below the maximum transport capacity (375 mg/min), healthy individuals reabsorb 100% of filtered glucose in the proximal convoluted tubule, leaving the urine entirely glucose-free. However, when plasma glucose concentration rises exceptionally high—such as in patients with poorly controlled Diabetes Mellitus—the filtered load escalates proportionally. Once the plasma concentration reaches the renal threshold of ~300 mg/100 mL, the filtered load breaches the transport maximum (Filtered Load > Tm), and glucose spills into the urine (termed glucosuria).
Clinical Insight: Diabetic Polyuria
The presence of unreabsorbed glucose within the renal tubular lumen exerts a profound osmotic effect. This luminal glucose generates a powerful osmotic gradient that opposes the passive reabsorption of water, drawing fluid into the tubule and leading to osmotic diuresis. This manifests clinically as the severe polyuria and secondary polydipsia characteristically observed in acute, uncontrolled diabetic presentations.

2. Autoregulation of Renal Blood Flow and Glomerular Filtration Rate
To ensure the consistent and non-disruptive processing of fluids, the kidneys must maintain tight homeostatic control over the rate of filtration. Autoregulation refers to the intrinsic capacity of the renal organ to maintain a nearly constant Renal Blood Flow (RBF) and Glomerular Filtration Rate (GFR) across a wide range of systemic arterial perfusion pressures (typically spanning from 80 mmHg to 180 mmHg). Critically, while RBF and GFR are highly autoregulated within this range, urine flow rate is NOT autoregulated; rather, urine output is directly proportional to systemic arterial blood pressure, a physiological reality underlying the phenomenon of pressure-natriuresis. Under baseline conditions, urine flow sits at roughly 1 mL/min, but it can surge to 15 mL/min under elevated pressures.
The Critical Importance of Constant GFR
The necessity of a tightly stabilized GFR stems from the kinetics of tubular fluid processing:
• Elevated GFR (Hyperfiltration): If GFR increases excessively, the linear velocity of the filtrate flowing through the tubules increases. Fluid passes too rapidly through the nephron segments, resulting in inadequate contact time with the luminal transport machinery. Consequently, essential electrolytes, nutrients, and water escape reabsorption and are lost to the urine.
• Depressed GFR (Hypofiltration): Conversely, if GFR drops too low, the sluggish flow of filtrate allows near-complete reabsorption of luminal contents, causing metabolic waste products (such as urea and creatinine) to be retained in the plasma rather than being appropriately cleared.
• Volumetric Sensitivity: Even minute alterations in GFR expand exponentially when integrated across a 24-hour cycle. For instance, a seemingly minor 10% increase in GFR translates to an additional 18 liters of filtrate that the tubular structures must rapidly process, overwhelming local reabsorptive limits.
Hemodynamic Determinants: Control of Glomerular Capillary Pressure
The driving force behind GFR is the hydrostatic pressure within the glomerular capillaries (PGC). This pressure is modulated dynamically by adjusting the relative vascular resistance of the upstream Afferent Arteriole (AA) and the downstream Efferent Arteriole (EA):
• To Decrease GFR: The kidney can either constrict the afferent arteriole (reducing downstream blood flow and hydrostatic pressure entering the glomerulus) or dilate the efferent arteriole (allowing blood to rapidly drain from the capillary bed, thereby deflating PGC).
• To Increase GFR: The kidney can dilate the afferent arteriole (augmenting the influx of high-pressure arterial blood) or constrict the efferent arteriole (creating a back-pressure effect that elevates PGC).
Intrinsic Regulating Mechanisms: The Juxtaglomerular Apparatus
The autoregulatory response is coordinated entirely by the Juxtaglomerular Apparatus (JGA), a highly specialized structural complex located at the intersection where the transition between the thick ascending limb of the loop of Henle and the early distal tubule makes direct physical contact with the vascular pole of its originating glomerulus. Autoregulation depends on two internal negative-feedback circuits managed by the JGA:
1. The Myogenic Mechanism
The myogenic mechanism is a localized, vascular response to wall tension governed by Laplace’s Law. When systemic blood pressure spikes, the sudden surge in renal perfusion pressure causes an abrupt increase in the inward intraluminal pressure of the afferent arteriole. This uncoils and stretches the vascular smooth muscle cells (VSMCs) within the arteriole wall. In response to this mechanical stretch, stretch-activated calcium channels in the VSMC sarcolemma snap open, initiating an influx of extracellular calcium. The resulting elevation in intracellular calcium concentrations triggers immediate, localized vasoconstriction of the afferent arteriole. This increase in upstream vascular resistance reduces the fraction of systemic pressure transmitted down into the glomerular capillaries, successfully normalizing both glomerular blood flow and GFR. Conversely, a drop in blood pressure reduces stretch, closing these channels, inducing vasodilation, and stabilizing filtration.
2. Tubuloglomerular Feedback (TGF)
Tubuloglomerular feedback is a specialized intrarenal loop that links the rate of filtration directly to the electrolyte composition of the distal tubular fluid. It operates via a sequential cascade:
1. Filtration Surge: An initial increase in GFR accelerates the flow of filtrate through the proximal nephron segments.
2. Solute Delivery: Due to this rapid transit, the efficiency of solute extraction drops, causing an elevated concentration of sodium chloride (NaCl) to be delivered past the thick ascending limb.
3. Macula Densa Sensing: The specialized column of high-density epithelial cells lining the tubular wall at this junction—the Macula Densa—directly senses this high luminal NaCl level. The cells import these ions via luminal NKCC2 co-transporters, triggering secondary metabolic events that release a local paracrine signal (primarily adenosine and ATP).
4. Afferent Constriction: This paracrine signal binds to receptors on the neighboring vascular smooth muscle cells of the adjacent afferent arteriole, inducing profound vasoconstriction.
5. Homeostatic Resolution: The resulting constriction drives up afferent arteriolar resistance, dropping the downstream hydrostatic pressure (PGC) within the glomerular capillaries and successfully resetting GFR back to normal physiological baselines.
It is critical to note that while autoregulatory mechanisms function autonomously under normal physiological states, they do not operate below a Mean Arterial Pressure (MAP) of 80 mmHg or above 180 mmHg. Within the 80–180 mmHg range, autoregulation can also be overridden or shifted by powerful extrinsic inputs, such as heavy activation of the sympathetic nervous system during acute hypovolemic shock or systemic stress.
3. Renal Regulation of Total Body Sodium and Extracellular Fluid Volume
Sodium is the dominant osmolytically active cation within the extracellular fluid compartment. Consequently, the regulation of total body sodium content directly determines total ECF volume, plasma volume, cardiac filling pressures, and systemic Mean Arterial Pressure (MAP). High total body sodium generates an expanded ECF volume and elevated cardiovascular pressures, whereas sodium depletion produces state-wide hypovolemia and hypotension.
Mass Balance of Daily Sodium Intake and Loss
The maintenance of a steady-state requires strict adherence to the law of mass balance, ensuring that daily sodium influx precisely matches daily outflux. In a standard adult scenario, this dynamic balance is partitioned as follows:
• Daily Sodium Intake: Averages approximately 8.5 grams, gained entirely from food and fluid ingestion. This intake is driven externally by thirst and salt appetite.
• Daily Sodium Loss: Distributed across sweat (~0.25g), feces (~0.25g), and predominantly through urine (~8.0 grams).
• The Kidney's Role: Because sweat and fecal losses are largely fixed and unregulated, the responsibility for matching output to dietary intake falls entirely on the kidneys. However, a crucial physiological limitation exists: the kidney cannot manufacture sodium or water; it can only adjust its excretion rate. It can minimize losses during deprivation, but cannot correct a baseline deficit without external intake.
Fluid Shift Mechanics: Ingestion of Crystalline NaCl
To understand how sodium partitions fluid between compartments, consider the physiological consequences of ingesting pure, dry sodium chloride (NaCl) tablets without concurrent water intake:
1. ECF Hyperosmolarity: The absorbed salt floods the extracellular fluid compartment, driving up local ECF osmolarity.
2. Intracellular Dehydration: Because cell membranes are freely permeable to water but impermeable to sodium, an osmotic gradient is established. Water rushes out of the intracellular fluid (ICF) compartment and into the ECF via osmosis.
3. Volumetric Changes: This fluid translocation results in an increased ECF volume and a contracted ICF volume, causing widespread cell shrinkage (cellular dehydration).
4. Equilibrium: Ultimately, the system reaches equilibrium where the absolute osmolarity of both the ECF and ICF compartments is permanently elevated, paired with a net expansion of ECF volume at the direct expense of the ICF.
Systemic Sensing of Sodium Levels
Remarkably, the human body possesses no direct, specialized sodium chemoreceptors capable of monitoring total sodium mass. Instead, the body assesses sodium levels indirectly by monitoring the fullness and pressure of the vascular space using two primary categories of sensors:
• Extrarenal Low-Pressure and High-Pressure Baroreceptors: Stretch-sensitive mechanoreceptors located within the low-pressure venous system, cardiac atria, and the high-pressure arterial system (carotid sinuses and aortic arch). A rise in total body sodium expands plasma volume, increasing venous return, right atrial stretch, and arterial pressures, which alters the baseline firing rate of these sensors.
• Intrarenal Sensors: These include specialized mechanoreceptors within the afferent arteriole (intrarenal baroreceptors) that respond directly to local perfusion pressure, alongside the macula densa cells that track the delivery rate of NaCl through the tubule.
The Core Equation of Renal Sodium Excretion
The net mass of sodium excreted in the urine is ultimately the product of a simple algebraic balance:
  Sodium Excreted = Sodium Filtered - Sodium Reabsorbed
To adjust sodium output, the body manipulates both variables on the right side of the equation. It controls the amount of Sodium Filtered by adjusting GFR via vasomotor alterations, and it modulates the amount of Sodium Reabsorbed through systemic endocrine signals.
Physiological Response to High Sodium Loss / Volume Depletion
When an individual experiences excessive sodium and water loss (such as through heavy sweating, diarrhea, or hemorrhage), the body initiates a coordinated reflex arc to minimize urinary sodium excretion and protect blood pressure:
1. Volumetric Drop: Sodium loss causes a direct drop in total plasma volume.
2. Hemodynamic Cascade: This drop lowers venous pressure, venous return to the heart, right atrial pressure, end-diastolic volume (EDV), stroke volume (SV), cardiac output (CO), and systemic arterial blood pressure.
3. Neural Reflex: The reduction in pressure deactivates systemic baroreceptors, triggering an immediate compensatory increase in the activity of the Renal Sympathetic Nerves (RSNA).
4. Arteriolar Constriction: Increased sympathetic tone stimulates alpha-adrenergic receptors on the renal vasculature, inducing strong vasoconstriction of the afferent arterioles.
5. Net Filtration Drop: This increase in afferent resistance drops the net glomerular capillary hydrostatic pressure, leading to an intentional drop in GFR.
6. Excretory Minimization: The reduced GFR minimizes the filtered load of sodium, substantially lowering the total volume of sodium and water excreted in the urine to help conserve remaining plasma volumes.
Conversely, when faced with an excess sodium load, this reflex is reversed. However, tracking studies demonstrate a distinct physiological time lag: it takes several days for the human body to fully excrete an acute, large excess sodium load and restore strict extracellular fluid volume equilibrium. This delay is due to the multi-step endocrine processes required to downregulate baseline reabsorptive mechanisms.
4. The Renin-Angiotensin-Aldosterone System (RAAS)
While alterations in GFR modulate the filtered load of sodium, the fine-tuning of renal excretion depends entirely on regulating tubular sodium reabsorption. The primary coordinator of this process is the Renin-Angiotensin-Aldosterone System (RAAS). Activation of this endocrine cascade stimulates active sodium reabsorption, minimizing urinary sodium excretion and expanding extracellular fluid volume.
The Target: Hormonal Control in the Distal Nephron
The bulk of filtered sodium (~65%) is reabsorbed in the proximal tubule, followed by 25% in the thick ascending limb of the loop of Henle via active transport mechanisms. Crucially, transport within these early segments is largely fixed and unregulated. The critical site for the physiological control of sodium excretion resides in the late distal convoluted tubule and the cortical collecting ducts. This late zone handles the remaining ~2% of the total filtered sodium load (equivalent to up to 30 grams of NaCl per day). Sodium reabsorption in these segments is highly variable and depends entirely on the plasma concentration of the mineralocorticoid hormone aldosterone.
Aldosterone Synthesis, Secretion, and Intracellular Mechanism
Aldosterone is a lipophilic steroid hormone synthesized and secreted on demand by the cells of the Zona Glomerulosa, the outermost layer of the adrenal cortex. Because it is a lipid-soluble steroid, it cannot be stored in vesicles; instead, its rate of secretion is regulated by controlling its immediate de novo synthesis.
Once released into the systemic circulation, aldosterone diffuses across the basolateral membrane of the principal cells within the late distal tubule and collecting duct. Inside the cytoplasm, it binds to its specific intracellular receptor, the Mineralocorticoid Receptor (MR). The activated hormone-receptor complex functions as a ligand-dependent transcription factor, translocating into the nucleus where it binds to specific hormone-responsive elements on the DNA. This initiates the transcription of messenger RNA (mRNA) that codes for several crucial transport proteins, transforming the cell through three primary mechanisms:
1. Luminal Channel Induction: It increases the synthesis and insertion of epithelial sodium channels (ENaC) into the luminal (apical) membrane, accelerating the passive entry of sodium from the tubular fluid into the cell.
2. Basolateral Pump Amplification: It increases the expression and activity of the active Na+/K+-ATPase pumps embedded within the basolateral membrane, increasing the active extrusion of intracellular sodium into the interstitial fluid.
3. Energetic Support: It upregulates mitochondrial metabolic pathways to synthesize the additional ATP required to fuel these active basolateral pumps.
The net result of aldosterone activity is a significant surge in the rate of transcellular sodium reabsorption. Because water follows sodium osmotically, this also drives water retention, expanding ECF volume.
The Enzymatic Cascade of the RAAS Path
The rate-limiting step for the activation of this system is the plasma concentration of the renal enzyme renin. The sequential steps of the RAAS pathway proceed as follows:
1. Substrate Production: The liver continuously synthesizes and secretes a large, inactive plasma glycoprotein called angiotensinogen into the systemic circulation.
2. Enzymatic Cleavage by Renin: When the kidneys release renin into the bloodstream, this enzyme cleaves the terminal end of circulating angiotensinogen, converting it into the inert decapeptide angiotensin I (AngI).
3. Activation by ACE: As angiotensin I flows through the pulmonary vascular bed, it encounters Angiotensin-Converting Enzyme (ACE), an enzyme bound to the luminal surface of the vascular endothelial cells (especially within the lungs). ACE rapidly cleaves two amino acids from AngI, converting it into the highly active octapeptide hormone angiotensin II (AngII).
The Direct Physiological Actions of Angiotensin II
Angiotensin II is a exceptionally potent peptide hormone that exerts four vital homeostatic actions designed to restore blood volume and systemic blood pressure:
• Potent Systemic Vasoconstriction: It binds directly to AT1 receptors on vascular smooth muscle cells across the systemic arterial tree, inducing powerful vasoconstriction. This elevates Total Peripheral Resistance (TPR) and rapidly increases systemic blood pressure.
• Stimulation of Aldosterone Secretion: It acts directly on the zona glomerulosa cells of the adrenal cortex, triggering the immediate synthesis and secretion of aldosterone to stimulate sodium reabsorption in the distal nephron.
• Direct Stimulation of Tubular Sodium Reabsorption: It binds directly to epithelial receptors in the early nephron segments, upregulating Na+/H+ exchangers to directly increase sodium recovery.
• Activation of Antidiuretic Hormone (ADH) Secretion: It acts centrally within the hypothalamus to stimulate thirst and trigger the release of ADH (vasopressin) from the posterior pituitary gland, augmenting free-water retention in the collecting ducts.
Control of Renin Secretion
Renin is synthesized, stored, and released by the specialized granular cells (also known as juxtaglomerular cells) located within the smooth muscle wall of the afferent arteriole at the JGA. The secretion of renin is regulated by three distinct physiological triggers:
1. The Intrarenal Baroreceptor Mechanism: The granular cells act as intrinsic tension sensors. When local renal arterial pressure drops (reflecting a fall in systemic blood pressure or plasma volume), the mechanical stretch exerted on these granular cells decreases. This reduction in stretch triggers an intracellular signaling pathway (characterized by a paradoxical decrease in intracellular calcium) that induces the immediate exocytosis of stored renin into the renal blood flow. Conversely, increased stretch inhibits renin release.
2. The Macula Densa Mechanism: When GFR falls or total body sodium is depleted, the linear velocity of the filtrate decreases, allowing more time for sodium reabsorption in the early segments. Consequently, the concentration of NaCl within the tubular fluid reaching the macula densa drops significantly. The macula densa senses this drop in luminal NaCl delivery and sends a chemical signal to the adjacent granular cells, stimulating the release of renin.
3. The Renal Sympathetic Nerve Mechanism: A systemic drop in blood pressure or plasma volume deactivates cardiopulmonary and arterial baroreceptors, triggering a reflexive increase in sympathetic outflow via the renal sympathetic nerves. Norepinephrine released from these sympathetic fibers binds directly to beta-1 (β1) adrenergic receptors expressed on the surface of the granular cells, initiating an intracellular cAMP cascade that strongly drives renin secretion.
Summary of the RAAS Depletion Cascade:
↓ Total Body Sodium  →  ↓ Plasma Volume  →  ↓ Perfusion / ↑ Sympathetic Outflow
  ↓
↑ Renin Release (from granular cells via β1 receptors, low stretch, or low distal NaCl)
  ↓
↑ Cleavage of Angiotensinogen to Angiotensin I
  ↓
↑ Conversion to Angiotensin II (via endothelial ACE)
  ↓
↑ Secretion of Aldosterone (from adrenal Zona Glomerulosa via AngII activation)
  ↓
↑ Synthesis of ENaC channels and Na+/K+-ATPase pumps in Distal Nephron Principal Cells
  ↓
Result: Strongly Decreased Urinary Sodium Excretion and Restoration of Extracellular Fluid Volume

Pathophysiology: Clinical Disorders of Aldosterone Regulation
The clinical significance of the RAAS pathway is highlighted by looking at disorders resulting from either deficient or excessive hormone production:
Addison’s Disease (Primary Adrenal Insufficiency)
In patients suffering from Addison's disease, autoimmune destruction or structural disease of the adrenal cortex results in a severe, chronic failure to synthesize and produce sufficient aldosterone. This endocrine deficit leads to a profound disruption of fluid balance:
• Hyponatremia and Salt Cravings: Without aldosterone, the principal cells cannot reabsorb sodium in the late distal nephron, leading to massive wasting of filtered sodium in the urine and a severe drop in plasma sodium levels.
• Hypotension: The continuous urinary sodium loss draws water out with it, causing severe ECF volume contraction, hypovolemia, and dangerous hypotension.
• Hyperkalemia: Because the basolateral Na+/K+-ATPase pump normally exchanges reabsorbed sodium for intracellular potassium, a lack of aldosterone impairs potassium excretion, causing a dangerous retention of potassium in the plasma (hyperkalemia) that can cause muscle weakness and fatal cardiac arrhythmias.
Primary Aldosteronism (Conn’s Syndrome)
Conversely, Primary Aldosteronism is caused by an autonomous, unregulated oversecretion of aldosterone from the adrenal cortex, typically due to a benign adenoma of the zona glomerulosa cells. This leads to opposite clinical presentations:
• Hypernatremia: Unregulated, hyper-activated reabsorption of sodium drives plasma sodium concentrations up to high levels.
• Severe Hypertension: The excessive sodium retention continuously draws fluid into the vascular tree, expanding plasma volume and causing severe, treatment-resistant hypertension.
• Hypokalemia: The hyper-driven basolateral pumps continuously excrete large masses of potassium into the tubular lumen, leading to depletion of total body potassium (hypokalemia). This manifests clinically as severe muscle weakness, cardiac irritability, and metabolic alkalosis.
Pharmacological Correlation: ACE Inhibitors
Understanding the RAAS pathway has enabled some of the most effective interventions in modern cardiovascular pharmacology. For instance, Angiotensin-Converting Enzyme (ACE) Inhibitors (such as ramipril, lisinopril, or enalapril) are widely used first-line agents in the management of systemic hypertension and chronic heart failure. By competitively inhibiting the endothelial ACE enzyme, these drugs halt the conversion of inactive angiotensin I into the active hormone angiotensin II. The resulting reduction in systemic AngII concentrations removes its potent vasoconstrictor effects and decreases downstream aldosterone secretion. This reduction in aldosterone diminishes tubular sodium and water retention, lowering total plasma volume and peripheral vascular resistance, safely returning systemic blood pressure to normal ranges.
Review Questions for Self-Assessment
To consolidate your understanding of this material for medical examinations, ensure you can thoroughly explain the following physiological scenarios:
1. Trace the step-by-step paracellular and transcellular routes an individual sodium ion takes from the glomerular ultrafiltrate to reach the peritubular capillary plasma.
2. Explain why a patient with an initial plasma glucose concentration of 150 mg/100 mL displays zero glucose in their urine, whereas a patient with 350 mg/100 mL displays severe glucosuria.
3. Contrast the immediate physical and cellular mechanisms underlying the Myogenic Mechanism versus Tubuloglomerular Feedback in response to a sudden spike in systemic blood pressure.
4. Detail the cellular cascade through which a drop in circulating blood volume triggers the release of renin via the granular cells, and trace the downstream endocrine sequence required to insert ENaC channels into the principal cell membrane.","Tubular epithelial cells consist of two primary surfaces: the {{c1::luminal}} and {{c2::basolateral}} membranes [cite: 2, 3]. | The luminal membrane faces the tubule fluid, while the basolateral membrane faces the interstitial fluid and blood.
{{c1::Paracellular}} reabsorption is the movement of substances through {{c2::tight junctions}} between cells [cite: 5]. | This is a passive process driven by electrochemical or osmotic gradients.
{{c1::Transcellular}} reabsorption involves the movement of substances directly {{c2::through epithelial cells}} [cite: 6]. | This requires crossing both the luminal and basolateral membranes.
The majority of renal ATP is utilized for the {{c1::active reabsorption}} of {{c2::sodium}} [cite: 8]. | Sodium transport is the primary energy expense in the kidney.
The reabsorption of water in the tubules is an {{c1::osmotic}} process that follows the movement of {{c2::sodium}} [cite: 9]. | As sodium is pumped out, water follows to maintain osmotic balance.
In the proximal tubule, {{c1::65%}} of both water and sodium are reabsorbed [cite: 10]. | This is the site of bulk, non-regulated reabsorption.
The {{c1::descending}} limb of the Loop of Henle is responsible for the reabsorption of {{c2::water}} [cite: 11]. | This segment is permeable to water but impermeable to solutes.
The {{c1::ascending}} limb of the Loop of Henle and the {{c2::DCT (distal convoluted tubule)}} are responsible for the reabsorption of {{c3::sodium}} [cite: 12]. | These segments help dilute the tubular fluid by removing salt without water.
The {{c1::collecting ducts}} are the site for the final absorption of {{c2::sodium and water}} [cite: 13]. | This area is heavily regulated by hormones like ADH and aldosterone.
The {{c1::transport maximum (Tm)}} for reabsorption is reached when carrier proteins become {{c2::saturated}} [cite: 14, 15]. | At this point, the rate of reabsorption cannot increase further regardless of concentration.
When a substance exceeds its transport maximum, the excess is {{c1::excreted in urine}}, making it detectable [cite: 16]. | This is the physiological basis for testing glucose in urine.
Glucose reabsorption is {{c1::proportional}} to its plasma concentration until the {{c2::Tm (transport maximum)}} is reached [cite: 17]. | Under normal conditions, 100% of filtered glucose is typically reabsorbed.
The normal reabsorption rate of glucose is {{c1::125mg/min}}, while the transport maximum is {{c2::375mg/min}} [cite: 18]. | This high threshold prevents glucose loss unless plasma levels are extremely high.
{{c1::Autoregulation}} of glomerular pressure is controlled by the vasodilation or vasoconstriction of the {{c2::afferent and efferent}} arterioles [cite: 19, 20]. | This maintains a stable GFR despite systemic blood pressure changes.
If the Glomerular Filtration Rate (GFR) is too {{c1::high}}, reabsorption becomes {{c2::inadequate}}, leading to the loss of substances in urine [cite: 21]. | High flow rates prevent transporters from capturing all filtered solutes.
If the Glomerular Filtration Rate (GFR) is too {{c1::low}}, there is {{c2::too much}} reabsorption, which prevents the excretion of wastes [cite: 22]. | Slow flow allows waste products to be pulled back into the bloodstream.
It is important to note that while GFR is stable, {{c1::urine flow}} is NOT autoregulated [cite: 23]. | Urine output remains highly sensitive to the body's hydration and pressure status.
The {{c1::myogenic mechanism}} of autoregulation refers to the reaction of the {{c2::vascular wall}} to pressure [cite: 25, 26]. | It is an intrinsic response of smooth muscle to stretching.
During the myogenic response, stretch receptors activate via {{c1::calcium efflux}}, which leads to {{c2::constriction}} of the arteriole [cite: 27, 28]. | This constriction limits blood flow to the glomerulus during high pressure.
In tubuloglomerular feedback, the {{c1::macula densa}} senses the flow rate and the amount of {{c2::sodium}} in the tubules [cite: 29, 30]. | These specialized cells act as the sensor for the feedback loop.
The macula densa releases {{c1::adenosine}} to signal the {{c2::constriction}} of afferent arterioles [cite: 31]. | This paracrine signaling decreases GFR when tubular flow is excessive.
{{c1::Renin}} released into the interstitial fluid leads to the constriction of the {{c2::efferent}} arteriole [cite: 32]. | Efferent constriction increases glomerular hydrostatic pressure to maintain GFR.
Increased sodium intake causes sodium to enter the {{c1::ECF (extracellular fluid)}}, which then causes {{c2::ICF (intracellular fluid)}} volume to decrease [cite: 34, 35]. | High ECF osmolarity draws water out of the cells.
Increased sodium levels cause cells to {{c1::shrink}} and lead to an increase in {{c2::plasma volume}} [cite: 35, 36]. | This volume expansion increases the workload on the cardiovascular system.
In renal physiology, sodium levels are directly linked to {{c1::BP (blood pressure)}} [cite: 37]. | Sodium is the primary determinant of extracellular fluid volume.
According to the {{c1::pressure natriuresis}} mechanism, the kidney excretes {{c2::less}} sodium and water if blood pressure drops [cite: 38, 39]. | This conservation of fluid helps to restore systemic blood pressure.
{{c1::Aldosterone}} controls approximately {{c2::2%}} of sodium reabsorption [cite: 41]. | While the percentage is small, it is vital for regulating the final sodium balance.
Aldosterone is secreted from the {{c1::zona glomerulosa}} layer of the {{c2::adrenal glands}} [cite: 42]. | This is the outermost layer of the adrenal cortex.
Aldosterone binds to the {{c1::mineralocorticoid}} receptor located in the {{c2::cytoplasm}} [cite: 43]. | Being a steroid, aldosterone can diffuse across the cell membrane to reach its receptor.
After binding, the aldosterone complex moves to the {{c1::nucleus}} to affect {{c2::gene transcription}} [cite: 44]. | This results in the synthesis of new transport proteins.
Aldosterone increases sodium reabsorption by increasing {{c1::sodium channels}}, the {{c2::basolateral Na/K pump}}, and {{c3::ATP}} production [cite: 45, 46, 47]. | These three factors work together to drive sodium from the lumen to the blood.
{{c1::Addison’s disease}} is a condition characterized by {{c2::low aldosterone}} levels [cite: 49]. | This results in an inability to properly retain sodium.
Patients with Addison's disease often experience {{c1::low BP}}, {{c2::salt cravings}}, and {{c3::muscle weakness}} due to high K+ [cite: 50, 51, 52]. | High potassium (hyperkalemia) disrupts normal muscle and nerve function.
{{c1::Aldosteronism}} is characterized by excess aldosterone, which typically causes {{c2::high BP}} [cite: 53, 54]. | Excess sodium retention leads to fluid volume expansion and hypertension.
Renin is produced by the kidney in response to a drop in {{c1::blood volume}}, {{c2::pressure}}, or {{c3::perfusion}} [cite: 56]. | Renin is the rate-limiting enzyme in the RAAS pathway.
Renin splits {{c1::angiotensinogen}} into {{c2::angiotensin I}} [cite: 57]. | Angiotensinogen is a precursor protein produced by the liver.
{{c1::ACE (Angiotensin-Converting Enzyme)}} converts angiotensin I into the active form, {{c2::angiotensin II}} [cite: 58]. | ACE is found in high concentrations in the pulmonary capillaries.
Angiotensin II acts as a potent {{c1::vasoconstrictor}} and increases the reabsorption of {{c2::water and salt}} [cite: 59, 63]. | It has both immediate vascular and long-term fluid balance effects.
Angiotensin II increases sympathetic activity and stimulates the secretion of {{c1::aldosterone}} and {{c2::ADH}} [cite: 60, 62, 64]. | This coordinates a systemic response to increase blood pressure.
Renin is secreted from the {{c1::juxtaglomerular region}} of the {{c2::afferent}} renal arteriole [cite: 65, 66]. | These cells are specialized smooth muscle cells that monitor pressure.
Renin secretion is stimulated by {{c1::decreased}} renal arterial pressure, which causes {{c2::decreased calcium}} in the cytoplasm [cite: 68, 69]. | This is a 'calcium paradox' where low intracellular calcium triggers secretion.
A {{c1::decrease}} in sodium passing the {{c2::macula densa}} stimulates the release of renin [cite: 70]. | This signals that the body needs to conserve more sodium.
Increased {{c1::sympathetic}} nerve activity activates {{c2::beta (B) receptors}} in the juxtaglomerular cells to increase renin [cite: 71, 72]. | This allows the nervous system to override local renal control during stress."
Fluid osmolarity and water balance,"Fluid Osmolarity and Water Balance
An Instructive Guide on Body Fluid Compartments, Osmoregulation, and the Renal Countercurrent Mechanism
In clinical physiology, maintaining the volume and osmotic concentration of the body fluid compartments is critical for basic cellular integrity and cardiovascular function. The renal system works alongside neural and endocrine pathways to track systemic tonicity and execute water balance adjustments. This article delivers a granular breakdown of how water distributes between fluid spaces, how the hypothalamus coordinates endocrine responses to water excess or deficit, and how the loops of Henle construct the hyperosmotic medullary gradient necessary to form concentrated urine. This document summarizes lecture contents delivered at the Monash School of Medicine.
1. Distribution and Architecture of Body Fluid Compartments
Total Body Water (TBW) in a normal, healthy adult constitutes approximately 60% of total body weight, which equates to roughly 42 liters of fluid in a standard 70 kg individual. This percentage varies dynamically across the lifespan and depends heavily on body composition. Fatty (adipose) tissue is highly hydrophobic and contains only about 10% water, whereas skeletal muscle tissue consists of approximately 75% water. Consequently, individuals with higher adipose tissue fractions exhibit lower relative total body water percentages.
Across physiological development, relative TBW shifts drastically:
• Fetus: Maintains the highest proportion, approaching roughly 90–100% of body mass.
• Baby at Birth: Contains approximately 75–80% water.
• Normal Adult: Averages 60% in males (and typically slightly lower, around 50–55%, in adult females due to a higher physiological proportion of subcutaneous fat tissue).
• Elderly Person: Drops significantly to around 45–50% due to age-related muscle mass decline (sarcopenia) and an increased relative percentage of adipose tissue.
Anatomical Compartmentalization
Total body water is divided into two major functional fluid spaces separated by semi-permeable cell membranes, alongside minor specialized sub-compartments:
1. Intracellular Fluid (ICF) Compartment: Represents all fluid contained enclosed within the plasma membranes of the body's cells. It comprises the vast majority—67% (two-thirds) of total body water, totaling approximately 28 liters.
2. Extracellular Fluid (ECF) Compartment: Represents all fluid situated outside of cell membranes, accounting for the remaining 33% (one-third) of total body water, or roughly 14 liters. The ECF is subdivided into:
    • Interstitial Fluid: The fluid filling the micro-spaces between tissue cells, representing the largest fraction of ECF.
    • Plasma (Intravascular Fluid): The liquid component of blood contained entirely within the systemic vasculature.
    • Lymph: Fluid flowing through lymphatic channels to assist tissue drainage and immune surveillance.
3. Transcellular Fluid Sub-compartment: Accounts for roughly 1 liter of highly specialized fluids separated from the main ECF by both an endothelial and an epithelial cell layer. This includes cerebrospinal fluid (CSF), peritoneal fluid, synovial joint fluid, renal tubular fluid, pericardial fluid, and intraocular fluid.
Solute Profiles and Osmotic Equilibrium
The cell membranes separating the ICF and ECF are highly permeable to water but strictly impermeable to most electrolytes. This selective permeability establishes distinct solute composition profiles:
• ECF Solute Dominance: The primary extracellular cation is Sodium (Na+), which serves as the principal osmotic driver of ECF volume. This is paired with anions like chloride (Cl-) and bicarbonate (HCO3-). Plasma differs from interstitial fluid by containing a significantly higher concentration of proteins (such as albumin), which cannot pass through capillary endothelial walls.
• ICF Solute Dominance: The primary intracellular cation is Potassium (K+), supported by high intracellular protein levels and organic phosphates.
Despite these distinct solute concentrations, the total osmotic pressure is normally completely identical between the ICF and ECF. Water moves rapidly through cell membranes via osmosis to dissolve any transient concentration gradients. Under standard homeostatic baselines, total plasma, interstitial, and intracellular fluid osmolarity is perfectly equalized at approximately 280 to 290 mOsm/liter.
2. Mass Balance of Water Intake, Loss, and Diuresis
To preserve a steady state of 42 liters, the body must match daily water input with daily output. Under normal metabolic and climate baselines, this balance operates at approximately 2500 mL/day:
• Daily Fluid Inputs: Beverages comprise 60% (~1500 mL), solid foods comprise 30% (~750 mL), and aerobic cellular respiration produces metabolic water comprising the final 10% (~250 mL).
• Daily Fluid Outputs: Feces account for 4% (~100 mL), sweat accounts for 8% (~200 mL), insensible water loss evaporating continuously via the skin and lungs accounts for 28% (~700 mL), and the kidneys excrete the remaining 60% via urine (~1500 mL).
Because insensible losses are unregulated and fixed by surface area and ambient climate, the renal organ acts as the primary variable effector of water output. The kidneys vary human urine volumes from a minimal oliguric floor of 0.5 L/day up to a maximum water diuresis of 20 L/day, while manipulating urine osmolarity from 50 mOsm/L up to 1200 mOsm/L.
Water Handling Along the Nephron
Filtration delivers massive water volumes across the glomerulus, which are reabsorbed as follows:
• Proximal Convoluted Tubule (PCT): Reabsorbs roughly 65% of all filtered water via constitutive osmosis down osmotic gradients established by active sodium transport. The epithelium is completely water-permeable.
• Descending Limb of the Loop of Henle: Reabsorbs an additional 10% of filtered water as the filtrate plunges into the hypertonic medulla.
• Ascending Limb of the Loop of Henle: Reabsorbs 0% of filtered water. This segment is completely impermeable to water, but actively exports solutes, making the tubular fluid highly hypotonic (~100 mOsm/L) as it exits the loop.
• Late Distal Tubule & Collecting Duct: Responsible for the remaining ~9% of fine-controlled water reabsorption. Water permeability here is highly variable and depends entirely on Antidiuretic Hormone (ADH), also known as arginine vasopressin.
Physiological Mechanics of Water Excess (Water Diuresis)
Water diuresis refers to a substantial increase in urinary water output with little or no change in total solute excretion. This process removes excess pure water from the body to correct plasma hypo-osmolarity. The systemic response to drinking 1 liter of pure water follows a specific pathway:
Fluid Parameter (Following 1 L Water Ingestion)	Direction of Change
Total Body Water (TBW)	INCREASED
Extracellular Fluid (ECF) / Plasma Volume	INCREASED
Extracellular Fluid (ECF) / Plasma Osmolarity	DECREASED (<290 mOsmol/L)
Intracellular Fluid (ICF) Cell Volume State	SWOLLEN (Water moves into cells via osmosis)

3. The Endocrine Loop of Antidiuretic Hormone (ADH)
Antidiuretic hormone is a nonapeptide hormone synthesized within the cell bodies of magnocellular neurosecretory neurons located in the Supraoptic Nucleus (SON) (and to a lesser degree, the Paraventricular Nucleus (PVN)) of the hypothalamus. Once synthesized, the hormone is bound to neurophysin carrier proteins and transported down long axons through the infundibulum into the Posterior Pituitary Gland (Neurohypophysis), where it is stored within expanded axon terminals known as Herring bodies, awaiting release into the bloodstream.
Hypothalamic Osmoreceptor Sensing
Tracking systemic tonicity depends on specialized hypothalamic osmoreceptors located in structures lacking a fully formed blood-brain barrier, such as the organum vasculosum of the lamina terminalis (OVLT). These osmoreceptors act as cell-volume sensors that respond to changes in plasma osmolarity via specific mechanical profiles:
• State of Water Excess (<290 mOsmol/L): The low solute concentration of the ECF drives an osmotic influx of water into the osmoreceptor cells, causing them to swell. This swelling deactivates stretch-inhibited cation channels, hyperpolarizing the membrane and reducing its baseline electrical firing rate. This commands very little or decreased ADH secretion from the neurohypophysis.
• State of Water Deficit / Dehydration (>290 mOsmol/L): The high solute concentration of the ECF draws water out of the osmoreceptors via osmosis, causing them to shrink. This cell shrinkage mechanically opens ion channels, inducing membrane depolarization, increased action potential generation down the axon, and the release of a large amount of ADH into systemic circulation.
Intracellular Cascade Within Principal Cells
Once circulating ADH reaches the peritubular capillaries of the renal cortex and medulla, it binds specifically to G-protein coupled V2 receptors embedded within the basolateral membrane of principal cells lining the late distal tubules and collecting ducts. This ligand-receptor binding initiates a specific intracellular cascade:
1. The activated heterotrimeric G-protein stimulates the membrane-bound enzyme Adenylate Cyclase (AC).
2. Adenylate cyclase converts adenosine triphosphate (ATP) into cyclic adenosine monophosphate (cAMP), which serves as the principal secondary messenger.
3. Elevated cAMP concentrations activate Protein Kinase A (PKA).
4. PKA phosphorylates specific motor target proteins, triggering the exocytosis of intracellular vesicles containing pre-formed Aquaporin-2 (AQP2) water channels.
5. These AQP2 channels fuse with the luminal (apical) membrane, rapidly increasing its permeability to water. (Meanwhile, the basolateral membrane remains constitutively permeable to water via embedded aquaporin-3 and aquaporin-4 channels, allowing transcellular fluid transit).
Clinical Insight: Nocturnal Enuresis and Circadian Rhythms
In healthy adults, ADH/vasopressin secretion displays a strict circadian rhythm characterized by an intentional increase in release overnight, which minimizes nocturnal urine volume and concentrates urine during sleep. In pediatric patients suffering from primary nocturnal enuresis (bed-wetting), there is often a developmental delay in establishing this nocturnal increase in ADH secretion. Clinically, this deficit can be treated using a nasal spray or oral formulation of desmopressin, a synthetic long-acting ADH analog.

4. The Renal Countercurrent Mechanism and Medullary Gradient
The insertion of luminal aquaporin channels alone is insufficient to recover water; water movement requires an osmotic driving force. The kidney generates this force by establishing a hyperosmotic medullary interstitial gradient that rises from an isotonic baseline of 300 mOsm/L at the corticomedullary junction down to a maximum of 1200 to 1400 mOsm/L in the deepest zones of the renal papilla. Generating, preserving, and exploiting this gradient requires three overlapping physiological structures:
1. Creating the Gradient: The Countercurrent Multiplier (Loop of Henle)
The countercurrent multiplier uses fluid flowing in opposite directions through adjacent parallel limbs to multiply a small local gradient into a massive longitudinal gradient. It operates through specific segmental characteristics:
• Thin Descending Limb: Highly permeable to water via baseline aquaporin-1 channels but entirely impermeable to NaCl and other solutes. As fluid moves down this segment, water is drawn out via osmosis into the hypertonic interstitium, concentrating the tubular fluid to 1200 mOsm/L at the hairpin turn.
• Thick Ascending Limb (TAL): Completely impermeable to water but highly active in solute extraction. It expresses the active NKCC2 co-transporter on its luminal surface, which pumps 1 Na+, 1 K+, and 2 Cl- ions out of the lumen into the medullary interstitium. The active extraction of salt coupled with water retention establishes a single local gradient of ~200 mOsm/L between the lumen and the interstitium. Constant inflow of fresh filtrate multiplies this single effect, locking high salt concentrations deep within the medulla.
2. Maintaining the Gradient: The Countercurrent Exchanger (Vasa Recta)
If the active salt pumped into the medulla were carried away by standard capillaries, the gradient would quickly dissipate. The vasa recta are specialized U-shaped capillaries that run parallel to the loops of Henle. Because of their U-shape, blood flow acts as a passive countercurrent exchanger:
• As blood flows down the descending vasa recta capillaries, it enters increasingly hypertonic zones, causing salt to diffuse passively into the blood and water to move out into the interstitium.
• As blood loops and flows back up the ascending vasa recta, it moves through decreasingly concentrated regions. Salt diffuses back out into the interstitium, while water moves back into the capillaries.
This loop architecture provides nutrient perfusion to the medulla while ensuring the osmotic gradient remains undisturbed.
3. Utilizing the Gradient: The Medullary Collecting Duct
Under the direct influence of ADH, the collecting duct becomes highly permeable to water. As the hypotonic fluid entering the collecting duct flows down into the inner medulla, it is exposed to the surrounding 1200 mOsm/L interstitial gradient. Water moves rapidly out of the lumen via AQP2 channels until the tubular fluid reaches osmotic equilibrium with the tissue. This forms concentrated urine.
Comparative Evolutionary Physiology
The absolute physical length of the loop of Henle determines the maximum concentrating power of an animal's kidney. Desert animals require extreme water conservation adaptations. For example, the kangaroo rat (Dipodomys spectabilis) possesses exceptionally elongated loops of Henle that extend deep into its medulla. This anatomical adaptation multiplies a massive interstitial gradient, allowing it to produce urine with a maximal concentration of 6000 mOsm/L. This allows the animal to survive without drinking liquid water, relying entirely on metabolic water.
5. Pathophysiology and Clinical Correlations
Systemic Response to Acute Dehydration
When water loss exceeds water intake, the body initiates a coordinated homeostatic reflex arc to stabilize volume and osmolarity:
Physiological Sequence of Dehydration	Cellular and Excretory Realities
1. Initial Water Deficit	Total Body Water (TBW) drops, causing directly proportional volume contraction.
2. Tonicity Shift	ECF and plasma osmolarity increases significantly beyond 290 mOsmol/L.
3. Transcellular Fluid Shift	Water exits cells via osmosis down the concentration gradient; ICF volume contracts and cells shrink.
4. Hypothalamic Activation	Osmoreceptors shrink, mechanically opening cation channels and increasing ADH release from the posterior pituitary.
5. Collecting Duct Modification	Circulating ADH binds basolateral V2 receptors, driving cAMP production and inserting AQP2 channels into the apical membrane.
6. Ultimate Urinary Outcome	Water reabsorption maximizes as fluid equilibrates with the 1200 mOsm/L medullary gradient; low volume, highly concentrated urine is excreted.

Clinical Syndromes Disrupting the Medullary Gradient
If the kidney loses its ability to construct or maintain the hyperosmotic medullary interstitial gradient, it loses the capacity to concentrate urine, leading to life-threatening water loss. Two key conditions demonstrate this clinical reality:
• Bartter Syndrome: An autosomal recessive genetic disorder caused by mutations in the genes encoding the ion transport proteins within the Thick Ascending Limb of the loop of Henle (most notably the NKCC2 co-transporter). Because active solute pumping is impaired, the single gradient cannot be established, and the medullary interstitial concentration drops. Affected patients present with a history of maternal polyhydramnios, severe infantile polyuria, polydipsia, vomiting, constipation, salt cravings, and a dangerous tendency for volume depletion and growth retardation.
• Loop Diuretics (e.g., Furosemide / Frusemide): A powerful class of pharmaceutical agents that work by reversibly binding and inhibiting the NKCC2 co-transporters in the TAL. By shifting the medulla toward an isotonic state, loop diuretics eliminate the osmotic driving force required for water recovery in the collecting duct. This induces rapid, high-volume diuresis to manage fluid overload in patients with congestive heart failure, pulmonary edema, or severe hypertension.","The total volume of intracellular fluid (ICF) is approximately {{c1::28L}}, which accounts for {{c2::2/3}} of total body fluid. | Intracellular fluid is the fluid contained within cells, maintaining cell volume and ionic gradients.
The total volume of extracellular fluid (ECF) is approximately {{c1::14L}}, which accounts for {{c2::1/3}} of total body fluid. | Extracellular fluid includes both plasma and interstitial fluid, serving as the immediate environment for cells.
The interstitial fluid and blood plasma are separated by the {{c1::capillary membrane}}. | The capillary membrane allows for the exchange of water and small solutes but restricts large proteins, maintaining oncotic pressure differences.
An osmole is defined as {{c1::1 mole of solute particles}}. | Osmoles measure the number of particles that contribute to the osmotic pressure of a solution, regardless of their molecular weight or charge.
The normal osmolarity of fluids in the human body is approximately {{c1::280mOsm/litre}}. | Tight regulation of this value is crucial for maintaining cellular volume; shifts can cause cells to shrink or swell.
Polyuria is clinically defined as a urine output of {{c1::>2.5L/day}}. | Polyuria can be caused by conditions like diabetes mellitus (osmotic diuresis) or diabetes insipidus (lack of ADH effect).
Oliguria is clinically defined as a urine output of {{c1::<400mL/day}}. | Oliguria indicates severe fluid conservation or renal impairment, where the kidneys fail to excrete sufficient metabolic waste.
Water is notably **not** reabsorbed in the {{c1::ascending loop of Henle}}. | The ascending limb is impermeable to water but actively reabsorbed solutes, rendering the tubular fluid dilute as it moves upward.
Water reabsorption in the distal tubule and collecting duct is physiologically controlled by {{c1::ADH::hormone acronym}}. | Antidiuretic Hormone (ADH), also known as vasopressin, dictates the final water permeability of these segments to regulate urine concentration.
Changes in the amount of water (osmolarity) in the body are detected by specialized receptors called {{c1::osmoreceptors}}. | Osmoreceptors are highly sensitive to changes in extracellular fluid osmolality, shrinking or swelling to alter their firing rate.
Osmoreceptors involved in water balance are primarily located within the {{c1::hypothalamus}} and the {{c2::pituitary gland}}. | This anatomical location allows them to directly influence the synthesis and release of water-regulating hormones.
The specific hypothalamic region associated with water regulation and ADH production mentioned in the notes is the {{c1::paraventricular nucleus}}. | Neurons in the paraventricular (and supraoptic) nuclei synthesize ADH and transport it axonally to the posterior pituitary.
An increased plasma osmolarity causes water to {{c1::leave}} the osmoreceptors, resulting in an {{c2::increased}} firing rate of the axon. | As water leaves via osmosis, the osmoreceptors shrink. This mechanical deformation depolarizes the cell, increasing action potential frequency.
ADH is stored in and secreted from structures called {{c1::Herring bodies}} located in the nerve terminals of the {{c2::posterior pituitary}}. | Herring bodies represent dilated areas of the axon terminals where neurosecretory granules are temporarily stored before release into the blood.
The primary systemic effect of ADH secretion is to {{c1::increase retention of water}} by the kidneys. | By conserving water, ADH lowers plasma osmolarity back toward the normal 280 mOsm/L set point.
ADH exerts its cellular effects by binding specifically to {{c1::Vasopressin}} receptors located in the cells of the {{c2::late distal tubule/collecting duct cells}}. | Binding to these basolateral membrane receptors initiates the intracellular signaling cascade required for water reabsorption.
The binding of ADH to its G-protein coupled receptor directly activates the enzyme {{c1::adenylate cyclase}}. | This enzyme converts ATP into cyclic AMP, initiating the primary second-messenger pathway of vasopressin.
Following the activation of adenylate cyclase by ADH, intracellular levels of {{c1::cAMP}} rise, which subsequently activates {{c2::protein kinase}}. | cAMP acts as a crucial second messenger, propagating the signal downstream to activate specific protein kinases.
Activated protein kinase phosphorylates target proteins into {{c1::phosphoproteins}}, ultimately triggering the insertion of {{c2::aquaporin}} channels into the membrane. | The insertion of these water channels (specifically Aquaporin-2) drastically increases the water permeability of an otherwise impermeable membrane.
An abnormality characterized by an **increased** ADH secretion at night is linked to {{c1::bed wetting::clinical symptom}}. | In normal physiology, ADH increases at night to reduce urine volume. Disruptions or paradoxical responses in this circadian rhythm can contribute to nocturnal enuresis."
Acid/base balance of biological fluids,"Acid-Base Balance of Biological Fluids
A Comprehensive Physiology Guide to Chemical Buffer Systems, Respiratory Compensation, and Renal Acid-Base Regulation
In human physiology, maintaining the extracellular fluid (ECF) pH within the tight homeostatic range of 7.35 to 7.45 is an absolute biological necessity. Deviations beyond these thresholds compromise enzyme function, disrupt cell membrane stability, alter neuromuscular excitability, and can prove fatal. To resist pH variations, the body relies on three sequential regulatory lines of defense: immediate chemical buffering systems, rapid respiratory ventilation shifts, and slow, definitive renal transport modifications. This article provides a comprehensive and granular analysis of these acid-base homeostatic operations, compiled from the clinical lecture materials of the Monash School of Medicine.
1. Sources of Physiological Acids and the First Line of Defense
Normal cellular metabolism continuously introduces hydrogen ions ($	ext{H}^+$) into systemic circulation. These metabolic inputs are classified into two distinct biochemical categories based on their production pathways and elimination routes:
Volatile vs. Non-Volatile Metabolic Acids
Physiological Parameter	Volatile Acid Pathway	Non-Volatile Acid Pathway
Primary Example	Carbonic acid (H2CO3) - the only physiological volatile acid.	Sulfuric, phosphoric, lactic, uric, and ketoacids.
Metabolic Source	Aerobic cellular respiration producing Carbon Dioxide (CO2).	Metabolism of proteins (amino acids), fatty acids, nucleic acids, and anaerobic glycolysis.
Daily Production load	~15,000 mmol / day	70 - 100 mmol / day
Primary Elimination Route	Respiratory system via alveolar ventilation.	Renal system via tubular excretion and bicarbonate synthesis.

The First Line of Defense: Chemical Buffer Systems
When an acid or base is introduced into a biological fluid, the body relies on chemical buffer systems as the immediate, first line of defense. Functioning within fractions of a second, these buffers do not eliminate ions from the body; rather, they act as biochemical sponges that bind or release $	ext{H}^+$ to minimize sudden fluctuations in free hydrogen ion concentrations. A physiological buffer consists of a weak acid ($	ext{HB}$) and its conjugate base ($	ext{B}^-$), operating according to the equilibrium equation:
  HB ⇌ H+ + B-
When excess $	ext{H}^+$ enters the fluid, the conjugate base ($	ext{B}^-$) binds the free ions, shifting the reaction to the left to form the weak acid. Conversely, if pH rises (hydrogen ion concentration drops), the weak acid ($	ext{HB}$) dissociates to release $	ext{H}^+$, shifting the reaction to the right.
The 3 Major Chemical Buffers of Biological Fluids
1. The Bicarbonate Buffer System: The single most important extracellular (ECF) buffer system. It couples carbonic acid ($	ext{H}_2	ext{CO}_3$) as the weak acid with bicarbonate ($	ext{HCO}_3^-$) as the conjugate base. This system is exceptionally powerful because its components are independently regulated by two major organ systems: $	ext{CO}_2$ by the lungs and $	ext{HCO}_3^-$ by the kidneys.
2. The Phosphate Buffer System: Operates via the equilibrium reaction:
  H2PO4- ⇌ H+ + HPO4^2-
Dihydrogen phosphate ($	ext{H}_2	ext{PO}_4^-$) acts as the weak acid, and monohydrogen phosphate ($	ext{HPO}_4^{2-}$) serves as the conjugate base. While its ECF concentration is low, this system is an outstanding intracellular (ICF) buffer and serves as the primary chemical buffer within the renal tubular lumen, where phosphate ions become highly concentrated.
3. The Protein Buffer System: The most abundant buffer system within cells and plasma. Proteins contain amino acids with carboxyl groups ($-	ext{COOH}$) that can dissociate into $-	ext{COO}^- + 	ext{H}^+$ when pH rises, and amino groups ($-	ext{NH}_2$) that can bind free hydrogen ions to form $-	ext{NH}_3^+$ when pH drops. Intracellularly, Hemoglobin serves as an invaluable protein buffer within red blood cells, binding $	ext{H}^+$ ions generated during carbon dioxide transport.
2. The Carbon Dioxide Equilibrium and Respiratory Regulation
The central chemical equation governing respiratory acid-base physiology is the reversible carbon dioxide-carbonic acid-bicarbonate equilibrium cascade, accelerated inside red blood cells by the enzyme carbonic anhydrase:
  CO2 + H2O ⇌ H2CO3 ⇌ H+ + HCO3-
This equation dictates that any change in the partial pressure of carbon dioxide ($	ext{pCO}_2$) in the blood will drive a direct shift in hydrogen ion concentration and pH. If blood $	ext{pCO}_2$ rises, the reaction is forced to the right, increasing $	ext{H}^+$ generation and causing respiratory acidification. If $	ext{pCO}_2$ falls, the reaction shifts to the left, consuming $	ext{H}^+$ and raising blood pH.
The Second Line of Defense: Respiratory Ventilation Control
Operating within minutes, the respiratory system serves as the second line of defense against acid-base disturbances. It adjusts the rate and depth of breathing to eliminate or retain $	ext{CO}_2$. This feedback loop is coordinated by the respiratory centers located within the pons and medulla oblongata of the brainstem, which monitor the chemical composition of blood and cerebrospinal fluid via specialized central and peripheral chemoreceptors:
• Response to Increased Acidity (pH Drop / Hypercapnia): When metabolic processes introduce excess non-volatile acids (e.g., lactic acid) or when $	ext{CO}_2$ accumulates, $	ext{H}^+$-sensitive chemoreceptors send rapid excitatory outputs to the brainstem respiratory centers. The center drives an immediate increase in alveolar ventilation (hyperventilation). This accelerates the expiration of $	ext{CO}_2$ from the lungs, pulling the chemical equilibrium back to the left, consuming excess free hydrogen ions, and returning the blood pH toward the normal range.
• Response to Decreased Acidity (pH Rise / Hypocapnia): Conversely, a drop in $	ext{H}^+$ concentration or low $	ext{pCO}_2$ removes the baseline excitatory drive to the chemoreceptors. This causes a compensatory decrease in ventilation (hypoventilation). Shallowing or slowing of breath retains metabolic $	ext{CO}_2$ within the blood, driving the equilibrium to the right to generate $	ext{H}^+$ ions and lower blood pH back to normal ranges.
Physiological Insight: The Dual Direction of Respiratory Control
This homeostatic system operates in both directions: (1) altered blood acidity acts as a major regulator driving breathing rates, and (2) primary changes in alveolar ventilation will modify blood pH. Consequently, respiratory disease that impairs ventilation can cause systemic acid-base disorders.

3. The Third Line of Defense: Renal Regulation and Core Transport Mechanisms
While chemical buffers act instantly and the lungs adjust volatile $	ext{CO}_2$ levels within minutes, neither can physically eliminate non-volatile metabolic acids from the body. The Renal System serves as the ultimate, third line of defense. Operating over a timeline of hours to days, the kidneys permanently restore acid-base balance through three coordinated tubular processes: reabsorbing 100% of filtered bicarbonate, excreting fixed hydrogen ions via urinary buffers, and synthesizing brand-new bicarbonate ions to replenish systemic buffers.
Mechanism 1: Active Reabsorption of Filtered Bicarbonate
Bicarbonate ions cross the glomerular filtration barrier freely, resulting in a large daily filtered load (~4320 mmol/day) that must be recovered to prevent severe systemic acidosis. Under baseline conditions, the kidneys reabsorb 99.9% of this filtered load, with approximately 80–85% recovered in the proximal convoluted tubule (PCT) and the remaining fraction reclaimed by the thick ascending limb and distal nephron. Crucially, there are no bicarbonate transporters on the luminal membrane of the tubular epithelial cells; therefore, reabsorption requires an indirect chemical conversion cascade:
1. Luminal H+ Secretion: Proximal tubule epithelial cells actively secrete hydrogen ions ($	ext{H}^+$) into the tubular lumen across the apical membrane, primarily via the secondary active Na+/H+ Exchanger (NHE3) and an apical $	ext{H}^+$-ATPase pump.
2. Luminal Carbonic Acid Formation: The secreted $	ext{H}^+$ binds directly to filtered bicarbonate ($	ext{HCO}_3^-$) present within the tubular fluid, forming carbonic acid ($	ext{H}_2	ext{CO}_3$).
3. Enzymatic Dissociation: An isoform of the enzyme bound to the brush border of the luminal membrane—luminal carbonic anhydrase—rapidly dissociates the luminal $	ext{H}_2	ext{CO}_3$ into water ($	ext{H}_2	ext{O}$) and carbon dioxide ($	ext{CO}_2$).
4. Intracellular Diffusion: Because cell membranes are highly permeable to gas but impermeable to ions, the newly formed $	ext{CO}_2$ and $	ext{H}_2	ext{O}$ diffuse passively across the luminal membrane into the epithelial cell cytoplasm.
5. Intracellular Re-conversion: Once inside the cytoplasm, intracellular carbonic anhydrase recombines the $	ext{CO}_2$ and $	ext{H}_2	ext{O}$ to form internal carbonic acid, which rapidly dissociates into $	ext{H}^+$ and a new $	ext{HCO}_3^-$ ion.
6. Basolateral Efflux: The intracellularly generated $	ext{HCO}_3^-$ exits the cell across the basolateral membrane into the peritubular capillary fluid via specific transport proteins, primarily the Na+/HCO3- Co-transporter (NBCe1) or a $	ext{Cl}^-/	ext{HCO}_3^-$ exchanger (AE1). Meanwhile, the remaining $	ext{H}^+$ ion is recycled back across the luminal membrane via NHE3 to drive the next cycle.
Mechanism 2: Excretion of Fixed Hydrogen Ions via Urinary Buffers
To eliminate the 70–100 mmol of non-volatile metabolic acids produced daily, the kidney must secrete these $	ext{H}^+$ ions into the urine. However, the human kidney cannot excrete these ions as free hydrogen ions in solution; creating a urine pH lower than the biological limit of 4.5 would require an unphysiological concentration gradient that would destroy the tubular epithelium. Therefore, secreted $	ext{H}^+$ must be chemically bound to urinary buffers within the tubular lumen. This process is executed predominantly by the Intercalated Cells of the collecting duct and relies on two primary buffer pathways:
1. The Titratable Acid Pathway (Phosphate Buffer)
As filtered fluid passes down the nephron segments, water reabsorption concentrates monohydrogen phosphate ($	ext{HPO}_4^{2-}$) within the distal lumen. When type A intercalated cells actively pump $	ext{H}^+$ into the late distal lumen via apical H+-ATPase and H+/K+-ATPase pumps, these secreted ions bind to the concentrated phosphate, transforming it into dihydrogen phosphate ($	ext{H}_2	ext{PO}_4^-$):
  H+ + HPO4^2- → H2PO4-
Because $	ext{H}_2	ext{PO}_4^-$ is an ion that cannot diffuse back across cell membranes, it remains locked within the lumen and is excreted in the urine. This chemical fraction is measured clinically as titratable acidity. Crucially, for every $	ext{H}^+$ ion bound to phosphate and excreted, an intracellular $	ext{HCO}_3^-$ ion is generated and transported across the basolateral membrane, representing a net gain of bicarbonate to the body.
2. The Ammonium Excretion Pathway (Glutamine Metabolism)
When the body experiences severe, chronic metabolic acidosis, the available phosphate buffer load becomes completely saturated. To adapt, the kidneys dramatically upregulate a highly dynamic buffer pathway: renal ammoniagenesis. This pathway occurs via a complex transport loop:
• Epithelial Glutamine Uptake: Proximal tubule cells import the amino acid glutamine from both the peritubular capillaries and the filtered luminal fluid.
• Intracellular Metabolism: Inside the mitochondria, glutamine is metabolized to generate two ammonium ions (NH4+) and two new bicarbonate ions (HCO3-). This intracellularly generated $	ext{HCO}_3^-$ is transported across the basolateral membrane into the blood to replenish systemic buffer reserves.
• Secretion and Interstitial Accumulation: The generated $	ext{NH}_4^+$ ions are secreted into the proximal lumen (substituting for $	ext{H}^+$ on the NHE3 exchanger). As fluid flows through the loop of Henle, these ions are reabsorbed into the medullary interstitium, creating a concentrated medullary pool of ammonium/ammonia ($	ext{NH}_4^+/	ext{NH}_3$).
• Diffusion Trapping in the Collecting Duct: In the medullary collecting duct, lipid-soluble ammonia gas ($	ext{NH}_3$) diffuses passively out of the interstitium across the epithelial wall into the tubular lumen. Simultaneously, Type A intercalated cells use active apical $	ext{H}^+$-ATPase pumps to secrete $	ext{H}^+$ ions into the lumen. Once inside the lumen, the secreted $	ext{H}^+$ immediately binds to the $	ext{NH}_3$ gas, converting it back into an ammonium ion ($	ext{NH}_4^+$):
  H+ + NH3 → NH4+
Because the charged $	ext{NH}_4^+$ ion is completely lipid-insoluble, it cannot diffuse back out across the epithelial cell wall. It becomes permanently trapped inside the collecting duct lumen and is excreted in the urine. This elegant physiological process is termed diffusion trapping.
4. Diagnostic Framework for Clinical Acid-Base Disorders
Clinical acid-base disturbances are split into four primary conditions based on their originating cause and physiological profiles. Evaluating a patient's acid-base status requires a systematic interpretation of arterial blood gas (ABG) values, tracking the relationship between pH, $	ext{pCO}_2$, and $	ext{HCO}_3^-$:
Acid-Base Disturbance	Primary pH Shift	Primary Initiating Alteration	Secondary Compensatory Response
Respiratory Acidosis	DECREASED (<7.35)	ELEVATED pCO2 (>45 mmHg)
Due to alveolar hypoventilation.	RENAL COMPENSATION:
Increased H+ excretion and increased new HCO3- synthesis.
Respiratory Alkalosis	INCREASED (>7.45)	DECREASED pCO2 (<35 mmHg)
Due to alveolar hyperventilation.	RENAL COMPENSATION:
Decreased H+ secretion and increased urinary HCO3- wasting.
Metabolic Acidosis	DECREASED (<7.35)	DECREASED HCO3- (<22 mmol/L)
Due to acid gain or HCO3- loss.	RESPIRATORY COMPENSATION:
Hyperventilation to blow off CO2 (decreases pCO2).
Metabolic Alkalosis	INCREASED (>7.45)	ELEVATED HCO3- (>26 mmol/L)
Due to H+ loss or HCO3- gain.	RESPIRATORY COMPENSATION:
Hypoventilation to retain CO2 (elevates pCO2).

Comprehensive Analysis of the 4 Primary Disturbances
1. Respiratory Acidosis
• Primary Etiology: Caused by any condition that impairs alveolar ventilation, leading to the pathological retention of carbon dioxide (hypercapnia, $	ext{pCO}_2 > 45	ext{ mmHg}$). Common clinical causes include chronic obstructive pulmonary disease (COPD), severe acute asthma, pulmonary edema, or suppression of the brainstem respiratory center via opioid overdose.
• Compensatory Mechanism: Because the respiratory system is the source of the primary defect, compensation depends entirely on the kidneys. Over a timeline of 24–72 hours, the kidneys upregulate NHE3 and apical $	ext{H}^+$-ATPase pumps to maximize hydrogen ion excretion, while accelerating glutamine metabolism to synthesize brand-new $	ext{HCO}_3^-$ ions, driving plasma bicarbonate levels upward to pull systemic pH back toward a normal range.
2. Respiratory Alkalosis
• Primary Etiology: Triggered by pathological hyperventilation, which drives an excessive clearing of carbon dioxide from the pulmonary vasculature (hypocapnia, $	ext{pCO}_2 < 35	ext{ mmHg}$). This can be induced by acute severe anxiety/panic attacks, high-altitude hypoxia stimulating peripheral chemoreceptors, mechanical over-ventilation in an intensive care setting, or early salicylate (aspirin) toxicity directly stimulating the medulla.
• Compensatory Mechanism: The renal system compensates by reducing apical $	ext{H}^+$ secretion. Additionally, specialized Type B intercalated cells within the collecting duct downregulate apical pumps and express a basolateral $	ext{H}^+$-ATPase coupled with an apical $	ext{Cl}^-/	ext{HCO}_3^-$ exchanger (pendrin). This active transport profile wastes bicarbonate in the urine, lowering plasma $	ext{HCO}_3^-$ concentrations to normalize systemic pH.
3. Metabolic Acidosis
• Primary Etiology: Characterized by a primary drop in plasma bicarbonate ($	ext{HCO}_3^- < 22	ext{ mmol/L}$). This stems from either the excessive accumulation of non-volatile metabolic acids (such as fixed ketoacids in diabetic ketoacidosis, lactic acid in severe tissue hypoperfusion/shock, or salicylic acid in aspirin toxicity) or from the physical loss of base (such as severe, chronic diarrhea where large volumes of bicarbonate-rich pancreatic and intestinal secretions are wasted).
• Compensatory Mechanism: The drop in blood pH immediately deactivates central and peripheral chemoreceptors, stimulating the brainstem to induce rapid, deep hyperventilation (classically presenting clinically as Kussmaul respirations). Blowing off volatile $	ext{CO}_2$ drives down blood $	ext{pCO}_2$ levels, successfully shifting the carbon dioxide equilibrium back to the left to consume excess free hydrogen ions and minimize the pH drop.
4. Metabolic Alkalosis
• Primary Etiology: Characterized by a primary elevation in plasma bicarbonate ($	ext{HCO}_3^- > 26	ext{ mmol/L}$). This is typically caused by the profound loss of fixed metabolic hydrogen ions from the body (such as severe, prolonged vomiting or gastric suctioning where high-volume, hydrochloric acid-rich stomach contents are lost) or from the pathological over-retention of bicarbonate.
• Compensatory Mechanism: The elevated pH reduces cheoreceptor stimulation, triggering a compensatory slowing and shallowing of breath (hypoventilation). Retaining volatile carbon dioxide drives blood $	ext{pCO}_2$ levels upward, forcing the equilibrium cascade to the right to generate free hydrogen ions, returning systemic pH toward a normal baseline.
Summary of Clinical Compensation Rules:
• If the primary disorder is RESPIRATORY, compensation is executed solely by the RENAL system (altering HCO3- levels over 24-72 hours).
• If the primary disorder is METABOLIC, compensation is executed swiftly by the RESPIRATORY system (altering pCO2 levels within minutes).

Review Questions for Self-Assessment
To master this core physiological material for professional medical examinations, ensure you can thoroughly explain the following clinical and cellular scenarios:
1. Differentiate between volatile and non-volatile metabolic acids regarding their cellular production pathways and daily quantitative production loads.
2. Trace the exact step-by-step chemical and transport sequence through which a filtered bicarbonate ion is indirectly reabsorbed in the proximal convoluted tubule.
3. Explain the cellular mechanism of 'diffusion trapping' in the medullary collecting duct, specifying the amino acid substrate and the role of intercalated cell pumps.
4. A patient presents with an arterial blood gas showing a pH of 7.21, a pCO2 of 28 mmHg, and a bicarbonate of 14 mmol/L. Identify the primary acid-base disorder, deduce the initiating cause, and explain the physical mechanism behind the altered breathing pattern.",
Renal handling of bicarbonate,"Bicarbonate Handling by the Kidney
An Intensive Study Guide on Renal Tubular Reabsorption, Ammoniagenesis, and Intercalated Cell Fine-Tuning Mechanisms
While the pulmonary system offers a rapid method for adjusting systemic carbon dioxide levels, long-term acid-base stabilization requires the direct transport functions of the renal tubules. The kidneys maintain metabolic homeostasis through two primary objectives: recovering nearly 100% of the massive load of filtered bicarbonate ($	ext{HCO}_3^-$) to protect the body's primary extracellular buffer reserve, and excreting hydrogen ions ($	ext{H}^+$) to generate brand-new bicarbonate molecules. This guide delivers a structured breakdown of the transport mechanisms, localized cellular pathways, and hormonal signaling cascades that control renal acid-base handling, matching the curriculum of the Monash School of Medicine.
1. Quantitative Distribution of Bicarbonate Reabsorption
Bicarbonate ions flow unimpeded across the glomerular filtration barrier into Bowman's space. Under normal physiological conditions, the kidney ensures that practically none of this crucial base is lost in the urine, reabsorbing ~99.9% of the filtered bicarbonate load. This high-capacity recovery process is partitioned into specific anatomical zones along the nephron:
• Proximal Convoluted Tubule (PCT): Handles the vast majority of the workload, reclaiming approximately 80% of filtered bicarbonate.
• Thick Ascending Limb (TAL) of the Loop of Henle: Accounts for approximately 10% of bicarbonate reabsorption.
• Late Distal Tubule and Collecting Duct: Reclaims the final remaining 10% of bicarbonate, functioning as the primary site for fine-tuning systemic pH in response to acute acid-base imbalances.
The Indirect Transport Cascade in the Proximal Tubule
Because the luminal membrane of proximal tubule epithelial cells is completely impermeable to ionic bicarbonate, direct reabsorption cannot occur. Instead, recovery depends on a coordinated chemical conversion cascade driven by sodium gradients and carbonic anhydrase enzymes:
1. Secretion of Hydrogen Ions: The basolateral $	ext{Na}^+/	ext{K}^+$-ATPase pump expels sodium ions from the cell, establishing a steep intracellular sodium deficit. This inward gradient drives the secondary active Na+/H+ Exchanger (NHE3) on the luminal membrane, which pumps $	ext{H}^+$ ions out of the cytoplasm into the tubular filtrate in exchange for luminal sodium.
2. Extracellular Buffering and Carbonic Acid Formation: The secreted $	ext{H}^+$ ion binds directly to a filtered bicarbonate ion ($	ext{HCO}_3^-$) in the lumen, generating carbonic acid ($	ext{H}_2	ext{CO}_3$).
3. Brush-Border Enzymatic Cleavage: The localized enzyme luminal carbonic anhydrase acts on the newly formed luminal $	ext{H}_2	ext{CO}_3$, splitting it into water ($	ext{H}_2	ext{O}$) and carbon dioxide ($	ext{CO}_2$). These uncharged molecules diffuse passively across the lipid bilayer into the cell.
4. Cytoplasmic Re-association: Once inside the epithelial cytoplasm, intracellular carbonic anhydrase recombines the dissolved $	ext{CO}_2$ gas and $	ext{H}_2	ext{O}$ back into carbonic acid, which rapidly dissociates into intracellular $	ext{H}^+$ and a new $	ext{HCO}_3^-$ ion.
5. Basolateral Efflux: The regenerated $	ext{HCO}_3^-$ ion is transported out of the cell across the basolateral membrane into the peritubular capillaries, primarily via a electrogenic Na+/HCO3- Co-transporter (NBCe1). This delivers a net bicarbonate molecule back into systemic circulation, while the remaining intracellular $	ext{H}^+$ ion is recycled back to the luminal membrane via NHE3 to sustain the loop.
2. Glutamine Metabolism, Ammoniagenesis, and Hydrogen Trapping
Reabsorbing filtered bicarbonate prevents systemic acidosis from worsening, but it cannot replace the bicarbonate molecules consumed while buffering daily non-volatile metabolic acids. To add new base to the ECF, the proximal tubule metabolizes the amino acid glutamine. This pathway is highly dynamic and increases its activity significantly during chronic metabolic acidosis.
The Molecular Mechanics of Ammoniagenesis
Proximal tubule epithelial cells import glutamine from both the systemic blood supply and the filtered luminal fluid. Once inside the mitochondrial matrix, glutamine undergoes enzymatic deamination and deamidation, yielding a specific stoichiometry of products:
  Glutamine → 2 Ammonium ions (NH4+) + 2 New Bicarbonate ions (HCO3-)
The two 'new' bicarbonate ions are transported across the basolateral membrane via the NBCe1 co-transporter, representing a net gain of base to systemic circulation. Meanwhile, the two ammonium ions (NH4+) are handled through a unique transport loop across different sections of the nephron:
• Proximal Luminal Secretion: Because $	ext{NH}_4^+$ shares structural similarities with hydrogen, it is secreted into the proximal tubule lumen by substituting for $	ext{H}^+$ on the apical Na+/H+ exchanger (NHE3).
• Medullary Interstitial Concentration: As the ammonium travels down the loop of Henle, the thick ascending limb reabsorbs it by substituting for potassium on the luminal $	ext{NKCC2}$ transporter. This traps ammonium inside the tissue, establishing a steep, hyperosmotic interstitial ammonia gradient that peaks deep within the inner medulla.
Diffusion Trapping in the Collecting Duct
The concentrated medullary pool of ammonium/ammonia ($	ext{NH}_4^+/	ext{NH}_3$) is used to eliminate hydrogen ions in the collecting duct. Because the collecting duct wall is impermeable to charged ammonium ions ($	ext{NH}_4^+$) but highly permeable to uncharged, lipid-soluble ammonia gas ($	ext{NH}_3$), excretion relies on diffusion trapping:
1. Ammonia gas ($	ext{NH}_3$) leaves the concentrated medullary interstitium and diffuses passively down its partial pressure gradient across the epithelial wall into the collecting duct lumen.
2. Simultaneously, specialized intercalated cells use active transport pumps to pump $	ext{H}^+$ ions into the lumen.
3. The moment the secreted $	ext{H}^+$ meets the $	ext{NH}_3$ gas inside the lumen, they combine to form an ammonium ion:
  H+ + NH3 → NH4+
4. Because the charged ammonium ion ($	ext{NH}_4^+$) cannot diffuse back across the lipid membranes of the collecting duct cells, it becomes permanently trapped within the lumen. It binds with chloride to form ammonium chloride (NH4Cl) and is excreted in the urine.
Clinical Pharmacology: Urinary Secretion vs. Reabsorption of Weak Bases
The principle of diffusion trapping is a fundamental concept in clinical toxicology. Uncharged forms of weak acids or weak bases cross cell lipid bilayers easily, whereas their charged, ionized forms remain locked within the tubular lumen. Manipulating urine pH can trap specific toxins within the filtrate to accelerate their clearance. For example,alkalinizing the urine with systemic sodium bicarbonate traps weak acids like aspirin (salicylates) in their ionized form, preventing reabsorption and accelerating renal clearance.

3. Fine-Tuning pH via Alpha and Beta Intercalated Cells
The final regulation of urinary pH occurs in the late distal tubule and collecting duct. This site contains specialized epithelial cells that adjust their transport profiles to handle systemic acid-base imbalances: Alpha (α) intercalated cells and Beta (β) intercalated cells
Cellular Architecture and Transport Profiles
Physiological Attribute	Alpha (α) Intercalated Cells	Beta (β) Intercalated Cells
Primary Indication	Activated during systemic ACIDOSIS.	Activated during systemic ALKALOSIS.
Luminal (Apical) Membrane	Expresses active H+-ATPase pumps and H+/K+-ATPase antiporters.	Expresses Pendrin (a Cl-/HCO3- anion exchanger).
Basolateral Membrane	Expresses AE1 anion exchangers (Cl-/HCO3-).	Expresses active H+-ATPase pumps.
Net Physiological Effect	Secretes H+ into the filtrate; reabsorbs 'new' HCO3- into the blood.	Secretes HCO3- into the filtrate; reabsorbs H+ into the blood.

Alpha Intercalated Cells: Response to Acidosis
During systemic acidosis, alpha intercalated cells upregulate their transport pathways to eliminate excess protons. Intracellular carbonic anhydrase combines metabolic $	ext{CO}_2$ and $	ext{H}_2	ext{O}$ to generate internal $	ext{H}^+$ and $	ext{HCO}_3^-$. The protons are pumped across the apical membrane into the lumen via the active H+-ATPase pump or the H+/K+-ATPase antiporter (which reabsorbs potassium ions in exchange for hydrogen). The intracellularly generated bicarbonate molecule exits across the basolateral membrane via the AE1 exchanger to replenish systemic blood buffer pools.
Beta Intercalated Cells: Response to Alkalosis
During systemic alkalosis, the body must excrete excess base. Beta intercalated cells reverse the traditional transport polarity. They use basolateral $	ext{H}^+$-ATPase pumps to send generated hydrogen ions back into the blood, while using an apical Pendrin exchanger (Cl-/HCO3-) to secrete bicarbonate directly into the urine. This reduces plasma bicarbonate levels and corrects systemic alkalosis.
4. Phosphate Buffering in the Collecting Duct Lumen
While alpha intercalated cells actively secrete hydrogen ions into the collecting duct lumen, they cannot dramatically alter the free proton concentration without reaching a limiting urine pH of 4.5. To sustain active secretion, the excreted protons must bind to luminal chemical buffers. Alongside the ammonium pathway, the kidney relies on the phosphate buffer system.
As fluid travels through the nephron, water reabsorption concentrates filtered monohydrogen phosphate ($	ext{HPO}_4^{2-}$) within the distal lumen. When alpha intercalated cells pump $	ext{H}^+$ into the filtrate, these ions bind directly to the phosphate carrier:
  HPO4^2- + H+ → H2PO4-
This reaction forms dihydrogen phosphate ($	ext{H}_2	ext{PO}_4^-$), which is trapped within the lumen due to its negative charge and excreted in the urine. This chemical fraction is measured as titratable acidity. For every hydrogen ion bound to phosphate and excreted, a 'new' bicarbonate molecule is generated inside the cell and transported across the basolateral membrane via the AE1 exchanger, providing a net gain of base to the body.
5. Neurohormonal Cascades and Physiological Modulators
Renal bicarbonate handling and hydrogen transport are regulated by systemic volume status and neurohormonal feedback cascades. Two main endocrine pathways modulate these mechanisms:
• Angiotensin II (AngII): Upregulated during hypovolemia, hypotension, or low sodium delivery. AngII binds to receptors on proximal tubule epithelial cells and enhances the activity of the apical Na+/H+ Exchanger (NHE3). By accelerating luminal hydrogen secretion, AngII increases indirect bicarbonate reabsorption in the proximal tubule. This explains why states of volume depletion can cause or sustain contraction alkalosis.
• Aldosterone: Secreted by the adrenal cortex in response to hyperkalemia or AngII activation. Aldosterone acts on principal cells to increase sodium reabsorption and potassium wasting, and binds to Type A intercalated cells to upregulate the apical H+-ATPase pump and H+/K+-ATPase antiporter. This increases urinary proton excretion and generates new bicarbonate, explaining why primary hyperaldosteronism is linked with systemic metabolic alkalosis.
Summary of Homeostatic Compensations:
• Systemic Acidosis triggers upregulations in proximal glutamine metabolism (ammoniagenesis), increases NHE3 activity, and activates Alpha intercalated cell proton pumps to maximize new bicarbonate synthesis.
• Systemic Alkalosis suppresses these mechanisms and activates Beta intercalated cell pendrin exchangers to waste bicarbonate in the urine.

Review Questions for Self-Assessment
To master this core physiological material for professional medical examinations, ensure you can thoroughly explain the following clinical and cellular scenarios:
1. Explain why the proximal convoluted tubule requires an indirect chemical conversion cascade involving luminal and intracellular carbonic anhydrase to reabsorb filtered bicarbonate.
2. Outline the stoichiometry of glutamine metabolism in proximal cells, and trace the path of ammonium from secretion to diffusion trapping in the collecting duct.
3. Contrast the transport profiles and membrane polarity of Alpha and Beta intercalated cells, specifying their active roles in systemic acidosis versus alkalosis.
4. Describe how Angiotensin II and Aldosterone modulate renal hydrogen secretion and bicarbonate reabsorption, and explain why severe dehydration can lead to metabolic alkalosis.",
Introduction to the pharmacology of hypertension,"Introduction to the Pharmacology of Hypertension
A Comprehensive Guide to Hemodynamic Determinants, First-Line Antihypertensive Classes, and Niche Vasoactive Therapies
Hypertension (HTN) represents the single most significant modifiable risk factor for global cardiovascular morbidity and mortality, driving the pathogenesis of stroke, myocardial infarction, heart failure, and chronic kidney disease. Managing hypertension requires an understanding of systemic hemodynamic equations and the compensatory cardiovascular reflexes that control perfusion. This article delivers a granular, complete physiological and pharmacological review of antihypertensive strategies, mechanisms of drug action, and patient-specific selection criteria, matching the medical curriculum at Monash University.
1. Hemodynamic Determinants and Pathophysiological Classification
Systemic arterial blood pressure (BP) is determined by the fundamental physiological equation:
  Mean Arterial Pressure (MAP) = Cardiac Output (CO) x Total Peripheral Resistance (TPR)
Cardiac Output is further governed by the product of Heart Rate (HR) and Stroke Volume (SV) (CO = HR x SV). Stroke volume is directly modulated by myocardial contractility, venous return, and total circulating blood volume. Total Peripheral Resistance reflects the collective anatomical caliber and operational tone of the systemic resistance arterioles, which are tightly regulated by local vasoactive factors, the sympathetic nervous system (SNS), and the renin-angiotensin-aldosterone system (RAAS). Chronic hypertension arises when pathophysiological mechanisms permanently elevate CO, TPR, or both.
Clinical Classifications of Hypertension
Clinically, hypertension is classified into two distinct forms based on its underlying cause:
• Essential (Primary) Hypertension: Accounts for approximately 90-95% of all clinical cases. It has no single, identifiable cause. Instead, it is a multi-factorial condition arising from complex interactions between genetic predispositions and environmental influences (such as high dietary sodium intake, sedentary lifestyle, obesity, chronic stress, excessive alcohol consumption, and advancing age).
• Secondary Hypertension: Accounts for the remaining 5-10% of presentations. It is caused by an identifiable, distinct underlying anatomical or medical condition. Crucially, secondary hypertension should be suspected in patients presenting with abrupt-onset or severe hypertension, resistance to multi-drug therapy, or presentation before the age of 30. Common secondary causes include renal artery stenosis (driving hyper-activation of the RAAS), chronic kidney disease (causing fluid retention), primary hyperaldosteronism (Conn's syndrome), pheochromocytoma (a catecholamine-secreting tumor of the adrenal medulla), and coarctation of the aorta.
2. Non-Pharmacological Case Management and Lifestyle Interventions
Before starting lifelong medication for grade 1 or mild essential hypertension, or as an adjunct to ongoing drug therapy, lifestyle changes should be pursued. These non-pharmacological interventions lower blood pressure by modifying underlying hemodynamic parameters:
1. Dietary Sodium Restriction: Reducing sodium chloride intake to less than 5 grams per day reduces extracellular fluid volume. This lowers blood volume and venous return, reducing stroke volume and cardiac output.
2. Weight Reduction and Aerobic Exercise: Achieving a healthy body mass index (BMI) and regular physical activity reduces baseline sympathetic nervous system tone and downregulates circulating catecholamine levels, lowering resting heart rate and total peripheral resistance.
3. Moderating Alcohol Consumption: Limiting daily alcohol intake reduces its stimulatory effects on the central nervous system, central sympathetic outflow, and the RAAS axis.
4. Smoking Cessation: While smoking cessation does not permanently lower baseline blood pressure, nicotine causes acute spikes in blood pressure via sympathetic activation. Quitting smoking is crucial because it significantly reduces a patient's overall cardiovascular risk profile.
3. The Classical 'ABCD' Antihypertensive Framework
The core pharmacological management of systemic hypertension relies on the established ABCD drug class framework. Each class targets distinct nodes of cardiovascular control to reduce cardiac output or total peripheral resistance:
Comprehensive Analysis of First-Line Drug Classes
Drug Class (ABCD)	Primary Mechanism of Action	Hemodynamic Impact	Key Adverse Effects & Contraindications
A: ACE Inhibitors & ARBs
(e.g., Ramipril, Losartan)	ACE inhibitors block conversion of AngI to AngII. ARBs block AT1 receptors. Both inhibit AngII actions.	Decreases TPR (via vasodilation) and decreases SV (via reduced aldosterone sodium retention).	ACEI cause dry cough & angioedema (due to bradykinin). Hyperkalemia. Strictly CONTRAINDICATED in pregnancy.
B: Beta-Blockers
(e.g., Metoprolol, Atenolol)	Competitively block cardiac beta-1 adrenergic receptors, reducing sympathetic drives.	Decreases CO by lowering Heart Rate (negative chronotropy) and contractility (negative inotropy). Inhibits renin.	Bradycardia, fatigue, bronchospasm (contraindicated in severe asthma), masked hypoglycemia in diabetic patients.
C: Calcium Channel Blockers
(e.g., Amlodipine, Verapamil)	Block L-type voltage-gated calcium channels in vascular smooth muscle (DHP) or myocardium (Non-DHP).	DHPs (Amlodipine) decrease TPR via smooth muscle vasodilation. Non-DHPs lower CO (HR and contractility).	DHPs cause peripheral ankle edema, flushing, headache. Non-DHPs can cause severe bradycardia, AV block, and constipation.
D: Diuretics
(e.g., Hydrochlorothiazide, Indapamide)	Thiazides inhibit the Na+/Cl- cotransporter in the early distal convoluted tubule.	Initially decreases CO via urinary volume depletion. Long-term use lowers TPR via vascular smoothing.	Hypokalemia, hyponatremia, hyperuricemia (can precipitate gout flare-ups), hyperglycemia.

Molecular Breakdown of First-Line Therapeutics
Angiotensin-Converting Enzyme (ACE) Inhibitors and Angiotensin Receptor Blockers (ARBs)
ACE Inhibitors (e.g., ramipril, lisinopril, enalapril) act by binding and inhibiting the endothelial enzyme responsible for converting inactive angiotensin I into the potent vasoconstrictor angiotensin II. By downregulating circulating AngII levels, these agents prevent systemic vasoconstriction and reduce downstream aldosterone secretion from the adrenal cortex. ARBs (e.g., losartan, candesartan, irbesartan) directly block the Angiotensin II Type 1 (AT1) receptor, achieving similar hemodynamic effects without altering bradykinin levels. Both drug classes are excellent first-line choices for hypertensive patients with concurrent diabetes mellitus or chronic kidney disease due to their documented nephroprotective properties.
Beta-Adrenergic Receptor Antagonists (Beta-Blockers)
Beta-blockers are classified into non-selective agents (e.g., propranolol, which block both beta-1 and beta-2 receptors) and cardioselective agents (e.g., metoprolol, atenolol, nebivolol, which selectively target beta-1 receptors). Blocking cardiac beta-1 receptors suppresses adenylyl cyclase activity and intracellular cAMP production, reducing heart rate and myocardial contractility. Additionally, beta-1 blockade on the renal granular cells suppresses renin secretion, downregulating the RAAS cascade. While no longer considered first-line therapy for uncomplicated primary hypertension, they are indicated in patients with coexisting coronary artery disease, tachyarrhythmias, post-myocardial infarction management, or chronic heart failure.
Calcium Channel Blockers (CCBs)
CCBs inhibit the influx of extracellular calcium through L-type voltage-gated calcium channels during membrane depolarization. They are divided into two distinct chemical and functional categories:
• Dihydropyridines (e.g., amlodipine, nifedipine, felodipine): Exhibit high selectivity for vascular smooth muscle over myocardial tissues. By binding to L-type channels in the tunica media of resistance arterioles, they inhibit calcium-calmodulin complexes and myosin light-chain kinase activation, inducing profound systemic arteriole vasodilation and reducing TPR.
• Non-Dihydropyridines (e.g., verapamil, diltiazem): Exhibit high selectivity for the myocardium and cardiac conduction structures (SA and AV nodes). They decrease heart rate and contractility, lowering blood pressure by reducing cardiac output. Verapamil must never be co-prescribed with beta-blockers due to the risk of inducing severe bradycardia, profound negative inotropy, or complete heart block.
Thiazide and Thiazide-Like Diuretics
Thiazide diuretics (e.g., hydrochlorothiazide) and thiazide-like diuretics (e.g., indapamide, chlorthalidone) bind and inhibit the Na+/Cl- cotransporter (NCCT) embedded within the luminal membrane of epithelial cells in the early distal convoluted tubule. By blocking the reabsorption of sodium and chloride, these drugs promote natriuresis and chloruresis. The osmotic retention of water within the lumen increases urine output, initially reducing extracellular fluid volume and cardiac output. Over long-term administration, plasma volume partially normalizes, but blood pressure remains controlled because a continuous reduction in intracellular sodium in vascular smooth muscle cells downregulates their reactivity to endogenous vasoconstrictors, leading to long-term vasodilation and a sustained drop in TPR.
4. Advanced Pharmacology: Niche and Secondary Antihypertensive Classes
When first-line therapies fail to control blood pressure, or when managing hypertensive emergencies, advanced, niche, or secondary categories of antihypertensive agents are utilized:
Centrally Acting Alpha-2 Adrenergic Agonists
Drugs such as Clonidine and Methyldopa cross the blood-brain barrier to stimulate presynaptic alpha-2 adrenergic receptors within the cardiovascular control centers of the medulla oblongata. Activating these presynaptic auto-receptors initiates a negative feedback mechanism that suppresses the central outflow of sympathetic norepinephrine. This reduces sympathetic drive to the heart and systemic vasculature, lowering heart rate, stroke volume, and total peripheral resistance. Methyldopa is a first-line drug for managing pregnancy-induced hypertension (preeclampsia) due to its documented safety profile for the fetus. Clonidine is used for resistant cases but cannot be stopped abruptly; sudden withdrawal can trigger a severe hypertensive crisis due to a rebound surge in catecholamine release.
Vasodilators and Ion Channel Openers
• Potassium (K+) Channel Openers (e.g., Minoxidil, Cromakalim): These agents act directly on vascular smooth muscle cells to open ATP-sensitive potassium channels. The resulting efflux of potassium ions hyperpolarizes the sarcolemma, preventing voltage-gated calcium channels from opening. This induces profound relaxation of resistance arterioles, significantly dropping TPR. Minoxidil is reserved for refractory, multi-drug resistant hypertension and can cause hypertrichosis (abnormal hair growth) as a side effect.
• Sodium Nitroprusside: An intravenous, rapid-acting vasodilator used exclusively in intensive care settings for hypertensive emergencies (e.g., malignant hypertension with acute organ damage). Nitroprusside spontaneously breaks down in the bloodstream to release Nitric Oxide (NO), which activates soluble guanylyl cyclase in vascular smooth muscle cells, increasing intracellular cyclic GMP (cGMP) levels. This drives widespread dilation of both arterioles and veins, immediately lowering preload and afterload. Prolonged infusion requires monitoring to avoid thiocyanate/cyanide toxicity.
Peripheral Alpha-1 Adrenergic Antagonists
Agents like Prazosin selectively block post-synaptic alpha-1 adrenergic receptors on vascular smooth muscle cells. By preventing the binding of endogenous norepinephrine, they block Gq-protein activation and intracellular calcium release, inhibiting vasoconstriction in both arterioles and venules. This reduces blood pressure by lowering TPR. Prazosin is useful in older male patients with concurrent Benign Prostatic Hyperplasia (BPH) because blocking prostatic alpha-1 receptors relaxes smooth muscle in the bladder neck, improving urinary flow. A key adverse effect is the 'first-dose phenomenon,' where rapid venodilation can induce profound orthostatic (postural) hypotension and syncope upon standing.
5. Clinical Decision Framework and Stratification Matrix
Selecting an antihypertensive regimen requires consideration of a patient's demographic factors, ethnicity, cardiovascular risk factors, and coexisting medical conditions. Monash clinical management protocols implement specific patient grouping rules:
• Age and Ethnicity Stratification: Younger patients (<55 years old) typically present with high-renin hypertension and respond best to agents that target the RAAS axis, making ACE Inhibitors or ARBs (Class A) the preferred first-line choice. Conversely, elderly patients (>55 years old) and patients of African descent often present with low-renin, volume-dependent hypertension. These groups respond best to Calcium Channel Blockers (Class C) or Thiazide Diuretics (Class D) as initial therapy.
• Compelling Indications: The choice of drug is often guided by coexisting conditions. For instance, patients with diabetes mellitus or chronic kidney disease should receive an ACE inhibitor or ARB to preserve renal function. Patients with chronic heart failure or post-myocardial infarction require a combination of a Beta-blocker and an ACE inhibitor to improve survival outcomes.
• Resistant Hypertension: Defined as blood pressure that remains above target despite adherence to a full-dose regimen of a three-drug combination (typically comprising an ACEi/ARB, a Calcium Channel Blocker, and a Thiazide Diuretic). Managing resistant hypertension requires evaluating for secondary causes, reinforcing lifestyle interventions, and considering the addition of a fourth-line agent, such as the mineralocorticoid receptor antagonist spironolactone, or a centrally acting agonist.
Summary of Clinical Antihypertensive Selection Rules:
• Patient < 55 Years old or Diabetic -> Commence with Class A (ACE Inhibitor or ARB).
• Patient >= 55 Years old or African Descent -> Commence with Class C (CCB) or Class D (Thiazide Diuretic).
• Step 2 Combination -> Combine Class A with either Class C or Class D.
• Step 3 Triple Therapy -> Combine Class A + Class C + Class D.
• Resistant Hypertension -> Verify compliance, screen for secondary causes, and add Spironolactone.

Review Questions for Self-Assessment
To master this core pharmacological material for professional medical examinations, ensure you can thoroughly explain the following clinical and molecular scenarios:
1. Using the core hemodynamic equation MAP = CO x TPR, analyze the mechanism through which dietary sodium restriction lowers blood pressure.
2. Contrast the functional selectivity, tissue distribution, and adverse effect profiles of dihydropyridine versus non-dihydropyridine calcium channel blockers.
3. Explain the dual mechanisms through which beta-adrenergic antagonists lower blood pressure, and identify three major clinical contraindications for this class.
4. Define resistant hypertension, outline the standard triple-therapy regimen, and provide two advanced pharmacological classes (with specific drug examples and molecular mechanisms) that can be added as adjuvant therapy.","{{c1::Secondary}} hypertension is caused by an underlying condition such as {{c2::constriction of the aorta}}, {{c3::kidney disease}}, or adrenal tumors. [cite: 2, 3, 4, 6] | Extra: Unlike primary (essential) hypertension, secondary hypertension has a specific identifiable cause. [cite: 2]
Adrenal causes of hypertension include elevations in {{c1::aldosterone}} and {{c2::glucocorticoids}}. [cite: 5] | Extra: Tumors of the adrenal gland can also release adrenaline, contributing to high blood pressure. [cite: 6]
The ""ABCD"" acronym for cardiovascular drugs includes {{c1::ACE inhibitors::A}}, {{c2::Beta blockers::B}}, {{c3::Calcium channel blockers::C}}, and {{c4::Diuretics::D}}. [cite: 8, 9, 10, 11, 12] | Extra: These are the primary classes used in antihypertensive therapy. [cite: 8]
A ""good"" drug combination is a {{c1::vasodilator}} plus a {{c2::beta blocker}} because the vasodilator triggers {{c3::sympathetic activation}} of the heart, which the beta blocker counters. [cite: 14, 15, 16] | Extra: Vasodilators often cause reflex tachycardia. [cite: 15]
A ""good"" drug combination is a {{c1::vasodilator}} plus a {{c2::diuretic}} because vasodilators reduce resistance, which can lead to {{c3::reduced sodium excretion}}. [cite: 17, 18] | Extra: This occurs due to compensatory mechanisms in the kidney when peripheral resistance drops. [cite: 18]
The ""{{c1::Triple Whammy}}"" refers to the dangerous combination of {{c2::RAS inhibitors (e.g., ACEi)}}, {{c3::NSAIDs}}, and {{c4::diuretics}}. [cite: 20, 21] | Extra: This combination is a major risk factor for acute renal failure. [cite: 21]
In the ""Triple Whammy"" mechanism, {{c1::NSAIDs}} inhibit {{c2::prostaglandin}} production, which results in the {{c3::constriction}} of the {{c4::afferent}} arteriole. [cite: 22] | Extra: Prostaglandins normally maintain dilation of the afferent arteriole to ensure renal blood flow. [cite: 22]
In the ""Triple Whammy"" mechanism, {{c1::ACE inhibitors}} reduce {{c2::Angiotensin II}} production, resulting in the {{c3::dilation}} of the {{c4::efferent}} arteriole. [cite: 23] | Extra: Angiotensin II normally constricts the efferent arteriole to maintain glomerular filtration pressure. [cite: 23]
In the ""Triple Whammy"" mechanism, {{c1::diuretics}} decrease {{c2::blood volume}}, which means less blood reaches the kidneys. [cite: 24] | Extra: This combines with arteriolar changes to severely drop the glomerular filtration rate (GFR). [cite: 21, 24]
{{c1::Endothelin-1}} is a substance that causes {{c2::vasoconstriction}} and its receptor antagonists are specifically used for {{c3::pulmonary}} hypertension. [cite: 28, 29, 38] | Extra: Pulmonary hypertension often does not respond well to standard systemic vasodilators. [cite: 37, 38]
{{c1::Prazosin}} is a sympathetic inhibitor that blocks {{c2::α1 (alpha-1)}} receptors and is useful for patients with both {{c3::BPH}} and hypertension. [cite: 31, 32] | Extra: α1 blockers relax smooth muscle in the vasculature and the prostate. [cite: 32]
{{c1::Methyldopa}} is a CNS-mediated sympathetic inhibitor that blocks {{c2::α2 (alpha-2)}} receptors and is the drug of choice for {{c3::pregnancy-related}} hypertension. [cite: 33, 34, 35] | Extra: It acts centrally to reduce sympathetic outflow. [cite: 33]
Pulmonary hypertension can be treated with {{c1::Sildenafil}}, which improves the {{c2::nitric oxide (NO)}} signaling cascade to cause vasodilation. [cite: 39] | Extra: It acts by inhibiting PDE5, increasing cGMP levels in the pulmonary vasculature. [cite: 39]
{{c1::Prostacyclins}} are used in pulmonary hypertension to induce {{c2::dilation}} of the pulmonary circulation. [cite: 40] | Extra: These are synthetic versions of the natural vasodilator prostaglandin I2. [cite: 40]"
Diuretics and pharmacological treatment of renal disorders,"Advanced Renal Pharmacology & Therapeutics
A Comprehensive Instructor Guide to Diuretics and Renal Disorder Management
Based on Monash School of Medicine Curriculum
Department of Pharmacology | Course Director: Professor Robert Widdop
1. Executive Summary & Learning Objectives
This technical reference manual serves as a complete instructional reference text detailing the physiology of renal transport mechanics and the corresponding pharmacology of clinical diuretic agents. Built directly from institutional guidelines, this text details how specific classes of agents alter systemic blood pressure, fluid volumes, and solute concentrations.
Core Educational Competencies
•	Delineate the precise anatomical sites and transport symporters/channels targeted by major diuretic classes across the nephron.
•	Describe the key clinical indications for diuretics within cardiovascular medicine, specifically focusing on Essential Hypertension and Congestive Heart Failure (CHF).
•	Evaluate the clinical significance of loop diuretics (furosemide), thiazides (hydrochlorothiazide, indapamide), and potassium-sparing agents (spironolactone).
•	Analyze the pathophysiological mechanisms governing drug-induced alterations in serum potassium concentrations (hypokalaemia vs. hyperkalaemia).
•	Review the clinical utility of osmotic diuretics (mannitol), SGLT2 inhibitors (dapagliflozin/canagliflozin), and the physiological role of Arginine Vasopressin (AVP) in fluid homeostasis.
•	Formulate management protocols incorporating the general pharmacokinetic alterations, toxicities, and distinct physiological features of acute versus chronic renal failure.
2. Fundamental Renal Physiology & Solute Kinetics
The primary function of the renal system centers around the precise regulation of the volume, tonicity, and chemical composition of extracellular and intracellular body fluid compartments. To sustain physiological homeostasis, the human kidneys process approximately 180 liters of plasma filtrate every 24 hours. Beyond volume regulation, the organ is responsible for the clearance of metabolic waste products and the strict preservation of systemic acid-base balance.
The Mathematical Equation of Excretion
The net excretion of any solute through the definitive urine product is governed by a fundamental mass-balance relation. The total amount of a substance eliminated per unit time represents the sum of its filtration and active tubular secretion, minus the total quantity reabsorbed along the specialized epithelial segments of the nephron:
The Fundamental Equation of Renal Excretion
Amount Excreted (E) = Amount Filtered (F) - Amount Reabsorbed (R) + Amount Secreted (S)

3. Taxonomy of Pharmacological Agents in Renal Disorders
Therapeutic agents targeting renal function are broadly divided into two major functional classes: those that modify solute/salt excretion patterns and those that primarily alter free water excretion.
Comprehensive Nephron Mapping Matrix
Nephron Segment	Primary Molecular Target	Representative Agent	Clinical Classification
Proximal Convoluted Tubule (PCT)	Carbonic Anhydrase Enzyme	Acetazolamide	Carbonic Anhydrase Inhibitor
Proximal Convoluted Tubule (PCT)	SGLT2 Cotransporter	Dapagliflozin / Canagliflozin	SGLT2 Inhibitor
Thick Ascending Limb (TAL)	NKCC2 Symporter	Furosemide / Bumetanide	Loop / High-Ceiling Diuretic
Distal Convoluted Tubule (DCT)	NCC Symporter	Hydrochlorothiazide / Indapamide	Thiazide-type Diuretic
Segmental Collecting Tubule (SCT)	Intracellular Aldosterone Receptor	Spironolactone	Potassium-Sparing Diuretic
Global Vascular / Tubular Lumen	Hydrostatic / Osmotic Pressure	Mannitol	Osmotic Diuretic
Medullary Collecting Duct (CD)	V2 Vasopressin Receptor (Agonist)	Desmopressin	ADH Agonist / Antidiuretic
Medullary Collecting Duct (CD)	V1a/V2 Vasopressin Receptors (Antagonist)	Conivaptan	ADH Antagonist / Aquaretic
4. Epithelial Transport Architecture & Cellular Mechanics
Across all nephron segments, cells maintain an asymmetric polar orientation consisting of a luminal (apical) membrane facing the urine stream and a basolateral membrane facing the interstitial fluid. The foundation of this system is the basolateral Na+/K+-ATPase pump, which actively utilizes ATP hydrolysis to extrude sodium from the cell, establishing an electrochemical driving force that powers secondary active transport transporters.
5. Deep-Dive: Loop (High-Ceiling) Diuretics
Loop diuretics are the most powerful diuretic agents available. Representative agents include furosemide, bumetanide, and torsemide.
Molecular Mechanism of Action in the TAL
These agents are actively secreted via organic anion transporters in the proximal tubule and travel downstream to bind directly to the chloride-binding domain of the luminal Na+/K+/2Cl- (NKCC2) cotransporter in the Thick Ascending Limb (TAL). By fully inhibiting this transporter, they trap Na+, K+, and Cl- in the luminal urine stream, preventing the reabsorption of 15% to 25% of the total filtered sodium load.
Normally, K+ recycling via ROMK channels generates a lumen-positive electrical potential (+10mV) that drives the paracellular reabsorption of Magnesium (Mg2+) and Calcium (Ca2+). Loop diuretics collapse this electrical potential, causing extensive urinary wasting of Mg2+ and Ca2+.
6. Deep-Dive: Thiazide and Thiazide-Like Diuretics
Thiazides, such as hydrochlorothiazide and indapamide, function selectively within the Distal Convoluted Tubule (DCT).
The Calcium Paradox: Enhanced Calcium Reabsorption
Thiazides bind and inhibit the luminal electroneutral Na+/Cl- cotransporter (NCC), managing a moderate 5% to 10% fraction of sodium excretion. Crucially, by lowering intracellular sodium levels, they stimulate the basolateral Na+/Ca2+ exchanger (NCX1) to drive calcium into the bloodstream. This draws apical calcium from the tubule fluid into the cell via TRPV5 channels under parathyroid hormone regulation. Thus, thiazides reduce urinary calcium excretion, which contrasts with loop diuretics and renders them highly effective for patients with hypercalciuria (kidney stones) or osteoporosis.
7. Systemic Hemodynamic Adjustments in Hypertension
Diuretic efficacy in lowering blood pressure shifts over time, governed by the cardiovascular relationship: BP = CO x TPR. In the acute phase, diuresis contracts total blood volume, leading to decreased venous return and lowered Cardiac Output (CO). In the chronic phase, compensatory mechanisms restore plasma volume and CO toward normal, but Blood Pressure remains decreased due to a structural drop in Total Peripheral Resistance (TPR) driven by direct smooth-muscle relaxation.
8. Adverse Effects, Toxicities, and the Mechanics of Hypokalaemia
Upstream sodium transport inhibitors (loops and thiazides) accelerate sodium delivery to the downstream Segmental Collecting Tubule (SCT). The principal cells reabsorb this excess sodium via ENaC channels, creating a negative electrical lumen potential that pulls intracellular potassium out through ROMK channels into the urine stream. This induces profound hypokalaemia, clinically presenting with cardiac arrhythmias, increased digoxin toxicity, muscle weakness, constipation, confusion, and dizziness.
9. Potassium-Sparing Diuretics & Specialized Agents
Spironolactone competitively blocks intracellular mineralocorticoid receptors in the SCT, downregulating ENaC channels and preserving potassium. Mannitol acts as a non-reabsorbable osmotic carbohydrate to expand the luminal water volume and drop intracranial or intraocular pressure. SGLT2 inhibitors (dapagliflozin/canagliflozin) target early glucose/sodium symporters to provide metabolic and cardiorenal protection. Arginine Vasopressin (AVP) modulates water permeability via medullary aquaporin-2 insertions, with desmopressin acting as an agonist and conivaptan as an aquaretic antagonist.
10. Pharmacology in Renal Disease: Failure States and Toxicity
A decline in GFR limits the renal elimination of core compounds, leading to systemic metabolite toxicity or drug accumulation. Damage to proximal tubule transport systems can cause diuretic resistance by preventing loops and thiazides from being actively secreted into the lumen. This section details the physiological distinctions between Acute Renal Failure (sudden, reversible drop in GFR from ischemic or toxic damage) and Chronic Renal Failure (long-standing, irreversible nephron loss with glomerulosclerosis, permanent volume overload, and metabolic imbalances).

Advanced Renal Pharmacology & Therapeutics (Part 2)
Instructor Guide: Potassium-Sparing, Osmotic, SGLT2 Diuretics, and Failure States
Based on Monash School of Medicine Curriculum
Department of Pharmacology | Course Director: Professor Robert Widdop
1. Learning Outcomes & Key Concepts
This technical text represents the second section of the Advanced Renal Pharmacology reference curriculum. It expands directly on specialized classes of diuretics, their molecular interactions, hormonal systems, and the pathological changes seen in acute versus chronic kidney diseases.
Core Educational Competencies
•	Differentiate the two structural sub-classes of potassium-sparing diuretics (aldosterone antagonists vs. luminal sodium channel blockers).
•	Examine the physiological determinants of renal potassium excretion within the distal nephron and explain how hyperkalaemia develops.
•	Evaluate the clinical placement of osmotic diuretics (mannitol) and early proximal tubule SGLT2 inhibitors (gliflozins).
•	Analyze the endocrine dynamics of Arginine Vasopressin (AVP/ADH) and its receptor-specific modulation of plasma osmolarity and free water clearance.
•	Formulate dosing alterations and toxicological management frameworks for narrow-therapeutic-index drugs excreted by the kidneys.
•	Categorize the etiologies, tissue remodeling patterns, and clinical trajectories of Acute Kidney Injury (AKI) versus Chronic Kidney Disease (CKD).
2. Potassium-Sparing Diuretics: Cellular Taxonomy & Mechanics
Potassium-sparing diuretics function primarily within the principal cells of the late distal convoluted tubule and the cortical collecting duct (CD). Unlike loop and thiazide diuretics, which increase potassium wasting, this class is defined by its ability to induce sodium diuresis while conserving serum potassium. They are split into two distinct pharmacological classes:
Class A: Mineralocorticoid/Aldosterone Receptor Antagonists
Spironolactone (the clinical prototype) and eplerenone (a selective, second-generation agent) act by crossing the basolateral membrane to bind competitively to the cytoplasmic mineralocorticoid receptor (MR). Under normal conditions, aldosterone binds to this receptor, driving it into the nucleus to upregulate the expression of luminal Epithelial Sodium Channels (ENaC) and the basolateral Na+/K+-ATPase pump.
By blocking this receptor, spironolactone and eplerenone stop aldosterone-mediated protein synthesis. This results in the down-regulation of luminal ENaC channels and a decrease in basolateral Na+/K+-ATPase activity. Because sodium reabsorption via ENaC is reduced, the negative electrical gradient across the luminal membrane is eliminated, which removes the driving force that pulls potassium out of the cell via ROMK channels, effectively conserving potassium.
Class B: Direct Luminal Sodium (ENaC) Channel Blockers
Amiloride represents the second sub-class of potassium-sparing agents. Unlike aldosterone antagonists, amiloride does not bind to cytoplasmic hormone receptors. Instead, it is secreted into the urine stream, where it travels downstream to bind directly to the extracellular pore of the luminal Epithelial Sodium Channel (ENaC), blocking its pore.
By physically blocking ENaC, amiloride halts luminal sodium entry into the principal cell, independent of ambient aldosterone levels. This direct blockade stops the movement of positive charges out of the urine, removing the negative electrical lumen potential and preventing potassium from exiting the cell through apical channels.
Clinical Deployment Strategy
Because the late distal nephron processes only a tiny fraction (0.1% to 2.0%) of the total filtered sodium load, potassium-sparing diuretics produce only a mild standalone natriuretic effect. They are rarely used as single-agent monotherapies for fluid clearance. Instead, they are primarily used in combination with higher-potency loop or thiazide diuretics to balance out potassium loss and maintain normal serum potassium levels.
3. Clinical Profiles & Adverse Dynamics of Aldosterone Antagonists
While both spironolactone and eplerenone effectively block the mineralocorticoid receptor, they exhibit distinct pharmacological profiles and off-target effects.
Spironolactone Clinical Use and Off-Target Endocrine Effects
Spironolactone is widely indicated for managing severe volume overload and edema, particularly in states driven by hyperaldosteronism, such as hepatic cirrhosis with ascites or primary aldosteronism. It is also used as an add-on therapy for resistant hypertension.
However, spironolactone is a non-selective steroid compound that also binds to progesterone and androgen receptors. This lack of selectivity can cause significant endocrine side effects, including decreased libido, erectile dysfunction/impotence in men, and painful menstrual disturbances or gynecomastia in women.
Eplerenone: The Second-Generation Alternative
Eplerenone is a second-generation aldosterone antagonist engineered with high selectivity for the mineralocorticoid receptor, making it virtually free of the androgenic and progesterone-related side effects seen with spironolactone. Clinical trials have shown that adding eplerenone to standard heart failure regimens significantly reduces cardiovascular mortality and morbidity in Congestive Heart Failure (CHF).
Extracellular Matrix Pathophysiology: Halting Cardiac Fibrosis
Beyond its actions in the kidney, aldosterone acts directly on the heart, where chronic elevation promotes tissue remodeling by driving excessive extracellular matrix (ECM) and collagen deposition. This progressive deposition causes cardiac fibrosis, leading to 'stiffening' of the myocardium and worsening diastolic dysfunction.
By blocking these extra-renal receptors, spironolactone and eplerenone directly halt collagen deposition, reducing cardiac fibrosis, preserving myocardial elasticity, and significantly lowering mortality in patients with chronic heart failure.
4. Molecular Determinants of Renal Potassium Balance
The regulation of systemic potassium balance and its final excretion are determined almost entirely within the principal cells of the collecting tubules. This process depends on four main physiological factors:
The Four Pillars of Renal Potassium Kinetics
1. Systemic Serum Potassium Concentration ([K+]): High extracellular levels directly drive the basolateral Na+/K+-ATPase pump to speed up potassium entry into the cell.
2. Distal Sodium Load Delivery: The mass of Na+ delivered to the late distal nephron determines the rate of sodium reabsorption, which dictates the electrical gradient driving potassium excretion.
3. Ambient Aldosterone Levels: Regulates the total number of functional ENaC channels and basolateral pumps available.
4. Upstream Diuretic Delivery: Loop and thiazide diuretics deliver high sodium and fluid loads to the collecting tubules, accelerating sodium uptake and causing severe hypokalaemia.

The Clinical Threat of Hyperkalaemia
When potassium-sparing diuretics are used inappropriately, or combined with Renin-Angiotensin System (RAS) inhibitors or potassium supplements, they can cause a severe rise in serum potassium. Hyperkalaemia alters the resting membrane potential of excitable tissues, particularly the heart, and is a life-threatening medical emergency. It can cause progressive electrocardiogram (ECG) changes—including tall, peaked T-waves, PR interval prolongation, QRS widening, and a classic sine-wave pattern—that can quickly progress to fatal ventricular arrhythmias or cardiac arrest.
5. Niche and Emerging Therapies: Osmotic Agents & SGLT2 Inhibitors
Clinicians also utilize specialized, niche diuretics that target distinct pathways to manage localized edema or provide metabolic protection.
Osmotic Diuretics: Intravenous Mannitol Mechanics
Mannitol is a low-molecular-weight, pharmacologically inert carbohydrate that is freely filtered at the glomerulus but cannot be reabsorbed or metabolized. It remains entirely within the tubule lumen, where it creates a powerful osmotic gradient that holds water in the urine stream, acting along the entire length of the nephron.
As a result, mannitol blocks the osmotic reabsorption of water, particularly in water-permeable segments like the proximal tubule and thin descending limb. This rapid clearance of free water helps dilute luminal sodium levels, which reduces the concentration gradient for sodium and lowers its reabsorption rate as well.
Strict Clinical Containment: Localised vs. Generalised Edema
Because mannitol causes a rapid shift of water out of cells and into the vascular space before it is excreted, it expands total blood volume. For this reason, it is strictly contraindicated in generalized edema or congestive heart failure, where it could trigger acute pulmonary edema. Instead, its use is confined to localized edema states, such as reducing elevated intracranial pressure in cerebral edema or lowering intraocular pressure in acute glaucoma.
SGLT2 Inhibitors: The Paradigm Shift of Gliflozins
Under normal conditions, more than 90% of filtered glucose is reclaimed in the early Proximal Convoluted Tubule (PCT) via the high-capacity Sodium-Glucose Cotransporter 2 (SGLT2). SGLT2 inhibitors, or 'gliflozins' (such as dapagliflozin and empagliflozin), block this transporter, preventing the coupled reabsorption of sodium and glucose.
Originally approved as anti-diabetic medications to lower blood glucose in Type 2 Diabetes, gliflozins also produce a mild, steady osmotic diuresis because unreabsorbed glucose remains in the tubule. Clinical data has shown that this mild diuretic effect reduces cardiovascular preload and afterload, providing significant cardiorenal protection and lowering cardiovascular mortality when added to standard heart failure regimens.
6. Endocrine Volume Control: The Arginine Vasopressin Axis
The body regulates free water excretion independently of bulk sodium transport through the action of Arginine Vasopressin (AVP), also known as Antidiuretic Hormone (ADH).
The Hypothalamic-Hypophyseal-Renal Pathway
When specialized osmoreceptors detect a rise in plasma osmolarity (often due to dehydration) or baroreceptors sense a significant drop in blood volume, the posterior pituitary gland releases stored AVP into the bloodstream. AVP travels to the kidneys, where it binds to two distinct G-protein coupled receptors:
•	V1 Receptors: Located on vascular smooth muscle cells, where their activation triggers powerful vasoconstriction to help support blood pressure.
•	V2 Receptors: Located on the basolateral membrane of principal cells in the medullary collecting ducts.
Intracellular Cascades and Aquaporin-2 Translocation
Binding to the V2 receptor stimulates adenylyl cyclase, raising intracellular cyclic adenosine monophosphate (cAMP) levels. This signaling cascade triggers the transport and fusion of intracellular vesicles carrying Aquaporin-2 (AQP2) water channels into the luminal membrane.
Normally, the tight junctions of the medullary collecting duct are impermeable to water. Inserting AQP2 channels opens pathways that allow water to flow rapidly out of the tubule lumen, moving down the steep medullary osmotic gradient into the cell and back into the bloodstream via basolateral AQP3 and AQP4 channels, resulting in highly concentrated urine and water retention.
Clinical Pathologies: Diabetes Insipidus to Hyponatreamia
A deficiency in AVP secretion or action causes Diabetes Insipidus, a condition marked by excessive output of dilute urine and severe dehydration. This is treated using desmopressin, a selective V2 receptor agonist that stimulates water retention. Conversely, when patients develop severe hyponatremia due to fluid retention, clinicians use V2 receptor antagonists, or 'vaptans' (such as tolvaptan), to block these channels and promote free water excretion (aquaresis) without altering core electrolyte levels.
7. Pharmacokinetic Alterations & Narrow-Index Drug Toxicity
Because many commonly used medications are cleared by the kidneys, a decline in renal function can impair drug excretion, leading to accumulation and severe toxicity if dosages are not carefully managed.
The Challenge of Serum Creatinine in Aging Populations
In clinical practice, a doubling of serum creatinine levels indicates a significant drop in the Glomerular Filtration Rate (GFR). However, in elderly patients, age-related muscle wasting (sarcopenia) reduces baseline creatinine production. As a result, an elderly patient can have severely impaired kidney function despite a normal or only slightly elevated serum creatinine level, making it critical to calculate creatinine clearance to estimate true GFR and adjust drug doses safely.
Core High-Risk Drug Toxicities
High-Risk Medication	Primary Clearance Pathway	Clinical Toxicity Manifestation
Digoxin	Renal Excretion	Triggers dangerous or fatal cardiac arrhythmias, severe nausea, vomiting, and yellow-green visual disturbances.
Metformin	Renal Excretion	Accumulation blocks mitochondrial oxidation, leading to a high risk of fatal lactic acidosis. Must be stopped prior to contrast media.
Aminoglycoside Antibiotics	Renal Excretion	Causes severe, irreversible destruction of sensory hair cells in the cochlea and vestibule (ototoxicity) and direct acute tubular necrosis.
The 'Triple Whammy' Combination	Synergistic Structural Interruption	The concurrent use of an ACE inhibitor/ARB (dilates efferent arteriole), a Diuretic (reduces volume), and an NSAID (constricts afferent arteriole) completely drops glomerular filtration pressure, triggering sudden Acute Kidney Injury.

8. Pathophysiological Distinctions: AKI vs. Chronic Kidney Disease
Renal failure is classified based on its onset, reversibility, and underlying structural changes, falling into two primary clinical categories:
Acute Kidney Injury (AKI): An Abrupt Decline
Acute Kidney Injury is defined as a sudden, rapid drop in GFR. It is divided into three distinct diagnostic categories based on the location of the trigger:
•	Pre-Renal Etiologies: Driven by severe systemic hypoperfusion that drops filtration pressure without causing initial structural damage to the kidney tissue, such as severe hypotension, advanced heart failure, septic shock, or acute hemorrhage.
•	Intra-Renal Etiologies: Involves direct structural injury to the functional components of the kidney, commonly triggered by nephrotoxic drugs, contrast media, or prolonged ischemia causing acute tubular necrosis.
•	Post-Renal Etiologies: Caused by acute downstream obstruction of the urinary tract that builds back-pressure up into the nephrons, such as benign prostatic hyperplasia (BPH) or bilateral kidney stones.
Chronic Kidney Disease (CKD): Irreversible Structural Remodeling
In contrast to AKI, Chronic Kidney Disease involves a long-term, progressive loss of functioning nephrons, typically driven by long-standing conditions like uncontrolled hypertension or diabetes. This chronic stress causes severe structural remodeling, including glomerulosclerosis (scarring of the glomeruli), tubulointerstitial fibrosis, and permanent thickening of the basement membrane.
As the total number of functional nephrons drops from 2 million down to a critical minimum, the kidneys lose their endocrine functions, leading to a deficiency in erythropoietin (causing anemia) and impaired vitamin D activation (causing bone disease).
Because the remaining nephrons can no longer manage daily fluid clearance, severe fluid retention and toxic uremic waste buildup develop. In these advanced stages, clinicians rely on combination diuretic therapy (such as loop diuretics combined with thiazides) to force fluid clearance and maintain essential urine output despite a severely reduced GFR.
",
Acid/base disorders and compensation,"Clinical Acid-Base Disorders & Compensation
Instructor Reference Manual: Pathophysiological Mechanics, Anion Gap Kinetics, and the Boston Bedside Rules
Monash School of Medicine Curriculum | Academic Year Reference
Systems Physiology & Pathology Units
1. Executive Summary & Learning Outcomes
Maintaining hydrogen ion concentration [H+] within strict physiological limits is crucial for enzymatic function, cellular anatomy, and metabolic homeostasis. This manual details the clinical principles of acid-base chemistry, the physiological response mechanisms, and the mathematical bedside rules used to identify simple and mixed acid-base disorders.
Core Learning Competencies
•	Delineate the four primary types of acid-base disorders (Respiratory Acidosis, Respiratory Alkalosis, Metabolic Acidosis, and Metabolic Alkalosis) and their initial compensatory patterns.
•	Distinguish between acute and chronic acid-base disturbances based on biochemical indicators and metabolic response over time.
•	Explain how the respiratory and renal systems work together to control extracellular fluid hydrogen ion concentrations.
•	Calculate and interpret the serum Anion Gap to differentiate between high anion gap metabolic acidosis (HAGMA) and normal anion gap metabolic acidosis (NAGMA).
•	Interpret arterial blood gas (ABG) data systematically by applying the Boston Bedside Rules (including Winter's formula) to detect underlying mixed acid-base disorders.
2. Fundamentals of Acid-Base Homeostasis
Under normal physiological conditions, the pH of human arterial blood is maintained within a strict range of 7.35 to 7.45, with an average target of 7.4. This tight regulation is necessary because even small shifts in pH can alter protein folding, disrupt cell membrane integrity, and impair critical metabolic pathways.
Pathological Deviations & Definitions
•	Acidosis / Acidemia: Acidemia is defined specifically as an arterial blood pH below 7.35. Acidosis refers to the underlying pathological process or disorder that drives the body toward an acidic state by increasing hydrogen ions or depleting bicarbonate.
•	Alkalosis / Alkalemia: Alkalemia is defined as an arterial blood pH above 7.45. Alkalosis represents the pathological mechanism that drives the body toward a basic state by reducing hydrogen ions or increasing bicarbonate levels.
Pathological changes in the partial pressure of carbon dioxide (PaCO2) or the concentration of serum bicarbonate (HCO3-) are the primary drivers of abnormal blood pH values. These variables allow clinicians to categorize acid-base disorders into respiratory or metabolic categories.
The Three Pillars of pH Regulation
The body utilizes three sequential regulatory systems to minimize pH shifts and maintain homeostasis:
•	Chemical Buffers (Immediate Response): Always present and active in body fluids to minimize sudden swings in pH. Extracellular fluid (ECF) buffers primarily rely on the bicarbonate and phosphate systems. Intracellular fluid (ICF) buffers depend on organic phosphates and structural proteins (such as hemoglobin).
•	Respiratory Mechanisms (Rapid Response): Performs rapid adjustments within 3 to 12 minutes by altering alveolar ventilation rate and depth. Central and peripheral chemoreceptors continuously monitor [H+] and PaCO2. If the body is acidic, hyperventilation increases CO2 clearance; if basic, hypoventilation retains CO2. This response is 50% to 75% effective on its own and cannot fully return pH to baseline if a metabolic disorder is present.
•	Renal Mechanisms (Delayed but Definitive Response): A slower process taking hours to days, but highly effective. The kidneys regulate pH through two main pathways: reabsorbing filtered HCO3- from the tubular fluid back into the blood, and actively secreting H+ ions into the filtrate for excretion in the urine.
3. Primary Acid-Base Disorders: Core Criteria
When a primary pathological process overwhelms chemical buffering systems, it produces one of four classic acid-base disorders. These disorders are classified by their primary biochemical drivers:
Acid-Base Disorder	pH Criteria	Primary Driver	Pathophysiological Target
Respiratory Acidosis	pH < 7.35	PaCO2 > 45 mmHg	Primary CO2 accumulation due to alveolar hypoventilation.
Respiratory Alkalosis	pH > 7.45	PaCO2 < 35 mmHg	Primary CO2 depletion due to alveolar hyperventilation.
Metabolic Acidosis	pH < 7.35	HCO3- < 22 mmol/L	Primary depletion of bicarbonate or accumulation of non-volatile acids.
Metabolic Alkalosis	pH > 7.45	HCO3- > 26 mmol/L	Primary accumulation of bicarbonate or excessive loss of hydrogen ions.

4. Respiratory Disorders: Acute vs. Chronic Pathophysiology
Respiratory disorders are driven by a mismatch between tissue CO2 production and alveolar ventilation, disrupting normal carbon dioxide elimination.
Respiratory Acidosis Mechanics
When minute ventilation fails to clear the CO2 produced by metabolism, PaCO2 rises, driving the hydration of CO2 into carbonic acid and lowering blood pH. This condition is split into two distinct clinical phases based on metabolic compensation:
1. Acute Respiratory Acidosis: Characterized by a sudden rise in PaCO2 with minimal initial metabolic compensation, as the kidneys have not had time to respond. Common causes include acute respiratory depression from medications (such as opiates or sedatives), severe acute asthma, an upper airway obstruction, pneumothorax, or sudden neuromuscular failure (such as a Myasthenia Gravis crisis).
2. Chronic Respiratory Acidosis: Arises from long-standing pulmonary or neuromuscular disease, where the central response to chronic hypercapnia and hypoxia becomes blunted. Common causes include Chronic Obstructive Pulmonary Disease (COPD), restrictive lung diseases with severe ventilation/perfusion (V/Q) mismatch, or chronic neuromuscular weakness causing progressive diaphragmatic fatigue. Over days, the kidneys maximize bicarbonate reabsorption to help return pH toward the normal range.
Respiratory Alkalosis Mechanics
Respiratory alkalosis occurs when excessive alveolar ventilation clears carbon dioxide faster than metabolic processes can produce it, resulting in hypocapnia (PaCO2 < 35 mmHg). Common causes include anxiety-induced hyperventilation, pain, high altitude, or overenthusiastic mechanical ventilation settings. Like acidosis, it is classified as acute or chronic based on whether the kidneys have had time to excrete bicarbonate and help normalize blood pH.
5. Metabolic Acidosis & The Anion Gap Kinetic Framework
Metabolic acidosis develops when systemic bicarbonate is consumed by buffering an abnormal load of non-volatile acids, or when bicarbonate is lost directly from the body due to renal or gastrointestinal disease.
The Principle of Serum Electrical Neutrality
Extracellular fluid must remain electrically neutral, meaning the sum of all positively charged ions (cations) must equal the sum of all negatively charged ions (anions). In standard clinical laboratories, only a subset of these electrolytes is routinely measured. The Anion Gap calculation helps clinicians identify the presence of unmeasured anions in the serum, which is a critical step in diagnosing the cause of a metabolic acidosis.
The Serum Anion Gap Calculations
Standard Formula: Anion Gap = Na+ - (Cl- + HCO3-)
Expanded Formula: Anion Gap = (Na+ + K+) - (Cl- + HCO3-)
Normal Reference Range: 9 to 14 mmol/L (varies slightly by laboratory assay)

High Anion Gap Metabolic Acidosis (HAGMA)
An elevated anion gap (> 14 mmol/L) indicates that bicarbonate has been consumed to buffer an accumulation of unmeasured non-volatile acids. Clinicians utilize the classic MULEPAK mnemonic to organize and remember the core differential diagnoses:
•	M - Methanol / Ethanol / Ingestions: Toxic alcohol exposures that metabolize into highly acidic compounds.
•	U - Uremia: Advanced renal failure leading to a severe drop in GFR and the accumulation of organic acids.
•	L - Lactic Acidosis: Hypoxic or hypoperfused cells switching to anaerobic metabolism, a common feature in circulatory shock or liver failure.
•	E - Ethylene Glycol: Antifreeze ingestion leading to severe toxic metabolite accumulation.
•	P - Paraldehyde / Drug Toxicities: Medication-induced metabolic acid accumulation.
•	A - Aspirin Toxicity: Salicylate overdose uncoupling oxidative phosphorylation and generating systemic organic acids.
•	K - Ketones: Accumulation of acetoacetate and beta-hydroxybutyrate due to Diabetic Ketoacidosis (DKA), starvation, or chronic alcohol abuse.
Normal Anion Gap Metabolic Acidosis (NAGMA) / Hyperchloremic Acidosis
When a metabolic acidosis features a normal anion gap (9 to 14 mmol/L), it is driven by a direct loss of bicarbonate rather than the accumulation of unmeasured acids. To maintain electrical neutrality as bicarbonate levels drop, the kidneys retain chloride, which elevates serum chloride concentrations and leads to a hyperchloremic acidosis. Common clinical causes include:
•	Gastrointestinal Loss of Bicarbonate: Severe, ongoing diarrhea that wastes large volumes of alkaline intestinal secretions.
•	Renal Bicarbonate Wasting: Failure of the proximal renal tubules to reabsorb filtered bicarbonate or failure of the distal tubules to excrete hydrogen ions.
•	Iatrogenic Chloride Fills: Rapid or excessive intravenous infusion of chloride-rich fluids, such as 0.9% Normal Saline.
6. Metabolic Alkalosis & Hydrogen Ion Wasting
Metabolic alkalosis is characterized by a primary elevation of serum bicarbonate (HCO3- > 26 mmol/L) or an excessive loss of hydrogen ions from the extracellular fluid. The condition is driven and maintained by several distinct clinical mechanisms:
•	Direct Loss of Hydrogen Ions: Prolonged, severe vomiting or nasogastric suctioning that removes large volumes of hydrochloric acid (HCl) from the stomach.
•	Renal Wasting: The inappropriate use of loop or thiazide diuretics that accelerates downstream sodium delivery, driving hydrogen ion secretion into the urine filtrate.
•	Direct Gain of Alkaline Solutes: Excessive intake of over-the-counter antacids (such as calcium carbonate) or iatrogenic administration of sodium bicarbonate.
•	Contraction / Hypovolemia States: Severe fluid loss causes volume depletion, stimulating aldosterone to drive renal hydrogen ion excretion and leading to a concentration of remaining bicarbonate.
7. The Mechanics of Physiological Compensation
Acid-base compensation represents the body's natural homeostatic response to a primary acid-base disorder, acting via negative feedback systems to bring blood pH back toward the normal range. It is critical to recognize that compensation is a stabilizing mechanism, not a cure; it minimizes wide swings in pH but does not correct the underlying pathology.
Respiratory Compensation Feedback Loops
When a primary metabolic disorder alters blood pH, the respiratory system responds quickly by altering alveolar ventilation. If the body develops a metabolic acidosis (low pH), central and peripheral chemoreceptors trigger an increase in respiratory rate and depth, expelling carbon dioxide to help normalize pH. Conversely, if a metabolic alkalosis develops (high pH), breathing slows to retain carbon dioxide, which generates carbonic acid and helps lower blood pH.
Renal Compensation Feedback Loops
When a primary respiratory disorder alters carbon dioxide levels, the kidneys respond by adjusting the handling of bicarbonate and hydrogen ions. In the presence of a respiratory acidosis (high PaCO2), the renal tubular cells increase the reabsorption of filtered bicarbonate and step up the active secretion of hydrogen ions into the urine. In a respiratory alkalosis (low PaCO2), the kidneys excrete more bicarbonate and retain hydrogen ions to keep blood pH stable. While highly effective, this renal response takes hours to days to develop fully.
8. Clinical Application of the Boston Bedside Rules
To determine if a patient's acid-base response represents a simple, predictable compensation or indicates a dangerous mixed acid-base disorder, clinicians utilize the Boston Bedside Rules. These six rules calculate the expected magnitude of the compensatory response based on clinical data.
Rules 1-4: Assessing Primary Respiratory Disturbances
For respiratory disorders, clinicians can evaluate compensation by checking the expected shift in bicarbonate relative to the primary change in carbon dioxide, without needing complex algebraic formulas:
Rule 1: Acute Respiratory Acidosis: Bicarbonate increases by roughly 1 mmol/L for every 10 mmHg elevation in PaCO2 above the baseline value of 40 mmHg.
Rule 2: Chronic Respiratory Acidosis: Bicarbonate increases by roughly 4 to 5 mmol/L for every 10 mmHg elevation in PaCO2 above baseline. Example: In a chronic pulmonary patient with a PaCO2 of 60 mmHg (20 mmHg above baseline), the expected bicarbonate is 24 + 8 = 32 mmol/L. If the measured value matches this prediction, compensation is maximal and a single, simple disorder is present.
Rule 3: Acute Respiratory Alkalosis: Bicarbonate decreases by roughly 2 mmol/L for every 10 mmHg reduction in PaCO2 below the baseline value of 40 mmHg.
Rule 4: Chronic Respiratory Alkalosis: Bicarbonate decreases by roughly 4 to 5 mmol/L for every 10 mmHg reduction in PaCO2 below baseline.
Rules 5-6: Assessing Primary Metabolic Disturbances
For metabolic disorders, explicit mathematical equations are required to calculate the expected compensatory change in PaCO2:
Equations for Metabolic Compensation Assessment
Rule 5 (Winter's Formula for Metabolic Acidosis):
Expected PaCO2 = (1.5 × [HCO3-]) + 8  (Acceptable Range: ± 2 mmHg)

Rule 6 (The 0.7 plus 20 Rule for Metabolic Alkalosis):
Expected PaCO2 = (0.7 × [HCO3-]) + 20  (Acceptable Range: ± 5 mmHg)

If a patient's actual measured PaCO2 deviates significantly from the calculated expected value, it indicates that the respiratory system is not responding predictably. This tells the clinician that a second primary acid-base disorder is occurring simultaneously.
9. Diagnostic Differentiation of Simple vs. Mixed Disorders
An acid-base disturbance is classified as simple when it consists of a single primary disorder accompanied by its expected compensatory response. A mixed acid-base disorder occurs when a patient experiences two or more primary disorders at the same time.
Additive vs. Subtractive Mixed Deviations
1. Additive Mixed Disorders: Occur when both primary processes shift the blood pH in the same direction, such as two concurrent acidoses or two alkaloses, leading to severe deviations in pH. A classic clinical example is a patient with long-standing severe COPD (causing respiratory acidosis) who develops severe diabetic ketoacidosis (causing metabolic acidosis).
2. Subtractive Mixed Disorders: Occur when an underlying acidosis and a concurrent alkalosis happen at the same time. Because they push pH in opposite directions, their effects on the hydrogen ion concentration are subtractive, which can result in a deceptively normal or only slightly abnormal pH. A classic example is a patient with advanced COPD (respiratory acidosis) who experiences prolonged, severe vomiting due to an independent illness (metabolic alkalosis).
The Clinical Nomogram
Clinicians also use specialized diagnostic nomograms to map blood gas results and quickly identify mixed disorders. These charts place blood pH on the horizontal x-axis, the serum bicarbonate concentration on the vertical y-axis, and show PaCO2 levels using curved isobar lines. Shaded areas represent the expected ranges for simple, predictable compensation; any patient data point that falls outside these shaded regions indicates a mixed acid-base disorder, prompting the clinical team to look for multiple underlying pathologies.","Respiratory acid-base disorders are characterized primarily by a change in {{c1::CO2::gas}} levels. | Respiratory disorders alter carbon dioxide levels due to changes in ventilation, directly impacting the carbonic acid equilibrium.
Metabolic acid-base disorders are characterized primarily by a change in {{c1::HCO3-::ion}} levels. | Metabolic disorders affect bicarbonate concentration directly through renal or metabolic processes.
The immediate physiological ways to restore pH include chemical {{c1::buffers}}, respiratory mechanisms, and renal mechanisms. | The body employs chemical buffering followed by respiratory and renal adjustments to correct deviations in pH.
An example of a primary extracellular fluid (ECF) buffer is the {{c1::bicarbonate}} buffer. | Chemical buffers are the first line of defense against pH alterations.
Respiratory mechanisms restore pH by changing {{c1::alveolar ventilation}} to adjust CO2 production. | Increasing or decreasing alveolar ventilation alters the excretion of volatile acid (CO2).
One major renal mechanism to restore pH is to reabsorb {{c1::bicarbonate}} from the filtrate. | Reabsorbing bicarbonate prevents the loss of essential base reserves through the urine.
Another major renal mechanism to restore pH is to secrete {{c1::H+ (hydrogen ions)}} into the filtrate for excretion. | Active secretion of protons allows the kidneys to eliminate excess fixed acids from the body.
In respiratory acidosis, the partial pressure of carbon dioxide (PaCO2) is {{c1::inversely}} proportional to the minute volume. | A decrease in minute volume leads to a failure in expelling CO2, raising PaCO2 and causing acidosis.
{{c1::Acute}} respiratory acidosis is characterized by failed ventilation caused by factors like drugs or muscle/nerve disorders. | Acute respiratory acidosis occurs suddenly, leaving insufficient time for renal compensation to occur.
Examples of underlying factors that can cause failed ventilation in acute respiratory acidosis include {{c1::drugs, muscle disorders, or nerve disorders::3 categories}}. | Acute respiratory acidosis occurs when ventilation suddenly fails before renal compensation can take effect.
{{c1::Chronic}} respiratory acidosis is typically caused by long-standing lung disease. | Chronic respiratory acidosis develops over time, allowing the kidneys to compensate by retaining bicarbonate.
In diabetic ketoacidosis, a deficiency in {{c1::insulin}} triggers the breakdown of fats, forming ketoacids. | This metabolic process leads to an accumulation of unmeasured anions and a high anion gap.
Liver failure can cause metabolic acidosis specifically by leading to {{c1::lactic}} acidosis. | The liver's failure to clear or metabolize lactate results in its systemic accumulation.
The anion gap is a clinical measure representing the balance of electrolytes, calculated as {{c1::Na - (Cl + HCO3)}}. | It helps determine if a metabolic acidosis is caused by an accumulation of unmeasured anions or loss of bicarbonate.
The normal value for the serum anion gap is typically {{c1::9-14}} mM. | Values within this range are considered a normal anion gap, whereas higher values indicate unmeasured anions.
The fundamental purpose of calculating the anion gap is to determine if there is an imbalance in {{c1::unmeasured anions}}. | An elevated anion gap confirms the presence of additional metabolic fixed acids.
A high anion gap metabolic acidosis signifies the accumulation of non-volatile acids, remembered by the acronym {{c1::LKTR}}. | LKTR stands for lactates, ketones, toxins, and renal failure.
In the high-anion-gap acidosis acronym LKTR, the letters stand for {{c1::lactates, ketones, toxins, renal failure}}. | These four categories represent the major sources of unmeasured non-volatile acids.
A metabolic acidosis characterized by a decrease in bicarbonate paired with an increase in chloride is called {{c1::hyperchloremic}} acidosis. | Because chloride increases to balance the loss of bicarbonate, the overall calculated anion gap remains normal.
Respiratory alkalosis is primarily driven by {{c1::hyperventilation}}. | Hyperventilation causes an excessive loss of CO2, driving blood pH upward.
Metabolic alkalosis involves a loss of H+ or a gain of {{c1::bicarbonate (HCO3-)}}. | This state elevates systemic pH through direct changes in metabolic or renal electrolyte handling.
Two physiological conditions associated with metabolic alkalosis development or maintenance are {{c1::hypervolemia}} and kidney disease. | Both conditions affect the kidneys' ability to properly regulate and excrete bicarbonate ions.
During respiratory compensation for a low pH, the body {{c1::increases::increases or decreases?}} the breathing rate to expel CO2. | Conversely, if pH is too high, the breathing rate decreases to retain CO2.
During renal compensation for a low pH, the kidneys secrete more {{c1::H+}} and retain more {{c2::HCO3-}}. | Conversely, if pH is too high, the kidneys reduce H+ secretion and increase HCO3- excretion.
A fundamental rule of acid-base balance is that a respiratory change is compensated by a {{c1::renal}} mechanism, and vice versa. | The two primary physiological regulatory systems work in tandem to counteract each other's primary deviations.
The {{c1::Boston bedside rules}} are clinical guidelines used to determine how much compensatory response is occurring. | These rules quantify whether a secondary change is an appropriate compensation or a mixed disorder.
According to the Boston bedside rules, there are {{c1::4}} rules for respiratory disturbances and {{c2::2}} rules for renal disturbances. | These precise calculations predict the expected change in HCO3- or PaCO2.
A graphical tool utilized to evaluate both simple and mixed acid-base disturbances is a {{c1::nomogram}}. | It maps pH, PaCO2, and bicarbonate concentrations into specific diagnostic bands.
On an acid-base nomogram, mixed disturbances are identified because they lie {{c1::outside}} the range of the 'flower'. | Points falling within the designated 'flower' zones indicate simple, expected compensatory patterns."
Acute kidney injury and chronic kidney disease,"Pathophysiology of Kidney Failure
Instructor Reference Manual: Acute Kidney Injury, Chronic Kidney Disease, Functional Reserve Mechanics, and Clinical Diagnostics
Monash School of Medicine Curriculum | Renal Cohort Module
Lecturer: Dr Priyia Pusparajah (Priyia.Pusparajah@monash.edu)
1. Executive Summary & Learning Outcomes
The kidneys perform essential homeostatic functions, including fluid filtration, electrolyte balance, metabolic waste clearance, and hormonal synthesis. When these mechanisms are disrupted by disease, it can result in acute or chronic kidney failure. This technical reference manual outlines the structural vulnerabilities of the nephron, details the distinct stages and pathways of kidney failure, and provides a framework for analyzing clinical case markers and diagnostic trends.
Core Learning Competencies
•	Identify the structural, vascular, and hemodynamic factors that make the kidneys uniquely vulnerable to toxic, ischemic, and inflammatory injuries.
•	Define and differentiate Acute Kidney Injury (AKI) from Chronic Kidney Disease (CKD) based on their presentation, timing, criteria, and potential for reversibility.
•	Classify the causes of AKI into Pre-renal, Intra-renal, and Post-renal pathways, and map out the mechanisms that drive severe urine drop (oliguria).
•	Analyze the step-wise progression of CKD, showing how chronic nephron loss triggers compensatory single-nephron hyperfiltration, proteinuria, and irreversible tubulointerstitial fibrosis.
•	Evaluate clinical lab panels (such as urea, creatinine, eGFR, potassium, hemoglobin, and albumin) and imaging findings to differentiate acute from chronic failure states.
•	Describe the concept of renal functional reserve capacity and explain why serum creatinine levels remain deceptively normal until substantial nephron damage has already occurred.
2. Pathophysiological Vulnerabilities of the Kidney
Despite their relatively small size, the kidneys are highly vulnerable to ischemic, toxic, and immunological injury due to several unique structural and physiological characteristics:
•	High Renal Blood Flow Rates: The kidneys receive an exceptionally high blood flow rate of approximately 400 mL per 100 grams of tissue per minute, exceeding the relative perfusion of the heart, brain, and liver. This continuous flow exposes renal tissue to a high total volume of any blood-borne toxins, drugs, or inflammatory mediators.
•	Elevated Intraglomerular Hydrostatic Pressures: To facilitate efficient plasma filtration, the renal microvasculature maintains high internal hydrostatic pressures. While necessary for function, this pressure puts mechanical stress on the capillary walls, increasing the risk of structural injury under hypertensive conditions.
•	Glomerular Barrier Charge Specificity: The inside of the glomerular filtration barrier is lined with negatively charged ions that repel circulating proteins like albumin. Pathological loss of this negative charge allows large proteins to enter the urine filtrate. This leakage triggers an inflammatory response as the cells attempt to clear the protein, leading to local tissue damage.
•	Microvascular Interconnections: The microcirculation of the nephron is arranged in series, linking the glomerular capillaries directly to the downstream peritubular network. This setup allows inflammatory mediators or injury in the glomerulus to spill directly into the tubulointerstitial space, exposing tubular epithelial cells to abnormal filtrate and spreading localized injury across the entire nephron segment.
3. Core Classifications of Kidney Failure
Kidney failure is broadly split into two distinct clinical syndromes based on its speed of onset, duration, and potential for structural recovery:
Core Structural and Temporal Definitions
Acute Kidney Injury (AKI):
• Definition: An abrupt, rapid reduction in kidney function occurring within 48 hours.
• Diagnostic Criteria: Marked by an elevation in serum creatinine, a acute reduction in urine output, or the sudden need for renal replacement therapy (dialysis).
• Reversibility: Often fully or partially reversible if the underlying cause is promptly treated.

Chronic Kidney Disease (CKD):
• Definition: A persistent clinical syndrome secondary to definitive changes in kidney function or structure lasting for 3 months or more.
• Characterization: Defined by its slow, progressive evolution and structural irreversibility.

4. Acute Kidney Injury: Etiologies & Oliguria Mechanics
Acute Kidney Injury is classified into three structural pathways based on where the primary interruption occurs along the filtration and excretion route:
The Three Etiological Pathways
1. Pre-renal AKI (70% of cases): Driven by an interruption to renal blood flow that causes hypoperfusion and drops the GFR, without causing direct structural damage to the kidney tissue.
2. Intra-renal AKI: Caused by direct structural damage to the kidney tissue and individual nephron components, commonly presenting as acute tubular injury, necrosis, or apoptosis.
3. Post-renal AKI: Triggered by an acute downstream blockage to urine outflow that builds back-pressure up into the kidney's structural segments.
Integrated Cellular Mechanisms of Oliguria
While the initial triggers differ, all three pathways can lead to a severe drop in urine output (oliguria) through distinct cellular and vascular feedback loops:
•	Pre-renal Hypoperfusion Pathway: Systemic hypotension or volume depletion causes renal hypoperfusion, dropping the GFR. This drop stimulates the secretion of aldosterone and Antidiuretic Hormone (ADH), which actively increases sodium and water reabsorption in the distal tubules, lowering urine output to preserve systemic volume.
•	Intra-renal Tubular Injury Pathway: Ischemic or toxic insults cause necrosis and apoptosis of tubular epithelial cells. These damaged cells slough off into the tubule lumen, clumping together to form cellular casts. These casts create an intratubular obstruction that builds internal pressure, opposing filtration forces and dropping the GFR.
•	Post-renal Obstruction Pathway: Bilateral obstruction to urine flow (from stones or tumors) builds intraluminal pressure back up into the nephrons. This pressure triggers the release of inflammatory mediators and causes vascular endothelial cell injury. The resulting renal vasoconstriction and interstitial edema cause a drop in GFR, leading to persistent medullary hypoxia and oliguria.
5. Comprehensive Review of AKI Workup and Staging
Evaluating a patient with suspected AKI requires identifying key risk factors, tracking diagnostic markers, and reviewing active medications.
Clinical Risk Factors & Diagnostic Workup
Key clinical risk factors that predispose patients to AKI include older age, sepsis, pre-existing chronic kidney disease, hypovolemia/shock, diabetes mellitus, cardiac or liver failure, major cardiac surgeries, and the infusion of contrast agents. When AKI is suspected, the diagnostic workup should include: regular measurements of serum creatinine, a complete blood count (CBC), urinalysis to check for cellular casts or protein, calculation of the fractional excretion of sodium (FeNa), and a prompt renal ultrasound to rule out post-renal obstructions.
Analysis of Case Study 1: Sam (Acute Trauma)
Sam, a healthy 25-year-old woman, was involved in a severe car accident causing significant internal blood loss, dropping her blood pressure to 92/46 mmHg with a heart rate of 120 bpm. Following surgery and fluid resuscitation, she developed severe oliguria (0.3 mL/kg/hour over 6 hours). Her lab results show:
•	Urea: 17.2 mmol/L (Elevated; reference 1.7 - 8.5) showing waste accumulation.
•	Creatinine & eGFR: Creatinine is elevated at 165 umol/L (reference 62 - 106), dropping her eGFR to 38.4 mL/min/1.73m2.
•	Potassium & pH: Potassium is high at 5.8 mmol/L (reference 3.5 - 5.0) and blood pH is low at 7.32, indicating metabolic acidosis due to impaired acid and potassium clearance.
Sam's case represents a classic presentation of Pre-renal AKI driven by severe hemorrhagic shock and hypoperfusion. This initial ischemic state can progress to intra-renal acute tubular injury if hypoperfusion is prolonged. Treatment priorities require optimization of fluid balance, close tracking of potassium levels, and removing any potential nephrotoxic or renally excreted medications.
6. Chronic Kidney Disease: Progression and Nephron Destruction Loops
Chronic Kidney Disease results from long-standing, progressive injury to the renal tissue, typically driven by uncontrolled diabetes mellitus or chronic hypertension.
The Common Pathogenic Progression Loop
Regardless of the initial cause (such as tissue hypoxia, immune reactions, exogenous medications, or high glucose levels), the progression of CKD follows a predictable, irreversible cellular feedback loop that drives permanent tissue remodeling:
The Cycle of Progressive Chronic Nephron Loss
1. Primary Renal Injury / Ischemia: Ongoing damage leads to the permanent loss of functional nephrons.
2. Single-Nephron Hyperfiltration: The remaining healthy nephrons hypertrophy and increase their individual GFR to compensate for the lost filtration capacity.
3. Increased Glomerular Permeability: This compensatory workload dilates the glomerular pores, increasing capillary permeability and allowing large proteins to leak across the barrier.
4. Proteinuria & RAAS Activation: The increased filtration of proteins and macromolecules triggers local nephrotoxic inflammation. This activates the Renin-Angiotensin-Aldosterone System (RAAS), worsening systemic and local hypertension.
5. Glomerulosclerosis & Tubulointerstitial Fibrosis: Ongoing inflammation leads to permanent scarring of the glomeruli and widespread tubulointerstitial fibrosis, destroying the remaining nephrons and dropping overall GFR.

Clinical Presentation & Symptoms
The early stages of CKD are typically asymptomatic because the remaining nephrons can hyperfiltrate to maintain overall balance. Symptoms usually emerge only in Stages 4 and 5 as the total functional GFR drops significantly. Patients may present with nausea, vomiting, loss of appetite, fatigue, weakness, sleep disturbances, oliguria, reduced mental sharpness, muscle cramps, pedal edema, persistent pruritus (itching from uremic toxins), dyspnea, or chest pain from uremic pericarditis. In very advanced cases, crystallized urea can sweat out onto the skin, forming a visible layer known as 'uremic frost'.
7. Analysis of Case Study 2: Manuel (Chronic Progressive with Acute Insult)
Manuel, a 65-year-old man living in a rural area, has a 20-year history of poorly controlled diabetes and hypertension. He presented with a 5-month history of fatigue and noted that his urine had been frothy for several months, suggesting chronic proteinuria.
Biochemical Panel Analysis
Manuel's diagnostic lab values confirm advanced chronic kidney failure:
•	Urea & Creatinine: Urea is elevated at 17.2 mmol/L and creatinine is high at 187 umol/L, showing a severe accumulation of metabolic waste.
•	eGFR: Dropped to 28.4 mL/min/1.73m2, placing him in Stage 4 Chronic Kidney Disease.
•	Electrolytes & Acid-Base: Severe hyperkalaemia is present at 6.3 mmol/L along with a metabolic acidosis (pH 7.31) due to loss of functional nephrons.
•	Hemoglobin (Anemia Marker): Low at 11 g/dL (reference 13 - 17), confirming chronic anemia caused by a deficiency in erythropoietin (EPO) production by the damaged renal tissue.
•	Urine Albumin: Highly positive (+++), confirming advanced glomerular scarring and protein leakage.
The Impact of Over-the-Counter NSAIDs
After twisting his ankle, Manuel took over-the-counter Voltaren (ibuprofen) regularly for 5 days. This step caused a sudden decline in his condition, presenting as severe nausea, fluid retention with facial and leg puffiness, and worsening oliguria.
NSAIDs block cyclooxygenase enzymes, shutting down the synthesis of prostaglandins that normally keep the afferent arterioles dilated. Without these prostaglandins, the afferent arterioles constrict sharply, cutting blood flow to the remaining nephrons. In a patient with pre-existing Stage 4 CKD who is already relying on hyperfiltration, this sudden drop in blood flow can trigger a severe 'acute-on-chronic' kidney injury.
8. Staging Matrix for Differentiation: AKI vs. CKD
When a patient presents with elevated kidney markers, clinicians must look at multiple parameters to determine whether the failure is acute or chronic:
Diagnostic Variable	Acute Kidney Injury (AKI)	Chronic Kidney Disease (CKD)	Pathophysiological Significance
Onset Timeline	Abrupt and rapid (unfolding within 48 hours).	Slow, progressive development over 3 months or more.	Identifies acute triggers versus chronic conditions.
Hemoglobin (Hb)	Typically normal (unless driven by acute blood loss).	Low / Chronic Anemia (due to loss of erythropoietin synthesis).	Reflects the long-term loss of endocrine functions.
Serum Calcium	Typically normal.	Low / Hypocalcaemia (due to impaired vitamin D activation).	Reflects chronic disturbances in mineral and bone metabolism.
Urine Albumin	Mild or negative (except in specific primary glomerular cases).	Highly positive / Severe Proteinuria (+++).	Indicates long-standing glomerular scarring and structural damage.
Renal Ultrasound	Kidneys appear normal or slightly enlarged.	Kidneys show reduced size with thinned cortex.	Confirms irreversible scarring and tissue shrinkage (except in polycystic disease).

9. The Kinetic Illusion of Renal Functional Reserve
The kidneys possess a large baseline functional reserve capacity, meaning the body can maintain normal fluid and electrolyte balance even after losing a significant number of nephrons. This reserve capacity can create a 'kinetic illusion' during standard blood tests:
Because the remaining healthy nephrons can hypertrophy and increase their individual filtration rates to compensate for damaged tissue, total blood filtration can remain adequate for a long time. For this reason, a patient's serum creatinine levels often remain within the normal reference range until approximately 50% of their functional nephrons have already been destroyed.
As a result, by the time standard blood panels show a clear rise in serum creatinine or a drop in eGFR, the patient has already lost a substantial portion of their nephron population. This highlights why early screening—including checking for microalbuminuria and urine protein tracking—is critical for detecting early-stage kidney disease before significant, irreversible damage occurs.
10. Integrated Management Frameworks
Managing kidney failure requires a coordinated approach tailored to the stage of disease and the underlying causes:
•	Acute Intervention Protocols: Focuses on identifying and treating the primary cause, optimized fluid management, avoiding nephrotoxic drugs, and monitoring electrolytes closely to prevent life-threatening hyperkalemia.
•	Chronic Progressive Protocols: Aims to slow down the progression of CKD and manage associated chronic complications, such as treating anemia with erythropoietin-stimulating agents, managing mineral and bone disorders, correcting metabolic acidosis, and providing cardiovascular protection. It also involves preparing the patient for renal replacement therapy (dialysis or transplantation) and ensuring their immunization routine, particularly for Hepatitis B, is up to date.
•	Multidisciplinary Support Teams: Because advanced kidney disease affects multiple body systems, care should involve a comprehensive multidisciplinary team, including renal nutritionists, specialized nursing staff, psychologists, and social workers to support the patient's long-term health and well-being.","Protein is usually kept out of the glomerular filtrate by a {{c1::negative ion charge::charge type}} barrier [cite: 2]. | Protein filtration barrier in the kidney [cite: 2].
{{c1::Pre-renal}} AKI is caused by an interruption to blood flow affecting GFR [cite: 4]. | Causes of Acute Kidney Injury (AKI) [cite: 3, 4].
Pre-renal AKI involves an interruption to blood flow that consequently reduces the {{c1::GFR::abbreviation}} [cite: 4]. | GFR stands for Glomerular Filtration Rate [cite: 4].
In pre-renal conditions, decreased blood flow leads to increased ADH, which causes {{c1::increased reabsorption of water}} [cite: 5]. | Compensatory mechanism in pre-renal AKI to preserve fluid volume [cite: 5].
Reduced renal blood flow triggers {{c1::increased ADH}} secretion, resulting in increased water reabsorption [cite: 5]. | Hormonal control of volume in pre-renal AKI [cite: 5].
When pre-renal AKI is caused by heart issues, it can be treated with {{c1::diuretics}} [cite: 6]. | Heart failure management in the context of cardiorenal syndrome [cite: 6].
When pre-renal AKI is due to sepsis shock, clinical management involves using {{c1::vasoconstrictors}} [cite: 7]. | Restoring systemic vascular resistance and perfusion pressure [cite: 7].
{{c1::Intrarenal}} AKI is associated with direct damage to the kidney tissue, often due to toxins [cite: 8]. | Classification of AKI causes [cite: 3, 8].
In intrarenal AKI, dead cells form {{c1::casts}} which clog up tubules [cite: 9]. | Pathophysiology of cellular destruction within renal tubules [cite: 9].
Tubular clogging by cellular casts results in high pressure in tubules, leading to a {{c1::reduced GFR}} [cite: 9]. | Mechanism of GFR reduction in intrarenal AKI [cite: 9].
In intrarenal AKI, dead cells form casts that clog up tubules, creating {{c1::high pressure in tubules}} which reduces GFR [cite: 9]. | Intratubular hydrostatic pressure changes [cite: 9].
{{c1::Post-renal}} AKI is primarily characterized by an obstruction [cite: 10]. | Classification of AKI causes [cite: 3, 10].
Post-renal obstruction leads to increased {{c1::intraluminal pressure}}, creating pressure and stress on the endothelial wall, which lowers GFR [cite: 11]. | Mechanics of post-renal kidney injury [cite: 11].
Post-renal obstruction causes increased intraluminal pressure, which exerts pressure and stress on the {{c1::endothelial wall}}, leading to a low GFR [cite: 11]. | Structural targets of obstructive uropathy [cite: 11].
Increased intraluminal pressure and endothelial cell injury from obstruction trigger the release of {{c1::inflammatory mediators}} [cite: 11, 12]. | Cellular response to obstructive injury [cite: 11, 12].
The response to post-renal obstruction includes the release of inflammatory mediators along with {{c1::endothelial cell injury}} [cite: 11, 12]. | Pathological cascades in obstructive uropathy [cite: 11, 12].
Inflammatory mediators released during kidney injury promote {{c1::vasoconstriction}} and cellular/interstitial edema [cite: 13]. | Vascular changes secondary to inflammation [cite: 13].
The action of inflammatory mediators in AKI leads to vasoconstriction as well as {{c1::cellular/interstitial edema}} [cite: 13]. | Tissue changes secondary to inflammation [cite: 13].
AKI staging is clinically determined based on two parameters: {{c1::serum creatinine}} and urine output [cite: 14, 15]. | Diagnostic staging criteria for acute kidney injury [cite: 14, 15].
AKI staging is clinically determined based on two parameters: serum creatinine and {{c1::urine output}} [cite: 14, 15]. | Diagnostic staging criteria for acute kidney injury [cite: 14, 15].
For diagnosing renal conditions, checking {{c1::fractional sodium excretion}} helps indicate a pre-renal vs post-renal etiology [cite: 16, 17]. | Excretory indices for differential diagnosis [cite: 16, 17].
The diagnosis of Chronic Kidney Disease (CKD) requires looking at {{c1::GFR}} and albuminuria [cite: 18, 19]. | Core clinical indicators for diagnosing CKD [cite: 18, 19].
The diagnosis of Chronic Kidney Disease (CKD) requires looking at GFR and {{c1::albuminuria}} [cite: 18, 19]. | Core clinical indicators for diagnosing CKD [cite: 18, 19].
A systemic complication of CKD is {{c1::hypertension}} because the kidney fails to control fluid volume [cite: 20, 21]. | Volume overload effects in chronic kidney failure [cite: 20, 21].
Hypertension develops in CKD because the kidney does not control {{c1::fluid volume}} [cite: 20, 21]. | Pathophysiology of CKD-induced hypertension [cite: 20, 21].
A critical complication of CKD involving potassium balance is {{c1::hyperkalemia}} [cite: 20, 22]. | Electrolyte retention due to diminished nephron function [cite: 20, 22].
Advanced CKD leads to the accumulation of nitrogenous wastes, a clinical syndrome known as {{c1::uremia}} [cite: 20, 23]. | Toxemia due to inadequate filtration of metabolic waste [cite: 20, 23].
CKD causes issues with {{c1::erythropoietin::EPO}} production, directly resulting in anemia [cite: 20, 24]. | Endocrine function deficits in chronic renal disease [cite: 20, 24].
Impaired erythropoietin production in CKD directly leads to the development of {{c1::anemia}} [cite: 20, 24]. | Hematologic complications of renal failure [cite: 20, 24].
Patients with CKD develop acid-base issues because the kidney loses its capacity to remove {{c1::H+::hydrogen}} ions [cite: 20, 25]. | Metabolic acidosis development in renal failure [cite: 20, 25].
Endocrine dysfunction in CKD manifests as {{c1::Vitamin D activation}} issues [cite: 20, 26]. | Imbalances in bone and mineral metabolism due to renal failure [cite: 20, 26].
One of the two main structural pathologies underlying CKD is {{c1::glomerulosclerosis}} [cite: 27, 28]. | Pathohistological hallmarks of irreversible chronic kidney damage [cite: 27, 28].
One of the two main structural pathologies underlying CKD is {{c1::tubulointerstitial fibrosis}} [cite: 27, 29]. | Pathohistological hallmarks of irreversible chronic kidney damage [cite: 27, 29].
In CKD, {{c1::RAAS::abbreviation}} activity increases, driving hypertension and creating further kidney injury [cite: 30]. | Renin-Angiotensin-Aldosterone System chronic up-regulation [cite: 30].
Increased RAAS activity in CKD creates a progressive cycle of harm by causing {{c1::hypertension}} and more kidney injury [cite: 30]. | Cardiorenal and intrinsic damage feedback loops [cite: 30].
When differentiating AKI from CKD, a change in serum {{c1::calcium}} levels typically takes a while to manifest [cite: 31, 32]. | Diagnostic differentiation using chronic mineral bone biomarkers [cite: 31, 32].
A notable decrease in {{c1::Hb::hemoglobin}} takes a long time to occur, helping differentiate CKD from AKI [cite: 31, 33]. | Differentiating chronic vs acute anemia status in kidney disease [cite: 31, 33].
The concept of {{c1::renal reserve}} explains why a person can live normally after donating a kidney, since the second kidney serves as a backup [cite: 34, 35]. | Nephron functional redundancy and hypertrophy backup [cite: 34, 35]."
Components of the endocrine system,,"The {{c1::pineal gland}} secretes {{c2::melatonin}}, which regulates circadian rhythms. | Pineal gland & Melatonin [cite: 3, 4]<br>Pitfall: Do not confuse the pineal gland with the pituitary gland.
The hypothalamus secretes {{c1::thyrotropin-releasing hormone (TRH)}}, which stimulates the anterior pituitary to release {{c2::TSH}}. | Hypothalamic TRH [cite: 5, 6, 124]
The hypothalamus releases {{c1::dopamine}}, an amine hormone that functions to {{c2::inhibit prolactin production}} in the anterior pituitary. | Hypothalamic Dopamine [cite: 5, 7, 113]
The hypothalamus secretes {{c1::growth hormone-releasing hormone (GHRH)}} and its inhibitory counterpart, {{c2::somatostatin}}, to regulate growth hormone. | Hypothalamic Somatostatin [cite: 5, 8, 9]
The hypothalamus secretes {{c1::gonadotropin-releasing hormone (GnRH)}} to control the release of LH and FSH from the anterior pituitary. | Hypothalamic GnRH [cite: 5, 10]
The hypothalamus secretes {{c1::corticotropin-releasing hormone (CRH)}} to stimulate the release of ACTH from the anterior pituitary. | Hypothalamic CRH [cite: 5, 11]
The posterior pituitary stores and releases {{c1::oxytocin}} and {{c2::vasopressin (ADH)}}, which are synthesized in the {{c3::hypothalamus}}. | Posterior Pituitary Hormones [cite: 5, 12, 13, 21, 22, 23]
The six primary hormones synthesized and secreted by the anterior pituitary are {{c1::GH, TSH, ACTH, FSH, LH, and prolactin}}. | Anterior Pituitary Hormones [cite: 14, 15, 16, 17, 18, 19, 20]
The thyroid gland produces the lipophilic amine hormones {{c1::T3 (triiodothyronine)}} and {{c2::T4 (thyroxine)}}. | Thyroid Hormones [cite: 24, 25, 26, 109]<br>Note: Despite being amine hormones, T3 and T4 are lipophilic and act on intracellular receptors.
In response to growth hormone, the {{c1::liver}} secretes {{c2::insulin-like growth factor (IGF)}}. | Liver and IGF [cite: 27, 28]
The gastrointestinal tract (GIT) secretes five key hormones to regulate digestion and metabolism: {{c1::gastrin, ghrelin, secretin, cholecystokinin (CCK), and GLP-1/GIP}}. | GIT Hormones [cite: 29, 30, 31, 32, 33, 34]
Adipose tissue (fat) functions as an endocrine organ by secreting {{c1::leptin}} and various {{c2::adipokines}}. | Fat Tissue Endocrine Function [cite: 35, 36, 37]
The endocrine pancreas secretes {{c1::insulin}} from beta cells, {{c2::glucagon}} from alpha cells, and {{c3::somatostatin}} from delta cells. | Pancreatic Hormones [cite: 38, 39, 40, 41]<br>Note: Pancreatic somatostatin acts locally to modulate islet cell secretion.
The kidneys produce three critical endocrine/paracrine factors: {{c1::1,25-dihydroxyvitamin D (calcitriol)}}, {{c2::erythropoietin (EPO)}}, and {{c3::thrombopoietin}}. | Kidney Endocrine Function [cite: 42, 43, 44, 45]
The adrenal cortex produces three categories of steroid hormones: {{c1::glucocorticoids (e.g., cortisol)}}, {{c2::mineralocorticoids (e.g., aldosterone)}}, and {{c3::androgens (e.g., DHEA)}}. | Adrenal Cortex Hormones [cite: 46, 47, 48, 49, 94, 95, 97, 100]
The adrenal medulla synthesizes and secretes the catecholamines {{c1::adrenaline (epinephrine)}} and {{c2::noradrenaline (norepinephrine)}}. | Adrenal Medulla Catecholamines [cite: 50, 51, 52, 112, 114]
The ovaries secrete four main endocrine factors: {{c1::progesterone, estrogens, inhibins, and androstenedione}}. | Ovarian Hormones [cite: 53, 54, 55, 56, 57]
The testes synthesize and secrete {{c1::androgens (e.g., testosterone)}}, {{c2::estradiol}}, and {{c3::inhibins}}. | Testicular Hormones [cite: 58, 59, 60, 61]<br>Note: Small amounts of estradiol are produced directly by the testes or converted peripherally.
During pregnancy, the placenta secretes four critical hormones: {{c1::progesterone, estrogens, human chorionic gonadotropin (hCG), and human placental lactogen (hPL)}}. | Placental Hormones [cite: 62, 63, 64, 65, 66]
During pregnancy, the uterus itself acts as an endocrine source, releasing {{c1::prolactin}} and {{c2::relaxin}}. | Uterine Hormones during Pregnancy [cite: 67, 68, 69]
The three primary biochemical classes of hormones are {{c1::proteins/peptides (most hormones)}}, {{c2::steroids}}, and {{c3::amino acid derivatives (amines)}}. | Biochemical Classes of Hormones [cite: 70, 71, 72, 74]
Steroid hormones are exclusively produced by three sites: the {{c1::adrenal cortex}}, the {{c2::gonads (ovaries/testes)}}, and the {{c3::placenta during pregnancy}}. | Sites of Steroidogenesis [cite: 73]
During protein hormone synthesis, a large {{c1::preprohormone}} is generated at the ribosomes and translated directly into the {{c2::endoplasmic reticulum}}. | Protein Hormone Synthesis Phase 1 [cite: 75, 76]
After signal peptide cleavage in the ER, the inactive {{c1::prohormone}} moves via vesicular transport to the {{c2::Golgi apparatus}}. | Protein Hormone Synthesis Phase 2 [cite: 77]
The final activation of a protein hormone occurs inside {{c1::secretory vesicles}} by enzymatic cleavage, prior to release via {{c2::exocytosis}}. | Protein Hormone Synthesis Phase 3 [cite: 78]
Protein hormones, being hydrophilic, cannot cross the plasma membrane and must bind to extracellular {{c1::G-protein coupled receptors (7-TM receptors)}}. | Protein Hormone Action Mechanism [cite: 79, 80]
Upon protein hormone binding, GPCR activation triggers the generation of {{c1::cAMP}}, which initiates a downstream {{c2::protein kinase cascade}}. | Protein Hormone Second Messengers [cite: 81]
Downstream of the protein kinase cascade, a signaling molecule can enter the nucleus to act as a {{c1::transcription factor}}, changing gene expression. | Protein Hormone Nuclear Effects [cite: 82, 83]
Protein hormone signaling can highly {{c1::amplify}} responses and stimulate diverse effects because {{c2::cAMP acts on multiple downstream targets}}. | Signal Amplification [cite: 85]
Steroid hormones are lipid-soluble (lipophilic) molecules derived from {{c1::cholesterol}}. | Steroid Hormone Nature [cite: 86, 87, 88]
Because steroid hormones are lipophilic, they {{c1::diffuse directly across}} the cell membrane, but require {{c2::protein carriers}} for transport in blood. | Steroid Transport [cite: 88, 89, 90]
The overall synthesis of steroid hormones is regulated upstream by {{c1::protein hormones secreted from the pituitary gland}}. | Steroid Regulation [cite: 91]
Pituitary tropic hormones activate {{c1::Protein Kinase A (PKA)}}, increasing {{c2::steroidogenic acute regulatory (StAR) protein}} to move cholesterol into the {{c3::mitochondria}}. | Rate-limiting Step of Steroidogenesis [cite: 92]
Unlike peptide hormones stored in vesicles, steroid hormones cannot be stored, meaning it {{c1::takes time}} to synthesize and increase blood levels. | Steroid Kinetics [cite: 78, 93]
The mineralocorticoid {{c1::aldosterone}} functions primarily to regulate {{c2::salt and mineral balance}} in the body. | Aldosterone Function [cite: 95, 96]
The glucocorticoid {{c1::cortisol}} mediates the physiological response to {{c2::stress}} and alters the {{c3::metabolism of glucose}}. | Cortisol Function [cite: 97, 98, 99]
The adrenal cortex secretes {{c1::dehydroepiandrosterone (DHEA)}}, which functions as a {{c2::weak sex hormone}}. | DHEA Function [cite: 100, 101]
The three primary steroid hormones of the gonads are {{c1::testosterone}}, {{c2::estrogens}}, and {{c3::progesterone (associated with pregnancy)}}. | Gonadal Steroids [cite: 102, 103, 104, 105]
Amine hormones are biochemically derived from the amino acid {{c1::tyrosine}}. | Amine Hormone Precursor [cite: 106, 107]
Although thyroid hormones (T3/T4) are amine hormones, they are highly {{c1::lipophilic}} and bind to {{c2::intracellular (nuclear) receptors}}. | Thyroid Hormone Mechanism [cite: 108, 109, 110, 111]<br>Pitfall: Most amine/peptide hormones are hydrophilic, making thyroid hormones a major exception.
Catecholamines include {{c1::dopamine, adrenaline, and noradrenaline}}, which are synthesized in either the {{c2::adrenal medulla or the hypothalamus}}. | Catecholamine Overview [cite: 112, 113, 114, 115]
Unlike thyroid hormones, catecholamine amine hormones are highly {{c1::hydrophilic}} and circulate freely dissolved in plasma. | Catecholamine Solubility [cite: 112, 116]
Humoral stimulus: A decrease in plasma {{c1::calcium ions}} directly triggers the secretion of {{c2::parathyroid hormone (PTH)}} to restore homeostasis. | Humoral Stimulus Example [cite: 117, 118, 119]
Neural stimulus: Sympathetic nervous system activation triggers the immediate release of {{c1::adrenaline and noradrenaline}} from the adrenal medulla. | Neural Stimulus: Sympathetic [cite: 120, 121]
Neural stimulus: Parasympathetic nervous system activation triggers the release of {{c1::insulin}} from the pancreas and modulates {{c2::GIT hormones}}. | Neural Stimulus: Parasympathetic [cite: 122]
Hormonal stimulus: Hypothalamic {{c1::TRH}} acts as a hormonal signal to stimulate the secretion of {{c2::TSH}} in the anterior pituitary. | Hormonal Stimulus Example [cite: 123, 124]
Peripheral metabolism can activate hormones outside the gland; for example, the androgen {{c1::testosterone}} can be converted peripherally into {{c2::estrogen}}. | Peripheral Hormone Activation [cite: 125, 126]
The vast majority of endocrine pathways maintain homeostasis and restore physiological setpoints via {{c1::negative feedback}} loops. | Endocrine Feedback Control [cite: 127]
An exception to negative feedback is {{c1::positive feedback}}, an example of which is the explosive release of {{c2::oxytocin}} during childbirth. | Positive Feedback Example [cite: 128, 129]"
The hypothalamus and pituitary gland,,"The pituitary gland is located within a pocket of the {{c1::sphenoid::bone}} bone, situated at the base of the brain just below the hypothalamus. | [cite: 2, 3, 4] The specific pocket in the sphenoid bone is known anatomically as the sella turcica.
The pituitary gland is structurally connected to the hypothalamus via the {{c1::infundibulum::also known as the pituitary stalk}}. | [cite: 5] This connection allows for both neural and vascular communication between the brain and the endocrine system.
The {{c1::median eminence::anatomical structure}} serves as the interface where the hypothalamus releases hypophysiotropic hormones into the portal system. | [cite: 6, 19] It is located at the base of the hypothalamus, forming the upper part of the pituitary stalk.
The anterior pituitary gland is also known as the {{c1::adrenohypophysis::alternative name}}. | [cite: 7]
Embryologically, the anterior pituitary gland is formed from {{c1::Rathke's pouch::embryonic structure}}, which originates from the pharynx. | [cite: 8] This tissue origin explains why it is glandular tissue, unlike the posterior pituitary.
Vascular communication between the hypothalamus and the anterior pituitary is established via the {{c1::hypothalamo-hypophyseal portal vessels::vascular network}}. | [cite: 9] This portal system allows high concentrations of hypothalamic hormones to reach the anterior pituitary rapidly without being diluted in the general circulation.
The posterior pituitary gland is also known as the {{c1::neurohypophysis::alternative name}}. | [cite: 10]
Unlike the anterior lobe, the posterior pituitary gland is an embryological and functional extension of the {{c1::hypothalamus::brain region}}. | [cite: 11] It consists primarily of axons projecting down from hypothalamic neurons.
The posterior pituitary stores its hormones in expanded axon terminals called {{c1::Herring bodies::storage structures}}. | [cite: 12] These bodies release hormones into the bloodstream upon electrical stimulation.
In the hypothalamus, the {{c1::supraoptic nuclei::specific nuclei}} are primarily responsible for producing vasopressin/ADH. | [cite: 14, 15] ADH regulates water balance and blood pressure.
In the hypothalamus, the {{c1::paraventricular nuclei::specific nuclei}} are primarily responsible for producing oxytocin. | [cite: 16, 17] Oxytocin is vital for uterine contractions during labor and milk ejection during lactation.
Hypophysiotropic hormones destined for the anterior pituitary are released into the median eminence by {{c1::parvocellular neurons::neuron type}}. | [cite: 18, 19] These are small-bodied neurons, distinct from the magnocellular neurons that project to the posterior pituitary.
In the reproductive axis, {{c1::GnRH::hypothalamic hormone}} stimulates the release of LH and FSH, which subsequently act on the gonads. | [cite: 21] GnRH = Gonadotropin-releasing hormone; LH = Luteinizing hormone; FSH = Follicle-stimulating hormone.
The secretion of Growth Hormone (GH) is dual-regulated: promoted by {{c1::GHRH::stimulatory hormone}} and inhibited by {{c2::SST::inhibitory hormone}}. | [cite: 22] GHRH = Growth Hormone-Releasing Hormone; SST = Somatostatin. GH acts downstream on the liver and other tissues.
In the thyroid axis, {{c1::TRH::hypothalamic hormone}} stimulates the secretion of TSH, which then targets the thyroid gland. | [cite: 23] TRH = Thyrotropin-releasing hormone; TSH = Thyroid-stimulating hormone.
The secretion of Prolactin from the anterior pituitary is tonically inhibited by the neurotransmitter/hormone {{c1::dopamine::inhibitory factor}}. | [cite: 24] Prolactin acts on the breasts; a drop in dopamine levels allows prolactin levels to rise.
In the stress axis, {{c1::CRH::hypothalamic hormone}} stimulates the release of ACTH, which subsequently acts on the adrenal cortex. | [cite: 25] CRH = Corticotropin-releasing hormone; ACTH = Adrenocorticotropic hormone.
In a endocrine {{c1::long loop::loop type}} negative feedback mechanism, the hormone from the peripheral gland inhibits hormone secretion from both the pituitary and the hypothalamus. | [cite: 27] This represents the classic final hormone inhibiting the upstream drivers (e.g., cortisol inhibiting CRH and ACTH).
In a endocrine {{c1::short loop::loop type}} negative feedback mechanism, the anterior pituitary hormone directly inhibits the hypothalamus. | [cite: 28] This prevents over-secretion by shutting down the initial hypothalamic signal before the peripheral hormone is even generated.
Growth Hormone (GH) is synthesized and secreted by the {{c1::anterior pituitary::specific organ gland}}. | [cite: 29, 30] It is a major driver of somatic growth and metabolic regulation.
Unbound, free Growth Hormone (GH) has a relatively short plasma half-life of {{c1::10-20 minutes::duration}}. | [cite: 31] This short lifespan causes fluctuating, pulsatile plasma levels throughout the day.
Approximately {{c1::40%::percentage}} of circulating Growth Hormone binds to GHBP, which acts to increase its overall half-life. | [cite: 32] GHBP = Growth Hormone Binding Protein. It buffers the pulsatile nature of GH secretion.
Growth Hormone drives bone lengthening specifically by increasing the proliferation of {{c1::chondrocytes::cell type}} within the epiphyseal plates. | [cite: 33, 34] The epiphyseal plate is the growth region found near the ends of long bones.
GHRH stimulates the release of Growth Hormone by increasing intracellular levels of {{c1::cAMP::second messenger}} inside anterior pituitary somatotrophs. | [cite: 35, 36] Somatotrophs are the specialized GH-secreting cells of the anterior pituitary.
Somatostatin (SST) exerts its inhibitory effect on GH secretion by reducing intracellular levels of {{c1::cAMP::second messenger}} within somatotrophs. | [cite: 37, 38] This directly counteracts the stimulatory GHRH pathway.
The primary metabolic roles of Growth Hormone include {{c1::sparing glucose::effect on carbohydrates}}, breaking down fats, and promoting protein synthesis. | [cite: 39, 40, 41, 42] GH shifts metabolism toward using fatty acids for energy rather than carbohydrates or proteins.
Upon binding to its target cell receptors, Growth Hormone initiates transcription by activating {{c1::JAK2::kinase 1}} and Src family kinases. | [cite: 43, 44, 45] This activates the downstream STAT transcription factors.
Under the control of Growth Hormone, the liver produces and secretes {{c1::IGF-1::insulin-like factor}}, which is the major mediator of GH's growth-promoting activities. | [cite: 46, 47] IGF-1 = Insulin-like Growth Factor 1.
The primary physiological role of IGF-1 at the cellular level is to {{c1::stimulate cell division::cellular action}}. | [cite: 48] This mitogenic property drives tissue hypertrophy and hyperplasia.
In the bloodstream, IGF-1 does not circulate freely; it is bound to one of {{c1::6::number}} distinct IGFBP proteins. | [cite: 49] IGFBP = Insulin-like Growth Factor Binding Protein. These proteins modulate the bioavailability and activity of IGF-1.
Elevated systemic levels of IGF-1 provide {{c1::negative feedback::regulatory mechanism}} to suppress further secretion of Growth Hormone. | [cite: 50] This completes the classic endocrine feedback loop for the GH axis.
Pituitary gigantism can be triggered by a genetic mutation in the {{c1::AIP::gene}} gene, or by a functional tumor within the pituitary gland. | [cite: 51, 52, 53] AIP = Aryl hydrocarbon receptor-interacting protein.
Dwarfism can manifest even with normal GH levels due to a reduced sensitivity to GH, which typically stems from mutations in {{c1::GH binding proteins or receptors::molecular components}}. | [cite: 54, 55, 56] This form of insensitivity is often referred to clinically as Laron dwarfism.
Thyroid hormone plays an indirect role in growth by promoting the synthesis of {{c1::Growth Hormone::pituitary hormone}} in the anterior pituitary. | [cite: 57, 58, 59] Without adequate thyroid hormone, GH synthesis drops dramatically.
During skeletal development, the thyroid hormone {{c1::T3::specific active thyroid hormone}} exerts a direct, independent stimulatory action on bones. | [cite: 60] T3 = Triiodothyronine.
Excessive or chronic exposure to glucocorticoids, such as cortisol, acts to {{c1::reduce::increase/reduce}} overall somatic growth. | [cite: 61] This is a crucial consideration in pediatric patients requiring long-term steroid therapy.
Glucocorticoids suppress the growth axis by reducing {{c1::GH secretion and receptor expression::pituitary/target effects}} as well as reducing circulating IGF-1 levels. | [cite: 62, 63] This dual action severely blunts downstream growth signals.
Beyond suppressing the GH/IGF-1 axis, glucocorticoids stunt skeletal growth by reducing {{c1::adrenal androgen::hormone class}} production and decreasing bone mineralization. | [cite: 64, 65]
Sex steroids stimulate growth during puberty by increasing the systemic secretion of both {{c1::GH and IGF-1::two hormones}}. | [cite: 66, 67] This surge is responsible for the pubertal growth spurt.
While sex steroids initially accelerate growth, they ultimately halt further height gains by promoting the {{c1::epiphyseal fusion::skeletal event}} of long bones. | [cite: 68] Once the epiphyseal plates fuse, further linear growth becomes impossible.
The specific sex steroid testosterone drives anabolic growth by increasing both {{c1::muscle mass and body weight::two physiological parameters}}. | [cite: 69]
At the cellular level, insulin promotes tissue growth by inhibiting {{c1::protein degradation::cellular process}}. | [cite: 70, 71] This anti-catabolic effect is essential for net protein accumulation.
Physiologically, adequate levels of {{c1::insulin::pancreatic hormone}} are absolute prerequisites for Growth Hormone to effectively promote somatic growth. | [cite: 72] Without insulin, the growth-promoting pathways of GH are severely blunted."
Calcium balance,,"The normal calcium plasma level is {{c1::2.4}} mmol/L. | Extra Context: Normal extracellular calcium levels must be tightly regulated, as circulating calcium exists in dynamic equilibrium across three main forms. [cite: 2, 3, 4]
Circulating calcium exists in three distinct forms: {{c1::soluble/ionised form (50%)}}, {{c2::protein-bound}}, and {{c3::complexed with phosphate, bicarbonate, or citrate}}. | Extra Context: The soluble, ionised form constitutes approximately 50% of total plasma calcium and represents the only physiologically active form. [cite: 4, 5, 6, 7]
The physiologically active form of circulating calcium is the {{c1::soluble, ionised}} form, which accounts for {{c2::50%}} of total plasma calcium. | Extra Context: The remaining calcium is inactive, either bound to plasma proteins like albumin or complexed with anions like citrate and phosphate. [cite: 5, 6, 7]
Intracellular calcium levels are significantly {{c1::lower}} than extracellular plasma levels. | Extra Context: This steep concentration gradient is essential for calcium's role as an intracellular second messenger in signal transduction. [cite: 2, 8]
The three primary organ systems responsible for systemic calcium regulation are the {{c1::bones::distribution}}, {{c2::kidneys::output}}, and {{c3::gastrointestinal tract (GIT)::input}}. | Extra Context: The GIT controls input (absorption), bones manage distribution (storage/resorption), and kidneys control output (excretion/reabsorption). [cite: 9, 10, 11, 12]
Approximately {{c1::99%}} of the body's total calcium is stored within the bone. | Extra Context: Bone serves as the primary reservoir for calcium, maintaining plasma homeostasis through bone remodeling. [cite: 13, 14]
Bone calcium regulation is dynamically balanced by two main cell types: {{c1::osteoclasts}}, which break down bone, and {{c2::osteoblasts}}, which synthesise bone. | Extra Context: Osteoclasts release calcium into the blood, while osteoblasts take up calcium from the blood to deposit it into the bone matrix. [cite: 15, 16, 17]
{{c1::Osteoclasts}} break down bone matrix to {{c2::release calcium into}} the bloodstream. | Extra Context: This process is known as bone resorption and is highly stimulated by Parathyroid Hormone (PTH) during states of hypocalcemia. [cite: 15, 16]
{{c1::Osteoblasts}} synthesise collagen and trap calcium, effectively {{c2::taking calcium from}} the blood. | Extra Context: This process mediates bone formation and mineralization, lowering circulating plasma calcium levels. [cite: 15, 17]
{{c1::Osteocytes}} are mature bone cells that are completely surrounded by a calcified matrix known as {{c2::osteoid}}. | Extra Context: Osteocytes differentiate from osteoblasts that become trapped in the matrix they secret. [cite: 18]
Hormones that promote bone resorption and result in decreased bone mass include {{c1::parathyroid hormone (PTH)}}, {{c2::cortisol}}, and {{c3::thyroid hormones}}. | Extra Context: Excess levels of these hormones can shift the balance toward overactivation of osteoclasts, leading to bone wasting. [cite: 19, 20, 21, 22, 23]
Hormones that promote bone formation and increase bone mass include {{c1::growth hormone (GH)}}, {{c2::insulin}}, {{c3::IGF-1}}, {{c4::estrogen}}, and {{c5::testosterone}}. | Extra Context: These anabolic hormones stimulate osteoblast activity and/or inhibit osteoclast differentiation to protect bone density. [cite: 24, 25, 26, 27, 28, 29]
RANKL is a signaling molecule secreted by {{c1::osteoblasts}} that binds to the RANK receptor located on {{c2::osteoclasts}}. | Extra Context: This pathway is the primary mechanism through which osteoblast-lineage cells regulate the maturation and activation of bone-resorbing osteoclasts. [cite: 30, 31, 32]
The binding of RANKL to the RANK receptor directly results in {{c1::increased bone resorption}}. | Extra Context: Activating this pathway promotes osteoclast differentiation and activation, releasing calcium into the bloodstream. [cite: 32]
The expression and secretion of RANKL by osteoblasts is stimulated by {{c1::parathyroid hormone (PTH)}}, {{c2::vitamin D}}, and {{c3::cortisol}}. | Extra Context: These pro-resorptive factors use the RANKL pathway as an indirect mechanism to drive osteoclastic bone breakdown. [cite: 30, 31, 33]
OPG (Osteoprotegerin) acts as a decoy receptor that binds to {{c1::RANKL}}, preventing it from activating {{c2::RANK}}. | Extra Context: By neutralizing RANKL, OPG prevents osteoclast maturation, thereby inhibiting bone resorption and protecting bone density. [cite: 34, 35]
The secretion of OPG (Osteoprotegerin) by osteoblasts is stimulated by the hormone {{c1::estrogen}}. | Extra Context: This explains why postmenopausal drop in estrogen levels leads to unchecked RANKL activity, driving accelerated bone loss. [cite: 34, 36]
Calcium handling and reabsorption within the kidneys is primarily controlled by {{c1::parathyroid hormone (PTH)}}. | Extra Context: PTH upregulates calcium reabsorption channels in the renal tubules to minimize calcium loss in urine. [cite: 37, 38]
Unlike other minerals, not all ingested calcium is absorbed by the {{c1::gastrointestinal tract (GIT)}}, and its absorption is tightly controlled by {{c2::PTH}} and {{c3::vitamin D}}. | Extra Context: Dietary calcium absorption is highly variable and depends heavily on active transport systems induced by active Vitamin D. [cite: 39, 40, 41]
The regulation of parathyroid hormone (PTH) secretion is mediated by a {{c1::calcium receptor}} located on the surface of {{c2::chief cells}} in the parathyroid gland. | Extra Context: These calcium-sensing receptors (CaSR) detect tiny fluctuations in extracellular ionized calcium. [cite: 42, 43]
When extracellular calcium binds to the receptors on parathyroid chief cells, it causes the {{c1::inhibition}} of PTH transcription and release. | Extra Context: This is a negative feedback mechanism: high calcium turns off PTH release; low calcium relieves this inhibition to trigger PTH release. [cite: 43, 44]
Parathyroid hormone (PTH) indirecty increases bone breakdown by stimulating {{c1::osteoclasts}} to release calcium. | Extra Context: Although osteoclasts lack direct PTH receptors, PTH drives their differentiation via upregulation of RANKL on osteoblasts. [cite: 31, 32, 33, 45, 46]
In the kidneys, PTH directly stimulates the formation of active {{c1::vitamin D (1,25-dihydroxyvitamin D)}}. | Extra Context: It does this by upregulating the expression of the 1-hydroxylase enzyme in the renal proximal tubules. [cite: 45, 47, 56, 57]
Parathyroid hormone (PTH) action on the kidney results in {{c1::increased}} reabsorption of calcium and {{c2::decreased}} reabsorption of phosphate. | Extra Context: Dropping phosphate reabsorption ensures that plasma phosphate doesn't precipitate out with the newly mobilized calcium. [cite: 45, 48, 49]
PTH decreases renal reabsorption of phosphate to balance out the increased phosphate entering the blood from the {{c1::bones}} and {{c2::intestines}}. | Extra Context: Because bone resorption and GIT absorption release both calcium and phosphate, the kidney must dump phosphate to prevent calcium-phosphate stone formation. [cite: 49, 50]
Synthesis of active Vitamin D starts with dietary forms or via {{c1::sunlight}} converting {{c2::7-dehydrocholesterol}} into vitamin D3 in the skin. | Extra Context: Endogenous production requires UV radiation to break the B-ring of the cholesterol precursor. [cite: 51, 52, 53]
The first hydroxyl group in the activation of Vitamin D is added in the {{c1::liver}} by the enzyme {{c2::25-hydroxylase}}. | Extra Context: This converts vitamin D3 into 25-hydroxyvitamin D [25(OH)D], which is the major circulating form used to determine a patient's vitamin D status. [cite: 54, 55]
The second hydroxyl group in the activation of Vitamin D is added in the {{c1::kidney}} by the enzyme {{c2::1-hydroxylase}}. | Extra Context: This conversion produces 1,25-dihydroxyvitamin D, the fully active hormonal form of Vitamin D. [cite: 56, 57]
The renal enzyme 1-hydroxylase, which completes the activation of Vitamin D, is directly stimulated by {{c1::parathyroid hormone (PTH)}}. | Extra Context: This highlights the synergy between PTH and Vitamin D in systemic calcium homeostasis. [cite: 56, 57]
Active 1,25-dihydroxyvitamin D exerts its physiological effects by binding to the {{c1::VDR receptor}}, which upregulates calcium transporters and binding proteins like {{c2::calbindin-D9k}}. | Extra Context: This intracellular nuclear receptor alters gene transcription to optimize transcellular calcium movement. [cite: 58, 59]
In addition to enhancing intestinal absorption, active 1,25-dihydroxyvitamin D stimulates the {{c1::resorption}} of bone by osteoclasts and the {{c2::reabsorption}} of calcium in the kidneys. | Extra Context: Vitamin D works alongside PTH across all target organs to elevate systemic calcium availability. [cite: 58, 60, 61]
Calcitonin is a {{c1::peptide}} hormone secreted by the {{c2::parafollicular}} cells of the thyroid gland. | Extra Context: Calcitonin acts as a physiological antagonist to PTH, working to lower plasma calcium levels, though its role in humans is minor compared to PTH. [cite: 62, 63, 64]
The bone disease characterized by deficient mineralisation and soft bones due to insufficient vitamin D is called {{c1::Rickets}}. | Extra Context: Rickets occurs in growing children; the adult counterpart characterized by defective mineralisation of osteoid is osteomalacia. [cite: 65, 66, 67, 68]
{{c1::Osteoporosis}} is a disease where both bone matrix and minerals are lost due to an imbalance between bone resorption and formation. | Extra Context: Unlike Rickets, the remaining bone matrix in osteoporosis is biochemically normal, but there is simply less total bone mass. [cite: 69, 70, 71]
Endocrine imbalances that can cause or accelerate osteoporosis include an excess of {{c1::cortisol}} or an excess of {{c2::parathyroid hormone (PTH)}}. | Extra Context: Hypercortisolemia (e.g., Cushing's syndrome or steroid therapy) inhibits bone formation, while hyperparathyroidism accelerates bone resorption. [cite: 69, 72]
Pharmacological treatments for osteoporosis include {{c1::bisphosphonates}}, which function by interfering with the {{c2::resorption}} of bone. | Extra Context: Bisphosphonates bind to hydroxyapatite crystals and are taken up by osteoclasts, disrupting their structural integrity and forcing apoptosis. [cite: 73, 75]
Hormonal therapy with estrogen can treat osteoporosis, but it is explicitly not recommended for {{c1::elderly}} patients. | Extra Context: Long-term estrogen therapy in older demographics carries elevated cardiovascular and oncological risks. [cite: 73, 74]
SERMs (Selective Estrogen Receptor Modulators) treat osteoporosis by {{c1::activating}} estrogen receptors in bone tissues. | Extra Context: They provide the bone-protective benefits of estrogen (stimulating OPG) without exerting unwanted proliferative effects on breast or uterine tissues. [cite: 73, 76]
Hypercalcemia is frequently caused by {{c1::hyperparathyroidism}}, a condition characterized by excessive secretion of {{c2::PTH}}. | Extra Context: Overproduction of PTH drives unchecked bone resorption and renal calcium retention, driving plasma calcium levels dangerously high. [cite: 78, 79]
Hypocalcemia can be caused by a loss of {{c1::parathyroid gland}} function. | Extra Context: Without sufficient PTH, renal reabsorption, bone calcium release, and Vitamin D activation drop off sharply. [cite: 80, 81]
Hypocalcemia increases the excitability of nerves and muscles, which clinically manifests as {{c1::seizures}} and {{c2::muscle spasms}}. | Extra Context: This occurs because low extracellular calcium reduces the threshold for nerve depolarisation, making tissues hyper-reactive. [cite: 80, 82, 83]
The physiological mechanism behind the neuromuscular hyperexcitabilty seen in hypocalcemia is a {{c1::reduced threshold for nerve depolarisation}}. | Extra Context: Low extracellular calcium destabilizes the resting membrane potential of neurons, making them fire action potentials with much less stimulus. [cite: 80, 82, 83]"
Osteoporosis,,
Endocrine response to stress,,
Thyroid gland,,
Drugs and thyroid disease,,
Diabetes overview  and complications of diabetes,,
Diabetes therapeutics,,